{"A": [9115.0, 690, 0.1644834684140838], "B": [16587.0, 834, 0.3017921140353497], "C": [2296.0, 459, 0.04131925544569541], "DMA": [601.0, 2, 0.015150251708731247], "DPA1": [2544.0, 61, 0.06437589312140825], "DPB1": [1907.0, 129, 0.048629252804143853], "DQB1": [1508.0, 78, 0.03688792659834154], "DRA": [4779.0, 5, 0.12377801614302292], "DRB1": [4445.0, 50, 0.10995302235021108], "E": [2569.0, 156, 0.04695725966996615], "HFE": [2.0, 1, 3.784872345219845e-05], "L": [166.0, 2, 0.003000996274379104], "T": [182.0, 1, 0.00785645495502203], "DMB": [183.0, 3, 0.004578190190760527], "DPB2": [9.0, 2, 0.00022979930482607347], "DPA2": [2.0, 1, 5.406222845082098e-05], "F": [382.0, 11, 0.0072707724974066185], "DOB": [110.0, 8, 0.002651482652061859], "DQA1": [798.0, 49, 0.020587783552508152], "DOA": [12.0, 5, 0.0003157578761310899], "H": [5.0, 3, 9.039145404756336e-05]}