{"A": [3214.0, 685, 0.26243916509374704], "B": [3908.0, 730, 0.3217449880346221], "C": [868.0, 337, 0.07068341459139281], "DMA": [191.0, 2, 0.02178692489804087], "DQB1": [155.0, 56, 0.017156622457037807], "DRA": [678.0, 8, 0.07946088063214019], "DRB3": [238.0, 15, 0.02663971388399781], "F": [100.0, 7, 0.008612602144464456], "HFE": [7.0, 1, 0.0005994272380774832], "K": [8.0, 4, 0.0006562282768444647], "L": [12.0, 1, 0.000981648047341697], "T": [42.0, 1, 0.008203925728982025], "DRB4": [14.0, 2, 0.0015670419931763419], "DMB": [30.0, 3, 0.003396105618328598], "DQA1": [22.0, 9, 0.002568304873861002], "E": [657.0, 118, 0.0543401962442674], "DRB1": [578.0, 56, 0.06469644800399468], "DPA1": [262.0, 28, 0.030000234151794692], "DPB1": [211.0, 66, 0.024347061436727956], "DOA": [1.0, 1, 0.00011906665116052455]}