{"A": [926.0, 378, 0.10653888625212578], "B": [996.0, 299, 0.11553962788737043], "C": [815.0, 328, 0.09351252752792945], "DMA": [57.0, 2, 0.009161188420159958], "DPB1": [572.0, 104, 0.09299819422873754], "DQA1": [291.0, 46, 0.04786645610813018], "DQB1": [269.0, 67, 0.041953361759326416], "DRA": [1026.0, 7, 0.16942809642931123], "DRB1": [835.0, 35, 0.1316902024231812], "DRB5": [207.0, 5, 0.03264655317556707], "E": [299.0, 77, 0.03484507566801762], "F": [119.0, 7, 0.014440949115918256], "L": [24.0, 2, 0.002766305838742116], "T": [20.0, 1, 0.005504486563655336], "DRB4": [93.0, 7, 0.01466729200641419], "DMB": [16.0, 2, 0.0025520801340583833], "DPA1": [518.0, 45, 0.08357329082680842], "DRB3": [2.0, 1, 0.0003154256345465417]}