{"A": [156.0, 102, 0.05467761467510856], "B": [432.0, 179, 0.15266629602865658], "C": [252.0, 132, 0.08808470894841426], "DPB1": [177.0, 64, 0.08766768720628856], "DQB1": [104.0, 46, 0.049412362891579596], "DRA": [285.0, 8, 0.14337410725893854], "DRB3": [53.0, 9, 0.025464236278396137], "E": [76.0, 26, 0.026981843063490274], "L": [3.0, 1, 0.0010534113720043026], "T": [4.0, 1, 0.003353780286758796], "Y": [2.0, 2, 0.0009340929318096403], "DRB4": [46.0, 6, 0.022101035260494763], "DMB": [14.0, 2, 0.006802838422573239], "DQA1": [150.0, 21, 0.075165290606557], "DPB2": [2.0, 1, 0.0009918718760452883], "DRB1": [259.0, 38, 0.12443843766235094], "DMA": [22.0, 1, 0.010771779050792086], "DPA1": [247.0, 36, 0.12140106400086365], "F": [5.0, 3, 0.0018484451868663395], "DOB": [6.0, 1, 0.002809096992011473]}