{"A": [571.0, 265, 0.26403552440605565], "B": [681.0, 238, 0.3175029951615104], "C": [334.0, 166, 0.1540237674975967], "T": [8.0, 1, 0.008849238412839888], "Y": [1.0, 1, 0.0006161711819620006], "DMA": [9.0, 1, 0.0058136456557636084], "DRA": [23.0, 4, 0.015264936262148806], "E": [151.0, 37, 0.07072553795612543], "DRB3": [29.0, 5, 0.018382055635660383], "F": [51.0, 4, 0.024874138089117304], "DPA1": [38.0, 16, 0.02464055178747658], "DPB1": [38.0, 22, 0.024830826318654006], "DRB1": [108.0, 30, 0.06845731064314901], "DQA1": [3.0, 3, 0.0019833009919401896]}