{"A": [7810.0, 930, 0.2373620841928984], "B": [9095.0, 904, 0.2787003259220518], "C": [4273.0, 720, 0.12951146821017884], "DMA": [198.0, 2, 0.00840630798119995], "DPA1": [909.0, 51, 0.03874046008333561], "DPB1": [532.0, 86, 0.022848267065472754], "DRA": [1272.0, 5, 0.055486627511321454], "E": [3681.0, 150, 0.11331807497267161], "F": [359.0, 12, 0.011508172737398552], "K": [41.0, 12, 0.0012517752132586134], "L": [130.0, 1, 0.003958179189334083], "T": [245.0, 1, 0.017812138024467707], "V": [7.0, 2, 0.0004518248882691726], "DRB3": [63.0, 11, 0.002624645699271486], "DMB": [69.0, 3, 0.0029072780013034262], "DRB1": [1258.0, 81, 0.05240959189973856], "DOB": [16.0, 5, 0.0006495473541471318], "DOA": [20.0, 10, 0.0008863345370334367], "DQA1": [225.0, 45, 0.009776512300578777], "DQB1": [275.0, 71, 0.011329489151617217], "H": [2.0, 2, 6.089506445129359e-05]}