{"A": [766.0, 283, 0.1626984527253914], "B": [1005.0, 295, 0.21522621850829946], "C": [559.0, 242, 0.11840811902625455], "DOB": [6.0, 3, 0.0017023012815886851], "DRA": [341.0, 4, 0.10395609015944916], "DRB1": [287.0, 30, 0.08356152820322785], "DRB5": [138.0, 4, 0.0401794107736775], "L": [8.0, 1, 0.0017023012815886851], "T": [38.0, 1, 0.019307582727561428], "DMB": [23.0, 2, 0.006772665831169125], "DQA1": [77.0, 22, 0.023382260702446665], "DMA": [34.0, 1, 0.010088192582239306], "E": [281.0, 65, 0.060455251325940595], "F": [58.0, 8, 0.012993742539388753], "DPA1": [229.0, 31, 0.06820727727622199], "DPB1": [114.0, 44, 0.034216913019114656], "DQB1": [129.0, 55, 0.037141692036440535]}