{"A": [409.0, 215, 0.11116934686391512], "B": [1025.0, 266, 0.28090538958824357], "C": [428.0, 150, 0.11601670751109956], "DRA": [242.0, 4, 0.09441000422293197], "DRB1": [168.0, 24, 0.06259517412496372], "DRB5": [31.0, 4, 0.011550299987344494], "E": [347.0, 67, 0.09553538955429236], "L": [5.0, 1, 0.00136151846742744], "T": [4.0, 1, 0.0026008265626152063], "DMB": [16.0, 2, 0.006029188849698887], "DQA1": [111.0, 27, 0.04313460694618559], "DMA": [7.0, 1, 0.0026579057715275627], "DOB": [8.0, 4, 0.0029045727305118726], "F": [28.0, 4, 0.008027335010261918], "DQB1": [85.0, 22, 0.03131828652482477], "DPA1": [135.0, 25, 0.05145600828622326], "H": [14.0, 6, 0.0038122517087968324], "DPB1": [194.0, 52, 0.07451518728913566]}