{"A": [852.0, 338, 0.24889332115430982], "B": [501.0, 255, 0.147565839983643], "C": [1120.0, 356, 0.3262921998169867], "DRA": [89.0, 5, 0.03731681415483977], "DRB1": [107.0, 17, 0.04284767387176716], "DRB5": [25.0, 3, 0.010011138755085787], "E": [228.0, 64, 0.06746547042670875], "F": [53.0, 8, 0.016330561904693827], "L": [6.0, 2, 0.0017559683524431492], "T": [17.0, 1, 0.011879884656035133], "DRB4": [46.0, 5, 0.018420495309357847], "DMB": [5.0, 2, 0.0020249803390968977], "DMA": [29.0, 1, 0.01183454158482889], "DQB1": [21.0, 13, 0.008315919259224593], "DQA1": [24.0, 14, 0.010023652678529643], "DPA1": [58.0, 18, 0.023759769312070265], "DRB3": [1.0, 1, 0.00040044555020343146], "DPB1": [36.0, 25, 0.014861322890175223]}