{"B": [89.0, 60, 0.15773530353369689], "DRA": [64.0, 6, 0.16146757310838714], "DRB5": [28.0, 3, 0.06746713904458593], "T": [3.0, 1, 0.012614654149092746], "DRB4": [15.0, 3, 0.036143110202456745], "DMA": [9.0, 1, 0.022099718528372406], "E": [34.0, 13, 0.06053637535385652], "DRB1": [52.0, 12, 0.12529611536851673], "F": [1.0, 1, 0.001854026978685101], "DPA1": [40.0, 14, 0.09859729679750653], "DQA1": [14.0, 9, 0.03518305883770399], "DQB1": [14.0, 14, 0.03335875208315637], "DMB": [2.0, 1, 0.004873843648513107], "DPB1": [10.0, 8, 0.024839666471186485], "DOA": [2.0, 2, 0.0051262737976392825], "C": [25.0, 21, 0.04382475215284264], "A": [62.0, 56, 0.10898233994380127]}