{"A": [20514.0, 1527, 0.14913963805216898], "B": [12448.0, 1349, 0.09124661737388567], "C": [15165.0, 1345, 0.10995124956843168], "DMA": [1226.0, 2, 0.012451251282538206], "DOA": [66.0, 13, 0.0006996712568247425], "DOB": [34.0, 5, 0.0003301810719830984], "DPA1": [7423.0, 106, 0.07567680219388864], "DPB1": [7644.0, 246, 0.07853165197608818], "DQA1": [4266.0, 95, 0.04434092051285524], "DQB1": [2990.0, 187, 0.029466682465454596], "DRA": [12168.0, 8, 0.12697050285881817], "DRB1": [13477.0, 129, 0.13430920733089266], "DRB3": [2438.0, 16, 0.024296642240314335], "E": [10923.0, 266, 0.08043734458707069], "F": [1525.0, 14, 0.011694029575193905], "HFE": [2.0, 1, 1.5248544365981622e-05], "K": [127.0, 13, 0.0009275314253431886], "L": [131.0, 2, 0.0009541261859511594], "T": [573.0, 1, 0.00996522273423499], "V": [23.0, 2, 0.00035512591574197625], "DRB4": [1501.0, 10, 0.01495867924639533], "DMB": [283.0, 3, 0.0028523730708236873], "DPB2": [14.0, 2, 0.00014401621347716404], "G": [11.0, 4, 8.634094663864816e-05], "DRB5": [9.0, 3, 8.969228062462223e-05], "H": [15.0, 11, 0.00010925108999440757]}