{"A": [361.0, 189, 0.21740696920701866], "B": [465.0, 213, 0.2823538234727723], "C": [223.0, 129, 0.13393255196916262], "DMA": [24.0, 2, 0.020190975212138165], "DRA": [93.0, 5, 0.08038779444754225], "DRB1": [95.0, 15, 0.07842593212080508], "E": [82.0, 30, 0.05002109218837366], "L": [3.0, 1, 0.0018100030242632983], "T": [6.0, 1, 0.008643848865327123], "Y": [2.0, 1, 0.0016049865004794293], "DRB4": [19.0, 5, 0.015685186424161016], "DMB": [3.0, 2, 0.0025047516598391095], "DPA1": [55.0, 22, 0.04644826832805093], "F": [14.0, 4, 0.00889295113810312], "DQA1": [9.0, 7, 0.007749075447627245], "DPB1": [43.0, 28, 0.036594518458807686], "DQB1": [9.0, 9, 0.007347271535528055]}