{"A": [675.0, 298, 0.1601019628860943], "B": [956.0, 311, 0.22862579902456012], "C": [784.0, 294, 0.18544877440059518], "DRA": [246.0, 7, 0.08374693002418235], "E": [131.0, 44, 0.03147293445074489], "L": [4.0, 1, 0.000950483672608443], "T": [8.0, 1, 0.004539128998600669], "DMB": [30.0, 3, 0.009864868420254296], "DPB1": [151.0, 45, 0.050611726474262195], "DRB1": [300.0, 37, 0.09754027202049191], "DMA": [59.0, 1, 0.019549006426702407], "DRB3": [107.0, 8, 0.034789363687308776], "F": [14.0, 6, 0.0035024547244245797], "DPA1": [127.0, 23, 0.04224129098266743], "DQA1": [59.0, 23, 0.020007186264828242], "DQB1": [84.0, 34, 0.02700781754167398]}