{"A": [378.0, 162, 0.04583143130215234], "B": [592.0, 186, 0.07237153558018826], "C": [249.0, 131, 0.030108282948332336], "DPB1": [510.0, 76, 0.08738222882943919], "DRA": [1053.0, 7, 0.1832486975929755], "DRB1": [1145.0, 37, 0.19030356811716487], "DRB3": [467.0, 12, 0.07761726315346375], "HFE": [11.0, 1, 0.0013986851504863883], "T": [34.0, 1, 0.009861436717570697], "DMB": [25.0, 2, 0.004202316783055695], "DMA": [98.0, 1, 0.016598830505529304], "DQB1": [211.0, 43, 0.034679385790123626], "F": [32.0, 6, 0.004092354142161903], "DOB": [32.0, 4, 0.005182652873467812], "DPA1": [1034.0, 51, 0.17580561320634655], "E": [73.0, 26, 0.00896535598262539], "DQA1": [302.0, 44, 0.05235036132491632]}