{"A": [148.0, 96, 0.14808931758867694], "B": [337.0, 138, 0.33999018334492204], "C": [159.0, 89, 0.15866245209064483], "L": [4.0, 1, 0.004009717664045356], "T": [4.0, 1, 0.009574402091053836], "DPA1": [26.0, 14, 0.03648177348487754], "DMA": [3.0, 1, 0.004193368854764991], "DRA": [34.0, 1, 0.04882945066437456], "DPB1": [27.0, 17, 0.03817746625303416], "DRB1": [60.0, 19, 0.08229682696242903], "F": [13.0, 4, 0.013720090604543283], "E": [89.0, 30, 0.09020385143488012], "DQB1": [19.0, 6, 0.025771098961753242]}