{"A": [883.0, 221, 0.3108821630183832], "B": [832.0, 222, 0.2953472204544796], "C": [360.0, 174, 0.12640161512586262], "E": [443.0, 66, 0.15798355618679175], "L": [15.0, 1, 0.005290761034579332], "T": [10.0, 1, 0.008422184595350686], "K": [10.0, 6, 0.003536855196034735], "DRB1": [27.0, 16, 0.013030728300896511], "DMA": [6.0, 1, 0.0029509791826457746], "DRA": [43.0, 3, 0.021729236256004772], "F": [45.0, 5, 0.0167108763512938], "DPA1": [30.0, 17, 0.014811428081478792], "DQA1": [13.0, 5, 0.006543642640684576], "DPB1": [29.0, 24, 0.01442827530871467], "DRB3": [4.0, 3, 0.0019304782667994831]}