{"A": [1297.0, 401, 0.14473447272812456], "B": [2020.0, 513, 0.22727822922012667], "C": [455.0, 235, 0.05063588735147465], "DMA": [87.0, 2, 0.013562228397326015], "DPB1": [344.0, 84, 0.054246506057524485], "DRA": [737.0, 7, 0.11804304395552263], "DRB3": [94.0, 10, 0.014379033146900215], "E": [859.0, 119, 0.09709530470306013], "F": [109.0, 7, 0.01282951136410071], "L": [5.0, 1, 0.0005589768185406833], "T": [56.0, 1, 0.014948915561983871], "DRB4": [22.0, 5, 0.0033653056301255826], "DMB": [30.0, 2, 0.004641201463034765], "DPA1": [400.0, 49, 0.06259398141717384], "H": [5.0, 5, 0.0005589768185406833], "DRB1": [930.0, 88, 0.14226064709167233], "DQB1": [123.0, 48, 0.018606060976254925], "DOA": [12.0, 7, 0.001952632966121399], "DQA1": [111.0, 30, 0.017709084332392024]}