{"A": [32.0, 24, 0.035295955948996094], "B": [130.0, 73, 0.14457486088612553], "C": [92.0, 55, 0.10119937233605215], "DPB1": [71.0, 32, 0.11066610898776695], "DRA": [104.0, 3, 0.16464525333855234], "DRB3": [26.0, 6, 0.03931136666791279], "DRB5": [8.0, 2, 0.012095805128588549], "T": [4.0, 1, 0.01055418290631746], "DMA": [12.0, 1, 0.018489961656487457], "L": [2.0, 2, 0.0022100227892334462], "DQB1": [48.0, 27, 0.07176844376295873], "DOB": [12.0, 5, 0.01768018231386757], "F": [3.0, 2, 0.0034901800821323585], "E": [42.0, 14, 0.04692424770940683], "DQA1": [31.0, 13, 0.04888524367642941], "DPA1": [39.0, 15, 0.06032261436972824], "DRB1": [74.0, 16, 0.11188619743944409]}