{"A": [113.0, 78, 0.17625072359303065], "B": [275.0, 136, 0.43247361782682503], "C": [113.0, 72, 0.17577047638977988], "T": [2.0, 1, 0.00746228987622757], "F": [24.0, 5, 0.03948347035375739], "E": [97.0, 34, 0.15324886169708488], "DPA1": [7.0, 3, 0.015310560263294495]}