{"A": [278.0, 145, 0.21860042295124374], "B": [343.0, 163, 0.27194105769718013], "C": [339.0, 173, 0.26584036301778585], "DRB1": [36.0, 15, 0.03880418145670773], "DRB5": [7.0, 3, 0.007545257505470947], "L": [1.0, 1, 0.0007877673699012289], "T": [9.0, 1, 0.016929275243367587], "DRA": [2.0, 1, 0.002257236699115678], "DPA1": [19.0, 7, 0.02095078890271161], "E": [98.0, 27, 0.07805582810549003], "DQB1": [18.0, 6, 0.019186511942483265], "DQA1": [16.0, 7, 0.01798735494607806], "DPB1": [37.0, 24, 0.041113954162464134]}