{"A": [11680.0, 1335, 0.0910762095764002], "B": [8715.0, 1405, 0.06851788627017716], "C": [13631.0, 1207, 0.10599975072350404], "DMA": [1448.0, 2, 0.0157728604506907], "DMB": [416.0, 4, 0.004497100510217021], "DOB": [50.0, 6, 0.0005207899945155871], "DPA1": [10050.0, 105, 0.10989267493467986], "DPB1": [7712.0, 317, 0.08497877126879944], "DQA1": [5035.0, 121, 0.056130989729199894], "DQB1": [3635.0, 253, 0.03842234271389478], "DRA": [17030.0, 7, 0.19059770103596255], "DRB1": [14595.0, 144, 0.15600410575038712], "DRB3": [26.0, 10, 0.00027791070568756874], "DRB5": [52.0, 4, 0.0005558214113751375], "DRB7": [2.0, 1, 4.566286671912667e-05], "E": [5738.0, 268, 0.045320605840812184], "F": [728.0, 13, 0.0059874940510670415], "L": [151.0, 2, 0.0011795893375778047], "T": [302.0, 1, 0.005633245812571999], "Y": [4.0, 1, 4.156207529046723e-05], "DRB4": [1635.0, 10, 0.017476307838429798], "DPB2": [6.0, 2, 6.619938796265142e-05], "G": [3.0, 2, 2.5256010353499264e-05], "DOA": [71.0, 13, 0.0008072867373152375], "H": [20.0, 9, 0.00015623699835467608], "J": [2.0, 1, 1.5637968054495434e-05]}