{"A": [5652.0, 1388, 0.12675726221726444], "B": [8577.0, 1783, 0.19394588420477535], "C": [5722.0, 1304, 0.12797748520117327], "DMA": [601.0, 3, 0.01882890062619379], "DPA1": [2319.0, 88, 0.07293097573432256], "DPB1": [1699.0, 228, 0.053845002004012946], "DQB1": [870.0, 191, 0.026448879082606847], "DRA": [3699.0, 8, 0.11906823982948808], "DRB1": [3367.0, 191, 0.10351031678163956], "DRB3": [370.0, 20, 0.011374760085894458], "DRB5": [14.0, 4, 0.0004303963275743849], "E": [2894.0, 234, 0.06574190462389405], "HFE": [1.0, 1, 2.3519406357421358e-05], "K": [25.0, 8, 0.0005632392144606625], "L": [56.0, 1, 0.0012582024028725631], "T": [239.0, 1, 0.0128220732266593], "V": [4.0, 2, 0.0001905208391196918], "DRB4": [463.0, 10, 0.014233821404781442], "DMB": [137.0, 2, 0.004259596121846165], "DQA1": [1130.0, 108, 0.036231829238969775], "DPA2": [2.0, 1, 6.718913630619417e-05], "J": [1.0, 1, 2.24884186814796e-05], "F": [334.0, 11, 0.007900758275098497], "DOB": [30.0, 7, 0.0008987160020518307], "DOA": [6.0, 2, 0.0001962136928782483], "H": [21.0, 9, 0.0004718259010772112]}