{"A": [220.0, 120, 0.24801082953582534], "B": [311.0, 140, 0.35349462412653215], "C": [105.0, 69, 0.1180462742019045], "E": [104.0, 31, 0.11875567194882158], "L": [3.0, 1, 0.0033881373278492398], "T": [10.0, 1, 0.026967309450419513], "DRB4": [6.0, 3, 0.009271906395312775], "DRA": [11.0, 1, 0.017798424237276875], "DPA1": [22.0, 13, 0.03477853011881689], "F": [18.0, 3, 0.02140287326410817], "DRB1": [16.0, 10, 0.02472508372083407], "DQB1": [8.0, 6, 0.012225180284190179], "Y": [1.0, 1, 0.001502183863803708], "DQA1": [4.0, 2, 0.0064468724154909144], "DPB1": [2.0, 2, 0.003186099108814043]}