{"A": [112.0, 70, 0.15470085323295016], "B": [281.0, 167, 0.3913411046732584], "C": [173.0, 105, 0.23830645740083536], "DPA1": [2.0, 1, 0.0038738719405623807], "T": [1.0, 1, 0.0033041848904796778], "DMB": [5.0, 1, 0.009574626671276338], "DMA": [10.0, 1, 0.019295430848984375], "DRA": [20.0, 2, 0.03965021868575613], "F": [7.0, 2, 0.010198219071192319], "E": [45.0, 22, 0.06295935324064367], "DPB1": [9.0, 5, 0.017567037043206623], "DRB1": [25.0, 18, 0.04733523298159089], "DRB3": [1.0, 1, 0.0018934093192636355]}