{"A": [426.0, 205, 0.19100366437517363], "B": [733.0, 295, 0.3313679759906545], "C": [525.0, 175, 0.2347504452398563], "E": [214.0, 60, 0.09718940679097435], "L": [2.0, 1, 0.0008983671887698359], "T": [20.0, 1, 0.021451207818992162], "DMB": [6.0, 1, 0.003729584995802046], "DRB1": [48.0, 21, 0.029501436371288096], "DMA": [4.0, 1, 0.0025053700735158785], "DRA": [67.0, 3, 0.04311692771617424], "F": [26.0, 4, 0.012295807594229224], "DPA1": [27.0, 12, 0.016976042049857587], "DQA1": [1.0, 1, 0.0006410224211534767], "DPB1": [23.0, 12, 0.014572741373558575]}