{"A": [1508.0, 366, 0.12403671711056323], "B": [2012.0, 393, 0.1668596615780701], "C": [990.0, 251, 0.0812080603318929], "DPB1": [513.0, 59, 0.059627638261946926], "DQA1": [400.0, 48, 0.04703812838037358], "DQB1": [290.0, 53, 0.03233435787924939], "DRA": [1300.0, 8, 0.1534734227940032], "E": [768.0, 89, 0.0639857403916639], "F": [89.0, 5, 0.007721301995810026], "K": [10.0, 4, 0.0008262873420889046], "L": [13.0, 2, 0.0010712332886625223], "T": [21.0, 1, 0.004131976767530855], "Y": [5.0, 2, 0.0005480170296742553], "DRB4": [160.0, 7, 0.018040091184083347], "DMB": [47.0, 2, 0.005359495839703171], "DQA2": [11.0, 5, 0.0012935485304602734], "DMA": [81.0, 1, 0.009307086165032697], "DPA1": [702.0, 51, 0.08097046099131894], "DRB3": [144.0, 5, 0.016236082065675013], "DRB1": [1105.0, 39, 0.12458937974007564], "H": [9.0, 5, 0.0007416230459971309], "DOA": [5.0, 3, 0.0005996892861242847]}