{"A": [3055.0, 833, 0.19452868368945453], "B": [4998.0, 1098, 0.3208803669685167], "C": [2287.0, 772, 0.14522909105347326], "DPB1": [277.0, 82, 0.024924905698998766], "DQB1": [156.0, 55, 0.013465247892262952], "DRA": [672.0, 5, 0.061416153282357715], "DRB1": [806.0, 122, 0.07035213786407048], "E": [1196.0, 161, 0.07713947362634034], "F": [176.0, 12, 0.011820523532112898], "L": [38.0, 1, 0.0024240848430414426], "T": [76.0, 1, 0.011576457463936474], "DRB4": [46.0, 5, 0.004015134419041244], "DMB": [30.0, 3, 0.0026483223564328358], "K": [7.0, 4, 0.0004477675859732736], "DMA": [125.0, 1, 0.011118910656779082], "DPA1": [359.0, 43, 0.03205586202468435], "DPA2": [2.0, 1, 0.00019076592144563948], "DOA": [6.0, 5, 0.0005570972925085806], "DQA1": [124.0, 31, 0.011288474044294963], "DRB3": [42.0, 9, 0.0036659922956463527], "Y": [3.0, 1, 0.00025454748862801044]}