{"A": [89.0, 64, 0.2140399851999219], "B": [164.0, 102, 0.39767035229640985], "C": [79.0, 50, 0.1894728632419111], "L": [1.0, 1, 0.002409332237241801], "T": [1.0, 1, 0.005753002466268004], "DRB4": [4.0, 2, 0.013186657338412055], "DRB1": [8.0, 5, 0.02637331467682411], "DMA": [5.0, 1, 0.016797888880515355], "DRA": [5.0, 3, 0.017259007398804014], "E": [21.0, 13, 0.051156080048300086], "F": [2.0, 1, 0.005073252895325675], "DPA1": [14.0, 8, 0.047214296102475344], "DPB1": [4.0, 3, 0.013593967217590805]}