{"A": [353.0, 129, 0.3016906776866898], "B": [106.0, 55, 0.09134136782347932], "C": [445.0, 133, 0.3792819868224187], "L": [5.0, 1, 0.004281036942215646], "T": [13.0, 1, 0.02657787117764206], "DMA": [2.0, 1, 0.002387794650721806], "DRA": [1.0, 1, 0.0012266709774296336], "F": [6.0, 4, 0.005408664540251698], "E": [171.0, 35, 0.14803225453178737], "DPA1": [9.0, 7, 0.010786244801536433], "DPB1": [24.0, 11, 0.028985430045827636]}