{"A": [19717.0, 1334, 0.1505097600790195], "B": [23094.0, 1636, 0.17774502294672714], "C": [34477.0, 1623, 0.26246313805710947], "DMA": [1308.0, 2, 0.013947981577316906], "DMB": [319.0, 4, 0.003375916285182653], "DPA1": [4418.0, 70, 0.047292265233252355], "DPB1": [2557.0, 208, 0.027582642869004], "DQB1": [2138.0, 136, 0.022123246031327242], "DRA": [7372.0, 8, 0.08076999547056071], "DRB1": [9493.0, 107, 0.0993338188151536], "E": [8027.0, 300, 0.06206548420675669], "F": [1515.0, 17, 0.012197984311760038], "HFE": [10.0, 1, 8.00533453654616e-05], "K": [36.0, 12, 0.00027606319245333745], "L": [94.0, 1, 0.0007188585897972627], "T": [668.0, 1, 0.012198036935778296], "V": [7.0, 2, 0.00011348374626372689], "DRB3": [1682.0, 19, 0.01760028265533428], "DPB2": [4.0, 2, 4.3204047730741385e-05], "DOB": [101.0, 8, 0.0010298541499223195], "DOA": [25.0, 8, 0.00027827308299348697], "DQA1": [747.0, 33, 0.00815240128781716], "H": [12.0, 4, 9.176918167624631e-05], "DRB4": [1.0, 1, 1.0463901697582807e-05]}