{"A": [926.0, 404, 0.19507624958862865], "B": [1227.0, 386, 0.2606228165746227], "C": [288.0, 187, 0.06050634505634433], "DMA": [64.0, 2, 0.018834460250787423], "DPA1": [139.0, 34, 0.04106282168421793], "DRA": [309.0, 8, 0.09343138682495393], "E": [332.0, 94, 0.07084424111167377], "L": [4.0, 1, 0.0008441996896167264], "T": [35.0, 1, 0.0176380719464584], "DRB3": [59.0, 7, 0.01703786789306367], "V": [3.0, 1, 0.0013422285200482575], "DQB1": [65.0, 31, 0.01856197095317765], "DRB1": [452.0, 47, 0.1305273947061827], "K": [2.0, 2, 0.00042325839881973107], "F": [44.0, 5, 0.009776821765628484], "DPB1": [180.0, 58, 0.05358549381196518], "DMB": [6.0, 1, 0.001752353901174114], "DQA1": [27.0, 12, 0.008132017322636123]}