{"A": [1281.0, 468, 0.14347945482701252], "B": [2492.0, 666, 0.28142526676813473], "C": [948.0, 429, 0.10589219398677138], "DMA": [119.0, 3, 0.018619471237093226], "DPA1": [267.0, 57, 0.04193652374254224], "DPB1": [287.0, 84, 0.04542592778306959], "DRA": [613.0, 8, 0.09854667317530383], "DRB1": [703.0, 98, 0.10793585526312445], "E": [621.0, 126, 0.07045393366966902], "L": [11.0, 1, 0.001234312306905999], "T": [23.0, 1, 0.006162516267079902], "DRB3": [37.0, 12, 0.005680834487532866], "DRB4": [67.0, 4, 0.010286916504451404], "DQB1": [132.0, 64, 0.020041574642503335], "DOB": [16.0, 6, 0.0023938178073328467], "F": [72.0, 5, 0.008505986617986745], "DQA1": [199.0, 32, 0.031866530703767285], "H": [1.0, 1, 0.00011221020971872719]}