{"A": [539.0, 226, 0.1636873374280781], "B": [783.0, 295, 0.2397521672389118], "C": [157.0, 107, 0.04754895675861658], "DQB1": [40.0, 27, 0.016466588469367573], "DRA": [279.0, 5, 0.12161059896053523], "DRB4": [66.0, 7, 0.027475150423607694], "E": [176.0, 50, 0.05413922629596497], "L": [3.0, 1, 0.0009127237678048177], "T": [12.0, 1, 0.008717605660253423], "DRB3": [30.0, 8, 0.012488704738003498], "DMB": [15.0, 2, 0.006315310918649496], "DMA": [49.0, 1, 0.020787496703218798], "DRB1": [295.0, 30, 0.12280559659036773], "F": [37.0, 6, 0.011851672824854616], "DPA1": [144.0, 31, 0.06132384671350683], "DPB1": [128.0, 37, 0.054931013272330444], "DQA1": [62.0, 23, 0.026919012790743477], "Y": [3.0, 1, 0.0012140112251384468], "DOA": [1.0, 1, 0.0004428265823435503], "K": [2.0, 1, 0.0006101526377030071]}