{"A": [352.0, 164, 0.09105518030870009], "B": [620.0, 192, 0.16170674865115695], "C": [687.0, 245, 0.1772285782076741], "DPB1": [170.0, 48, 0.06214300323367103], "DRB4": [35.0, 3, 0.012410802474404669], "K": [3.0, 2, 0.0007795885072799482], "L": [12.0, 1, 0.0031098183885291363], "T": [10.0, 1, 0.0061880191609076495], "DMB": [9.0, 2, 0.0032276145396097854], "DRB1": [399.0, 45, 0.1414831482082132], "DMA": [43.0, 1, 0.0155385412441265], "DRA": [262.0, 4, 0.09727566120946825], "DRB3": [45.0, 5, 0.015956746038520285], "F": [4.0, 3, 0.0010913739845750667], "E": [124.0, 31, 0.03249052569762175], "DPA1": [274.0, 30, 0.0993923905224408], "DQA1": [93.0, 27, 0.03439426743771677], "DQB1": [126.0, 38, 0.04418245680888062], "DOB": [1.0, 1, 0.00034553537650323734]}