{"A": [786.0, 308, 0.12065743699439016], "B": [1049.0, 354, 0.16236091804584427], "C": [277.0, 174, 0.042405905378750976], "DMA": [115.0, 2, 0.024660914880124906], "DMB": [27.0, 4, 0.0057460906410409605], "DPA1": [287.0, 48, 0.061780870681196476], "DQB1": [100.0, 45, 0.020808887918173025], "DRA": [667.0, 8, 0.14695971079152081], "DRB1": [850.0, 59, 0.17886291300452095], "DRB3": [86.0, 9, 0.018096718256928004], "E": [337.0, 88, 0.05240038869948055], "HFE": [5.0, 1, 0.0008049283292129968], "L": [16.0, 2, 0.002460613023900752], "T": [45.0, 1, 0.016524705111490345], "DRB4": [112.0, 9, 0.02356781912530159], "DPB2": [1.0, 1, 0.00021720617543453805], "F": [63.0, 6, 0.010200552838274445], "DQA1": [255.0, 33, 0.05596452863930519], "DRB5": [1.0, 1, 0.00021042695647590702], "DOA": [8.0, 3, 0.001790725016065886], "DPB1": [246.0, 85, 0.053363951178573454], "H": [1.0, 1, 0.000153788313993797]}