{"A": [114.0, 84, 0.2315312894934821], "B": [120.0, 92, 0.24573133813140335], "C": [111.0, 80, 0.2248240873598691], "DRB3": [4.0, 3, 0.011136139293595432], "T": [10.0, 1, 0.04858413711421537], "DRB4": [17.0, 6, 0.04732859199778059], "DMA": [6.0, 1, 0.01702299155375943], "DRA": [16.0, 3, 0.04664077162964675], "F": [19.0, 5, 0.04070146587637581], "E": [11.0, 9, 0.022629271982442193], "DQB1": [13.0, 9, 0.035790314340805325], "DRB1": [8.0, 4, 0.022272278587190865], "DQA1": [2.0, 1, 0.005807322639433556]}