{"B": [77.0, 62, 0.25281248038069426], "C": [74.0, 62, 0.24031454927584872], "T": [3.0, 1, 0.023369220875526363], "DRA": [11.0, 2, 0.05141228592615799], "DRB1": [8.0, 7, 0.03571027010192793], "F": [5.0, 3, 0.017173346752908422], "DRB3": [4.0, 3, 0.017855135050963963], "E": [22.0, 11, 0.07256531131644071], "DQB1": [4.0, 3, 0.017656744661508808], "A": [72.0, 59, 0.23445841271839565], "DPB1": [4.0, 4, 0.0184066450139281], "DPA1": [4.0, 4, 0.018265597925698766]}