{"A": [762.0, 261, 0.2604549538081708], "B": [791.0, 209, 0.2726017217890729], "C": [347.0, 151, 0.11828294980062974], "DMB": [5.0, 2, 0.002369325963716658], "DQB1": [27.0, 15, 0.012510041088423953], "DRB5": [5.0, 2, 0.0023427043236748974], "E": [343.0, 59, 0.11875306531354471], "L": [3.0, 1, 0.0010272843959472225], "T": [19.0, 1, 0.015535345142487262], "DRB4": [33.0, 4, 0.015461848536254322], "DMA": [11.0, 1, 0.005252307327200896], "DRA": [129.0, 2, 0.06328609021202707], "F": [54.0, 5, 0.019468075469017104], "DRB1": [66.0, 9, 0.030923697072508645], "DPA1": [34.0, 14, 0.01629660524928791], "DQA1": [31.0, 12, 0.01514887788051338], "DRB3": [10.0, 3, 0.004685408647349795], "DPB1": [53.0, 31, 0.025599697980172566]}