{"A": [116.0, 82, 0.3597731845939124], "B": [88.0, 55, 0.275187012667444], "L": [2.0, 1, 0.006214305258685436], "T": [2.0, 1, 0.014838515388930803], "DRA": [1.0, 1, 0.004451554616679241], "E": [42.0, 17, 0.13194506442242068], "F": [2.0, 1, 0.006542630704629431], "C": [65.0, 48, 0.2010477323472981]}