{"A": [27.0, 25, 0.039940553907476015], "B": [45.0, 35, 0.06711773521641975], "DQB1": [21.0, 16, 0.04211016424319076], "DRA": [119.0, 5, 0.25266098545914456], "DRB5": [15.0, 2, 0.03041665154002543], "DMA": [19.0, 1, 0.03926302118639924], "DPA1": [77.0, 27, 0.1597282091983098], "F": [7.0, 4, 0.010921944616389534], "DQA1": [19.0, 13, 0.040183248245455466], "DMB": [1.0, 1, 0.0020508196871683814], "DRB1": [76.0, 23, 0.15411103446946217], "DRB3": [19.0, 4, 0.03852775861736554], "DPB1": [46.0, 19, 0.0961588968377329], "E": [11.0, 5, 0.016482233500563593], "C": [7.0, 6, 0.010326743274896917]}