{"A": [142.0, 74, 0.16393144225813402], "B": [365.0, 167, 0.42485549550428986], "C": [104.0, 71, 0.11973531907191183], "E": [66.0, 24, 0.07717753597501725], "F": [3.0, 2, 0.003652975678845459], "L": [3.0, 1, 0.0034696602935019374], "DRA": [40.0, 1, 0.066278826695915], "DRB1": [27.0, 17, 0.04272750204132723], "DOB": [2.0, 2, 0.003084142483112833], "DQA1": [5.0, 4, 0.00825249062864176], "DPA1": [17.0, 9, 0.027520949590688844], "DRB3": [2.0, 1, 0.003165000151209424], "DPB1": [33.0, 19, 0.053835552765069954], "H": [2.0, 1, 0.002313106862334625]}