{"A": [12722.0, 1330, 0.1710056540236968], "B": [25348.0, 1450, 0.343536777456833], "C": [5640.0, 707, 0.07560477125421472], "DMA": [615.0, 2, 0.011548085441998628], "DPA1": [2536.0, 70, 0.047801872139040164], "DPB1": [2478.0, 192, 0.04706929591625966], "DQB1": [571.0, 97, 0.01040419559345907], "DRA": [4443.0, 8, 0.0857180527857521], "DRB1": [4070.0, 104, 0.07499275558126012], "DRB3": [1005.0, 21, 0.01851786716441435], "DRB5": [1.0, 1, 1.842573847205408e-05], "DRB6": [1.0, 1, 3.863616889035424e-05], "E": [5878.0, 258, 0.08003090321192421], "F": [892.0, 12, 0.012646534805355297], "HFE": [2.0, 1, 2.819296373660997e-05], "K": [25.0, 10, 0.00033758043266503474], "L": [117.0, 2, 0.001575551945607201], "T": [277.0, 1, 0.008906857461795084], "DRB4": [5.0, 3, 9.21286923602704e-05], "DMB": [159.0, 3, 0.0029629843763413328], "DPB2": [5.0, 2, 9.509675590280488e-05], "DQA1": [343.0, 38, 0.006591592011754628], "DPA2": [1.0, 1, 2.013508392375896e-05], "V": [1.0, 1, 2.854742072749578e-05], "DOA": [17.0, 7, 0.0003332048881460298], "J": [3.0, 2, 4.043566168798717e-05], "H": [4.0, 3, 5.3865023781442764e-05]}