{"A": [2829.0, 425, 0.26890836351591174], "B": [4013.0, 537, 0.3846050499995652], "C": [626.0, 276, 0.05934180015209505], "DPB1": [231.0, 57, 0.03102877737855208], "E": [956.0, 130, 0.09204544728565449], "F": [134.0, 8, 0.013434693759746852], "L": [54.0, 1, 0.00514229406124312], "T": [28.0, 1, 0.006366768343073867], "DRB4": [51.0, 7, 0.006645250586009281], "DRB1": [299.0, 33, 0.038959410298368136], "DMA": [41.0, 1, 0.005444211806993234], "DRA": [105.0, 3, 0.014325228771916202], "DPA1": [272.0, 34, 0.0362560798255832], "DQA1": [219.0, 28, 0.029761622052368313], "H": [1.0, 1, 9.522766780079851e-05], "DMB": [3.0, 1, 0.00039533910571846656], "K": [3.0, 2, 0.0002864671287548266], "DQB1": [54.0, 32, 0.006957968260645012]}