{"A": [2101.0, 422, 0.22092201106522066], "B": [1314.0, 423, 0.13931015041968756], "C": [1694.0, 382, 0.177640244684938], "DQB1": [125.0, 42, 0.017817233427175498], "DRA": [377.0, 6, 0.05689776284085315], "DRB3": [67.0, 8, 0.009657340904797146], "E": [1229.0, 90, 0.13089946645327627], "L": [25.0, 1, 0.0026335691744547728], "T": [53.0, 1, 0.013331482893745432], "DRB4": [83.0, 7, 0.0119635715686293], "DQA1": [98.0, 18, 0.01473262489009574], "DRB1": [458.0, 49, 0.06601585275219542], "DMA": [85.0, 1, 0.01248566434057031], "DPA1": [356.0, 48, 0.05249325600061637], "W": [5.0, 1, 0.0006167503878637673], "DPB1": [398.0, 68, 0.05913945649681172], "F": [119.0, 6, 0.013198102824556744], "Y": [1.0, 1, 0.00014011610753409857], "H": [1.0, 1, 0.0001053427669781909]}