{"A": [222.0, 144, 0.18419200254911847], "B": [438.0, 194, 0.36640919694046215], "C": [39.0, 32, 0.032269885416036], "L": [3.0, 1, 0.002493623234352585], "T": [14.0, 1, 0.02778660487139148], "DRB4": [5.0, 2, 0.005686664720870647], "DRB1": [40.0, 8, 0.04549331776696518], "DMA": [12.0, 1, 0.0139084532562363], "DRA": [43.0, 1, 0.05120674326299287], "DOB": [15.0, 6, 0.0166241548956839], "F": [30.0, 5, 0.026253708596065642], "E": [130.0, 41, 0.10925320984949456], "DQA1": [27.0, 9, 0.032027473416216014], "DMB": [3.0, 1, 0.003450771546528325], "DPA1": [47.0, 11, 0.05468349086759062], "DPB1": [3.0, 3, 0.0035173887578512654], "DQB1": [22.0, 15, 0.02474331005214384]}