{"A": [135.0, 91, 0.12364989132357358], "B": [158.0, 86, 0.14591217050218577], "C": [63.0, 42, 0.057546052964758496], "DPB1": [77.0, 30, 0.09966255504879025], "DRA": [171.0, 3, 0.22480035144160282], "E": [101.0, 19, 0.0937031956266343], "T": [3.0, 1, 0.006573109691274936], "DQA1": [39.0, 16, 0.05106998115603847], "DRB1": [61.0, 12, 0.07658780617811359], "DMA": [2.0, 1, 0.00255899690271009], "DPA1": [57.0, 12, 0.0732108424235105], "DQB1": [34.0, 11, 0.04221397112841015], "DRB5": [2.0, 2, 0.0025110756123971666]}