{"A": [180.0, 134, 0.11165613030623364], "B": [514.0, 216, 0.32147532687067487], "C": [56.0, 41, 0.034642810274849604], "DMA": [9.0, 2, 0.007798882383985022], "DPA1": [61.0, 17, 0.053061616969284214], "DRA": [157.0, 6, 0.13978179868533328], "DRB5": [32.0, 2, 0.027210083190732596], "L": [1.0, 1, 0.0006214437909379792], "T": [4.0, 1, 0.005935532852880395], "DMB": [5.0, 2, 0.0042998888564900585], "DRB1": [124.0, 24, 0.1054390723640888], "DQB1": [35.0, 22, 0.029430350395531952], "F": [13.0, 3, 0.008505601472895608], "E": [75.0, 32, 0.04712424318736338], "DRB3": [23.0, 5, 0.019557247293339054], "DQA1": [18.0, 12, 0.01596333737971934], "DPB1": [77.0, 33, 0.06749663372566016]}