{"A": [27.0, 25, 0.18168864252564143], "B": [31.0, 29, 0.21032949067400547], "DMA": [2.0, 2, 0.01880069074480768], "DRA": [4.0, 2, 0.0386335762756048], "T": [2.0, 1, 0.03219464689633734], "DOB": [1.0, 1, 0.008988651414488343], "F": [1.0, 1, 0.007097667111152179], "E": [8.0, 6, 0.054528940684202346], "DRB1": [11.0, 7, 0.10146739836429913], "DQA1": [2.0, 2, 0.019241331934139107], "DRB3": [2.0, 1, 0.018448617884418022], "DPB1": [10.0, 8, 0.09509229681736701], "C": [29.0, 25, 0.1946153246308566], "DPA1": [2.0, 2, 0.018872724042680505]}