{"A": [1749.0, 327, 0.1038053577815845], "B": [3749.0, 303, 0.22434679052221368], "C": [1429.0, 259, 0.08458185587525707], "DMA": [158.0, 2, 0.01309986563705644], "DOB": [5.0, 4, 0.00039639711689328134], "DPA1": [846.0, 52, 0.07041106305312658], "DPB1": [754.0, 120, 0.06323865541442807], "DRB1": [1551.0, 60, 0.12618611861768192], "DRB3": [769.0, 15, 0.0625642328929706], "E": [618.0, 107, 0.03715279516481907], "L": [15.0, 1, 0.0008918935130098831], "T": [32.0, 1, 0.0045432809423794655], "DMB": [53.0, 3, 0.004360968887518357], "DQA1": [554.0, 46, 0.04700898184057229], "DPB2": [12.0, 2, 0.0010077477219163215], "DRA": [1250.0, 6, 0.10648314708701871], "DQB1": [555.0, 81, 0.044651933011823186], "DOA": [19.0, 9, 0.0016443373629851973], "F": [56.0, 5, 0.0035056584216775267], "H": [2.0, 2, 0.0001189191350679844]}