{"A": [43.0, 30, 0.09555223665415444], "E": [37.0, 12, 0.08328124015943703], "DMB": [7.0, 2, 0.021564907532412234], "DRA": [57.0, 2, 0.1817976070295458], "DPA1": [32.0, 15, 0.09971556586415903], "DPB1": [39.0, 21, 0.12246678872240284], "DRB1": [30.0, 14, 0.09138259371680305], "F": [7.0, 4, 0.016406730802757435], "DQB1": [12.0, 9, 0.03614689262575765], "DQA1": [4.0, 3, 0.012707891938742923], "C": [31.0, 24, 0.06869879456802713], "B": [76.0, 47, 0.1702787503858005]}