{"A": [153.0, 78, 0.2086265234732648], "B": [345.0, 160, 0.4743202275692603], "C": [136.0, 89, 0.18494049673924293], "DMA": [7.0, 2, 0.013333861027254016], "L": [1.0, 1, 0.0013660603190069937], "T": [4.0, 1, 0.013047512937966582], "DRA": [4.0, 1, 0.007828507762779947], "E": [38.0, 20, 0.052484944802586045], "F": [8.0, 3, 0.011505875962587243], "DRB1": [7.0, 6, 0.01308416325520806], "K": [2.0, 1, 0.0027396195967642548], "H": [1.0, 1, 0.0013660603190069937], "DPB1": [4.0, 4, 0.00770760416798798], "DPA1": [4.0, 3, 0.007648542067083858]}