{"A": [16127.0, 1170, 0.13684785192523574], "B": [34468.0, 913, 0.2949001160414218], "C": [13207.0, 838, 0.1117644274892684], "DMA": [1103.0, 2, 0.013074940021999477], "DMB": [289.0, 4, 0.0033998472093524426], "DOB": [33.0, 4, 0.00037404931285679895], "DPB1": [4172.0, 229, 0.05002764044780237], "DQA1": [1984.0, 76, 0.024069506540951895], "DQB1": [3177.0, 182, 0.03654424003852051], "DRA": [7043.0, 8, 0.08577939763082817], "DRB1": [7953.0, 102, 0.09250925964489087], "DRB3": [3205.0, 17, 0.037280545349160726], "DRB5": [14.0, 3, 0.00016284793600257415], "E": [5509.0, 271, 0.04735111708157505], "F": [683.0, 14, 0.006113032617819148], "HFE": [8.0, 1, 7.119181156395791e-05], "K": [45.0, 13, 0.00038360043479367307], "L": [204.0, 2, 0.0017342286323360678], "T": [362.0, 1, 0.0073482280141889825], "Y": [78.0, 3, 0.0008819706436866182], "DPB2": [15.0, 2, 0.00018010106324290576], "DPA1": [4101.0, 97, 0.04879942964995364], "DPA2": [1.0, 1, 1.2711089138380615e-05], "DOA": [26.0, 12, 0.0003217104074359333], "H": [8.0, 6, 6.800896597396345e-05]}