{"A": [6003.0, 853, 0.09751366481358929], "B": [14014.0, 996, 0.22952696219536528], "C": [15912.0, 842, 0.25777270358102633], "DMA": [592.0, 2, 0.01343379250736592], "DPA1": [1801.0, 75, 0.04102526794107059], "DPA2": [5.0, 2, 0.00012166495647733323], "DPB1": [1476.0, 153, 0.03388167045881046], "DRA": [4003.0, 8, 0.0933305081387803], "DRB1": [4457.0, 94, 0.09924521877085507], "DRB3": [775.0, 11, 0.017257133620689407], "DRB5": [1.0, 1, 2.226726918798633e-05], "E": [2405.0, 230, 0.03957175156834208], "F": [447.0, 12, 0.007658721355380347], "HFE": [2.0, 1, 3.407083594952636e-05], "K": [5.0, 2, 8.159232671352723e-05], "L": [32.0, 3, 0.000520761536338016], "T": [190.0, 1, 0.007383127881742135], "DRB4": [944.0, 10, 0.021020302113459094], "DMB": [195.0, 3, 0.0043914597358807135], "DPB2": [2.0, 2, 4.596928510200271e-05], "DQA1": [938.0, 63, 0.021784173824431347], "H": [4.0, 2, 6.5095192042252e-05], "DQB1": [629.0, 93, 0.013850488849029587], "DOB": [18.0, 6, 0.0003905711522535121], "DOA": [3.0, 3, 7.106009011783686e-05]}