{"A": [13357.0, 1094, 0.16461926563032214], "B": [14059.0, 1315, 0.17470310560568872], "C": [8862.0, 978, 0.10892272574174536], "DMA": [779.0, 2, 0.013411859207804144], "DPA1": [4239.0, 68, 0.07326148687359775], "DPB1": [3101.0, 174, 0.05400759292276986], "DQB1": [2296.0, 184, 0.03835844021382113], "DRA": [6530.0, 6, 0.11551165870907296], "DRB1": [6205.0, 134, 0.10482945884101519], "DRB7": [1.0, 1, 3.608633748338573e-05], "E": [5345.0, 234, 0.06672560211555469], "F": [646.0, 12, 0.008397613117531406], "HFE": [14.0, 1, 0.00018094868365594566], "K": [7.0, 5, 8.666663851224843e-05], "L": [98.0, 3, 0.0012100117723671767], "T": [243.0, 1, 0.007164199353319226], "DRB3": [454.0, 15, 0.007670036150494908], "DRB4": [811.0, 8, 0.013701320083813591], "DMB": [136.0, 3, 0.002323741428854384], "DQA1": [2494.0, 86, 0.043944983243927746], "DPB2": [2.0, 2, 3.4877259165643425e-05], "DOB": [28.0, 6, 0.00046095686566368635], "DOA": [18.0, 9, 0.00032348310493074856], "Y": [1.0, 1, 1.6422787082851514e-05], "G": [6.0, 4, 7.98370298304994e-05], "DQA2": [1.0, 1, 1.762028197430944e-05]}