{"A": [2623.0, 499, 0.15362077738388843], "B": [1596.0, 525, 0.09424515114537226], "C": [3526.0, 529, 0.20594393044379594], "DMA": [163.0, 2, 0.0133357997764462], "DMB": [38.0, 4, 0.0030854067339258773], "DPB1": [739.0, 133, 0.06116140135765119], "DRA": [1308.0, 8, 0.10995128690458333], "DRB1": [1260.0, 67, 0.10115609067347762], "DRB5": [288.0, 6, 0.02312139215393774], "E": [1247.0, 119, 0.07397605700589462], "F": [147.0, 12, 0.00908072687169691], "HFE": [1.0, 1, 6.141964845094493e-05], "L": [30.0, 1, 0.0017602109104417705], "T": [51.0, 1, 0.0071451524364599265], "DRB4": [131.0, 6, 0.010517022125575847], "K": [1.0, 1, 5.8834741013851184e-05], "DPB2": [4.0, 2, 0.00033147614395948115], "DPA1": [730.0, 53, 0.059953577915123527], "DOB": [8.0, 3, 0.000625852768157074], "DOA": [7.0, 4, 0.0005978015982695557], "DRB3": [7.0, 4, 0.0005619782815193201], "DQA1": [458.0, 54, 0.03834937284256226], "DQB1": [395.0, 106, 0.03135928013779635]}