{"A": [13431.0, 2371, 0.16016324168627538], "B": [24468.0, 2958, 0.29418967966960236], "C": [11024.0, 2087, 0.1311018218546254], "DMA": [664.0, 3, 0.011061203302478824], "DMB": [163.0, 4, 0.002694754861694851], "DOB": [43.0, 9, 0.0006849414981407001], "DPA1": [2598.0, 99, 0.0434444422466768], "DPB1": [2504.0, 284, 0.04219588956705952], "DQB1": [1129.0, 285, 0.01825012167819406], "DRA": [4267.0, 9, 0.07303281642345506], "DRB1": [5180.0, 246, 0.08467478156441587], "DRB3": [396.0, 16, 0.006473207239287391], "DRB5": [629.0, 9, 0.010281937761393356], "E": [5178.0, 320, 0.06254456915816169], "F": [754.0, 13, 0.009483692363104087], "HFE": [4.0, 1, 5.0023048041727686e-05], "L": [155.0, 1, 0.0018517313757873582], "T": [603.0, 1, 0.01720130782881939], "V": [6.0, 2, 0.00015195589351940685], "Y": [35.0, 3, 0.0005561573408644148], "DRB4": [466.0, 11, 0.007617461044211929], "DQA1": [1228.0, 132, 0.020936013423182926], "K": [18.0, 9, 0.00021563000077639522], "DPB2": [1.0, 1, 1.687310931046678e-05], "H": [20.0, 14, 0.00023893308074675586], "DOA": [51.0, 14, 0.000886812980174015]}