{"A": [841.0, 265, 0.1568828732059245], "B": [1209.0, 240, 0.22739468000636248], "C": [324.0, 158, 0.060275326299142236], "DMA": [61.0, 2, 0.015896048085228737], "DOB": [5.0, 2, 0.001245891048920046], "DRA": [476.0, 8, 0.12744634836419455], "DRB1": [471.0, 48, 0.12043986773582592], "E": [409.0, 81, 0.07728156436620325], "F": [92.0, 5, 0.01810168389693171], "L": [19.0, 1, 0.003550789489422131], "T": [18.0, 1, 0.008032332880096296], "DMB": [26.0, 2, 0.006724036236747279], "DQB1": [104.0, 45, 0.02629845283705602], "DPA1": [160.0, 33, 0.04185430159743664], "DOA": [5.0, 4, 0.0013600563641597313], "DRB3": [83.0, 5, 0.021224010662576544], "DPB1": [196.0, 56, 0.05166743852602482], "DQA1": [128.0, 30, 0.03413741474040925], "H": [1.0, 1, 0.00018688365733800688]}