{"A": [596.0, 242, 0.24842341885130564], "B": [933.0, 278, 0.3921049985324854], "C": [174.0, 112, 0.07232868078802622], "DRA": [59.0, 4, 0.03529711347989929], "L": [3.0, 1, 0.001252735299956218], "T": [16.0, 1, 0.01595349761803358], "K": [1.0, 1, 0.00041872457723452725], "E": [266.0, 64, 0.11230548536532471], "DQB1": [10.0, 6, 0.005650197073053559], "DRB1": [83.0, 23, 0.04742356419742706], "F": [22.0, 6, 0.00967209527779197], "DPA1": [38.0, 14, 0.022211119528555368], "DPB1": [57.0, 32, 0.033573950947603966], "DRB5": [1.0, 1, 0.0005713682433424948], "H": [4.0, 2, 0.0016703137332749571], "DRB3": [2.0, 1, 0.0011427364866849895]}