{"A": [210.0, 110, 0.15064791247538484], "B": [419.0, 161, 0.30306257339302334], "C": [69.0, 48, 0.04936372624436705], "DMA": [18.0, 2, 0.018038321471970837], "DRA": [123.0, 4, 0.12664552238686977], "DRB5": [5.0, 2, 0.004916812552701164], "L": [2.0, 1, 0.0014373601659538804], "T": [6.0, 1, 0.01029638393389185], "DRB4": [1.0, 1, 0.000983362510540233], "DMB": [4.0, 3, 0.003978148338094578], "DPB1": [49.0, 28, 0.04967309546485662], "H": [1.0, 1, 0.0007186800829769402], "E": [56.0, 19, 0.040691613259033844], "DRB1": [111.0, 19, 0.10915323866996585], "F": [11.0, 5, 0.00832315761803073], "DPA1": [77.0, 22, 0.07745957798542777], "DQB1": [29.0, 18, 0.028200651552270455], "DQA1": [16.0, 9, 0.016409861894640134]}