{"A": [379.0, 171, 0.15011259614543201], "B": [547.0, 233, 0.21844379491853855], "C": [325.0, 125, 0.12837377374489828], "DMA": [9.0, 2, 0.0049796661735689845], "DPB1": [53.0, 31, 0.0296643691489399], "DRA": [176.0, 5, 0.10005331877804488], "DRB1": [171.0, 39, 0.09284186596264571], "DRB5": [71.0, 4, 0.03854837709560143], "F": [14.0, 5, 0.005848676120605518], "T": [8.0, 1, 0.007579796877124613], "DPA1": [103.0, 24, 0.057207863499332746], "DMB": [11.0, 2, 0.006040150636458675], "DQA1": [105.0, 19, 0.05945773282764009], "E": [198.0, 48, 0.0794357818019879], "Y": [7.0, 2, 0.0036944610689019085], "DQB1": [33.0, 2, 0.017717775200278785]}