{"A": [977.0, 275, 0.17880300588360296], "B": [479.0, 213, 0.0883873728636828], "C": [749.0, 230, 0.13670269945781757], "DPA1": [331.0, 45, 0.08494715212639742], "DRA": [328.0, 7, 0.08615787926351082], "DRB1": [536.0, 36, 0.13446673675135493], "DRB3": [70.0, 7, 0.01756095442648292], "E": [567.0, 69, 0.1051081442937858], "L": [5.0, 1, 0.000916731262748489], "T": [19.0, 1, 0.008318087937025943], "DRB4": [68.0, 6, 0.01705921287144055], "DMB": [15.0, 3, 0.00380582372716797], "DQA1": [107.0, 14, 0.02799659079297938], "DMA": [35.0, 1, 0.008948043572272786], "DQB1": [67.0, 27, 0.016621582737320263], "F": [46.0, 7, 0.008879524177277201], "DPB1": [282.0, 56, 0.07293075028061803], "K": [12.0, 3, 0.0022061938824644335], "J": [1.0, 1, 0.00018351369204974323]}