{"B": [42.0, 34, 0.19282550502945855], "DRA": [22.0, 2, 0.14378193120123772], "DMB": [3.0, 2, 0.01893821924396468], "DPA1": [25.0, 13, 0.15963249937441493], "DRB1": [17.0, 11, 0.106110771494274], "DRB5": [4.0, 1, 0.024967240351593884], "E": [9.0, 6, 0.041510340335479776], "C": [24.0, 19, 0.10898506551295205], "A": [32.0, 29, 0.14571045188799053], "DPB1": [5.0, 5, 0.03217303655345351], "DQB1": [2.0, 2, 0.012344913284954753], "DQA1": [2.0, 2, 0.013020025730225716]}