{"A": [86.0, 70, 0.237702445488355], "B": [86.0, 72, 0.2396669285089199], "C": [91.0, 71, 0.2508370080931231], "DPB1": [11.0, 8, 0.04296444489252569], "T": [1.0, 1, 0.006611878328677454], "DQA1": [6.0, 4, 0.023709782444241805], "DMA": [2.0, 1, 0.007722270109066034], "DRA": [13.0, 1, 0.05157265096368413], "DPA1": [8.0, 7, 0.031007429403452885], "DRB1": [12.0, 8, 0.045465949855624736], "F": [1.0, 1, 0.0029153238740278107], "DRB3": [1.0, 1, 0.003788829154635395], "DQB1": [3.0, 3, 0.01124019315875167], "E": [16.0, 5, 0.0447948657249144]}