{"A": [1070.0, 393, 0.28114741095849705], "B": [1395.0, 331, 0.36957193072547007], "C": [374.0, 161, 0.09800245028302965], "DMA": [20.0, 2, 0.0073410824292509036], "DPA1": [50.0, 12, 0.018423022954633494], "E": [536.0, 80, 0.1426553811399303], "H": [1.0, 1, 0.0002632340688590881], "L": [22.0, 1, 0.005791149514899938], "T": [16.0, 1, 0.010056803118764638], "DRA": [33.0, 1, 0.012445293859471239], "DPA2": [9.0, 1, 0.003542347687893649], "F": [45.0, 8, 0.01247137778686861], "DRB1": [40.0, 14, 0.014407217951039226], "DPB1": [40.0, 20, 0.014852228544121519], "DRB3": [19.0, 4, 0.006843428526743633], "DMB": [6.0, 1, 0.0021856404505269738]}