{"A": [3640.0, 748, 0.1819965170769566], "B": [4190.0, 775, 0.21122736263599734], "C": [2166.0, 517, 0.10800283774879466], "DMA": [147.0, 2, 0.010267360762283385], "DPA1": [737.0, 49, 0.05167372374781317], "DPB1": [803.0, 110, 0.056735979863256174], "DRA": [1290.0, 6, 0.09257469895789085], "DRB1": [1675.0, 60, 0.11480117380132139], "E": [1504.0, 154, 0.07616976002816936], "F": [225.0, 12, 0.011865767157493884], "HFE": [3.0, 1, 0.0001573035798911319], "L": [25.0, 3, 0.0012522570570712827], "T": [101.0, 2, 0.01208016097512529], "Y": [5.0, 1, 0.0003331246928519723], "DRB4": [189.0, 7, 0.012953684685641637], "DMB": [59.0, 2, 0.004089694461538253], "K": [10.0, 5, 0.0005022776704666518], "DPB2": [7.0, 2, 0.0004952224815387052], "DQB1": [176.0, 48, 0.011928660606460353], "DOB": [4.0, 2, 0.000267148172175207], "DOA": [16.0, 6, 0.0011665115406534934], "DRB3": [102.0, 12, 0.0069908774493939], "DQA1": [450.0, 58, 0.032167353153518576], "H": [6.0, 4, 0.0003005416936971079]}