{"A": [55.0, 43, 0.25790762785507465], "B": [50.0, 37, 0.23639917804897898], "C": [56.0, 48, 0.2618813346800897], "DRB4": [17.0, 2, 0.10927485601050557], "E": [13.0, 8, 0.061747290842055276], "DPA1": [2.0, 2, 0.013151402548931707], "DPB1": [9.0, 5, 0.059638310014364045]}