{"A": [2257.0, 423, 0.08615829554973468], "B": [5489.0, 647, 0.21126776156912833], "C": [2922.0, 382, 0.11123994679858226], "DMA": [307.0, 2, 0.016371320445905852], "DPA1": [1767.0, 66, 0.09458944283092961], "DPB1": [1180.0, 113, 0.06365446441533149], "DQB1": [462.0, 67, 0.02390698651289936], "DRA": [2879.0, 5, 0.15774227846593716], "DRB1": [2107.0, 70, 0.11025540766674219], "DRB5": [3.0, 1, 0.00015698444375900644], "E": [1630.0, 120, 0.06302693705568006], "F": [240.0, 13, 0.00966336518355152], "HFE": [10.0, 1, 0.0004003328221934548], "L": [62.0, 1, 0.0023710953302797377], "T": [66.0, 1, 0.00602697138980656], "DRB3": [302.0, 15, 0.01580310067173998], "DMB": [90.0, 2, 0.004763050736778945], "DQA1": [404.0, 59, 0.0220489557023392], "DOA": [9.0, 5, 0.0005009742607608134], "DRB4": [1.0, 1, 5.2328147919668814e-05]}