{"A": [8243.0, 986, 0.20325570370260054], "B": [9654.0, 1038, 0.2400154488732022], "C": [4636.0, 743, 0.11400289764668087], "DMA": [434.0, 3, 0.014949510247851232], "DPA1": [1245.0, 51, 0.04304942659168559], "DPB1": [1079.0, 127, 0.037597607316753975], "DQA1": [639.0, 63, 0.02252679567499602], "DQB1": [797.0, 138, 0.02663993030290841], "DRA": [2661.0, 7, 0.09417664636864026], "DRB1": [2201.0, 99, 0.0743956098530039], "DRB3": [10.0, 6, 0.0003380082228668964], "DRB5": [719.0, 5, 0.024302791224129854], "E": [2777.0, 184, 0.06935956796642054], "K": [19.0, 6, 0.00047064475240725503], "L": [51.0, 2, 0.0012598516343371887], "T": [319.0, 1, 0.01881645383414521], "Y": [1.0, 1, 3.285735273257088e-05], "DRB4": [3.0, 2, 0.00010140246686006894], "DMB": [103.0, 3, 0.003521047021614591], "DPB2": [7.0, 2, 0.00024422836412560416], "W": [3.0, 2, 8.67771110629436e-05], "F": [349.0, 11, 0.009076835801557928], "DOB": [29.0, 6, 0.0009551816312621822], "DOA": [13.0, 6, 0.0004674209328968118], "H": [8.0, 7, 0.00019762378577838254], "G": [6.0, 3, 0.00015973131947869267]}