{"A": [214.0, 148, 0.19895047518478612], "B": [200.0, 124, 0.18747167662426742], "C": [165.0, 109, 0.15297842059142366], "E": [62.0, 34, 0.05838428349777348], "HFE": [2.0, 1, 0.0019499203041435265], "L": [3.0, 1, 0.0027941148153808474], "T": [2.0, 1, 0.004447857425791443], "DMB": [4.0, 2, 0.005155471107167355], "DMA": [12.0, 1, 0.015584477545330324], "DRA": [64.0, 4, 0.0853988625751957], "F": [9.0, 3, 0.008825215670482446], "DPA1": [56.0, 19, 0.0730062115405768], "DPB1": [25.0, 17, 0.03284373485261056], "DQB1": [23.0, 14, 0.028985204224740907], "DRB1": [87.0, 30, 0.11087159212492491], "DRB3": [16.0, 5, 0.020390177862055155], "DQA1": [9.0, 6, 0.011962304053349252]}