{"A": [257.0, 121, 0.13853471214484323], "B": [367.0, 153, 0.1994646815311191], "C": [226.0, 128, 0.12149235307597464], "DQB1": [69.0, 29, 0.05041872921899222], "DRA": [119.0, 4, 0.0920689837912032], "DRB5": [32.0, 3, 0.023645324890196648], "L": [1.0, 1, 0.0005400292323519478], "T": [7.0, 1, 0.009026370959921882], "DMB": [3.0, 2, 0.002241939540370208], "DMA": [28.0, 1, 0.021084500104855693], "DPA1": [141.0, 24, 0.10658232113759976], "DPB1": [90.0, 37, 0.06855660679433222], "E": [105.0, 33, 0.05733077865227137], "DRB1": [70.0, 19, 0.05172414819730517], "DOB": [4.0, 3, 0.0028801559058770554], "F": [18.0, 2, 0.01023409865114239], "DQA1": [40.0, 19, 0.030826668680090357], "DRB3": [17.0, 4, 0.01256157884791697], "DOA": [1.0, 1, 0.00078601864363577]}