{"A": [946.0, 352, 0.13141141085118216], "B": [551.0, 230, 0.07717346513583218], "C": [978.0, 307, 0.13548643561981596], "DPB1": [316.0, 86, 0.06203122325011763], "DRA": [616.0, 8, 0.12281843487486682], "DRB5": [1.0, 1, 0.0001904196513272231], "E": [364.0, 75, 0.05121726496270339], "F": [46.0, 8, 0.006739867889339926], "L": [14.0, 1, 0.0019483266149484305], "T": [18.0, 1, 0.00598141728286689], "DRB3": [159.0, 6, 0.030276724561028475], "DRB4": [77.0, 5, 0.014662313152196179], "DMB": [21.0, 2, 0.004044253731029318], "DMA": [35.0, 1, 0.006791876494858397], "DPA1": [681.0, 42, 0.13265683502634099], "DQB1": [175.0, 37, 0.03295317854912777], "DRB1": [686.0, 40, 0.13062788081047505], "DQA1": [264.0, 34, 0.05243086087013008], "K": [3.0, 2, 0.0004186444850313972], "H": [1.0, 1, 0.00013916618678203074]}