{"A": [1867.0, 409, 0.20387558133233866], "B": [3493.0, 317, 0.38458641601389415], "C": [1360.0, 277, 0.14810674042342314], "DMA": [49.0, 2, 0.007474751664330991], "DMB": [21.0, 4, 0.0031791963247641553], "DPB1": [135.0, 51, 0.020832240671923973], "DQB1": [126.0, 49, 0.018651285105283043], "DRB3": [110.0, 14, 0.016465821521517935], "E": [590.0, 110, 0.06525983388841128], "F": [49.0, 6, 0.005643760622636079], "L": [26.0, 1, 0.0028443696002582327], "T": [28.0, 1, 0.007314229453052174], "Y": [23.0, 2, 0.0033467545221858444], "DQA1": [30.0, 11, 0.004683637442732907], "DRA": [278.0, 7, 0.043571909741753664], "DPA1": [148.0, 37, 0.022663302098373483], "DRB1": [268.0, 38, 0.04011672879788006], "DOA": [5.0, 1, 0.0007961561655641595], "H": [4.0, 3, 0.00043759532311665115], "DRB5": [1.0, 1, 0.00014968928655925397]}