{"A": [1502.0, 422, 0.1550279472444664], "B": [2228.0, 333, 0.23186207100286052], "C": [3465.0, 369, 0.3566632181903871], "DRA": [124.0, 3, 0.018369724962123347], "DRB4": [137.0, 8, 0.01938342218049351], "DRB5": [72.0, 3, 0.010186908007266661], "E": [785.0, 92, 0.08206968726103382], "L": [8.0, 1, 0.0008272215443857052], "T": [18.0, 1, 0.004444288297287906], "DRB1": [313.0, 28, 0.04428475286492313], "DMA": [17.0, 1, 0.002451143736481307], "DPA1": [127.0, 27, 0.01838164450928082], "F": [54.0, 7, 0.005878755989784291], "DPB1": [148.0, 49, 0.021586543158255544], "DQA1": [101.0, 18, 0.014903990246959637], "DQB1": [86.0, 33, 0.012032499056731332], "DMB": [5.0, 1, 0.0007154630781618788], "H": [8.0, 5, 0.0008272215443857052], "J": [1.0, 1, 0.0001034971247313622]}