{"A": [553.0, 302, 0.19457835713933536], "B": [965.0, 440, 0.34235066408641], "C": [320.0, 213, 0.11228827248034727], "DPB1": [82.0, 40, 0.04077224025124965], "DRA": [137.0, 3, 0.06918801534361986], "L": [10.0, 1, 0.003525016765535536], "T": [23.0, 1, 0.019359177042618695], "DRB4": [27.0, 5, 0.013022758567506567], "DMB": [6.0, 2, 0.0029268321022931426], "DRB1": [109.0, 36, 0.052573358661415395], "DMA": [20.0, 1, 0.009830581106938798], "DPA1": [55.0, 27, 0.027137676963790824], "F": [20.0, 5, 0.007422513688812581], "E": [243.0, 62, 0.08660614991988454], "DQA1": [9.0, 5, 0.004527443408234705], "DQB1": [18.0, 11, 0.008585374166726552], "DRB3": [11.0, 4, 0.005305568305280453]}