{"A": [6741.0, 745, 0.20265017349844638], "B": [9334.0, 932, 0.2829208209918199], "C": [1407.0, 508, 0.04218244717655914], "DMA": [267.0, 2, 0.011212790508699288], "DPA1": [1419.0, 54, 0.05981989222872564], "DPB1": [903.0, 119, 0.03836115938991988], "DRA": [1481.0, 5, 0.06390261289221584], "DRB5": [3.0, 2, 0.0001236271141387541], "E": [2293.0, 193, 0.06982320269029849], "F": [313.0, 14, 0.009924727719202515], "L": [117.0, 2, 0.0035237111483399077], "T": [151.0, 1, 0.010858985535364157], "DRB4": [716.0, 10, 0.029505671241115975], "DMB": [50.0, 3, 0.002083866128475211], "K": [12.0, 6, 0.0003623982376034475], "DPB2": [5.0, 1, 0.00021268324404025347], "DRB1": [2599.0, 60, 0.1071022898822073], "H": [6.0, 3, 0.00018070313581230297], "DQB1": [262.0, 87, 0.010676803879583214], "DQA1": [1268.0, 49, 0.05449830892494796], "J": [1.0, 1, 3.0144693584518118e-05], "DQA2": [1.0, 1, 4.2979738899801225e-05]}