{"A": [24668.0, 1616, 0.21835371963563277], "B": [13857.0, 1389, 0.12367170039442725], "C": [12893.0, 1199, 0.11381399256325309], "DMA": [822.0, 3, 0.010164318525564441], "DMB": [236.0, 3, 0.002896115088258039], "DOA": [20.0, 6, 0.00025814517634550687], "DPB1": [5208.0, 198, 0.06514467947495316], "DQB1": [2433.0, 204, 0.02919349457892651], "DRA": [8243.0, 8, 0.10472560055737634], "DRB1": [7307.0, 100, 0.08866160443683732], "DRB3": [1317.0, 12, 0.015980201593446663], "DRB5": [12.0, 2, 0.00014560548148926343], "E": [10338.0, 305, 0.09269071675710643], "F": [1348.0, 12, 0.012585432871203107], "HFE": [7.0, 1, 6.498009668181313e-05], "K": [45.0, 10, 0.0004001486413754575], "L": [228.0, 3, 0.0020218702762637773], "T": [466.0, 1, 0.00986738846288515], "U": [1.0, 1, 4.9587581068409865e-05], "V": [9.0, 2, 0.00016919244294908125], "Y": [1.0, 1, 1.1795104234718851e-05], "DRB4": [785.0, 10, 0.009525025247422648], "DQA1": [2466.0, 66, 0.03120763422302207], "DPB2": [10.0, 2, 0.00012524698311093213], "DPA1": [5488.0, 104, 0.06812105032065509], "DOB": [9.0, 4, 0.00010641422506651461], "H": [5.0, 3, 4.433926044438108e-05]}