{"A": [177.0, 105, 0.2676343275523701], "B": [220.0, 106, 0.3354020335016862], "C": [78.0, 51, 0.11761918722525072], "E": [101.0, 33, 0.15469026443650186], "T": [3.0, 1, 0.010851242260348672], "DRB4": [9.0, 2, 0.018654382762172433], "DMA": [2.0, 1, 0.004224529429601391], "DRA": [5.0, 1, 0.010851242260348672], "DPB1": [8.0, 8, 0.01709384881166895], "F": [9.0, 3, 0.014353660511527495], "DPA1": [20.0, 12, 0.04240715366113274], "DRB1": [3.0, 1, 0.006218127587390812]}