{"A": [861.0, 300, 0.07758738732464408], "B": [2521.0, 468, 0.2290526297534309], "C": [913.0, 230, 0.08204909117662569], "DMA": [141.0, 2, 0.01774953103649929], "DPB1": [526.0, 111, 0.06698152663550591], "DQA1": [204.0, 30, 0.026282051607901542], "DRA": [1064.0, 7, 0.13761650029155428], "DRB1": [1024.0, 44, 0.12649045561984545], "E": [481.0, 117, 0.04390420429225315], "F": [106.0, 9, 0.010075009216703627], "K": [3.0, 3, 0.000271576013600834], "L": [19.0, 1, 0.0017152734411339779], "T": [40.0, 1, 0.008622587737566058], "Y": [5.0, 1, 0.0006003895284500638], "DRB3": [70.0, 10, 0.008646808489637873], "DMB": [28.0, 2, 0.003498027070808048], "DPB2": [4.0, 2, 0.0005100216200441779], "DQB1": [496.0, 60, 0.06058804983596417], "DPA1": [761.0, 62, 0.09616415306973455], "DPA2": [5.0, 2, 0.0006749262911907947], "DOA": [7.0, 5, 0.000919799946905702]}