{"A": [446.0, 223, 0.29040332175308764], "B": [503.0, 199, 0.33022440504576916], "C": [203.0, 120, 0.1318189293850937], "DRB1": [55.0, 25, 0.04909070108739906], "DRB5": [5.0, 2, 0.004462791007945369], "F": [19.0, 5, 0.013048840797295019], "L": [1.0, 1, 0.0006523167148474892], "T": [5.0, 1, 0.0077880078373948605], "DQA1": [14.0, 10, 0.013032744365390462], "DMA": [8.0, 1, 0.007276734040436114], "DRA": [19.0, 2, 0.01775665786926028], "E": [92.0, 35, 0.06067748984455907], "DPA1": [26.0, 13, 0.023739996304334675], "DPB1": [39.0, 28, 0.03588497510867577], "DQB1": [14.0, 14, 0.012356972435333177], "DRB3": [2.0, 2, 0.0017851164031781476]}