{"A": [861.0, 355, 0.12860630413873314], "B": [2038.0, 448, 0.30692887413096487], "C": [438.0, 178, 0.06524515060389204], "DMA": [130.0, 2, 0.027125781094772292], "DRA": [601.0, 7, 0.12884705106319863], "DRB1": [608.0, 55, 0.12448943893036146], "DRB3": [111.0, 12, 0.02272751269945744], "E": [235.0, 50, 0.03555494625330251], "F": [58.0, 5, 0.00913773818479627], "L": [4.0, 1, 0.0005985644003506744], "T": [25.0, 1, 0.008932823839656033], "DMB": [44.0, 3, 0.009111480316449153], "K": [2.0, 2, 0.0003001036517769163], "DQB1": [57.0, 28, 0.011541208400835596], "DPA1": [262.0, 29, 0.05487834121631444], "DPB1": [264.0, 76, 0.05572426571913305], "DQA1": [48.0, 16, 0.010250415356005299]}