{"A": [980.0, 283, 0.24504261877318648], "B": [1009.0, 294, 0.25437895332890625], "C": [791.0, 263, 0.1972454773690433], "DRB1": [32.0, 15, 0.010968199767146527], "L": [7.0, 1, 0.0017534984059760085], "T": [42.0, 1, 0.02512201637842752], "DRB4": [41.0, 3, 0.014053005951656487], "DMB": [10.0, 2, 0.003466512000270031], "DQA1": [24.0, 13, 0.008579617200668327], "DRA": [34.0, 2, 0.01220212224095051], "F": [79.0, 7, 0.02083503581487947], "E": [612.0, 88, 0.15500297348513703], "DPA1": [38.0, 17, 0.01332415647000343], "DQB1": [31.0, 20, 0.010507383040818495], "DRB3": [4.0, 2, 0.0013710249708933158], "DPB1": [74.0, 23, 0.026147404802036804]}