{"A": [615.0, 268, 0.12194368609433907], "B": [1062.0, 210, 0.21231622314220183], "C": [1530.0, 259, 0.3025454701451364], "DPB1": [131.0, 56, 0.0367059796809441], "DRA": [200.0, 5, 0.05691871718224532], "DRB1": [266.0, 35, 0.07229956154441385], "DRB5": [59.0, 2, 0.01603636891398653], "E": [375.0, 65, 0.07531622228623903], "L": [7.0, 2, 0.0013905097194841407], "T": [21.0, 1, 0.009960775506892929], "DRB4": [52.0, 5, 0.014133748873344062], "DMB": [7.0, 2, 0.0019242407229224977], "DMA": [37.0, 1, 0.010248627797986345], "F": [35.0, 5, 0.007319878254344948], "DPA1": [94.0, 23, 0.026136813234835635], "DQA1": [82.0, 26, 0.02324551516173339], "DQB1": [43.0, 24, 0.011557661738950368]}