{"A": [9444.0, 958, 0.15752386809150037], "B": [12359.0, 1197, 0.2078491160250665], "C": [5976.0, 827, 0.09940677836817491], "DMA": [540.0, 2, 0.012582413200515103], "DPB1": [2408.0, 202, 0.056758144991793054], "DQA1": [1229.0, 96, 0.029307811673462546], "DQB1": [1372.0, 161, 0.031021430581001104], "DRA": [4886.0, 8, 0.11697276525201018], "DRB1": [4395.0, 86, 0.1004891314763569], "DRB3": [446.0, 13, 0.010197531885882861], "DRB5": [10.0, 4, 0.0002286442126879565], "DRB6": [7.0, 1, 0.0003356042148014063], "E": [3903.0, 277, 0.06594198229326537], "HFE": [13.0, 1, 0.0002273994447678788], "K": [25.0, 5, 0.00041890213715245467], "L": [36.0, 2, 0.0006015679303895908], "T": [220.0, 1, 0.00877814447927488], "DPA1": [3686.0, 81, 0.08621568798751136], "DRB4": [22.0, 3, 0.0005030172679135043], "DMB": [110.0, 3, 0.0025436668661535165], "DPB2": [63.0, 2, 0.0014868650650608699], "F": [476.0, 11, 0.008374308437734228], "DOB": [36.0, 6, 0.0008020905738527876], "DOA": [53.0, 11, 0.0012890614556762044], "G": [8.0, 4, 0.00014406608799453544]}