{"A": [497.0, 234, 0.07952821893687746], "B": [443.0, 139, 0.07147317160254885], "C": [364.0, 131, 0.058087311003056835], "DPB1": [314.0, 62, 0.07100285910910797], "DRA": [567.0, 4, 0.130223340436491], "DRB1": [828.0, 38, 0.18162056754295697], "DRB3": [168.0, 9, 0.036850549936252135], "E": [373.0, 62, 0.06045702290954939], "L": [11.0, 1, 0.001763393918840793], "T": [11.0, 1, 0.004210631231044682], "DRB4": [198.0, 6, 0.043431005282011444], "DMB": [12.0, 2, 0.002662093298966266], "DMA": [110.0, 1, 0.024588800700375436], "DQB1": [130.0, 42, 0.028198469759420447], "DOB": [7.0, 5, 0.0014962130220467335], "F": [13.0, 4, 0.002194117243528392], "DPA1": [684.0, 41, 0.15348344813350334], "DQA1": [213.0, 23, 0.04872878593342157]}