{"B": [17.0, 16, 0.19449044836331877], "DRA": [10.0, 2, 0.16286051385440536], "L": [2.0, 1, 0.022735089981500017], "T": [1.0, 1, 0.02714341897573423], "DMA": [1.0, 1, 0.015850927875142508], "DRB1": [10.0, 8, 0.15554094019802758], "DPB1": [6.0, 4, 0.09620717613793058], "DPA1": [8.0, 5, 0.1272932751965467], "DQB1": [2.0, 2, 0.03076254150583212], "A": [7.0, 7, 0.07942787356014032], "C": [5.0, 5, 0.05657960631181658], "DRB5": [2.0, 1, 0.031108188039605515]}