{"A": [57.0, 37, 0.23802833301272072], "B": [88.0, 57, 0.37051938280768015], "C": [51.0, 37, 0.21239241187511088], "E": [23.0, 12, 0.0972869735531697], "DRB1": [4.0, 3, 0.022897265229688095], "DPA1": [3.0, 3, 0.017567729357260694], "DPB1": [7.0, 3, 0.04130790416436974]}