{"A": [596.0, 259, 0.24090127476257964], "B": [710.0, 237, 0.28935143962414234], "C": [434.0, 201, 0.17494341060469984], "DRB5": [21.0, 4, 0.011635417124306786], "E": [151.0, 43, 0.061821970506151375], "L": [2.0, 1, 0.0008098687101642105], "T": [2.0, 2, 0.0019338041532461325], "DRB3": [17.0, 4, 0.009419147195867396], "DMB": [13.0, 2, 0.007284728145466965], "DMA": [12.0, 1, 0.0067756954682440815], "DRA": [102.0, 2, 0.059174407089331645], "DPA1": [47.0, 17, 0.026639819283511373], "F": [36.0, 6, 0.015347828928068729], "DPB1": [47.0, 21, 0.026845532173731538], "DQA1": [8.0, 5, 0.004623000553854035], "DQB1": [19.0, 13, 0.010410312358308346], "DRB1": [93.0, 23, 0.05152827583621576], "DRB4": [1.0, 1, 0.0005540674821098469]}