{"A": [905.0, 272, 0.21328399970787115], "B": [1388.0, 294, 0.3298174455461584], "C": [470.0, 210, 0.11046446062519154], "DPB1": [93.0, 21, 0.030972336364071408], "DRB5": [98.0, 4, 0.03165961264519594], "E": [414.0, 81, 0.09882870310004527], "L": [3.0, 1, 0.0007083089638239784], "T": [18.0, 1, 0.010147799011125232], "DPA1": [70.0, 21, 0.02313387130888702], "DMA": [19.0, 1, 0.006255227253040935], "DRA": [102.0, 4, 0.03450251663782579], "DRB1": [187.0, 18, 0.0604117098433841], "F": [35.0, 4, 0.008700202322218317], "Y": [3.0, 1, 0.0009421196897464566], "DQB1": [94.0, 28, 0.030029968184774294], "DOA": [5.0, 3, 0.0017182528206088538], "DQA1": [25.0, 13, 0.008423465976031688]}