{"A": [11340.0, 1391, 0.23192889684689133], "B": [9317.0, 983, 0.1921287528200791], "C": [7402.0, 1033, 0.15097530291668765], "DMA": [502.0, 2, 0.014342515205067867], "DPA1": [1454.0, 55, 0.04170103098975893], "DPB1": [1416.0, 140, 0.04092478272976463], "DQB1": [615.0, 124, 0.017050387155028667], "DRA": [2775.0, 8, 0.08146024279231773], "DRB1": [3202.0, 74, 0.08977035846051266], "DRB5": [45.0, 6, 0.0012616071613751], "E": [3490.0, 272, 0.07230033217614756], "F": [439.0, 13, 0.009470173564281755], "HFE": [1.0, 1, 2.1448526716787755e-05], "K": [13.0, 5, 0.00026709597176779337], "L": [61.0, 3, 0.0012498659268440544], "T": [192.0, 1, 0.009393613583258261], "U": [1.0, 1, 0.0001145745279207999], "DRB4": [416.0, 10, 0.01166285731404537], "DMB": [65.0, 3, 0.0018430296536754932], "DQA1": [1045.0, 86, 0.03055619115721124], "DOB": [32.0, 6, 0.0008742231619455681], "DRB3": [5.0, 2, 0.00014017857348612222], "DOA": [14.0, 7, 0.00041751992644711145], "G": [1.0, 1, 2.208122661993784e-05], "H": [6.0, 4, 0.0001229376321485955]}