{"B": [32.0, 30, 0.16972087299261254], "C": [27.0, 21, 0.14164120199255753], "L": [1.0, 1, 0.005269902791085626], "T": [2.0, 1, 0.025166943176600638], "DMB": [2.0, 1, 0.014585387522802641], "DMA": [1.0, 1, 0.007348363179427286], "DRA": [9.0, 1, 0.06795074657682172], "E": [13.0, 8, 0.06926713557877122], "DQB1": [3.0, 3, 0.02139190170011054], "F": [5.0, 2, 0.027741659265273038], "DPA1": [6.0, 5, 0.04425910696574594], "DQA1": [3.0, 3, 0.022561771324335334], "DRB4": [2.0, 1, 0.014421506764119466], "DRB1": [9.0, 7, 0.0648967804385376], "DOB": [1.0, 1, 0.007026537054780835], "A": [55.0, 45, 0.28931670332116716], "DPB1": [1.0, 1, 0.007433479355250767]}