{"A": [308.0, 158, 0.107860142661246], "B": [846.0, 264, 0.2987136697529387], "C": [344.0, 153, 0.12013892389700197], "DPB1": [74.0, 38, 0.036620419493521364], "DRA": [235.0, 6, 0.11811880405263264], "DRB1": [224.0, 22, 0.10752962128434738], "F": [38.0, 5, 0.0140360685666811], "L": [8.0, 1, 0.0028066744867297397], "T": [14.0, 1, 0.011728108203807496], "DRB3": [24.0, 5, 0.011521030851894362], "DMB": [5.0, 2, 0.0024274899285478178], "DQB1": [108.0, 33, 0.05126858729092991], "DMA": [32.0, 1, 0.01565453047051295], "DPA1": [107.0, 29, 0.05254539118897989], "E": [86.0, 21, 0.03050575535299796], "DQA1": [37.0, 20, 0.018524782517230536]}