{"A": [522.0, 235, 0.1836483857341832], "B": [922.0, 147, 0.3270559041975217], "C": [152.0, 75, 0.053330446695084306], "DPA1": [103.0, 23, 0.05081529077235536], "DPB1": [86.0, 41, 0.04275593270143901], "DRA": [196.0, 4, 0.0989722830668422], "E": [342.0, 68, 0.12187532202527453], "L": [2.0, 1, 0.0007049176648493063], "T": [8.0, 1, 0.0067328083718940284], "DMA": [24.0, 1, 0.011795263521753278], "DRB1": [102.0, 16, 0.049191108357574065], "F": [25.0, 5, 0.009277014417325164], "DQB1": [54.0, 20, 0.025752992022494658], "DMB": [1.0, 1, 0.00048774606103209583], "DQA1": [35.0, 19, 0.017604584390377206]}