{"A": [563.0, 302, 0.15672140250835168], "B": [789.0, 407, 0.2214478041579043], "C": [331.0, 211, 0.09188887396865164], "DPB1": [179.0, 72, 0.07041323003444147], "DRA": [286.0, 6, 0.11426858585981416], "DRB1": [307.0, 72, 0.11714617537565217], "DRB5": [66.0, 6, 0.025184519787599488], "E": [149.0, 42, 0.04201256921796673], "L": [6.0, 1, 0.001673258157752753], "T": [7.0, 1, 0.004661305949992419], "Y": [6.0, 2, 0.0022255958020594873], "DRB4": [16.0, 3, 0.006105338130327149], "DMB": [20.0, 2, 0.007718396215896537], "DQA1": [84.0, 36, 0.03343030361010188], "DMA": [29.0, 1, 0.011277107142920588], "DQB1": [72.0, 40, 0.027168754679955814], "F": [25.0, 3, 0.007340261530967889], "DPA1": [150.0, 34, 0.058553350603353045], "DRB3": [2.0, 2, 0.0007631672662908937]}