{"A": [391.0, 209, 0.25747698774232736], "B": [740.0, 245, 0.49132384547731633], "C": [66.0, 55, 0.0433431647762926], "E": [224.0, 49, 0.1494110571087497], "L": [6.0, 1, 0.003958263472022077], "T": [14.0, 1, 0.022053592852108478], "DMA": [8.0, 1, 0.007359214190561826], "DRA": [3.0, 1, 0.0028354619381282327], "F": [7.0, 3, 0.004861959231084434], "DOA": [1.0, 1, 0.0009602161941868517], "DPA1": [11.0, 8, 0.010157689318581983], "DQB1": [6.0, 5, 0.0053558725497977735], "DRB1": [1.0, 1, 0.0009026751488423213]}