{"A": [54.0, 40, 0.022115272802219015], "B": [126.0, 84, 0.05202876852092298], "C": [99.0, 67, 0.04043419087272196], "DMA": [37.0, 2, 0.021168011329350433], "DOB": [12.0, 4, 0.0065646308561331385], "DPB1": [226.0, 74, 0.13079414450939142], "DRA": [355.0, 5, 0.2086737396653825], "DRB1": [369.0, 16, 0.20715467145449348], "L": [2.0, 1, 0.0008205788570166423], "T": [6.0, 1, 0.005878133511700915], "DRB3": [49.0, 5, 0.027508343905881246], "DMB": [1.0, 1, 0.0005677742596529293], "DPB2": [5.0, 2, 0.0028974047270948454], "DQB1": [146.0, 39, 0.08105292986689817], "DPA1": [224.0, 42, 0.12864328972733957], "H": [1.0, 1, 0.00041028942850832115], "F": [5.0, 2, 0.0021598329185644576], "E": [33.0, 12, 0.013689435470746273], "DQA1": [80.0, 30, 0.04684137642136667], "DOA": [1.0, 1, 0.0005971808946150332]}