{"A": [317.0, 181, 0.07906951028547726], "B": [684.0, 245, 0.17202055672504382], "C": [711.0, 196, 0.17686194984956552], "DMA": [50.0, 2, 0.017422063214586097], "DRA": [364.0, 7, 0.1303142999724429], "DRB1": [313.0, 44, 0.10701975400564401], "DRB3": [95.0, 8, 0.03248203396337438], "E": [133.0, 40, 0.03360272406506276], "F": [22.0, 6, 0.0057879407705403035], "HFE": [3.0, 1, 0.0007847416439349383], "T": [6.0, 1, 0.0035800631860561237], "DRB4": [56.0, 6, 0.01914730423104174], "DMB": [6.0, 2, 0.0020748093464643446], "DPA1": [212.0, 36, 0.07415257311808202], "DPB1": [172.0, 49, 0.060626089320626096], "L": [4.0, 2, 0.0009995431888076404], "K": [2.0, 2, 0.0005011433371149011], "DQA1": [109.0, 29, 0.038870256350167956], "DOA": [2.0, 2, 0.0007274231971667821], "DQB1": [130.0, 49, 0.04395522022880018]}