{"A": [373.0, 198, 0.1845086931636095], "B": [850.0, 296, 0.4239370633697362], "C": [166.0, 94, 0.08189004508585851], "DPB1": [56.0, 33, 0.03914509481798772], "DRB5": [31.0, 4, 0.021020329473891344], "E": [200.0, 62, 0.1002099982656051], "F": [41.0, 7, 0.021391609812279316], "L": [2.0, 1, 0.0009911280850357293], "T": [9.0, 1, 0.010649768443129013], "DRA": [49.0, 5, 0.034789243580888106], "DPA1": [68.0, 19, 0.04716908934964421], "DQA1": [13.0, 9, 0.009193745413794967], "DRB1": [35.0, 15, 0.02373263005116765], "DMB": [2.0, 1, 0.001371561087372676]}