{"A": [2541.0, 500, 0.20684352600491554], "B": [4404.0, 568, 0.3614589961007382], "C": [1624.0, 414, 0.13183730402961538], "DMA": [154.0, 2, 0.017512082007355795], "DPB1": [176.0, 36, 0.020245628178388167], "DQA1": [93.0, 14, 0.01082334086321102], "DQB1": [72.0, 24, 0.00794487530030687], "DRA": [512.0, 8, 0.05982023755525173], "DRB1": [576.0, 41, 0.06427314849686457], "E": [775.0, 117, 0.0639016434728326], "L": [6.0, 2, 0.0004893057324550309], "T": [39.0, 1, 0.007594366095881568], "DRB3": [102.0, 8, 0.011381703379653102], "DMB": [19.0, 3, 0.002144213504344184], "DOB": [6.0, 3, 0.0006524076432733744], "F": [65.0, 5, 0.005580874220316425], "DPA1": [238.0, 31, 0.02716782071081947], "Y": [2.0, 1, 0.00021694137652536962], "DRB5": [1.0, 1, 0.000111585327251501]}