{"A": [2441.0, 432, 0.18314187799374648], "B": [4194.0, 504, 0.3172654427270502], "C": [845.0, 280, 0.0632254041227196], "DMA": [99.0, 2, 0.0103761172952291], "DPB1": [452.0, 78, 0.04792251919075743], "DRA": [1080.0, 5, 0.11630129331978716], "DRB1": [856.0, 38, 0.08803664275850721], "E": [702.0, 101, 0.053349463194893136], "L": [31.0, 1, 0.0023300935819467695], "T": [36.0, 1, 0.0064611829622103975], "DMB": [29.0, 3, 0.0030164424245925437], "DPB2": [2.0, 2, 0.00021231980094892414], "DQB1": [187.0, 37, 0.019018611700802643], "F": [109.0, 9, 0.008625772355169932], "DOB": [3.0, 3, 0.00030065723638022834], "DPA1": [535.0, 49, 0.0562877960165743], "DQA1": [211.0, 37, 0.02263306961469599], "DRB5": [2.0, 2, 0.00020569309055725984], "DOA": [8.0, 4, 0.0008752200028492171], "K": [3.0, 2, 0.0002261118465732367], "DQA2": [1.0, 1, 0.00010726573277107105], "G": [1.0, 1, 8.1003031237151e-05]}