{"A": [111.0, 88, 0.22588669350114451], "B": [229.0, 118, 0.46986988631039944], "C": [36.0, 31, 0.07306092921842747], "DRB5": [2.0, 2, 0.0055791429511366794], "E": [60.0, 26, 0.12367786449798378], "T": [1.0, 1, 0.004868075712266319], "F": [6.0, 2, 0.012878655630721846], "L": [1.0, 1, 0.0020387287882575184], "DPA1": [14.0, 8, 0.03995179377653048], "DRB1": [11.0, 7, 0.03068528623125174], "DPB1": [4.0, 4, 0.011502943381880258]}