{"A": [4325.0, 1071, 0.14749135136403654], "B": [10219.0, 1335, 0.3513688866189632], "C": [1931.0, 861, 0.06567162124466609], "DMA": [283.0, 2, 0.013481762512980786], "DMB": [118.0, 5, 0.005578784798309695], "DPA1": [925.0, 59, 0.04423466613894498], "DPB1": [721.0, 170, 0.03474537705809373], "DQB1": [495.0, 130, 0.022882473240524517], "DRA": [2111.0, 9, 0.10332599146683903], "DRB1": [1867.0, 100, 0.08727595003076459], "DRB3": [470.0, 14, 0.021970914040953058], "DRB5": [506.0, 6, 0.023653792563238824], "E": [1367.0, 182, 0.04721956864779824], "K": [1.0, 1, 3.425804860096825e-05], "L": [47.0, 3, 0.0016057209987959307], "T": [166.0, 1, 0.013541855821486877], "G": [1.0, 1, 3.6818138761905895e-05], "W": [3.0, 1, 0.00012001297154121249], "F": [198.0, 13, 0.007121922507137313], "DRB4": [6.0, 1, 0.00028047975371429436], "DOB": [24.0, 5, 0.0010932568502440379], "DQA1": [149.0, 49, 0.007264535183604018]}