{"A": [5484.0, 842, 0.10364597281611314], "B": [6991.0, 968, 0.1332197911683101], "C": [8259.0, 923, 0.15566732886192078], "DMA": [712.0, 3, 0.018798135414123916], "DPA1": [2567.0, 71, 0.06803328363958143], "DPB1": [2358.0, 193, 0.06297673021942703], "DQB1": [1464.0, 103, 0.03750709115961653], "DRA": [5032.0, 8, 0.136501217007129], "DRB1": [5269.0, 80, 0.1365063984988162], "DRB5": [2126.0, 4, 0.05507925663474724], "E": [2054.0, 163, 0.039321355739406524], "F": [388.0, 12, 0.0077346082539673155], "G": [1.0, 1, 2.0404989387576092e-05], "HFE": [1.0, 1, 1.982031920455099e-05], "K": [12.0, 7, 0.0002278339345708862], "L": [17.0, 2, 0.000321881260512594], "T": [112.0, 1, 0.005063638150767902], "DMB": [193.0, 3, 0.005056959244927806], "DPB2": [3.0, 1, 8.022631781120445e-05], "DOB": [13.0, 4, 0.00032819265777754683], "DOA": [8.0, 6, 0.00022047143911994564], "DQA1": [1243.0, 75, 0.033586692238940036], "DRB3": [1.0, 1, 2.5907458435911216e-05], "H": [3.0, 1, 5.680257538457542e-05]}