{"A": [904.0, 308, 0.12836946704559266], "B": [1740.0, 417, 0.24912483054595197], "C": [780.0, 267, 0.11045946399946889], "DMA": [79.0, 2, 0.01567112565931005], "DRA": [593.0, 7, 0.12086175771577885], "DRB3": [112.0, 8, 0.021801237915270187], "E": [453.0, 92, 0.06515752323792116], "F": [20.0, 6, 0.0029955385566988167], "L": [10.0, 1, 0.001422607498870195], "T": [17.0, 1, 0.005774732662080496], "DRB4": [61.0, 7, 0.011873888507423942], "DMB": [11.0, 3, 0.002165524748280186], "DPA1": [262.0, 40, 0.052171722671209994], "DPB1": [252.0, 72, 0.050567929257137316], "DQB1": [149.0, 45, 0.028681172221666464], "DRB1": [543.0, 44, 0.10569707310706884], "DQA1": [134.0, 27, 0.027204404650269833]}