{"A": [246.0, 118, 0.09435200444321667], "B": [529.0, 231, 0.2045719835636739], "C": [229.0, 106, 0.087592420420502], "DMA": [36.0, 2, 0.01928849392639209], "DPB1": [87.0, 47, 0.047153789206154144], "DRA": [250.0, 5, 0.137624874964998], "DRB1": [342.0, 22, 0.17980921866213448], "F": [36.0, 4, 0.014563646710993451], "K": [3.0, 3, 0.0011558978519475589], "L": [8.0, 1, 0.0030739570612619994], "T": [6.0, 1, 0.005504994998599921], "Y": [3.0, 2, 0.0015332480002168468], "DRB4": [41.0, 3, 0.02155607592148396], "E": [128.0, 45, 0.04972777769952991], "DPA1": [94.0, 22, 0.05055736786070501], "DQA1": [88.0, 23, 0.048254721784602425], "DQB1": [60.0, 30, 0.031194971658732883], "G": [6.0, 5, 0.0024845552648548315]}