{"A": [121.0, 68, 0.13730811160075126], "B": [56.0, 37, 0.06407274219358872], "C": [101.0, 68, 0.11430026017144528], "DRA": [113.0, 4, 0.18404760588507116], "DRB1": [87.0, 20, 0.13533181321667506], "T": [6.0, 1, 0.016287398750891253], "DRB4": [44.0, 6, 0.06844367564981269], "DMA": [22.0, 1, 0.03487492633301524], "F": [7.0, 2, 0.008378388118253857], "DPA1": [34.0, 12, 0.05410411768974221], "DQA1": [21.0, 9, 0.034069929808993225], "DQB1": [26.0, 15, 0.039994612488299636], "E": [50.0, 23, 0.05747167917173343], "DPB1": [32.0, 17, 0.051314738921726874]}