{"A": [5683.0, 946, 0.13242475735252424], "B": [9431.0, 1020, 0.22157651886834018], "C": [2043.0, 608, 0.04747608705981546], "DMA": [565.0, 2, 0.018391610960322595], "DMB": [121.0, 4, 0.003908895485814876], "DPA1": [2113.0, 83, 0.06904489999186485], "DPB1": [1769.0, 186, 0.058250637678398165], "DQB1": [779.0, 127, 0.024606299664240713], "DRA": [3840.0, 10, 0.12842916505265561], "DRB1": [4235.0, 96, 0.13527413591359347], "DRB3": [509.0, 12, 0.016258449865411823], "DRB5": [6.0, 3, 0.0001916516683545598], "E": [2719.0, 218, 0.06417617003245611], "HFE": [4.0, 1, 9.774784231264082e-05], "K": [8.0, 4, 0.00018726805288441891], "L": [100.0, 1, 0.002334443223114392], "T": [214.0, 1, 0.011928750573467144], "V": [3.0, 2, 0.00014846517055319382], "DRB4": [533.0, 10, 0.01702505653883006], "DPB2": [3.0, 1, 9.891300667010465e-05], "F": [332.0, 11, 0.008159832127580018], "DOA": [21.0, 9, 0.0007135397772005423], "DQA1": [1177.0, 57, 0.03921110784208047], "DOB": [2.0, 1, 6.225181928305044e-05], "H": [1.0, 1, 2.3344432231143918e-05]}