{"A": [4541.0, 702, 0.22126386823208155], "B": [3298.0, 877, 0.16202577610856347], "C": [3740.0, 704, 0.1817379488192067], "DMA": [188.0, 3, 0.012796660322417016], "DPB1": [609.0, 107, 0.041933162074349266], "DQB1": [368.0, 61, 0.024306595777111095], "DRA": [1169.0, 6, 0.0817550173180901], "DRB1": [925.0, 33, 0.06178322235113881], "DRB5": [679.0, 6, 0.04535222483937649], "E": [1741.0, 238, 0.08592723315127104], "L": [11.0, 2, 0.0005369618979442534], "T": [137.0, 1, 0.015968687443082896], "Y": [11.0, 3, 0.0007142114564889584], "DPA1": [468.0, 41, 0.03197756790766865], "DMB": [43.0, 2, 0.002904722259678234], "K": [3.0, 2, 0.00014684610500213802], "F": [243.0, 8, 0.012488689927141482], "DQA1": [225.0, 45, 0.015674100856185237], "H": [9.0, 6, 0.0004393324619543892], "DRB3": [4.0, 2, 0.00026717069124816787]}