{"A": [180.0, 109, 0.15136288009847199], "B": [407.0, 152, 0.34507678826490035], "C": [106.0, 57, 0.08889304111868485], "DPB1": [22.0, 13, 0.026142726524086158], "DRA": [70.0, 3, 0.08448620889156541], "DRB5": [7.0, 2, 0.008068907590767485], "L": [1.0, 1, 0.0008424393874093788], "T": [5.0, 1, 0.010057882010900646], "DPB2": [5.0, 2, 0.005949185364695098], "DMA": [2.0, 1, 0.0023493983933859527], "DRB1": [43.0, 22, 0.04956614662900026], "DOA": [2.0, 2, 0.0024523600759646194], "E": [146.0, 35, 0.12435773156429814], "DPA1": [46.0, 18, 0.05424319815534003], "DQB1": [27.0, 15, 0.030777118953355977], "DMB": [7.0, 1, 0.008160599722480752], "DQA1": [6.0, 5, 0.007213387254692807]}