{"A": [402.0, 188, 0.07189742700206116], "B": [1336.0, 330, 0.2409174257209809], "C": [521.0, 168, 0.09292659837945852], "DMA": [67.0, 2, 0.016739477279105842], "DPA1": [308.0, 50, 0.07724646071451508], "DPB1": [270.0, 73, 0.068238957109661], "DRA": [569.0, 5, 0.14606308421507408], "DRB1": [489.0, 34, 0.11988531220551638], "E": [263.0, 65, 0.04764486512339871], "F": [40.0, 5, 0.007545688927912135], "L": [18.0, 1, 0.0032251623889420072], "T": [13.0, 1, 0.005561863195067261], "DMB": [19.0, 2, 0.004711053702814839], "DQB1": [247.0, 48, 0.059882727066890844], "K": [6.0, 2, 0.0010780048729126075], "DQA1": [103.0, 24, 0.026336959762940197], "H": [3.0, 2, 0.0005375270648236678], "DRB3": [39.0, 4, 0.009561405267924619]}