{"A": [122.0, 97, 0.09535941653200489], "B": [208.0, 142, 0.16392362511286793], "C": [109.0, 78, 0.08496601963478366], "DRA": [133.0, 4, 0.14920943998537237], "L": [3.0, 1, 0.002349182706536617], "T": [7.0, 1, 0.013088547367137927], "DRB4": [36.0, 8, 0.038572348260136814], "DMB": [4.0, 2, 0.00433451893327295], "DMA": [34.0, 1, 0.037124658344520986], "DRB1": [186.0, 30, 0.19929046601070688], "E": [42.0, 20, 0.03325263786817145], "DPA1": [67.0, 24, 0.07343771158211872], "DPB1": [67.0, 35, 0.07400479815804241], "F": [1.0, 1, 0.0008244329959539328], "DQA1": [15.0, 8, 0.016762397437266485], "K": [1.0, 1, 0.000785210200172044], "DQB1": [12.0, 11, 0.012714588870933987]}