{"A": [1063.0, 294, 0.23703853878286144], "B": [1450.0, 277, 0.32600792634822845], "C": [954.0, 243, 0.21215295858356517], "DRA": [45.0, 2, 0.014402540843538368], "DRB1": [111.0, 28, 0.03392958123814844], "E": [380.0, 62, 0.0858306400823412], "L": [6.0, 1, 0.0013403824507672568], "T": [27.0, 1, 0.014402540843538368], "DRB4": [3.0, 2, 0.000917015709139147], "DPB1": [91.0, 24, 0.028675329066864676], "K": [6.0, 1, 0.0013440614510895825], "DMA": [14.0, 1, 0.004361074708348768], "F": [24.0, 5, 0.005644799869513596], "DQA1": [11.0, 4, 0.0035068686689344723], "DQB1": [13.0, 9, 0.00392958213138516], "DRB3": [9.0, 2, 0.002751047127417441], "DPA1": [76.0, 20, 0.023765112094318735]}