{"A": [137.0, 91, 0.29272077273766617], "B": [146.0, 84, 0.31452870869296684], "C": [28.0, 21, 0.05966312931871365], "E": [112.0, 42, 0.24239522280407277], "L": [1.0, 1, 0.0021405469688446205], "T": [2.0, 1, 0.010222394239013962], "DPB1": [14.0, 9, 0.042270981582949625], "F": [16.0, 3, 0.03605824365577259]}