{"A": [6554.0, 1205, 0.21692682668050284], "B": [7729.0, 1057, 0.2579316247430249], "C": [2252.0, 573, 0.07433446729643409], "DMA": [273.0, 3, 0.012622613000313592], "DPB1": [957.0, 153, 0.044761031411608865], "DQB1": [800.0, 158, 0.03589336161804001], "DRA": [1621.0, 8, 0.07700709597729201], "DRB1": [1659.0, 92, 0.07527019414592069], "DRB5": [539.0, 5, 0.024454873203526975], "DRB7": [1.0, 1, 9.691207636870801e-05], "E": [1778.0, 170, 0.059608973172358005], "F": [296.0, 13, 0.010333564339026503], "HFE": [1.0, 1, 3.4710629071886824e-05], "L": [36.0, 2, 0.001193716269140108], "T": [179.0, 1, 0.01417259940359374], "DPA1": [1222.0, 74, 0.05671769986712701], "DRB3": [108.0, 11, 0.004900048805159394], "DRB4": [5.0, 4, 0.00022685411134997193], "DMB": [62.0, 3, 0.0028449567873389666], "DQA1": [618.0, 58, 0.029243976169854274], "K": [5.0, 2, 0.00016624898736626492], "DPB2": [7.0, 2, 0.0003278275779224981], "V": [1.0, 1, 7.029405926163541e-05], "DOB": [8.0, 2, 0.0003536937093748468], "DOA": [9.0, 5, 0.0004343668761545678], "G": [2.0, 2, 7.146908286777878e-05]}