{"A": [2170.0, 525, 0.1720049116757847], "B": [3006.0, 533, 0.24023957523206713], "C": [638.0, 261, 0.05043323361115676], "DMA": [73.0, 2, 0.00808320827057659], "DOB": [5.0, 2, 0.0005293972020025665], "DPB1": [382.0, 76, 0.04278837555150936], "DQB1": [138.0, 47, 0.014827827408978549], "DRA": [1106.0, 8, 0.12582795739895353], "DRB3": [145.0, 8, 0.015755019352480873], "E": [972.0, 149, 0.07804057085697759], "L": [17.0, 2, 0.0013499628651065445], "T": [48.0, 1, 0.009101479739526476], "DPA1": [545.0, 47, 0.06057845530654655], "DRB4": [115.0, 8, 0.012495360176105518], "DMB": [27.0, 3, 0.0029670306821325656], "K": [16.0, 5, 0.0012740406222758929], "DRB1": [1062.0, 60, 0.11539193484368748], "F": [56.0, 5, 0.004681885110966789], "DQA1": [385.0, 43, 0.04362977409316464]}