{"A": [591.0, 224, 0.349120208260529], "B": [224.0, 104, 0.13341663592095948], "C": [516.0, 220, 0.30398505304937573], "E": [198.0, 41, 0.11847473754015027], "L": [2.0, 1, 0.0011836118068782985], "T": [6.0, 1, 0.008478683270187028], "DRB4": [8.0, 3, 0.006478095082839527], "DMA": [4.0, 1, 0.003300861425798003], "DRA": [25.0, 3, 0.02119670817546757], "V": [5.0, 1, 0.006272913638001041], "F": [52.0, 9, 0.03239980984515273], "DPB1": [10.0, 8, 0.008347738354817343], "DQB1": [4.0, 2, 0.0032030581242928767], "DPA1": [5.0, 3, 0.0041418855055511345]}