{"A": [2932.0, 631, 0.0857019015782242], "B": [5469.0, 580, 0.16117915553431386], "C": [1852.0, 411, 0.05398616724833823], "DMA": [361.0, 2, 0.014740543213506726], "DMB": [123.0, 3, 0.004984352656745444], "DPA1": [2881.0, 66, 0.11808924029150161], "DPB1": [1804.0, 136, 0.07451510998810176], "DQA1": [1038.0, 64, 0.043377544691097156], "DQB1": [1464.0, 153, 0.05800759904912637], "DRA": [4524.0, 8, 0.18979728406334215], "DRB1": [2930.0, 78, 0.1173988754010455], "DRB5": [874.0, 5, 0.03501932324249617], "E": [1023.0, 114, 0.030288319924231737], "F": [168.0, 10, 0.005179494600219627], "L": [53.0, 1, 0.0015520086873148978], "T": [67.0, 1, 0.004684798862453552], "DPB2": [7.0, 1, 0.0002895110544903689], "DOB": [12.0, 3, 0.00046853092447242194], "DOA": [15.0, 8, 0.0006393300463418506], "H": [1.0, 1, 2.928318277952637e-05], "DRB3": [1.0, 1, 4.006787556349676e-05], "G": [1.0, 1, 3.1557884293373555e-05]}