{"A": [120.0, 93, 0.1275086310850793], "B": [364.0, 204, 0.38997267832136373], "C": [157.0, 110, 0.1663692315942513], "DRA": [44.0, 4, 0.06710454232006918], "DRB1": [66.0, 26, 0.0961329117506609], "F": [20.0, 4, 0.022415061948673886], "L": [3.0, 1, 0.00319353277672028], "T": [2.0, 1, 0.0050836774484900905], "DMA": [4.0, 1, 0.005937424806251784], "E": [53.0, 25, 0.0570436445061893], "DRB3": [12.0, 7, 0.017478711227392894], "DPB1": [12.0, 10, 0.018018594199667576], "DPA1": [14.0, 9, 0.02086060746104554], "DQB1": [2.0, 2, 0.002880750554144384]}