{"A": [9875.0, 1408, 0.17696200547102753], "B": [15008.0, 1556, 0.2711691054958218], "C": [7516.0, 1173, 0.13432124844535134], "DMA": [380.0, 2, 0.009512755134181277], "DMB": [188.0, 4, 0.004670656567875129], "DPB1": [1514.0, 180, 0.03833982476697235], "DQA1": [523.0, 57, 0.013399411852552669], "DQB1": [997.0, 147, 0.02421895535692035], "DRA": [3207.0, 9, 0.08248648397743727], "DRB1": [2411.0, 108, 0.059225667146362085], "DRB5": [765.0, 6, 0.018792051168381167], "DRB7": [1.0, 1, 5.2470354634852514e-05], "E": [4997.0, 303, 0.09070376918024377], "F": [708.0, 14, 0.013382208602837026], "L": [96.0, 3, 0.0017234788018747177], "T": [255.0, 1, 0.010931323882260941], "DRB3": [283.0, 14, 0.006951830693662575], "DRB4": [13.0, 4, 0.00031934204599863423], "K": [6.0, 1, 0.00010801308136177325], "DPA1": [1675.0, 76, 0.0420918793167519], "H": [16.0, 10, 0.0002872464669791196], "DOB": [4.0, 1, 9.57488223263732e-05], "DOA": [9.0, 3, 0.00023517589228768556], "G": [1.0, 1, 1.9347475897806978e-05]}