{"A": [246.0, 145, 0.12370102044847402], "B": [115.0, 85, 0.058305627793189894], "C": [191.0, 96, 0.09578258717652494], "DMA": [28.0, 2, 0.019668715595419252], "DRA": [252.0, 5, 0.18187777009411216], "DRB1": [284.0, 41, 0.19576107410700316], "L": [1.0, 1, 0.0005037672855187543], "DRB3": [7.0, 3, 0.0048250968970036], "DRB4": [44.0, 6, 0.030329180495451198], "DMB": [4.0, 2, 0.0027885300248916907], "DPA1": [133.0, 27, 0.09378435463026537], "F": [8.0, 5, 0.004243065859201189], "E": [63.0, 21, 0.032088674843633716], "DPB1": [126.0, 55, 0.0895344235019278], "DQA1": [55.0, 25, 0.03954048433733139], "DQB1": [40.0, 25, 0.027265626910052083]}