{"A": [306.0, 150, 0.12887562303079578], "B": [636.0, 188, 0.27007284994883346], "C": [344.0, 173, 0.14448501756041135], "DMA": [19.0, 2, 0.011178479800381105], "DMB": [19.0, 3, 0.011093794347347915], "DRA": [202.0, 5, 0.12210729926839414], "DRB1": [150.0, 32, 0.08659851294204168], "F": [6.0, 4, 0.0026653375164870465], "L": [1.0, 1, 0.00042193071086724684], "T": [2.0, 1, 0.002014971935122016], "G": [1.0, 1, 0.0004547060561558531], "DPA1": [83.0, 26, 0.049019403456157996], "DPB1": [135.0, 47, 0.08034603343618771], "DOB": [3.0, 3, 0.0016877228434689874], "E": [55.0, 17, 0.023463084179960923], "DRB3": [36.0, 8, 0.020783643106090002], "DQA1": [43.0, 23, 0.025891602267905742], "DQB1": [33.0, 20, 0.018839987593390846]}