{"A": [437.0, 172, 0.09189298759733562], "B": [1037.0, 333, 0.21986401333073588], "C": [565.0, 168, 0.11848528114811188], "DRA": [451.0, 5, 0.1361188844684507], "DRB1": [616.0, 34, 0.17756258976975206], "E": [240.0, 74, 0.05111933953331986], "K": [5.0, 3, 0.0010562169116750293], "L": [16.0, 1, 0.0033706425823673194], "T": [16.0, 1, 0.008048418889487107], "DRB4": [58.0, 7, 0.016718555530268863], "DMB": [7.0, 1, 0.002040685755360012], "DQB1": [76.0, 34, 0.0216636608442028], "DMA": [80.0, 1, 0.02350015439105968], "F": [51.0, 8, 0.011311565669068425], "DPA1": [179.0, 28, 0.05278305750152859], "DQA1": [80.0, 28, 0.024050939259600144], "DPB1": [136.0, 52, 0.04041300681767561]}