{"A": [234.0, 147, 0.1157280639280503], "B": [295.0, 153, 0.14710224697218796], "C": [184.0, 109, 0.09075188915869745], "DPA1": [127.0, 24, 0.08807793606941798], "DPB1": [129.0, 47, 0.09015583952577248], "DQA1": [82.0, 28, 0.057979945489594106], "DQB1": [96.0, 48, 0.06435931076568495], "DRA": [202.0, 3, 0.14338875854413632], "DRB1": [113.0, 14, 0.07660746611505337], "DRB5": [91.0, 4, 0.06169273819884829], "E": [65.0, 27, 0.032561863005586104], "L": [4.0, 1, 0.0019818674619907547], "T": [10.0, 1, 0.011830755655456793], "DMA": [16.0, 1, 0.011054080093342836], "DPA2": [1.0, 1, 0.0007408344946595726], "DOB": [2.0, 2, 0.0013212449746605032], "F": [5.0, 2, 0.0026082213476727512], "DMB": [3.0, 1, 0.0020569381991873744]}