{"A": [327.0, 170, 0.15373048227206645], "B": [760.0, 185, 0.3602469309340107], "C": [149.0, 104, 0.06985757835016435], "DRA": [134.0, 6, 0.09041863371770975], "DRB1": [141.0, 20, 0.09086595045335834], "DRB5": [28.0, 2, 0.018044302217688178], "L": [6.0, 1, 0.0028258901348478032], "T": [7.0, 1, 0.007872269104775726], "DRB4": [16.0, 5, 0.010311029838678959], "DPB2": [18.0, 2, 0.011973616963118012], "DMA": [15.0, 1, 0.009851067391199722], "DPA1": [59.0, 19, 0.03889598971472932], "DOB": [1.0, 1, 0.0006279755855217341], "F": [32.0, 2, 0.015867694333874825], "E": [124.0, 33, 0.05904824306370785], "DQA1": [17.0, 11, 0.011426212020938428], "DMB": [5.0, 1, 0.003258812697593847], "DOA": [4.0, 3, 0.0027420766602861374], "DPB1": [56.0, 32, 0.03720331036388219], "DQB1": [7.0, 4, 0.004460952492706244], "H": [1.0, 1, 0.00047098168914130054]}