{"A": [26783.0, 2546, 0.19977471822266554], "B": [43895.0, 2554, 0.3301192267572085], "C": [8599.0, 1188, 0.06396527561972672], "DMA": [962.0, 2, 0.010023887216890565], "DMB": [389.0, 4, 0.004022611263509783], "DPA1": [4029.0, 103, 0.042142388934193795], "DPB1": [3267.0, 271, 0.03443592563291705], "DQB1": [2802.0, 231, 0.028331316621285012], "DRA": [8442.0, 8, 0.09037900551085327], "DRB1": [6366.0, 96, 0.06509052340222087], "DRB5": [2636.0, 6, 0.026952343651940654], "DRB7": [2.0, 1, 4.3679974234101086e-05], "E": [8644.0, 518, 0.0653084116604422], "F": [1067.0, 15, 0.00839454836235336], "H": [5.0, 5, 3.736311664641402e-05], "HFE": [7.0, 1, 5.475641469174563e-05], "L": [111.0, 3, 0.0008294611895503913], "T": [518.0, 1, 0.009242739645941325], "V": [2.0, 2, 3.1682766610808334e-05], "DRB3": [801.0, 17, 0.008189995168893955], "K": [11.0, 5, 8.242447105016789e-05], "DQA1": [1058.0, 83, 0.011282571469648181], "DPB2": [13.0, 2, 0.0001372035273139451], "DOB": [75.0, 8, 0.0007472623329282805], "DOA": [35.0, 11, 0.0003806770662832515]}