{"A": [2893.0, 647, 0.22994079747914103], "B": [3325.0, 655, 0.2664610344645341], "C": [1360.0, 442, 0.10780068713564664], "DMA": [100.0, 2, 0.01110318033755678], "DOB": [15.0, 5, 0.0015925364498758446], "DPB1": [274.0, 78, 0.030775100775001007], "DQA1": [192.0, 39, 0.021817749363299072], "DRA": [536.0, 5, 0.061146738084853866], "DRB1": [758.0, 46, 0.08258603753997851], "E": [1055.0, 164, 0.08493625674642258], "F": [158.0, 10, 0.013245742168688773], "HFE": [2.0, 1, 0.0001667067764148926], "L": [28.0, 1, 0.0022295510298261825], "T": [56.0, 1, 0.010647441955074057], "Y": [14.0, 2, 0.0014827596654669272], "DRB4": [93.0, 9, 0.010132587719284963], "DMB": [26.0, 2, 0.0028649569870998785], "DPA1": [397.0, 51, 0.04424851339580961], "DOA": [5.0, 5, 0.0005794886949083419], "DQB1": [149.0, 58, 0.01605355385250154], "DRB5": [1.0, 1, 0.00010895255612134367], "H": [1.0, 1, 7.962682249379223e-05]}