{"A": [502.0, 221, 0.24985266410549836], "B": [191.0, 123, 0.09584911229439798], "C": [321.0, 177, 0.1593310143355655], "DRA": [174.0, 6, 0.12429979736656946], "DRB1": [74.0, 24, 0.050487261102655424], "E": [225.0, 54, 0.11343206632375179], "F": [24.0, 5, 0.01259920434402274], "L": [12.0, 1, 0.005983472500970655], "T": [18.0, 1, 0.021430999545960252], "DRB4": [23.0, 3, 0.015691986558933443], "DMA": [20.0, 1, 0.013905610392416955], "DQB1": [52.0, 26, 0.035083339997460855], "DRB3": [16.0, 3, 0.010916164562736308], "DPA1": [58.0, 20, 0.04048077692014714], "DPB1": [70.0, 29, 0.04923337733531409], "DQA1": [2.0, 2, 0.0014231523135989229]}