{"A": [1094.0, 370, 0.21745438065678033], "B": [1590.0, 459, 0.318656237326078], "C": [332.0, 185, 0.0658118264658023], "DPB1": [122.0, 47, 0.03426825508419584], "DRA": [224.0, 5, 0.06390572442830941], "L": [4.0, 1, 0.0007965308783181814], "T": [24.0, 1, 0.011411736505055253], "DPA1": [178.0, 48, 0.04961481991996724], "DRB4": [86.0, 5, 0.023432526362908396], "DMB": [5.0, 3, 0.0013778375041615006], "DMA": [43.0, 1, 0.011939855990260578], "E": [378.0, 90, 0.07610543923355229], "F": [52.0, 7, 0.010901990349930306], "DRB1": [332.0, 32, 0.09046045061029753], "DRB3": [7.0, 6, 0.0019072986574460325], "DQA1": [64.0, 22, 0.018187455054931807], "Y": [1.0, 1, 0.00026486585031454087], "DQB1": [13.0, 11, 0.003502769121690571]}