{"A": [99.0, 65, 0.18880298166690984], "B": [210.0, 101, 0.40380101763972204], "C": [121.0, 87, 0.23013042815349047], "F": [22.0, 7, 0.04425353268657636], "E": [22.0, 10, 0.042498088124285974], "DPB1": [9.0, 6, 0.024254788097609337], "DPA1": [16.0, 8, 0.042789204715407876], "DRB1": [7.0, 4, 0.018299596679552946], "DQB1": [2.0, 1, 0.005170362236445117]}