{"A": [39.0, 30, 0.2504387507243031], "B": [39.0, 23, 0.2525084924658263], "C": [42.0, 33, 0.2689683837164807], "DRB1": [19.0, 3, 0.16724777418004455], "E": [4.0, 3, 0.026017764054809805], "DQB1": [4.0, 3, 0.03481883485853559]}