{"A": [416.0, 221, 0.15649430109548565], "B": [274.0, 154, 0.10392743755999473], "C": [618.0, 252, 0.23185085003265632], "DMA": [42.0, 2, 0.0220716235727375], "DRA": [192.0, 6, 0.10366862298814072], "DRB1": [175.0, 14, 0.09024290536918265], "DRB5": [77.0, 3, 0.03970687836244037], "HFE": [1.0, 1, 0.00039451257852757705], "L": [3.0, 1, 0.0011306240959444522], "T": [19.0, 1, 0.017098123583113488], "DRB4": [48.0, 5, 0.024752339758404386], "DMB": [10.0, 2, 0.0052153367388683486], "DPB1": [77.0, 32, 0.04093334564776671], "DQB1": [31.0, 24, 0.01580826513736984], "F": [15.0, 5, 0.0059517963936365015], "E": [110.0, 42, 0.04191514176108953], "DPA1": [115.0, 29, 0.060665756088905384], "DQA1": [68.0, 25, 0.036572548881314296], "DOA": [2.0, 2, 0.0010970907562240988], "DOB": [1.0, 1, 0.0005024995981975343]}