{"A": [108.0, 75, 0.10184818734572841], "B": [191.0, 137, 0.18160900379018696], "C": [149.0, 111, 0.1401299083840941], "DMA": [30.0, 2, 0.03952124318123049], "DRA": [104.0, 5, 0.14076795218328997], "DRB1": [86.0, 34, 0.11117261565037272], "DRB5": [14.0, 3, 0.018097867664014163], "L": [1.0, 1, 0.0009447596453907289], "T": [11.0, 1, 0.024814863365644067], "F": [5.0, 4, 0.004973374502152925], "E": [20.0, 11, 0.019104364785022858], "DPA1": [54.0, 17, 0.07141079802401647], "DQA1": [41.0, 18, 0.05527828050166379], "DQB1": [29.0, 16, 0.03707190193715917], "DMB": [2.0, 1, 0.002614789321586462], "DPB1": [38.0, 23, 0.05064008971844668]}