{"A": [242.0, 113, 0.12966630280345512], "B": [487.0, 142, 0.2630965683616038], "C": [205.0, 127, 0.10954199449797596], "DMA": [13.0, 2, 0.009730494428408922], "DRA": [89.0, 4, 0.06844514904423508], "DRB1": [233.0, 27, 0.1711344750436909], "L": [10.0, 1, 0.0053678892621626985], "T": [5.0, 1, 0.006408721820621262], "DRB4": [8.0, 4, 0.005875861804075224], "DMB": [8.0, 2, 0.005942632960939716], "DPA1": [35.0, 15, 0.026297858505307938], "DPB1": [47.0, 16, 0.035586964179218146], "DOB": [7.0, 3, 0.0050100299780185195], "F": [13.0, 4, 0.007346943920009043], "DQA1": [70.0, 13, 0.053622977108479464], "DOA": [1.0, 1, 0.0007813023414781298], "E": [137.0, 28, 0.0743541797502079], "DQB1": [30.0, 20, 0.02178965419011229]}