{"B": [144.0, 88, 0.44937405550123005], "C": [30.0, 22, 0.09259921784000141], "DRA": [15.0, 3, 0.06663512342604024], "DRB5": [4.0, 2, 0.01697074304483422], "E": [44.0, 17, 0.13794208207383238], "L": [1.0, 1, 0.0031007219842409234], "T": [1.0, 1, 0.007403902602893361], "DMA": [7.0, 1, 0.03026557132709461], "F": [1.0, 1, 0.003264544951708023], "DMB": [2.0, 1, 0.008581796198808214], "DRB1": [6.0, 5, 0.025456114567251328], "A": [43.0, 31, 0.1330881836733208], "DPA1": [1.0, 1, 0.004340218767213349], "DQB1": [5.0, 5, 0.020977724041531184]}