{"A": [440.0, 221, 0.11599967359226897], "B": [482.0, 144, 0.12812255458151361], "C": [298.0, 126, 0.07834934604509285], "DMA": [77.0, 2, 0.028357935471697814], "DPA1": [255.0, 38, 0.09427246200249444], "DPB1": [286.0, 74, 0.10654950713359378], "DRA": [354.0, 5, 0.1339517086391153], "DRB1": [318.0, 24, 0.11492143352108446], "L": [4.0, 1, 0.0010564668348068292], "T": [3.0, 1, 0.0018919732858632104], "DOA": [9.0, 2, 0.003459823658212006], "F": [29.0, 6, 0.008064059048391033], "E": [175.0, 33, 0.04673208923338327], "DQB1": [195.0, 50, 0.06968768269596158], "DQA1": [181.0, 39, 0.06822189610079413], "DRB3": [1.0, 1, 0.00036138815572668066]}