{"A": [743.0, 215, 0.2597007872106727], "B": [955.0, 184, 0.3365598335752475], "C": [466.0, 186, 0.1624371608711406], "DRB1": [107.0, 26, 0.05126701765161161], "DRB3": [9.0, 6, 0.004312179054808453], "L": [1.0, 1, 0.0003501678247061609], "T": [19.0, 1, 0.015886481005841165], "DMB": [2.0, 1, 0.0009691513532271525], "DMA": [19.0, 1, 0.00927721982402175], "DRA": [47.0, 2, 0.023578882334985306], "F": [29.0, 6, 0.010691387262690316], "E": [203.0, 55, 0.07187097692179366], "DPA1": [43.0, 17, 0.021076257015008877], "DQB1": [7.0, 7, 0.0033166512977106993], "DPB1": [48.0, 30, 0.02370866013145652], "DQA1": [10.0, 7, 0.004997186665077505]}