{"A": [3816.0, 764, 0.1665067140307178], "B": [5902.0, 893, 0.25965521509592965], "C": [5046.0, 656, 0.21957639546783853], "DMA": [179.0, 2, 0.010910790307392384], "DPA2": [6.0, 2, 0.0003921687645450508], "DPB1": [507.0, 126, 0.03126170530601497], "DQB1": [292.0, 69, 0.017271241499622322], "DRA": [1312.0, 5, 0.08216713119562466], "DRB1": [1174.0, 88, 0.0702200776069761], "E": [1593.0, 201, 0.07040641284249], "K": [7.0, 3, 0.000306834085221204], "L": [8.0, 1, 0.000349707669600392], "T": [80.0, 1, 0.008350318210937466], "DRB3": [75.0, 10, 0.004485950443375816], "DMB": [82.0, 3, 0.004960373687235863], "DQA1": [54.0, 24, 0.0033686684110725263], "DPA1": [620.0, 45, 0.037936359458310726], "F": [258.0, 12, 0.011873935917094578]}