{"A": [1817.0, 509, 0.07912475650452651], "B": [4758.0, 678, 0.20890861858717955], "C": [2181.0, 414, 0.09471704621462192], "DMA": [373.0, 3, 0.02269060549535336], "DPB1": [1088.0, 125, 0.06695263531714521], "DRA": [2572.0, 8, 0.16075679105841137], "DRB1": [1759.0, 66, 0.1050009244547957], "DRB5": [675.0, 8, 0.04029313473961745], "E": [1066.0, 115, 0.04702055184854202], "F": [154.0, 9, 0.007073425613079691], "HFE": [8.0, 1, 0.0003653449466362003], "L": [27.0, 1, 0.0011779124425705687], "T": [32.0, 1, 0.003333474153621802], "DMB": [70.0, 2, 0.004226030798448094], "DQA1": [764.0, 70, 0.04756548593324702], "DPA1": [1286.0, 51, 0.07853061632163774], "DOB": [29.0, 5, 0.0016868869547924192], "DQB1": [514.0, 72, 0.030341559535778436], "DRB3": [1.0, 1, 5.969353294758142e-05], "H": [4.0, 3, 0.00017450554704749165]}