{"A": [8963.0, 1204, 0.20474248851966284], "B": [11603.0, 1115, 0.26723868973163784], "C": [8047.0, 1137, 0.18331736395951992], "DMA": [285.0, 2, 0.00909450854253493], "DOB": [36.0, 8, 0.0010984684924214298], "DPB1": [819.0, 173, 0.026437464662196843], "DQB1": [485.0, 101, 0.015018053287848129], "DRA": [1568.0, 8, 0.05140928271634027], "DRB5": [204.0, 5, 0.006387847987139851], "E": [4296.0, 264, 0.09940126509096209], "F": [576.0, 13, 0.01387805726448285], "HFE": [3.0, 1, 7.186732734562364e-05], "K": [5.0, 3, 0.00011473786479241835], "L": [193.0, 3, 0.004416758729944499], "T": [224.0, 1, 0.012240305408652447], "DRB4": [290.0, 10, 0.009080764295443905], "DMB": [55.0, 2, 0.0017417845308071284], "DRB1": [1434.0, 39, 0.044902813791953655], "DPA1": [945.0, 72, 0.03027101391471699], "DPA2": [8.0, 2, 0.00027374294399588157], "V": [1.0, 1, 4.851392116754865e-05], "H": [6.0, 3, 0.00013730856155267873], "DRB3": [11.0, 3, 0.0003444427836202861], "DQA1": [544.0, 55, 0.01776620221423271], "DOA": [17.0, 8, 0.0005662534570273374]}