{"A": [5907.0, 682, 0.18057838272202306], "B": [3983.0, 784, 0.12276754040602027], "C": [5012.0, 689, 0.1528005339059774], "DMA": [298.0, 2, 0.012726085784316969], "DPA1": [1191.0, 42, 0.05105651032823981], "DPB1": [1421.0, 130, 0.06138668588107041], "DQA1": [574.0, 64, 0.025087177392668053], "DQB1": [994.0, 77, 0.04119101502160204], "DRA": [2630.0, 5, 0.1153972453025589], "DRB1": [1966.0, 50, 0.08238575495582783], "DRB5": [1358.0, 5, 0.056907352609366316], "E": [2216.0, 212, 0.0686185603688318], "F": [277.0, 11, 0.008931618568661584], "L": [30.0, 2, 0.0009187806262987868], "T": [169.0, 1, 0.012358767082466702], "DRB4": [2.0, 2, 8.381053403441284e-05], "DMB": [73.0, 3, 0.0030938468160317057], "K": [4.0, 3, 0.00012284032527276246], "DPB2": [6.0, 2, 0.00025953184701635833], "V": [3.0, 1, 0.00019477438422117415], "H": [14.0, 10, 0.0004287642922727672], "DOB": [5.0, 2, 0.0002041734725108415], "DRB3": [2.0, 2, 8.381053403441284e-05], "Y": [44.0, 2, 0.0017923655713039115], "DOA": [14.0, 6, 0.0006240712673717833]}