{"A": [273.0, 146, 0.2278834208547622], "C": [92.0, 67, 0.07658662501643414], "DRA": [46.0, 3, 0.0551123360412379], "DRB3": [36.0, 10, 0.04119290383150659], "E": [75.0, 43, 0.06341389139190648], "F": [18.0, 6, 0.0158479903789802], "L": [1.0, 1, 0.0008362610494991072], "T": [23.0, 1, 0.04592694670103158], "DMA": [3.0, 1, 0.0034982523292023723], "DPA1": [22.0, 11, 0.025752141028764337], "DPB1": [35.0, 23, 0.04128568064193791], "DQB1": [15.0, 11, 0.016973002041685583], "DMB": [1.0, 1, 0.0011572501392058355], "DRB1": [72.0, 26, 0.08238580766301318], "B": [359.0, 153, 0.30214749089083265]}