{"B": [49.0, 41, 0.3707927882059098], "DRA": [5.0, 1, 0.053860657110342235], "E": [20.0, 9, 0.15204207634469302], "DRB1": [2.0, 2, 0.02057598136799591], "A": [24.0, 20, 0.180124164762456], "F": [2.0, 2, 0.015832239265864287], "DRB5": [1.0, 1, 0.010287990683997956], "DPA1": [4.0, 4, 0.042097984867853704], "C": [15.0, 14, 0.11227085201474607], "DQA1": [1.0, 1, 0.010730052783700992], "DPB1": [2.0, 2, 0.021211532916042115], "DQB1": [1.0, 1, 0.010173679676397977]}