{"A": [270.0, 156, 0.2086507867075626], "B": [583.0, 239, 0.45425454102730634], "C": [106.0, 76, 0.08169155233733574], "L": [4.0, 1, 0.0030967635010124865], "T": [7.0, 1, 0.012940288442139323], "DMA": [1.0, 1, 0.001079533332414022], "DRA": [32.0, 1, 0.035493362584153566], "DPA1": [21.0, 13, 0.022757058984451912], "DPB1": [29.0, 17, 0.031669089805721], "DRB1": [34.0, 16, 0.03601678998181314], "F": [6.0, 2, 0.004890565990071592], "E": [121.0, 32, 0.09471411172746123], "DRB5": [6.0, 1, 0.006355904114437613], "DRB3": [4.0, 4, 0.004237269409625075], "DQA1": [1.0, 1, 0.0011048348948924755], "DQB1": [1.0, 1, 0.0010475471596017546]}