{"A": [2013.0, 470, 0.19078160492570045], "B": [2689.0, 542, 0.2569555400176351], "C": [541.0, 241, 0.05113343981412135], "DPB1": [372.0, 77, 0.049821521258238376], "DRA": [806.0, 6, 0.10963990985391413], "DRB3": [210.0, 13, 0.027282354126249297], "E": [983.0, 132, 0.09436681531799575], "F": [125.0, 5, 0.012495520364533694], "L": [4.0, 1, 0.00037979085253954967], "T": [48.0, 1, 0.010882373186492718], "Y": [10.0, 2, 0.0012628967669397646], "DMB": [24.0, 3, 0.0031534149574495942], "DRB1": [708.0, 50, 0.09198050819706907], "DMA": [40.0, 1, 0.0052958113789229825], "DPA1": [381.0, 35, 0.050635870063874516], "H": [12.0, 5, 0.001139372557618649], "DQB1": [93.0, 38, 0.011947938894336796], "DOB": [19.0, 5, 0.0024053420660838146], "DOA": [19.0, 9, 0.0026257518968404985], "DQA1": [187.0, 26, 0.025338181904194592], "K": [5.0, 2, 0.00047604159924902385]}