{"A": [32508.0, 2050, 0.28993548931381075], "B": [19320.0, 1405, 0.17373715655808677], "C": [23567.0, 1576, 0.20961890593579643], "DMA": [416.0, 2, 0.005183036314368603], "DPA1": [2536.0, 65, 0.031717646481990124], "DPB1": [2529.0, 193, 0.03187434563249933], "DQB1": [648.0, 114, 0.007834358736718696], "DRA": [1562.0, 6, 0.019995536514304905], "DRB1": [3382.0, 108, 0.04134800444379312], "DRB3": [294.0, 18, 0.003594415525273559], "DRB7": [1.0, 1, 2.6114529122395652e-05], "E": [13207.0, 350, 0.11931316401734757], "F": [1666.0, 14, 0.015672480373887306], "HFE": [8.0, 1, 7.482673100972966e-05], "K": [8.0, 5, 7.167757307153428e-05], "L": [217.0, 3, 0.0019389323059625422], "T": [926.0, 1, 0.01975658003867514], "V": [16.0, 2, 0.0003030699704726768], "DRB4": [530.0, 10, 0.0064797286680101564], "DMB": [91.0, 3, 0.0011251998816941308], "DPB2": [3.0, 1, 3.785933667873081e-05], "DOB": [5.0, 2, 5.956781277918717e-05], "DOA": [8.0, 5, 0.0001040419486948034], "DQA1": [1574.0, 78, 0.020070443768872438], "DRB5": [3.0, 1, 3.667770944156693e-05], "G": [2.0, 2, 1.9258502302651663e-05], "H": [8.0, 3, 7.148137533502459e-05]}