{"A": [9725.0, 1285, 0.18316995039024828], "B": [12089.0, 1257, 0.22957757053913258], "C": [3954.0, 754, 0.0742704925188048], "DMA": [1134.0, 2, 0.029837158849180798], "DMB": [218.0, 3, 0.005692437486070394], "DPA1": [1834.0, 70, 0.048440043802165614], "DPB1": [1477.0, 141, 0.03931211724821042], "DQA1": [527.0, 45, 0.014191109564256052], "DRA": [3758.0, 8, 0.10159265226084316], "DRB1": [4835.0, 112, 0.1248334347785399], "DRB3": [799.0, 17, 0.020629144651096873], "E": [2637.0, 182, 0.05030924565577694], "F": [618.0, 14, 0.012277351885458013], "H": [1.0, 1, 1.8869326696610494e-05], "K": [13.0, 4, 0.00024597453501674866], "L": [118.0, 3, 0.002226580550200038], "T": [454.0, 1, 0.020455501209163913], "Y": [1.0, 1, 2.5098036479957644e-05], "DRB4": [1163.0, 10, 0.03002715297775427], "DPB2": [1.0, 1, 2.6650492344697296e-05], "V": [2.0, 1, 8.000302537518414e-05], "DOB": [22.0, 6, 0.0005535002497672411], "DOA": [15.0, 9, 0.00041196777010926494], "DQB1": [461.0, 132, 0.011770173493114358], "DRB5": [1.0, 1, 2.5818704194113736e-05]}