{"A": [759.0, 213, 0.11195750316448101], "B": [2235.0, 430, 0.33240183786690886], "C": [906.0, 254, 0.13327682781850939], "DPB1": [235.0, 74, 0.04898471798992279], "DRB3": [170.0, 9, 0.03437400801810982], "E": [282.0, 64, 0.04213408768801107], "F": [86.0, 9, 0.013380165657091669], "L": [14.0, 1, 0.002068860701562277], "T": [22.0, 1, 0.007762895928426646], "DMB": [14.0, 3, 0.0028629688496366866], "DQB1": [99.0, 38, 0.019795384617487945], "DMA": [68.0, 1, 0.014012000215015757], "DRA": [406.0, 6, 0.08595642946203323], "K": [3.0, 2, 0.00044454411101403526], "DPA1": [208.0, 40, 0.043024451415229814], "DRB1": [460.0, 51, 0.09301202169606185], "DQA1": [69.0, 20, 0.014551294800497177]}