{"A": [6670.0, 729, 0.13508851460993854], "B": [3326.0, 639, 0.06791868951925358], "C": [7903.0, 709, 0.1596245167602376], "DMA": [449.0, 2, 0.012703363562441854], "DPA1": [2795.0, 67, 0.07938071067370271], "DPB1": [2316.0, 199, 0.06628457389463688], "DQB1": [1553.0, 177, 0.0426364826071741], "DRA": [4507.0, 8, 0.13101501034012372], "DRB1": [4173.0, 84, 0.11585393817530679], "DRB5": [1235.0, 7, 0.034286991048766806], "E": [3460.0, 168, 0.07098094044550492], "F": [325.0, 12, 0.006942686644942165], "L": [55.0, 1, 0.001115955990612475], "T": [127.0, 1, 0.006152986581316364], "DRB4": [569.0, 8, 0.01579700235364236], "DMB": [115.0, 2, 0.0032289966266482173], "DPB2": [2.0, 1, 5.731432829012524e-05], "DOB": [7.0, 3, 0.00018937434992211696], "DQA1": [1744.0, 97, 0.05049869941762452], "DOA": [2.0, 2, 5.9064965143608475e-05], "G": [1.0, 1, 2.186623340862202e-05], "H": [8.0, 5, 0.00016232087136181455]}