{"A": [783.0, 262, 0.17230166966908825], "B": [1149.0, 330, 0.2549307437053233], "C": [799.0, 233, 0.17534344071746044], "DMA": [71.0, 2, 0.021825583672218454], "DPB1": [224.0, 36, 0.06965576456333442], "DQA1": [4.0, 3, 0.0012584293402555535], "DRA": [253.0, 6, 0.07990779559771734], "DRB1": [189.0, 34, 0.057011091010229116], "DRB5": [31.0, 3, 0.0093510255096143], "L": [12.0, 1, 0.0026454572992233535], "T": [13.0, 1, 0.006843223601912552], "DMB": [14.0, 2, 0.004271032912382485], "DPB2": [4.0, 2, 0.0012454558419024034], "DRB3": [2.0, 2, 0.000603291968362213], "DPA1": [146.0, 22, 0.04505273469481951], "F": [25.0, 4, 0.005802556035760477], "E": [335.0, 71, 0.0746699032889642], "Y": [4.0, 2, 0.0011729050161605158], "DQB1": [54.0, 9, 0.016107895555271083]}