{"A": [232.0, 158, 0.22934603704111278], "B": [415.0, 242, 0.4136431267950819], "C": [166.0, 107, 0.16365390193636484], "L": [2.0, 1, 0.001980728894027984], "T": [4.0, 1, 0.009459167180194645], "DRA": [3.0, 1, 0.00425662523108759], "DPA1": [28.0, 16, 0.03881520325666078], "E": [73.0, 34, 0.07309693604861207], "DQA1": [9.0, 6, 0.012719993366335962], "DRB1": [32.0, 19, 0.043363373140667585], "DPB1": [5.0, 4, 0.0069848097421321455], "DQB1": [2.0, 2, 0.002680097367721816]}