{"A": [13045.0, 1551, 0.1971507148976799], "B": [13076.0, 1457, 0.19925243847980237], "C": [14073.0, 1260, 0.21210747871000887], "DMA": [499.0, 2, 0.01053500175979884], "DOA": [46.0, 11, 0.0010137233926745572], "DOB": [45.0, 7, 0.0009084422183639419], "DPA1": [2576.0, 75, 0.05459347129284895], "DPB1": [1657.0, 194, 0.03538816980670615], "DQA1": [592.0, 78, 0.012791371124685615], "DQB1": [1125.0, 155, 0.02304751553997408], "DRA": [3313.0, 8, 0.07186486492605565], "DRB1": [2855.0, 93, 0.059146657857641345], "DRB5": [389.0, 5, 0.008058861613528015], "E": [4928.0, 259, 0.07543936599475501], "F": [767.0, 14, 0.012226474526220256], "K": [15.0, 7, 0.00022773391384420865], "L": [90.0, 2, 0.0013626633275459128], "T": [396.0, 1, 0.014316574358948606], "DRB3": [376.0, 13, 0.0077895423308137115], "DMB": [108.0, 3, 0.002262846980288364], "DPB2": [7.0, 2, 0.0001496900493833368], "DRB4": [7.0, 2, 0.0001450180753077021], "G": [8.0, 6, 0.00013053460128834878], "H": [6.0, 3, 9.084422183639418e-05]}