{"A": [280.0, 156, 0.1582606994516864], "B": [334.0, 158, 0.1903425909462018], "C": [197.0, 94, 0.11104430665497754], "DPB1": [58.0, 18, 0.046325953226150005], "DRA": [125.0, 3, 0.10140654061505115], "DRB4": [18.0, 5, 0.013946247832901416], "T": [12.0, 1, 0.016225046498408183], "DRB3": [9.0, 5, 0.006973123916450708], "DMB": [15.0, 2, 0.011753939934926383], "DRB1": [127.0, 24, 0.09839852637658221], "DMA": [6.0, 1, 0.004737465866901626], "DPA1": [68.0, 14, 0.053896993540689254], "F": [10.0, 3, 0.0059616525318358605], "E": [131.0, 28, 0.07499967872868893], "DQA1": [73.0, 19, 0.05899008604841178], "DQB1": [61.0, 32, 0.04673714783013691]}