{"A": [1047.0, 346, 0.27279559027465256], "B": [768.0, 196, 0.20175594675360414], "C": [567.0, 217, 0.14732917062887987], "DRA": [103.0, 4, 0.038518449209408216], "E": [250.0, 60, 0.06597869640758179], "F": [47.0, 7, 0.012916359748601256], "L": [4.0, 1, 0.0010441008307418781], "T": [7.0, 1, 0.004362931140224232], "DRB4": [24.0, 3, 0.008571794086090625], "DMA": [10.0, 1, 0.00363974080945642], "DRB1": [263.0, 25, 0.09393257686007644], "DQB1": [31.0, 23, 0.010948879575705573], "DRB3": [15.0, 4, 0.005357371303806641], "DQA1": [159.0, 44, 0.059228251031381074], "DPB1": [73.0, 26, 0.02687786977670405], "DPA1": [122.0, 30, 0.044574971353818015], "DMB": [6.0, 1, 0.002167300209267232]}