{"A": [5001.0, 922, 0.19431363537993332], "B": [3659.0, 845, 0.14334524534156223], "C": [1015.0, 487, 0.039330320533872205], "DMA": [335.0, 3, 0.018183229639517615], "DMB": [63.0, 3, 0.0033936271871311367], "DPA1": [1437.0, 64, 0.07829675598902663], "DPB1": [1131.0, 163, 0.062099821048131595], "DQA1": [1186.0, 64, 0.06588282780254882], "DQB1": [460.0, 85, 0.02422822372752529], "DRA": [2298.0, 5, 0.12815553021296114], "DRB1": [2436.0, 68, 0.1297458663903919], "E": [1416.0, 150, 0.05572919037085355], "F": [252.0, 11, 0.010327580142969684], "L": [33.0, 1, 0.001284553356547031], "T": [112.0, 1, 0.010410080783182223], "Y": [29.0, 2, 0.0015014799898680064], "DRB4": [598.0, 8, 0.03185058624854449], "DPB2": [5.0, 1, 0.00027488880013580634], "DPA2": [1.0, 1, 5.82029219387137e-05], "J": [2.0, 1, 7.792281603849706e-05], "DOB": [2.0, 2, 0.00010380229143814392], "DOA": [19.0, 6, 0.001076483524356528], "DRB5": [4.0, 2, 0.00021304739965581596], "K": [3.0, 1, 0.00011709810186937918]}