{"A": [54.0, 34, 0.20990115100463336], "B": [61.0, 53, 0.23907015086876054], "C": [65.0, 43, 0.2519703492986289], "DRA": [19.0, 2, 0.10600236776225275], "L": [1.0, 1, 0.0038941515241127235], "T": [2.0, 1, 0.018596906624956624], "DMB": [1.0, 1, 0.005388876351549931], "F": [3.0, 3, 0.012299683200079379], "E": [10.0, 10, 0.03937260212571536], "DRB5": [3.0, 2, 0.015984981537181815], "DPA1": [1.0, 1, 0.00545081745903901], "DRB1": [7.0, 3, 0.03729829025342424], "DPB1": [8.0, 4, 0.043943269708391706], "DQA1": [1.0, 1, 0.005557278737535865], "DQB1": [1.0, 1, 0.00526912354373771]}