{"A": [10391.0, 952, 0.16431715045258627], "B": [19280.0, 1111, 0.30740224861514404], "C": [6194.0, 829, 0.09768137679002106], "DMA": [530.0, 2, 0.011707959561596789], "DPB1": [2487.0, 105, 0.055575407609667796], "DQA1": [1440.0, 48, 0.03255585925264768], "DQB1": [1065.0, 104, 0.022829293895683805], "DRA": [3914.0, 8, 0.08883564835894588], "DRB1": [3216.0, 82, 0.06971262146085055], "DRB3": [308.0, 14, 0.0066764575279670306], "E": [4223.0, 246, 0.067642506088035], "F": [422.0, 12, 0.007038653912067792], "L": [100.0, 3, 0.001584226727622758], "T": [257.0, 1, 0.00972183683710147], "V": [19.0, 2, 0.000638103237447124], "Y": [63.0, 3, 0.001327520474379808], "DMB": [145.0, 3, 0.0031788549438612214], "K": [16.0, 6, 0.00025417200270441616], "DPB2": [4.0, 1, 8.950064399353314e-05], "H": [12.0, 5, 0.00019010720731473096], "DOB": [37.0, 5, 0.000781551852293894], "DOA": [12.0, 4, 0.0002767031862110825], "DPA1": [2253.0, 37, 0.04996056255170044], "DRB5": [1.0, 1, 2.1676810155737114e-05]}