{"A": [2609.0, 544, 0.24792520673227803], "B": [4475.0, 476, 0.42875984470630013], "C": [1678.0, 399, 0.15902067133389147], "DRA": [11.0, 4, 0.0015003072055316082], "DRB5": [5.0, 2, 0.0006513080310019749], "E": [1194.0, 128, 0.11492750793396732], "F": [136.0, 9, 0.01363129522867073], "L": [36.0, 1, 0.0034272113835717064], "T": [47.0, 1, 0.010684005857573575], "DMA": [13.0, 1, 0.001725717691303706], "V": [3.0, 1, 0.0006054519143124743], "DRB1": [23.0, 9, 0.0029960169426090848], "DPB1": [37.0, 25, 0.00496854983650078], "DPA1": [65.0, 16, 0.008661648182405574], "DQB1": [4.0, 4, 0.0005152570200815624]}