{"A": [2045.0, 422, 0.1823328732611377], "B": [2726.0, 383, 0.24505974388734098], "C": [706.0, 234, 0.06277567419596536], "DPB1": [385.0, 85, 0.04850803857459462], "DQB1": [363.0, 57, 0.04387282599968891], "DRA": [752.0, 7, 0.09623441463811198], "DRB1": [855.0, 57, 0.10449790945231874], "DRB3": [94.0, 8, 0.0114886590508982], "E": [911.0, 117, 0.08227409206141534], "F": [130.0, 10, 0.012225499897500661], "L": [15.0, 1, 0.0013398454583062383], "T": [36.0, 1, 0.007678277763679148], "DMB": [23.0, 2, 0.002842998679544079], "DMA": [64.0, 1, 0.007971341800460796], "DPA1": [502.0, 48, 0.06276477244754583], "H": [1.0, 1, 8.932303055374921e-05], "DQA1": [220.0, 36, 0.028043709800937514]}