{"A": [270.0, 136, 0.11690269288792801], "B": [531.0, 217, 0.23180870066316966], "C": [423.0, 162, 0.1826485125393404], "DRA": [167.0, 6, 0.10378106600865557], "DRB1": [241.0, 15, 0.143036744747851], "DRB5": [37.0, 6, 0.021959998156309075], "F": [26.0, 7, 0.011873690100560604], "L": [4.0, 2, 0.001735052132886523], "T": [11.0, 1, 0.011393130998954204], "DMB": [12.0, 2, 0.00720309521834708], "DQB1": [40.0, 21, 0.023476754785723815], "DMA": [23.0, 1, 0.013911321299555812], "E": [73.0, 31, 0.03201523317527328], "DPA1": [80.0, 33, 0.0485725961083941], "DPB1": [64.0, 26, 0.03915813925649687], "DQA1": [17.0, 7, 0.010523271920553938]}