{"A": [3734.0, 822, 0.12183002583941523], "B": [10433.0, 1138, 0.3432129692065308], "C": [1771.0, 584, 0.05762535382846718], "DMA": [325.0, 2, 0.014813005284223824], "DMB": [82.0, 3, 0.0037091212765298907], "DPA1": [1619.0, 60, 0.07407428182082515], "DPB1": [1087.0, 151, 0.05011767183742488], "DQB1": [493.0, 100, 0.02180440616002341], "DRA": [2086.0, 8, 0.09768665344189943], "DRB1": [1680.0, 72, 0.07513791306141121], "DRB3": [254.0, 9, 0.011360136855713363], "DRB5": [541.0, 6, 0.024196197003704446], "E": [1753.0, 203, 0.057934197657990544], "F": [131.0, 9, 0.004508197449480205], "K": [5.0, 2, 0.00016388235841227288], "L": [42.0, 1, 0.001372843712641204], "T": [147.0, 1, 0.011473264665994898], "DRB4": [27.0, 5, 0.0012075736027726803], "DPB2": [8.0, 2, 0.0003693266345249778], "H": [9.0, 5, 0.0002941807955659723], "DQA1": [569.0, 74, 0.02654198559809518], "Y": [1.0, 1, 4.347655770500345e-05], "DOA": [11.0, 4, 0.0005233353506482753]}