{"A": [1616.0, 431, 0.1500210131272541], "B": [2272.0, 437, 0.212663778039158], "C": [1062.0, 293, 0.09832190296365138], "DMA": [98.0, 2, 0.012709152980803488], "DPB1": [445.0, 75, 0.05837838413174213], "DQB1": [173.0, 48, 0.02177078866243004], "DRA": [919.0, 8, 0.12245235839983602], "DRB1": [762.0, 38, 0.09696958410530962], "DRB5": [3.0, 1, 0.0003817700161626363], "E": [747.0, 92, 0.07024321766939266], "F": [65.0, 6, 0.006364667272336746], "L": [23.0, 3, 0.0021390964135536033], "T": [21.0, 1, 0.004663582746457302], "Y": [15.0, 2, 0.0018555690712759203], "DRB3": [196.0, 7, 0.02494230772262557], "DRB4": [81.0, 9, 0.01030779043639118], "DMB": [50.0, 2, 0.006435138530014135], "DPA1": [453.0, 48, 0.058972497094364015], "DQA1": [301.0, 43, 0.039950144386644], "K": [2.0, 2, 0.00018651892829903732], "DOA": [2.0, 1, 0.0002707373022986026]}