{"A": [1765.0, 451, 0.1663431057138507], "B": [2626.0, 432, 0.2495337413141562], "C": [1518.0, 413, 0.14267467393898445], "DMA": [76.0, 2, 0.010005838350748157], "DRA": [845.0, 6, 0.11430302128339188], "DRB3": [57.0, 6, 0.00736384732555061], "DRB7": [1.0, 1, 0.0002759504892522123], "E": [902.0, 94, 0.08610724445531442], "L": [16.0, 1, 0.0015106778608697756], "T": [24.0, 1, 0.0054107939069061245], "DRB4": [57.0, 10, 0.00736384732555061], "DMB": [19.0, 2, 0.002482509136265168], "DQB1": [72.0, 19, 0.009198349641740412], "DRB1": [572.0, 29, 0.07389685386342015], "F": [108.0, 10, 0.010735825950734487], "DPA1": [311.0, 38, 0.04110182095662741], "DQA1": [194.0, 28, 0.026139841267055274], "DOA": [1.0, 1, 0.00013742554245628103], "DPB1": [341.0, 74, 0.04541463167712568]}