{"A": [31194.0, 2214, 0.253838027605644], "B": [34488.0, 1925, 0.28296198074744744], "C": [13294.0, 1145, 0.10788381913643806], "DMA": [546.0, 3, 0.006206661400998709], "DPA1": [4185.0, 91, 0.04775530873333793], "DPB1": [3074.0, 221, 0.03534848467922234], "DQB1": [1600.0, 205, 0.01764911449802373], "DRA": [4014.0, 8, 0.04688175811438275], "DRB1": [4697.0, 135, 0.052393329857791944], "DRB5": [1515.0, 5, 0.016899275012679325], "DRB7": [1.0, 1, 2.3826304572332038e-05], "E": [10032.0, 315, 0.08268870645859144], "F": [1717.0, 15, 0.014736947028348022], "HFE": [5.0, 1, 4.26688835464399e-05], "K": [37.0, 10, 0.0003024610941821656], "L": [500.0, 2, 0.004076124185503884], "T": [549.0, 1, 0.010686798374354812], "DRB3": [316.0, 13, 0.0035248652831727178], "DRB4": [93.0, 8, 0.0010373812384020973], "W": [5.0, 2, 4.7728975505472835e-05], "DMB": [145.0, 3, 0.0016358021605057508], "DQA1": [1079.0, 84, 0.012553018864036265], "DPB2": [3.0, 2, 3.454200082973395e-05], "DPA2": [10.0, 1, 0.00012189446404671916], "DOB": [38.0, 7, 0.0004130472507977269], "DOA": [14.0, 8, 0.00016611965339275326], "H": [10.0, 8, 8.152248371007769e-05], "G": [1.0, 1, 8.785510535520663e-06]}