{"A": [20557.0, 2175, 0.2689166619182914], "B": [28177.0, 1630, 0.37164405340616996], "C": [6459.0, 907, 0.0842632647092996], "DMA": [539.0, 2, 0.009849780105598957], "DMB": [99.0, 3, 0.0017954376537571383], "DPA1": [919.0, 54, 0.016858311149964854], "DPB1": [958.0, 188, 0.017709439097033083], "DQA1": [183.0, 41, 0.003422553027474545], "DQB1": [656.0, 144, 0.01163266272458946], "DRA": [2391.0, 9, 0.04489298227590397], "DRB3": [448.0, 18, 0.00803351879034405], "E": [7336.0, 290, 0.09720539208828315], "F": [814.0, 13, 0.011231402498815067], "HFE": [6.0, 1, 8.23123279659433e-05], "K": [39.0, 9, 0.0005125128526735839], "L": [119.0, 2, 0.0015595407357452515], "S": [1.0, 1, 5.379588475676819e-05], "T": [393.0, 1, 0.012298161183905103], "V": [4.0, 2, 0.00011112960332732771], "DRB4": [9.0, 4, 0.00016138765427030455], "DRB1": [2063.0, 111, 0.036993636751070924], "DOB": [36.0, 5, 0.000629058448031698], "J": [1.0, 1, 1.3117352721513338e-05], "DOA": [2.0, 2, 3.815006966814636e-05], "H": [7.0, 4, 9.173769033795597e-05]}