{"A": [272.0, 157, 0.1871887250925096], "B": [569.0, 250, 0.3948185135656245], "C": [242.0, 136, 0.166089114430335], "F": [21.0, 3, 0.015243394442501154], "T": [7.0, 1, 0.011523873358492158], "DMA": [6.0, 1, 0.005768220143454635], "DRA": [41.0, 1, 0.040498183516986724], "E": [82.0, 32, 0.057160720277665764], "DRB3": [7.0, 3, 0.0066035678795853935], "DRB1": [49.0, 18, 0.04622497515709775], "DQB1": [16.0, 12, 0.014926159778618412], "DPA1": [28.0, 13, 0.027021496150947125], "DMB": [2.0, 1, 0.0019081738353347406], "DPB1": [23.0, 17, 0.022367628432726917], "H": [1.0, 1, 0.0006894496704311653], "DQA1": [2.0, 2, 0.001967804267688951]}