{"A": [1621.0, 477, 0.16363040097195602], "B": [1526.0, 384, 0.1553137743243432], "C": [1797.0, 410, 0.18090229561941182], "DMA": [47.0, 2, 0.006627635748170688], "DPB1": [389.0, 70, 0.05548963938076564], "DQA1": [202.0, 48, 0.029152343279270736], "DQB1": [247.0, 79, 0.033798330954067604], "DRB1": [756.0, 43, 0.1046098548021089], "DRB5": [5.0, 2, 0.0006918641190615667], "E": [513.0, 75, 0.052453129290764865], "F": [109.0, 8, 0.01160537259772264], "L": [5.0, 1, 0.0005056415687667107], "T": [39.0, 1, 0.009417491597108621], "DRB3": [124.0, 9, 0.017158230152726855], "DMB": [29.0, 3, 0.004058412025677054], "DRA": [563.0, 6, 0.0815699656795716], "DOB": [2.0, 2, 0.00026967550334224574], "DOA": [5.0, 4, 0.0007359670111133002], "DPA1": [650.0, 49, 0.09200997537404974]}