{"A": [506.0, 246, 0.16585608094994195], "B": [1347.0, 267, 0.44516697492613855], "C": [219.0, 120, 0.0715879651940294], "DPB1": [56.0, 39, 0.025938820907030768], "DRA": [73.0, 5, 0.034343507485240246], "DRB5": [58.0, 3, 0.026060257334498137], "L": [17.0, 1, 0.005582408194749893], "T": [24.0, 1, 0.018818360265885067], "DMA": [12.0, 1, 0.005494673894428273], "DRB1": [86.0, 16, 0.03864107122011793], "F": [9.0, 2, 0.0031115372341647143], "E": [224.0, 54, 0.07437071529432807], "DPA1": [127.0, 25, 0.05837476984776704], "DQB1": [59.0, 22, 0.026215021314837113], "DOB": [1.0, 1, 0.00043783593684312887]}