{"A": [344.0, 210, 0.19180227487143833], "B": [684.0, 311, 0.3845261443751631], "C": [355.0, 204, 0.19739615339685368], "DRA": [10.0, 3, 0.008002694095183132], "DRB1": [33.0, 21, 0.02522197408650414], "L": [3.0, 1, 0.0016757466193836942], "T": [7.0, 1, 0.00933647644438032], "DRB4": [3.0, 1, 0.00229290673513674], "DQB1": [5.0, 5, 0.0037790499893920345], "DMA": [17.0, 1, 0.013241098817793463], "F": [29.0, 4, 0.017054732805152524], "E": [191.0, 49, 0.10787026270458333], "DPA1": [12.0, 8, 0.009382468939180223], "DPB1": [25.0, 19, 0.01969775090995848], "DQA1": [9.0, 7, 0.00717429021423644], "DMB": [2.0, 1, 0.0015459749956603778]}