{"A": [407.0, 170, 0.22546364761822915], "B": [245.0, 137, 0.13684302449507318], "C": [411.0, 165, 0.22705912643600573], "DRB5": [29.0, 4, 0.022021654343187883], "E": [224.0, 55, 0.12569071474971824], "T": [5.0, 1, 0.0066258527266522035], "DMB": [4.0, 2, 0.0030719862641751124], "DRB1": [78.0, 14, 0.059230656509263964], "DMA": [20.0, 1, 0.015477182705004382], "DRA": [74.0, 4, 0.058837572212671566], "F": [22.0, 5, 0.012854536183234186], "DPA1": [33.0, 15, 0.025635195721737145], "Y": [3.0, 2, 0.002214514370048564], "DPB1": [55.0, 22, 0.0430552515017593], "DQB1": [26.0, 16, 0.019524179367868492], "DQA1": [20.0, 10, 0.015839929174652923], "H": [1.0, 1, 0.0005549756207177667]}