{"A": [571.0, 234, 0.08873362562107959], "B": [1202.0, 251, 0.18833500449519613], "C": [408.0, 170, 0.06323060001214263], "DPB1": [351.0, 56, 0.07707979598913788], "DQB1": [244.0, 66, 0.0513995440258474], "DRA": [807.0, 7, 0.17999753532291687], "DRB5": [117.0, 5, 0.024923429664402884], "F": [24.0, 3, 0.003933824411672546], "HFE": [2.0, 1, 0.0003259400837751608], "L": [4.0, 1, 0.0006227358899864842], "T": [7.0, 1, 0.002602194851838947], "DMB": [23.0, 2, 0.0049551535084530595], "DMA": [89.0, 1, 0.01932065828652723], "DRB1": [514.0, 37, 0.10949267391028275], "DOB": [4.0, 2, 0.000830314519981979], "E": [165.0, 38, 0.02597222286558021], "DPA1": [518.0, 34, 0.11288141805563431], "DQA1": [195.0, 37, 0.04332393047132532], "DOA": [9.0, 4, 0.0020393980142186852]}