{"A": [924.0, 390, 0.08037342037691975], "B": [1635.0, 391, 0.14339456694379613], "C": [678.0, 262, 0.05881460631920179], "DPB1": [657.0, 111, 0.08075830036719181], "DRA": [1558.0, 7, 0.19451309207490955], "DRB1": [1013.0, 59, 0.1207868759509461], "DRB5": [282.0, 4, 0.033624776918229814], "E": [441.0, 76, 0.03885546643431347], "L": [9.0, 1, 0.0007842865636599845], "T": [31.0, 1, 0.006450476951564182], "DMB": [47.0, 2, 0.005667812775989495], "DPB2": [2.0, 1, 0.0002461563785141303], "DMA": [118.0, 1, 0.014338452460421045], "DPA1": [795.0, 52, 0.09697240934414894], "DOB": [4.0, 3, 0.00046476240809480564], "DRB3": [137.0, 8, 0.016335441268785406], "F": [36.0, 4, 0.003302893655221299], "DQA1": [289.0, 38, 0.03594011332753445], "DQB1": [577.0, 82, 0.06803519184719684], "J": [1.0, 1, 8.722253412190187e-05], "DOA": [2.0, 1, 0.00025367509923899747]}