{"A": [821.0, 226, 0.16065668734998323], "B": [290.0, 123, 0.05721739864147136], "C": [904.0, 208, 0.1764164596354046], "DRA": [503.0, 4, 0.1412747478099745], "DRB1": [410.0, 37, 0.10997888983352942], "DRB5": [119.0, 4, 0.03192070217119512], "E": [264.0, 50, 0.052327819187646174], "L": [1.0, 1, 0.00019604123810899293], "T": [11.0, 1, 0.005149179012291979], "DRB4": [67.0, 4, 0.017972160045967002], "DMB": [8.0, 2, 0.0021703151208833965], "DMA": [32.0, 1, 0.008747529647530027], "DOA": [8.0, 4, 0.002282721880132337], "F": [13.0, 4, 0.002683184976538839], "DPA1": [252.0, 26, 0.06915073005849166], "DPB1": [253.0, 73, 0.06996123916700957], "DQA1": [209.0, 42, 0.058471341362237444], "DQB1": [126.0, 55, 0.033422852861604305]}