{"B": [104.0, 77, 0.2718763348239464], "C": [154.0, 112, 0.3981982516591976], "L": [1.0, 1, 0.002597499022874067], "T": [2.0, 1, 0.01240461407002169], "DRA": [4.0, 2, 0.014885536884026024], "DRB1": [2.0, 2, 0.007108261995180967], "F": [6.0, 2, 0.01640840881308344], "E": [32.0, 20, 0.0840401159873056], "DQB1": [4.0, 3, 0.014058562612691245], "A": [66.0, 55, 0.17112266786759425], "DPB1": [1.0, 1, 0.0036639111056241663], "DPA1": [1.0, 1, 0.0036358351584546327]}