{"A": [6519.0, 898, 0.18248184888756408], "B": [10291.0, 1012, 0.29044956477129724], "C": [2076.0, 582, 0.05795368578636139], "DMA": [325.0, 2, 0.012708721028710995], "DPA1": [1459.0, 57, 0.057270972979581586], "DPB1": [1350.0, 143, 0.053401539980458324], "DQB1": [490.0, 72, 0.018593112315281112], "DRA": [2351.0, 8, 0.09445658186771502], "DRB3": [434.0, 8, 0.0166532209822261], "E": [2661.0, 209, 0.07544954479908138], "F": [330.0, 11, 0.009743258879559766], "HFE": [6.0, 1, 0.0001761349742749278], "K": [8.0, 4, 0.0002249628765670624], "L": [50.0, 1, 0.001402169389186811], "T": [171.0, 1, 0.01145050014134359], "DMB": [135.0, 3, 0.005239014717779812], "DPB2": [6.0, 2, 0.00023764602843537295], "DRB1": [2438.0, 80, 0.0935496607250397], "V": [2.0, 1, 0.0001188996248006766], "DOB": [8.0, 2, 0.0002991294696931864], "DOA": [13.0, 5, 0.0005306270772147061], "H": [10.0, 5, 0.00028043387783736217], "DQA1": [433.0, 60, 0.017328768819989755]}