{"A": [456.0, 219, 0.256210958479832], "B": [504.0, 205, 0.28552086804059573], "C": [195.0, 92, 0.10926535749023382], "DRB1": [68.0, 13, 0.05237349969319649], "DRB7": [1.0, 1, 0.0016451440491862897], "L": [7.0, 1, 0.003940240081308404], "T": [17.0, 1, 0.022849222905365132], "Y": [4.0, 2, 0.002994801060411935], "DRB4": [15.0, 3, 0.011552977873499227], "DMA": [24.0, 1, 0.01883752728075904], "DRA": [59.0, 2, 0.04758014652058387], "DPA1": [64.0, 23, 0.05042587123942651], "F": [17.0, 6, 0.01007472940784111], "E": [110.0, 29, 0.06260349818167385], "DQA1": [24.0, 13, 0.019279031826401834], "DQB1": [13.0, 10, 0.009901329925658226], "DPB1": [43.0, 23, 0.034141502951259874], "DQA2": [1.0, 1, 0.000803292992766743]}