{"A": [2831.0, 366, 0.22958114420069478], "B": [4115.0, 380, 0.3364655827105301], "C": [855.0, 235, 0.06914765914425769], "DMA": [128.0, 2, 0.014500604597833353], "DPB1": [339.0, 69, 0.038848778329221845], "DRA": [654.0, 5, 0.07612284303399353], "DRB5": [2.0, 1, 0.00022232902648831567], "E": [738.0, 86, 0.0606213727215175], "L": [84.0, 1, 0.0068244462674451785], "T": [64.0, 1, 0.012415550341935746], "DMB": [19.0, 3, 0.002136127180634896], "DQB1": [172.0, 38, 0.01890784854157298], "K": [9.0, 4, 0.0007331975992471489], "DRB1": [762.0, 28, 0.08470735909204827], "F": [100.0, 5, 0.008553580702072086], "DPA1": [270.0, 32, 0.030704405209851873], "DQA1": [82.0, 24, 0.009507171300654654]}