{"A": [1757.0, 449, 0.22671436679731855], "B": [3018.0, 500, 0.39264581813151406], "C": [382.0, 165, 0.049157033292546747], "DMA": [26.0, 2, 0.004686627349800977], "DMB": [28.0, 3, 0.005008901258470275], "DRA": [178.0, 8, 0.03296614677003294], "DRB5": [107.0, 3, 0.01892608918529539], "E": [678.0, 102, 0.08861556939141851], "L": [15.0, 1, 0.0019390558834276224], "T": [48.0, 1, 0.014816245739340648], "DRB1": [263.0, 38, 0.046519265941426996], "F": [70.0, 6, 0.009527016802854126], "DPA1": [284.0, 39, 0.05138853048098897], "DPB1": [127.0, 45, 0.023157534665470405], "DQA1": [51.0, 20, 0.009408460734381108], "DQB1": [122.0, 40, 0.021339509488467016], "DRB3": [18.0, 4, 0.0031838280872459536]}