{"A": [602.0, 240, 0.22698439891285688], "B": [622.0, 233, 0.2364636353628845], "C": [423.0, 193, 0.159057775946168], "DRA": [164.0, 4, 0.08875325099567014], "DRB1": [130.0, 13, 0.0671912457866645], "DRB5": [88.0, 5, 0.04548330484020366], "L": [4.0, 1, 0.0015109541795372897], "T": [10.0, 1, 0.009019639328828266], "Y": [12.0, 1, 0.0060291472600953995], "DMB": [17.0, 3, 0.00888639465692512], "DMA": [42.0, 1, 0.022122214628645203], "F": [24.0, 7, 0.00954470190647187], "E": [160.0, 30, 0.06110722438276271], "DPA1": [38.0, 16, 0.020092024160079516], "DQB1": [56.0, 22, 0.028622322136815027], "DPB1": [14.0, 10, 0.00745948549897689], "H": [3.0, 1, 0.0011332156346529675], "DQA1": [1.0, 1, 0.0005390643817620018]}