{"A": [1669.0, 542, 0.15457071990634047], "B": [2423.0, 751, 0.22625530321335427], "C": [1717.0, 521, 0.15858284659511934], "DMA": [221.0, 2, 0.028591896345904103], "DOB": [34.0, 5, 0.0042061071547596154], "DPA1": [295.0, 47, 0.03831188205084739], "DQB1": [162.0, 62, 0.020337765183602377], "DRA": [688.0, 5, 0.09145348004129696], "DRB1": [729.0, 66, 0.09254825729616811], "DRB5": [108.0, 5, 0.013710852932765647], "E": [917.0, 118, 0.08602274295831817], "F": [138.0, 12, 0.01348036308999581], "HFE": [4.0, 1, 0.0003884959920458906], "L": [8.0, 1, 0.0007422542037811085], "T": [63.0, 1, 0.013957289831883985], "DRB3": [57.0, 7, 0.007236283492292979], "DRB4": [6.0, 3, 0.0007617140518203137], "DMB": [26.0, 2, 0.0033382695377125117], "K": [20.0, 8, 0.001860728745068836], "W": [1.0, 1, 0.00010864190803206399], "V": [4.0, 1, 0.0007867607421122776], "H": [5.0, 4, 0.00046390887736319286], "DQA1": [178.0, 34, 0.02356850392370588], "DPB1": [143.0, 42, 0.01871493192570875]}