{"A": [5752.0, 764, 0.21594113861943426], "B": [7511.0, 827, 0.2843077719927954], "C": [3259.0, 622, 0.12201574928963435], "DMA": [155.0, 2, 0.008128829264749936], "DMB": [13.0, 3, 0.0006766078317629101], "DOA": [17.0, 7, 0.0009306208853668221], "DPB1": [586.0, 100, 0.031088190675690297], "DQB1": [308.0, 53, 0.015674169805215313], "DRA": [1406.0, 5, 0.07576048308448989], "DRB3": [146.0, 10, 0.007513446346145089], "E": [2234.0, 176, 0.0849518295314651], "F": [319.0, 9, 0.012631612759863717], "K": [28.0, 12, 0.001055982495402512], "L": [35.0, 2, 0.001316365040459564], "T": [98.0, 1, 0.008801004436083464], "Y": [22.0, 3, 0.0011005615067808947], "DRB4": [200.0, 8, 0.010292392254993274], "DRB1": [1146.0, 37, 0.058975407621111454], "DOB": [11.0, 3, 0.0005516196360021029], "DPA1": [826.0, 42, 0.04348476576055031], "J": [1.0, 1, 3.764477715182471e-05], "H": [4.0, 2, 0.00015044171890966446], "DQA1": [270.0, 30, 0.01449176870434502], "G": [3.0, 3, 0.00012159596159660194]}