{"A": [338.0, 187, 0.20555958433527963], "B": [633.0, 221, 0.38814965181369027], "C": [298.0, 147, 0.18073918340196604], "DPB1": [50.0, 16, 0.04297069284841125], "E": [128.0, 28, 0.0788504285596234], "T": [10.0, 1, 0.014548247644102633], "DMA": [9.0, 1, 0.0076461591625684435], "DRA": [27.0, 1, 0.023568161183446262], "DPA1": [28.0, 11, 0.023879192684802937], "F": [5.0, 2, 0.003207322607417439], "DRB1": [30.0, 13, 0.0250099088713225], "DRB3": [6.0, 3, 0.0050019817742645006], "DQA1": [1.0, 1, 0.0008694851131045713]}