{"A": [12209.0, 1229, 0.19523386940856038], "B": [21770.0, 1424, 0.35100067970246296], "C": [3659.0, 879, 0.0583515636963056], "DMA": [340.0, 2, 0.0075951049467328415], "DOB": [12.0, 5, 0.00025632256282232777], "DPB1": [1492.0, 128, 0.033715159029044456], "DQB1": [417.0, 104, 0.009039167710788125], "DRA": [2575.0, 8, 0.05910077915009587], "DRB1": [3492.0, 108, 0.07654540533361605], "DRB3": [574.0, 14, 0.012582205802261055], "DRB5": [5.0, 2, 0.00010960109583851094], "E": [6857.0, 288, 0.11106629262839489], "F": [569.0, 14, 0.009597076243846743], "H": [17.0, 7, 0.00027234272299872324], "L": [130.0, 1, 0.002082620822931413], "T": [278.0, 1, 0.010634314953868384], "V": [22.0, 2, 0.0007471530022693384], "DPA1": [1285.0, 69, 0.028815009943842076], "DRB4": [491.0, 9, 0.010762827611341775], "DMB": [99.0, 3, 0.002194761944166182], "DQA1": [852.0, 63, 0.01947851225447486], "K": [11.0, 4, 0.00017670544472701187], "DPB2": [15.0, 2, 0.0003393961769329147], "DOA": [13.0, 5, 0.00030312781167766647]}