{"A": [8176.0, 1173, 0.14970854981142032], "B": [11607.0, 979, 0.21428914176814723], "C": [8657.0, 776, 0.15808408845740854], "DOA": [29.0, 9, 0.0007743032506463457], "DPA1": [2599.0, 81, 0.06673483303684676], "DPB1": [2230.0, 170, 0.05770213799551047], "DQB1": [1221.0, 145, 0.03030670389895737], "DRA": [4231.0, 5, 0.11119612446580891], "DRB1": [3557.0, 76, 0.08928107481593854], "DRB5": [2.0, 1, 5.020021074834891e-05], "E": [3662.0, 176, 0.06791991262920821], "F": [457.0, 16, 0.008826195267006896], "HFE": [2.0, 1, 3.840531882466807e-05], "L": [139.0, 2, 0.0025498363432985486], "T": [157.0, 1, 0.006876936713594894], "DMB": [68.0, 2, 0.0017262027014148158], "K": [12.0, 5, 0.0002207339550380282], "DPB2": [18.0, 2, 0.00046635737021243203], "DMA": [474.0, 1, 0.01212450051887317], "DPA2": [1.0, 1, 2.742862811011424e-05], "DOB": [31.0, 6, 0.0007582247159928539], "DQA1": [770.0, 52, 0.02015754165576768], "DRB4": [2.0, 1, 5.020021074834891e-05], "J": [2.0, 1, 3.672179799947714e-05], "DRB3": [3.0, 1, 7.530031612252335e-05], "H": [1.0, 1, 1.834414635466582e-05]}