{"A": [2929.0, 760, 0.1280293930988339], "B": [8206.0, 1080, 0.361656510900744], "C": [1454.0, 555, 0.0633825551206416], "DMA": [130.0, 2, 0.007938043262612774], "DMB": [46.0, 3, 0.0027875669405888447], "DPA1": [1025.0, 49, 0.0628282204000784], "DPB1": [729.0, 135, 0.04502971152576521], "DQB1": [338.0, 92, 0.02002738914996971], "DRA": [1415.0, 9, 0.0887743824660161], "DRB3": [204.0, 12, 0.012223351665229833], "DRB5": [329.0, 5, 0.019713150479708896], "DRB7": [1.0, 1, 0.00012798568214181824], "E": [1736.0, 180, 0.07686225006856429], "K": [13.0, 5, 0.0005708419034230228], "L": [84.0, 1, 0.003678420609002988], "T": [107.0, 1, 0.011188290840828882], "DPB2": [4.0, 2, 0.0002473950041401126], "DRB1": [1209.0, 94, 0.07244133413364151], "H": [4.0, 3, 0.00017516288614299942], "DOB": [10.0, 4, 0.0005838762871433315], "F": [166.0, 8, 0.0076533224911894205], "DQA1": [209.0, 45, 0.013061038851386727], "DOA": [16.0, 7, 0.001019806232205723]}