{"A": [47.0, 39, 0.21564545134546623], "B": [33.0, 28, 0.15266196362174203], "DRB3": [5.0, 5, 0.03144722097077083], "DMB": [3.0, 2, 0.019082745452717754], "DMA": [1.0, 1, 0.006409471755111308], "DRA": [19.0, 1, 0.12512294273311406], "DPA1": [13.0, 9, 0.08364237853605024], "DQB1": [11.0, 8, 0.06841517628974365], "DPB1": [5.0, 4, 0.03241856370345873], "DRB1": [11.0, 8, 0.06918388613569583], "E": [6.0, 4, 0.027884749812827417], "DQA1": [4.0, 3, 0.026238774997486912], "C": [31.0, 25, 0.1418466746458148]}