{"A": [251.0, 148, 0.2580162304348208], "B": [205.0, 134, 0.21247196085656936], "C": [203.0, 131, 0.2081058858717318], "DRA": [8.0, 5, 0.011803320407986177], "E": [55.0, 30, 0.05726760910586006], "T": [13.0, 1, 0.031967326104962564], "DRB4": [12.0, 3, 0.016909251146272335], "DMA": [2.0, 1, 0.002871991129805797], "DRB3": [15.0, 2, 0.021136563932840417], "F": [34.0, 2, 0.036864116692089395], "DRB1": [66.0, 20, 0.09300088130449782], "DQB1": [11.0, 7, 0.015327923029815383], "H": [1.0, 1, 0.001029828936143867], "DMB": [1.0, 1, 0.0014251168106233312], "DPB1": [8.0, 7, 0.011621029745314577], "DPA1": [14.0, 8, 0.02018096449066602]}