{"A": [28508.0, 2096, 0.12684908640915235], "B": [51627.0, 1713, 0.23161780589167016], "C": [49486.0, 1634, 0.21959273382946884], "DMA": [1520.0, 2, 0.009448088999142552], "DPA1": [8655.0, 88, 0.05400428789913703], "DPB1": [8255.0, 298, 0.05190617092114281], "DQA1": [5113.0, 117, 0.032526512931191805], "DQB1": [3457.0, 283, 0.020851499613911743], "DRA": [13060.0, 8, 0.08340741767323542], "DRB1": [10860.0, 112, 0.06623998765779687], "DRB4": [3213.0, 10, 0.019597521210359244], "DRB5": [3025.0, 5, 0.01845082529142132], "DRB7": [1.0, 1, 1.3028417461975519e-05], "E": [10940.0, 344, 0.049307271806046646], "F": [1376.0, 15, 0.006457889923515242], "H": [24.0, 14, 0.0001069851798884851], "HFE": [1.0, 1, 4.666338632512721e-06], "K": [19.0, 7, 8.492907082943785e-05], "L": [197.0, 3, 0.0008781700182513151], "T": [540.0, 1, 0.005747831233224494], "DMB": [392.0, 3, 0.0024181532410484864], "DPB2": [12.0, 2, 7.555138992124978e-05], "DPA2": [9.0, 1, 5.998759745452575e-05], "V": [2.0, 1, 1.8900025331685956e-05], "DOB": [14.0, 4, 8.321069546882174e-05], "DOA": [35.0, 12, 0.00022708894978542985], "DRB3": [4.0, 2, 2.439778550931745e-05]}