{"A": [46.0, 38, 0.19809202369353338], "E": [29.0, 11, 0.1264969961986501], "T": [5.0, 1, 0.051507303688429394], "DPA1": [5.0, 4, 0.03019393664494137], "B": [113.0, 71, 0.49063899364697283], "C": [24.0, 21, 0.10307074612747287]}