{"A": [6728.0, 1108, 0.19676274798134727], "B": [5594.0, 1073, 0.16495056933566654], "C": [5670.0, 907, 0.16536933368291748], "DMA": [363.0, 2, 0.014830073914247984], "DOB": [1.0, 1, 3.9064963157115e-05], "DPA1": [1207.0, 60, 0.049499948219903285], "DPB1": [881.0, 153, 0.036409450642272655], "DQA1": [494.0, 56, 0.020654988879275225], "DQB1": [458.0, 100, 0.01815681613523213], "DRA": [1857.0, 9, 0.07794884872030171], "DRB1": [2464.0, 75, 0.0987796365769363], "DRB3": [649.0, 8, 0.026017850705532326], "DRB5": [15.0, 3, 0.0006013370733173882], "E": [2362.0, 243, 0.06996967354905981], "F": [473.0, 14, 0.014590482291321089], "L": [34.0, 1, 0.0009961565605064325], "T": [305.0, 1, 0.021337640333595427], "DRB4": [462.0, 10, 0.018521181858175556], "DMB": [79.0, 3, 0.003203031032192846], "K": [1.0, 1, 2.9379139721087403e-05], "H": [44.0, 15, 0.001289143784184795], "DOA": [1.0, 1, 4.2644621135655416e-05]}