{"A": [2360.0, 635, 0.21486125521957222], "B": [3752.0, 740, 0.34441606110529444], "C": [765.0, 271, 0.0694580460547361], "DMA": [81.0, 2, 0.010301747917323455], "DMB": [28.0, 4, 0.003534120029998357], "DQB1": [134.0, 57, 0.016537437854658978], "DRA": [646.0, 8, 0.08441498128796075], "DRB5": [218.0, 5, 0.027206484211672745], "E": [721.0, 145, 0.06648970838725692], "HFE": [5.0, 1, 0.0004773882971344486], "L": [11.0, 1, 0.0010032994558571977], "T": [50.0, 1, 0.010889445470583174], "DPA1": [282.0, 50, 0.036002759714466016], "DRB3": [53.0, 8, 0.0066144204734800705], "DRB1": [483.0, 45, 0.060278586579073104], "K": [1.0, 1, 9.145938647754211e-05], "F": [90.0, 8, 0.008642516664549297], "DOB": [2.0, 1, 0.00024322411051083583], "DPB1": [232.0, 67, 0.02984801207905948], "DQA1": [66.0, 30, 0.008590751590777256], "G": [1.0, 1, 9.829410955747643e-05]}