{"A": [4684.0, 691, 0.13082363892764037], "B": [12402.0, 1037, 0.3492492853068168], "C": [4911.0, 669, 0.13678998249193902], "DPA1": [991.0, 65, 0.03881356830695244], "DPB1": [874.0, 146, 0.034495472070145396], "DQB1": [591.0, 85, 0.022375571719235047], "DRB3": [654.0, 16, 0.025038996015022623], "E": [1654.0, 145, 0.04679267807882063], "F": [361.0, 12, 0.010634771210198317], "K": [2.0, 1, 5.611532887357446e-05], "L": [110.0, 3, 0.003077895068645008], "T": [163.0, 1, 0.010890469364691886], "DRB1": [2169.0, 68, 0.08304217485716218], "DMB": [95.0, 3, 0.003678494427769952], "DMA": [329.0, 1, 0.012836452873378342], "DRA": [1947.0, 6, 0.07805059087014148], "DOB": [4.0, 2, 0.00014923127605551552], "DQA1": [321.0, 51, 0.01281785903729181], "DOA": [4.0, 3, 0.0001629058551362998], "H": [8.0, 5, 0.00022384691408327328]}