{"A": [1004.0, 415, 0.22056466315127585], "B": [1034.0, 378, 0.22903255677461348], "C": [366.0, 201, 0.08018595920702018], "DMA": [84.0, 2, 0.025778717207212466], "DRA": [237.0, 7, 0.07472939618415737], "DRB1": [425.0, 48, 0.12798556095162777], "L": [7.0, 1, 0.0015406076433142487], "T": [37.0, 1, 0.019444357656918584], "DRB4": [153.0, 8, 0.046074801942586], "DMB": [5.0, 2, 0.0015228228508950366], "DPB1": [99.0, 41, 0.030733975313507855], "E": [260.0, 58, 0.05785602978898633], "F": [43.0, 7, 0.009963737754098244], "DPA1": [98.0, 26, 0.030190400611767344], "DQA1": [72.0, 17, 0.022613919335791294], "DRB3": [36.0, 6, 0.010841129868843766], "DQB1": [36.0, 25, 0.010720672870301057], "K": [1.0, 1, 0.00022069088708305014]}