{"A": [11976.0, 1652, 0.15074697789807634], "B": [10770.0, 1336, 0.136686930430695], "C": [12370.0, 1408, 0.1552821543803567], "DMA": [758.0, 2, 0.013328639653450514], "DOA": [59.0, 13, 0.001082919571124673], "DOB": [43.0, 5, 0.0007229958512401705], "DPA1": [4633.0, 84, 0.08177860637886702], "DPB1": [3323.0, 266, 0.059108302823550125], "DQA1": [1718.0, 105, 0.030917267718567214], "DQB1": [2317.0, 297, 0.03953485789204411], "DRA": [6697.0, 8, 0.12099238313880398], "DRB1": [6087.0, 100, 0.10502917468345122], "DRB5": [7.0, 4, 0.00012078268815248211], "DRB7": [1.0, 1, 3.685597455624311e-05], "E": [5167.0, 374, 0.06587920451987136], "F": [895.0, 13, 0.011882599865935728], "HFE": [6.0, 1, 7.920338371685482e-05], "K": [27.0, 9, 0.0003414151348416848], "L": [53.0, 2, 0.0006683508159720181], "T": [263.0, 1, 0.007919216755140472], "V": [5.0, 2, 0.0001336652848993343], "DRB3": [775.0, 16, 0.013372369045453376], "DMB": [222.0, 3, 0.0038740655073323717], "DPB2": [13.0, 3, 0.00023153721129083138], "DPA2": [9.0, 1, 0.00016969838216551226], "H": [5.0, 3, 6.305196377094509e-05], "Y": [1.0, 1, 1.677304667304753e-05]}