{"A": [2720.0, 523, 0.14879794526214407], "B": [7042.0, 901, 0.38841725183943326], "C": [2803.0, 642, 0.15292065480099284], "DMA": [38.0, 2, 0.0029039652878113773], "DMB": [5.0, 2, 0.0003792059935240136], "DPB1": [497.0, 93, 0.03842074131142763], "DRA": [608.0, 6, 0.04773891171178546], "DRB1": [656.0, 59, 0.04919281706551518], "DRB3": [91.0, 13, 0.006824003586832136], "E": [1466.0, 190, 0.081233479947032], "L": [39.0, 1, 0.0021373931985346224], "T": [99.0, 1, 0.012955461237573358], "DPA1": [451.0, 46, 0.034597534416048396], "J": [3.0, 2, 0.00016456501198411987], "K": [4.0, 2, 0.0002198215164655215], "DQB1": [164.0, 43, 0.01216155755230792], "F": [156.0, 10, 0.009001279329851859], "DOB": [21.0, 5, 0.0015345387066402418], "DQA1": [132.0, 40, 0.01032388317369127], "DRB5": [1.0, 1, 7.498905040474876e-05]}