{"A": [7290.0, 1088, 0.21721346013629755], "B": [5791.0, 722, 0.17397515447767745], "C": [4295.0, 805, 0.1276254818591612], "DMA": [372.0, 3, 0.015483956389321976], "DPA1": [1450.0, 77, 0.06058537296897189], "DPB1": [1007.0, 151, 0.04240040426392217], "DQA1": [731.0, 76, 0.031139935059598906], "DQB1": [523.0, 136, 0.0211241000418482], "DRA": [2157.0, 8, 0.09224657611346285], "DRB1": [2747.0, 74, 0.112198664862314], "DRB3": [122.0, 8, 0.004982976743066003], "DRB5": [20.0, 4, 0.0008168814332895085], "E": [1998.0, 207, 0.06030144889638667], "F": [306.0, 11, 0.009616836723720379], "H": [2.0, 2, 5.9700914969424845e-05], "HFE": [6.0, 1, 0.00018748482179509922], "L": [34.0, 3, 0.0010149155544802225], "T": [120.0, 1, 0.008553229125031325], "DRB4": [409.0, 9, 0.01670522531077045], "DMB": [78.0, 3, 0.0032220402897135047], "K": [3.0, 3, 8.979716762098303e-05], "G": [8.0, 7, 0.00025735379668235847], "DOB": [5.0, 2, 0.00019900304989808285]}