{"A": [22760.0, 1796, 0.2725983486560289], "B": [29956.0, 2009, 0.3617505875704368], "C": [6867.0, 1150, 0.08202250552392072], "DMA": [920.0, 2, 0.015392833945897123], "DMB": [145.0, 4, 0.0024076653557502953], "DPB1": [922.0, 145, 0.015604979600917796], "DQB1": [709.0, 143, 0.011511038841070683], "DRA": [3369.0, 9, 0.05791524246247477], "DRB1": [3490.0, 96, 0.057298890667030665], "DRB3": [1099.0, 20, 0.018043404253027705], "DRB5": [7.0, 2, 0.00011492614173902998], "E": [4861.0, 275, 0.05897251396543664], "F": [961.0, 14, 0.012140203347217984], "HFE": [12.0, 1, 0.00015072589362744658], "K": [42.0, 11, 0.0005053385518735389], "L": [79.0, 3, 0.0009479159701647651], "T": [398.0, 1, 0.011403119867450755], "Y": [5.0, 2, 7.979875132885143e-05], "DRB4": [13.0, 5, 0.00021343426322962712], "DQA1": [122.0, 35, 0.0020890648108298896], "DPA1": [1109.0, 58, 0.018626149615408864], "DOB": [1.0, 1, 1.5998581774932745e-05], "H": [9.0, 8, 0.00010799042698079603], "DOA": [5.0, 4, 8.732293638110701e-05]}