{"A": [13500.0, 1453, 0.1250055316919008], "B": [23561.0, 1233, 0.2199700952112217], "C": [34201.0, 1332, 0.3158270245874376], "DMA": [718.0, 2, 0.00928751870575381], "DPA1": [2601.0, 72, 0.03377352518308841], "DPB1": [2999.0, 218, 0.039242191269300106], "DQB1": [920.0, 161, 0.011547836112838637], "DRA": [4114.0, 8, 0.05467649359513598], "DRB1": [4004.0, 107, 0.050822889858604434], "DRB3": [33.0, 8, 0.00041886997136212446], "DRB4": [1434.0, 10, 0.01820180421009959], "DRB5": [1241.0, 5, 0.015752049529102922], "E": [7509.0, 266, 0.07042885459525641], "F": [793.0, 12, 0.007744979294950133], "L": [64.0, 2, 0.0005937002381084923], "T": [379.0, 1, 0.00839507011527975], "V": [1.0, 1, 1.966560266461882e-05], "DMB": [150.0, 3, 0.0019255902609105929], "K": [9.0, 5, 8.371825178268194e-05], "DPB2": [9.0, 2, 0.00011791758917328785], "DOB": [25.0, 7, 0.0003092188740148397], "DOA": [10.0, 5, 0.0001350214684941292], "G": [5.0, 4, 4.9985823882044886e-05], "DQA1": [1176.0, 78, 0.015568397259462144], "J": [1.0, 1, 9.285037970418202e-06], "H": [10.0, 4, 9.276566220445191e-05]}