{"B": [243.0, 113, 0.47552490732275], "C": [15.0, 15, 0.02903346139169076], "DRB1": [10.0, 6, 0.026604944646068683], "F": [1.0, 1, 0.0020471239828531236], "L": [1.0, 1, 0.0019443942209398737], "DRA": [1.0, 1, 0.0027856942041177796], "DPB1": [15.0, 10, 0.04114007849710621], "E": [97.0, 17, 0.19069413138059027], "DPA1": [9.0, 5, 0.024494897312070135], "A": [106.0, 73, 0.2057303670418131]}