{"A": [265.0, 153, 0.3946863143623782], "B": [154.0, 81, 0.23126045452176397], "C": [84.0, 66, 0.12476722069566558], "T": [3.0, 1, 0.010688508402266404], "DRB4": [7.0, 3, 0.014291376403030359], "DRA": [10.0, 2, 0.021377016804532807], "DRB1": [20.0, 7, 0.04083250400865816], "DPB1": [22.0, 12, 0.04630311361908457], "DQA1": [10.0, 6, 0.0212935128326401], "DPA1": [25.0, 9, 0.052213977827163464], "E": [20.0, 10, 0.03017235766691438], "DQB1": [6.0, 5, 0.012113642855901923]}