{"A": [5644.0, 868, 0.17140895605329176], "B": [7449.0, 978, 0.2280966670730541], "C": [3560.0, 604, 0.10782302798911483], "DMA": [283.0, 3, 0.012006397965067176], "DPA1": [1182.0, 65, 0.0503389971625017], "DPB1": [1341.0, 117, 0.05755149424727658], "DQB1": [647.0, 87, 0.026635944832487855], "DRA": [2006.0, 8, 0.08744164887821361], "DRB3": [320.0, 8, 0.01332190422825574], "DRB7": [1.0, 1, 8.892371072360706e-05], "E": [2990.0, 180, 0.09197943786793766], "F": [428.0, 12, 0.013710139837789563], "K": [26.0, 12, 0.0007932352969397703], "L": [65.0, 3, 0.001977660081102119], "T": [146.0, 1, 0.01060691320722764], "Y": [45.0, 2, 0.001821101478714647], "DRB4": [192.0, 8, 0.007993142536953445], "DMB": [62.0, 2, 0.002610449841318011], "DPB2": [7.0, 2, 0.0003008050781565316], "DRB1": [1883.0, 58, 0.07839108019314238], "DOB": [15.0, 8, 0.0006085107941852673], "DOA": [31.0, 10, 0.0013728262113704278], "DQA1": [760.0, 59, 0.03299903327633856], "H": [4.0, 4, 0.00012170215883705346]}