{"A": [1552.0, 433, 0.11057801981785863], "B": [2890.0, 488, 0.20761053840089352], "C": [1085.0, 319, 0.0770942256978248], "DMA": [163.0, 2, 0.01622349764473767], "DPB1": [923.0, 107, 0.09293089374982427], "DQA1": [627.0, 40, 0.06386835822688929], "DQB1": [372.0, 67, 0.03592835661092279], "DRB1": [1288.0, 58, 0.12579482597372751], "DRB7": [1.0, 1, 0.00020861626419245492], "E": [560.0, 100, 0.040414589926582596], "L": [7.0, 1, 0.0004996511802054692], "T": [18.0, 1, 0.0030678862381243372], "DPA1": [804.0, 31, 0.08032925115456598], "DRB3": [203.0, 7, 0.019826358441511403], "DMB": [28.0, 2, 0.00276574592679391], "DPB2": [7.0, 2, 0.0007056929040015388], "DRA": [1145.0, 5, 0.11709099142174553], "F": [61.0, 9, 0.004584147015756395], "DRB5": [1.0, 1, 9.766679035227291e-05], "DOB": [4.0, 3, 0.00038068661348988127]}