{"A": [269.0, 131, 0.2081648943882423], "B": [252.0, 137, 0.19662114083603555], "C": [190.0, 92, 0.14663033696057015], "DRA": [66.0, 3, 0.07330608920245471], "F": [25.0, 4, 0.020405480685776297], "L": [2.0, 1, 0.001550518641890009], "T": [3.0, 1, 0.005553491606246569], "DMB": [3.0, 1, 0.003218500817256534], "DRB1": [75.0, 18, 0.07955844716813905], "DPA1": [38.0, 13, 0.04123627100730211], "E": [138.0, 34, 0.10817013078809044], "DPB1": [71.0, 22, 0.07764167222478312], "DQA1": [21.0, 10, 0.023233552774570607], "DRB3": [2.0, 2, 0.0021215585911503747], "DQB1": [12.0, 6, 0.012587914307492223]}