{"B": [167.0, 119, 0.4070104447646496], "C": [93.0, 73, 0.2241881186641943], "DPA1": [5.0, 5, 0.01694826340991211], "DRB5": [3.0, 1, 0.009940442134802382], "T": [1.0, 1, 0.005782348692793543], "DMB": [1.0, 1, 0.0033511339015053487], "DMA": [1.0, 1, 0.003376715076326], "DRA": [17.0, 2, 0.05897995666649413], "F": [4.0, 3, 0.010198263400546536], "E": [21.0, 11, 0.051417028643761034], "DQB1": [4.0, 2, 0.013106657036998695], "DRB1": [9.0, 6, 0.029821326404407145], "DRB3": [3.0, 2, 0.009940442134802382], "DQA1": [2.0, 2, 0.006911713671854781], "A": [56.0, 44, 0.13536383497228163], "DPB1": [4.0, 4, 0.013663310424670455]}