{"A": [1153.0, 569, 0.1662763865511879], "B": [2007.0, 800, 0.29182540947871927], "C": [1145.0, 532, 0.16467276530601677], "DMA": [65.0, 3, 0.013094665876779328], "DRA": [304.0, 7, 0.06292391841651401], "DRB1": [448.0, 94, 0.08856234525801501], "DRB3": [57.0, 10, 0.011267976963631372], "DRB5": [45.0, 7, 0.008895771287077399], "E": [498.0, 102, 0.07274508763576466], "F": [90.0, 10, 0.013689746015271849], "L": [16.0, 2, 0.0023116018818974847], "T": [50.0, 1, 0.017248881144877746], "DRB4": [35.0, 7, 0.0069189332232824224], "K": [19.0, 6, 0.0027525616187461816], "DPA1": [137.0, 39, 0.027705271852703633], "DPB1": [154.0, 76, 0.031383639964139724], "DQB1": [43.0, 27, 0.008405954744603756], "DQA1": [35.0, 25, 0.007216231135220338], "DOA": [10.0, 4, 0.002102851645550833]}