{"A": [197.0, 131, 0.17453085777138497], "B": [510.0, 302, 0.45556529641043647], "C": [89.0, 58, 0.07863411888193605], "DMA": [15.0, 2, 0.018564234687582896], "DRA": [48.0, 5, 0.06103629161595882], "DRB1": [41.0, 18, 0.049792012238206104], "DRB5": [18.0, 2, 0.021859907811895365], "E": [93.0, 31, 0.08345685284089388], "L": [5.0, 1, 0.004437800627871093], "T": [3.0, 1, 0.006357947043329044], "DMB": [4.0, 2, 0.00491295907893608], "F": [15.0, 4, 0.014016799677656249], "DQB1": [12.0, 8, 0.014411346631545833], "DPA1": [10.0, 6, 0.012423574682367098]}