{"A": [348.0, 198, 0.23427867581569867], "B": [641.0, 286, 0.43509691759616387], "C": [164.0, 117, 0.11010635501551487], "DMA": [6.0, 2, 0.005642668817356258], "E": [93.0, 33, 0.06341755922680009], "L": [1.0, 1, 0.0006744430794467791], "T": [6.0, 1, 0.009662609347368234], "DRA": [8.0, 2, 0.007730087477894587], "F": [34.0, 4, 0.02414260030019671], "DPA1": [29.0, 9, 0.02737739315087666], "DRB5": [2.0, 1, 0.001845666953991685], "DRB3": [11.0, 5, 0.010151168246954268], "DRB1": [45.0, 19, 0.041527506464812916], "DPB1": [25.0, 18, 0.023783449648444976], "DQB1": [5.0, 5, 0.004562898858479444]}