{"A": [286.0, 173, 0.17354846544036534], "B": [410.0, 231, 0.250849397252704], "C": [251.0, 143, 0.15189500320253618], "DPB1": [51.0, 26, 0.043732695087478186], "DRA": [96.0, 4, 0.08361166710150386], "DRB5": [16.0, 2, 0.01330897322776747], "E": [190.0, 44, 0.11678347760227925], "F": [34.0, 8, 0.021761321859090972], "T": [3.0, 1, 0.004354774328203326], "DMB": [3.0, 1, 0.002523789667481473], "DMA": [8.0, 1, 0.006781480633232661], "DPA1": [56.0, 24, 0.04765224322355824], "DRB1": [74.0, 27, 0.06155400117842455], "Y": [1.0, 1, 0.0008085928060862971], "DQB1": [19.0, 13, 0.015628801200107494], "DQA1": [6.0, 4, 0.005205316189180538]}