{"A": [2031.0, 543, 0.1832165834226118], "B": [2790.0, 528, 0.2537660504550891], "C": [1689.0, 457, 0.15194958824955643], "DMA": [136.0, 2, 0.017138529616223204], "DPA1": [183.0, 45, 0.02314976169087891], "DPB1": [287.0, 77, 0.03658626493192959], "DQA1": [179.0, 34, 0.023086016829665552], "DRA": [580.0, 6, 0.07509720185932175], "DRB1": [534.0, 66, 0.06603374646250705], "DRB3": [135.0, 6, 0.016693924667487738], "DRB5": [167.0, 3, 0.020651003107188537], "E": [762.0, 86, 0.06962783413897193], "L": [31.0, 1, 0.0028016142431629364], "T": [44.0, 1, 0.009495048510948727], "DMB": [39.0, 2, 0.00487749263643518], "F": [69.0, 6, 0.006565314850018713], "DQB1": [319.0, 91, 0.03900882429914769], "DRB4": [1.0, 1, 0.00012365870124064993], "DOA": [1.0, 1, 0.0001315413276145559]}