{"A": [1141.0, 348, 0.19112920852938062], "B": [2573.0, 432, 0.43456591892441565], "C": [504.0, 174, 0.08419513052550506], "DMA": [30.0, 2, 0.007020086537363767], "DRB3": [42.0, 9, 0.009644073939719213], "E": [658.0, 98, 0.11164528032245055], "F": [90.0, 7, 0.01590140639299113], "L": [19.0, 3, 0.0031885028086675944], "T": [28.0, 1, 0.01121990301483673], "DRA": [198.0, 3, 0.04760444564866442], "DRB4": [1.0, 1, 0.00022962080808855268], "DPA1": [123.0, 25, 0.028892632024659613], "DPB1": [75.0, 28, 0.017753500702599487], "DQA1": [6.0, 4, 0.001436923963116646], "DRB1": [148.0, 36, 0.0339838795971058], "DQB1": [7.0, 6, 0.0015894862604352035]}