{"A": [4381.0, 811, 0.12936836733965054], "B": [6021.0, 723, 0.17926600147848876], "C": [3863.0, 505, 0.11376130709964667], "DMA": [499.0, 2, 0.020584256444561733], "DOA": [28.0, 7, 0.001205647193009963], "DPB1": [1486.0, 147, 0.062009035291231945], "DQA1": [829.0, 54, 0.034998585696752245], "DQB1": [864.0, 132, 0.03458485090805723], "DRA": [3606.0, 6, 0.15283452496869407], "DRB1": [2672.0, 54, 0.10815861613568459], "DRB4": [2.0, 1, 8.095704800575193e-05], "DRB5": [1.0, 1, 4.047852400287596e-05], "DRB7": [1.0, 1, 8.646212727014306e-05], "E": [1719.0, 149, 0.051416650176675245], "F": [134.0, 12, 0.004173604126152439], "HFE": [3.0, 1, 9.29034318805262e-05], "K": [8.0, 4, 0.00023731599433708068], "L": [55.0, 1, 0.001627081546484216], "T": [122.0, 1, 0.008617957129867201], "DMB": [91.0, 2, 0.003725404157946505], "DPB2": [12.0, 2, 0.0005013912019531492], "DPA1": [2175.0, 81, 0.09006471590639901], "DOB": [56.0, 7, 0.0022088864631058447], "H": [12.0, 5, 0.00035499961014201075]}