{"A": [36363.0, 1344, 0.18911512009289408], "B": [67768.0, 1480, 0.35535765556159515], "C": [11789.0, 845, 0.06114466018836984], "DMA": [1950.0, 2, 0.014167099768838358], "DPA1": [5181.0, 67, 0.03778511229475607], "DPB1": [5296.0, 194, 0.038922062406595785], "DQB1": [2620.0, 122, 0.01847077676224388], "DRA": [12386.0, 5, 0.09245672962704868], "DRB1": [12331.0, 61, 0.08790926898949582], "DRB3": [1.0, 1, 7.129127320533275e-06], "DRB5": [11.0, 1, 7.842040052586602e-05], "E": [10963.0, 245, 0.057752264644667935], "F": [1910.0, 17, 0.010477351756923211], "H": [15.0, 10, 7.815370871916725e-05], "HFE": [4.0, 1, 2.1816355238766584e-05], "L": [1068.0, 3, 0.005564544060804708], "T": [844.0, 1, 0.01050022603547407], "DMB": [355.0, 3, 0.0025595997465028275], "K": [40.0, 8, 0.00020898192072267717], "DPB2": [13.0, 2, 9.566443658339302e-05], "DPA2": [10.0, 2, 7.790492474416307e-05], "DOB": [127.0, 8, 0.0008822685339852658], "DOA": [62.0, 9, 0.00047018156838289974], "DQA1": [2137.0, 70, 0.01588957163055686], "DQA2": [1.0, 1, 7.435457010087439e-06]}