{"A": [161.0, 85, 0.10516853365797682], "B": [323.0, 165, 0.2127340094105146], "C": [331.0, 151, 0.21562690910909776], "DPB1": [59.0, 34, 0.05446196109763667], "DRA": [112.0, 4, 0.10500714971885972], "T": [1.0, 1, 0.0015626063946258888], "DMA": [15.0, 1, 0.01368771631933746], "DRB1": [124.0, 36, 0.11103284089454066], "F": [17.0, 3, 0.011712793177008463], "E": [44.0, 16, 0.029112913972199672], "DPA1": [102.0, 26, 0.09343308580280313], "DQA1": [25.0, 14, 0.02334753695095322], "DRB3": [9.0, 6, 0.008058835226216662], "DQB1": [17.0, 10, 0.015053108268229394]}