{"A": [310.0, 185, 0.2569498809655868], "B": [336.0, 165, 0.28080217330155516], "C": [240.0, 145, 0.1983868993936639], "E": [111.0, 32, 0.09319288653828052], "L": [2.0, 1, 0.0016607662426431262], "T": [11.0, 1, 0.02181067300795809], "DQA1": [2.0, 2, 0.002370051825438628], "DMA": [1.0, 1, 0.0011578879147181084], "DRA": [25.0, 2, 0.029741826829033764], "F": [17.0, 4, 0.014862342282865863], "DPB1": [25.0, 19, 0.029282493596152932], "DQB1": [8.0, 5, 0.008988640997219093], "DRB3": [1.0, 1, 0.0011362046204349977], "DRB1": [30.0, 19, 0.03408613861304993], "DPA1": [22.0, 10, 0.025571133871399143]}