{"A": [76.0, 56, 0.19025028221893533], "B": [107.0, 78, 0.27006602697759696], "C": [35.0, 28, 0.08737652786550128], "DPA1": [3.0, 3, 0.010531095476728725], "DRA": [24.0, 3, 0.08623108766827285], "L": [1.0, 1, 0.0025078612403523696], "T": [9.0, 1, 0.053894429792670534], "DRB4": [12.0, 2, 0.04117776658316401], "DRB1": [25.0, 14, 0.08578701371492502], "DMA": [6.0, 1, 0.02098180091165036], "F": [1.0, 1, 0.0026403611137619572], "E": [49.0, 18, 0.12424555355339821], "DQA1": [3.0, 2, 0.010736780935258584], "DQB1": [4.0, 3, 0.01357341194778369]}