{"A": [27.0, 22, 0.23707723782956724], "C": [16.0, 13, 0.14010740788474577], "T": [1.0, 1, 0.021004664499061153], "DRB3": [3.0, 2, 0.03610914234108265], "DRA": [4.0, 1, 0.05041119479774676], "DRB1": [9.0, 5, 0.10832742702324795], "E": [3.0, 3, 0.02668212455277417], "DPA1": [5.0, 3, 0.061565395945524064], "B": [36.0, 20, 0.3187154051262502]}