{"A": [160.0, 114, 0.1502522866924149], "B": [212.0, 127, 0.20072960449445343], "C": [39.0, 35, 0.03652420197969227], "DMA": [2.0, 2, 0.002623680197014497], "DRA": [141.0, 4, 0.19004704674139125], "DRB1": [93.0, 20, 0.1197164638210772], "DRB3": [40.0, 9, 0.05149095218110847], "F": [39.0, 6, 0.038629343304170206], "T": [12.0, 1, 0.02695702790658032], "DMB": [1.0, 1, 0.0013019019159427995], "DPA1": [20.0, 11, 0.02633732611562445], "DPB1": [41.0, 22, 0.05440844146009599], "E": [51.0, 19, 0.04851145958372837], "DQB1": [37.0, 23, 0.04709991820344172], "DQA1": [4.0, 2, 0.0053703454032640475]}