{"A": [630.0, 243, 0.20057206863125598], "B": [805.0, 238, 0.2584046026534914], "C": [566.0, 219, 0.1797054947855909], "DPB1": [85.0, 39, 0.0382410801931628], "DRA": [129.0, 6, 0.05894683876972376], "E": [295.0, 56, 0.09513163877225755], "L": [3.0, 1, 0.0009568479812179315], "T": [21.0, 1, 0.01599332834837466], "DRB4": [3.0, 3, 0.0013092451777963205], "DMB": [13.0, 2, 0.005737866176933118], "DMA": [39.0, 1, 0.017345000046301635], "F": [19.0, 4, 0.006380212091220686], "DRB1": [181.0, 24, 0.07899112572704467], "DRB3": [20.0, 4, 0.008728301185308804], "DQA1": [22.0, 5, 0.010013679914551545], "DPA1": [45.0, 16, 0.020090141521357335], "DQB1": [8.0, 5, 0.003452528024411038]}