{"A": [178.0, 106, 0.27578826377907484], "B": [332.0, 157, 0.5186427633070688], "C": [26.0, 24, 0.040173914186107766], "T": [2.0, 1, 0.00741268300970415], "DRB1": [2.0, 2, 0.004247717230279905], "DRA": [11.0, 1, 0.02446185393202369], "F": [9.0, 3, 0.014707873925594545], "E": [73.0, 22, 0.11456493063014618]}