{"A": [711.0, 292, 0.1305203516348573], "B": [1390.0, 325, 0.2572751825532552], "C": [918.0, 212, 0.16806076526170083], "DMA": [44.0, 2, 0.011283429116757077], "DPB1": [208.0, 56, 0.053957682796313945], "DQA1": [73.0, 30, 0.019158990171084505], "DRA": [412.0, 5, 0.10855423106766719], "DRB1": [295.0, 26, 0.07423359179725524], "DRB5": [19.0, 2, 0.004781146590331693], "E": [323.0, 53, 0.06005984605216482], "L": [5.0, 1, 0.0009195395742546306], "T": [31.0, 1, 0.013613192407353088], "DMB": [1.0, 1, 0.0002544988316623928], "DQB1": [153.0, 53, 0.03807302521669396], "DPA1": [204.0, 29, 0.05251451754026752], "F": [31.0, 7, 0.006002358611887673], "K": [4.0, 2, 0.0007376507764926443]}