{"A": [9090.0, 958, 0.188356463913034], "B": [8658.0, 1058, 0.18088755446108604], "C": [10351.0, 916, 0.2139015714531213], "DMA": [316.0, 2, 0.009147102003848648], "DPB1": [1470.0, 126, 0.04304426550220258], "DQB1": [452.0, 45, 0.012696160427845432], "DRA": [2125.0, 8, 0.06319991363418632], "DRB1": [2427.0, 58, 0.06893761365850347], "DRB3": [4.0, 3, 0.00011361782226370577], "DRB5": [650.0, 7, 0.018462896117852186], "E": [4593.0, 213, 0.09640202324340813], "F": [453.0, 12, 0.009900712694969362], "H": [1.0, 1, 2.0759095719258283e-05], "HFE": [11.0, 1, 0.00023903692262786805], "K": [23.0, 9, 0.00047876970255357986], "L": [88.0, 1, 0.001826800423294729], "T": [247.0, 1, 0.012243434249132568], "Y": [30.0, 3, 0.0008283483825839955], "DPA1": [1615.0, 65, 0.04692775196285559], "DRB4": [354.0, 9, 0.01005517727033796], "DMB": [84.0, 3, 0.0024130876114871144], "DQA1": [605.0, 39, 0.01792310050719503], "DPB2": [2.0, 2, 5.863909512450278e-05], "DOB": [59.0, 6, 0.0016330488632483183], "DOA": [10.0, 7, 0.0003021509815180223]}