{"A": [463.0, 193, 0.20458281117797678], "B": [542.0, 239, 0.2414692859420691], "C": [76.0, 65, 0.03349012467986066], "DPB1": [82.0, 46, 0.05120157549866524], "DRA": [169.0, 5, 0.10718049551181617], "DRB1": [152.0, 24, 0.09206648507497274], "DRB5": [77.0, 3, 0.04663894309719014], "L": [10.0, 1, 0.004426698433601443], "T": [9.0, 1, 0.009513061731818004], "DRB4": [32.0, 6, 0.019382417910520578], "DMB": [11.0, 2, 0.006738418726704419], "K": [6.0, 5, 0.00266330913992343], "DMA": [38.0, 1, 0.023455869766238285], "F": [13.0, 5, 0.006058751131791869], "E": [83.0, 31, 0.03714833054500517], "DPA1": [85.0, 23, 0.05266810039263224], "DQA1": [61.0, 26, 0.038535332093340896], "DQB1": [34.0, 25, 0.020364998818484466], "DOB": [3.0, 2, 0.0017706793734405773], "DOA": [1.0, 1, 0.0006443109539478329]}