{"A": [441.0, 217, 0.21240004379492777], "B": [844.0, 283, 0.4098575309584926], "C": [265.0, 129, 0.12728490640957227], "E": [337.0, 72, 0.16440649522902065], "L": [3.0, 1, 0.0014475349327600097], "T": [1.0, 1, 0.001152141093903392], "DRB4": [3.0, 1, 0.001980647049069876], "DRA": [39.0, 3, 0.026960101597339373], "DPA1": [10.0, 9, 0.00675393055046816], "F": [19.0, 4, 0.009652086916360693], "DRB1": [20.0, 9, 0.013204313660465839], "DQB1": [13.0, 11, 0.008487439391754987], "H": [7.0, 4, 0.003377581509773356], "DPB1": [6.0, 5, 0.004083650672599667], "DQA1": [13.0, 7, 0.008951596233491588]}