{"A": [4599.0, 904, 0.11955452294487587], "B": [6673.0, 1071, 0.17490337363415528], "C": [6258.0, 906, 0.16223822314149927], "DMA": [336.0, 3, 0.012201737362145647], "DPA1": [1808.0, 82, 0.06590852697385222], "DPB1": [1462.0, 183, 0.0537070496201705], "DQA1": [1252.0, 110, 0.046531606869425035], "DQB1": [707.0, 143, 0.024913763431874854], "DRA": [2714.0, 8, 0.1012635969027332], "DRB1": [3399.0, 140, 0.12112215519674584], "DRB3": [576.0, 13, 0.020525554984797172], "DRB5": [4.0, 3, 0.0001425385762833137], "E": [2207.0, 217, 0.05811362844180718], "F": [347.0, 9, 0.00951444996691119], "H": [17.0, 9, 0.0004427344418909404], "L": [48.0, 2, 0.0012500737182803024], "T": [116.0, 1, 0.007213569909553582], "DRB4": [427.0, 7, 0.015215993018243737], "DMB": [130.0, 3, 0.004685145817039601], "K": [3.0, 2, 7.834405279249837e-05], "DPB2": [4.0, 2, 0.00014713066959141016], "DPA2": [1.0, 1, 3.8940450069213604e-05], "DOB": [5.0, 2, 0.00017362134976115312], "DOA": [3.0, 3, 0.00011371852550093056]}