{"A": [2029.0, 603, 0.13198978209756312], "B": [5213.0, 928, 0.34191680776305866], "C": [2363.0, 581, 0.1532981831096703], "DMA": [115.0, 2, 0.01045047183865709], "DPA1": [489.0, 54, 0.04460748129352221], "DPB1": [349.0, 96, 0.03208226436068917], "DQA1": [116.0, 34, 0.010788408292135402], "DRA": [721.0, 7, 0.06731850063993185], "E": [1045.0, 172, 0.06885692326422087], "F": [200.0, 10, 0.01372270954380733], "HFE": [5.0, 1, 0.0003411017343625461], "K": [5.0, 2, 0.00032674612614600715], "L": [10.0, 1, 0.0006517034961269813], "T": [91.0, 1, 0.014160849649176603], "DRB3": [160.0, 13, 0.01426750625228807], "DMB": [26.0, 2, 0.0023448160133376847], "DOB": [1.0, 1, 8.689379948359751e-05], "DOA": [7.0, 5, 0.0006639932566117133], "DRB1": [805.0, 49, 0.07178339083182436], "DQB1": [226.0, 69, 0.0199289319971196], "Y": [1.0, 1, 8.668289220329751e-05], "H": [5.0, 4, 0.00032585174806349065]}