{"A": [959.0, 359, 0.26534677336427764], "B": [964.0, 320, 0.26893461096550264], "C": [517.0, 216, 0.14265952314523628], "DRB3": [63.0, 14, 0.023894919802671766], "E": [334.0, 62, 0.09360837981737229], "L": [9.0, 1, 0.0024947641764781134], "T": [33.0, 1, 0.021842321649687822], "DMA": [3.0, 1, 0.0011595680820271467], "DRA": [93.0, 4, 0.03693338024401759], "F": [42.0, 5, 0.012257336382926727], "DPB1": [38.0, 27, 0.014857992052332398], "DPA1": [53.0, 22, 0.02056419206517109], "DQB1": [51.0, 21, 0.01912857865684782], "DRB1": [196.0, 39, 0.07433975049720104], "DQA1": [5.0, 4, 0.00197790909824943]}