{"A": [4775.0, 878, 0.15731075771383035], "B": [6908.0, 893, 0.2294625609329429], "C": [850.0, 394, 0.027926659757063852], "DMA": [396.0, 2, 0.018224684848736433], "DMB": [119.0, 3, 0.005435120372416442], "DPB1": [990.0, 147, 0.04608945396109021], "DQB1": [790.0, 118, 0.03528007173579749], "DRA": [3000.0, 8, 0.14185583572100255], "DRB1": [2964.0, 92, 0.13385452903202016], "DRB3": [724.0, 13, 0.032695910600264035], "DRB5": [19.0, 4, 0.0008580418527693599], "E": [1638.0, 137, 0.05466029891356601], "F": [235.0, 13, 0.008165908698925146], "HFE": [14.0, 1, 0.0004836918180744786], "L": [61.0, 1, 0.0020132915370804695], "T": [119.0, 1, 0.009378246917110724], "DRB4": [5.0, 2, 0.0002258004875708842], "DPA1": [1536.0, 75, 0.07096052839744862], "DQA1": [522.0, 70, 0.024586497777112824], "DOB": [11.0, 3, 0.0004840700963472167], "DOA": [1.0, 1, 4.803882882982158e-05]}