{"A": [169.0, 115, 0.12402247440090416], "B": [239.0, 137, 0.17684225676471044], "C": [280.0, 156, 0.2049211288812966], "DRA": [93.0, 4, 0.09795746568413914], "DRB1": [80.0, 20, 0.08047731867248352], "DRB5": [15.0, 4, 0.01508949725109066], "E": [83.0, 39, 0.06169711228439486], "F": [13.0, 4, 0.010062563872917518], "T": [10.0, 1, 0.01755510137708587], "DRB4": [13.0, 4, 0.013077564284278574], "DMB": [9.0, 2, 0.009156581286457287], "DQA1": [43.0, 22, 0.045115239046815594], "DMA": [25.0, 1, 0.02562910792647078], "DQB1": [35.0, 17, 0.0348176177312203], "DPA1": [53.0, 14, 0.05454188393363575], "DPB1": [28.0, 15, 0.029037086602098784]}