{"A": [3186.0, 467, 0.11019363490484607], "B": [2027.0, 531, 0.07068690176069634], "C": [3820.0, 551, 0.13176167944666242], "DMA": [334.0, 2, 0.016137527620012176], "DMB": [75.0, 3, 0.0035962440769964532], "DOA": [27.0, 7, 0.0013617013429392149], "DPB1": [1391.0, 147, 0.06798595289219797], "DQA1": [1371.0, 40, 0.06779369615647939], "DQB1": [651.0, 56, 0.030521723064144118], "DRA": [3536.0, 8, 0.1755350708942482], "DRB1": [2775.0, 15, 0.1315659630865219], "E": [1161.0, 115, 0.040673918619030296], "F": [126.0, 11, 0.004596559576453795], "K": [22.0, 5, 0.0007643910557802525], "L": [24.0, 1, 0.0008315986303594718], "T": [128.0, 1, 0.010590351185173347], "V": [1.0, 1, 7.34551981684382e-05], "DRB4": [910.0, 10, 0.043144153660805394], "DPB2": [17.0, 2, 0.0008319558462659835], "DPA1": [1849.0, 78, 0.08967847758716428], "W": [2.0, 1, 8.114602019889434e-05], "DOB": [33.0, 7, 0.001524597488992365], "H": [2.0, 1, 6.929988586328931e-05]}