{"A": [328.0, 166, 0.1631253161284376], "B": [337.0, 134, 0.16898645049648717], "C": [342.0, 168, 0.1696245270687578], "DRA": [108.0, 3, 0.07709250951607939], "DRB1": [113.0, 28, 0.07703636640677723], "DRB5": [32.0, 3, 0.02181560818599001], "E": [248.0, 57, 0.12493158829942756], "L": [1.0, 1, 0.0004982408233627394], "T": [4.0, 1, 0.0047587968837086055], "DMA": [3.0, 1, 0.0020842440549830627], "DPA1": [145.0, 31, 0.10112443377880785], "F": [35.0, 7, 0.01835976751603716], "DPB1": [78.0, 33, 0.054818032828357614], "DQB1": [7.0, 6, 0.0047191402430110324], "DRB3": [12.0, 3, 0.008180853069746254], "DQA1": [4.0, 3, 0.0028441247000289705]}