{"A": [105.0, 76, 0.21377589167087754], "B": [135.0, 78, 0.2771262444564623], "C": [69.0, 46, 0.14009851740641863], "DRA": [19.0, 5, 0.055521850632279456], "L": [1.0, 1, 0.002039676130123597], "T": [6.0, 1, 0.02922202664856814], "E": [72.0, 21, 0.1484824010888499], "DRB1": [21.0, 14, 0.05860822198617318], "F": [15.0, 3, 0.03221159998004989], "DPA1": [11.0, 8, 0.031405281513116334], "DPB1": [4.0, 4, 0.011508288487080888]}