{"A": [3475.0, 673, 0.2077781445767751], "B": [4017.0, 675, 0.24217056049781432], "C": [1399.0, 380, 0.08342146078860248], "DMA": [131.0, 3, 0.01094198574317981], "DPB1": [753.0, 114, 0.06362405609740847], "DQB1": [373.0, 93, 0.030232301349674588], "DRA": [981.0, 8, 0.08418892560046584], "DRB1": [865.0, 55, 0.07089751062060327], "DRB5": [317.0, 5, 0.025982093487550564], "E": [1070.0, 123, 0.06480401150481031], "F": [167.0, 8, 0.010532055441562124], "L": [49.0, 2, 0.0029351677084807157], "T": [81.0, 1, 0.01158563196336686], "DRB3": [53.0, 10, 0.004344009321262396], "DMB": [36.0, 3, 0.0029841779299581302], "DQA1": [238.0, 42, 0.02034525474122496], "DPB2": [3.0, 2, 0.0002538089476510781], "DPA1": [748.0, 59, 0.06271728226742145], "DOA": [3.0, 3, 0.0002615614121875652]}