{"A": [413.0, 156, 0.07894288157229672], "B": [1503.0, 364, 0.28966522767065733], "C": [648.0, 194, 0.1235244561079525], "DPB1": [255.0, 58, 0.0688786180517585], "DRB3": [124.0, 11, 0.03249035319600905], "L": [16.0, 1, 0.0030639007428777077], "T": [24.0, 1, 0.01097397128821558], "DMB": [8.0, 2, 0.0021199717261325556], "DQB1": [98.0, 38, 0.02539255023078772], "DMA": [49.0, 1, 0.013083947638001307], "DRA": [411.0, 6, 0.11275755498641508], "DOA": [10.0, 5, 0.0027872138232021646], "DPA1": [289.0, 45, 0.07746425422270567], "F": [44.0, 4, 0.008870890335286657], "E": [258.0, 54, 0.049952322720366905], "DRB1": [363.0, 44, 0.09511288879154263], "DQA1": [18.0, 12, 0.004918996895791945]}