{"A": [509.0, 264, 0.20830295189455367], "B": [564.0, 246, 0.23271865940282274], "C": [164.0, 102, 0.06693241749071852], "DMA": [50.0, 2, 0.028584292053497596], "DRA": [168.0, 7, 0.098679701884451], "DRB1": [159.0, 30, 0.08919583807974553], "DRB3": [53.0, 7, 0.02973194602658184], "L": [3.0, 1, 0.0012299591361705719], "T": [26.0, 1, 0.02545309770829093], "DRB4": [39.0, 6, 0.021878224434654564], "DMB": [17.0, 2, 0.009645033091384718], "E": [128.0, 41, 0.05305919658520823], "F": [41.0, 11, 0.017697548428741855], "DPA1": [72.0, 19, 0.04131908699595239], "DQA1": [49.0, 14, 0.028669151670531415], "DQB1": [22.0, 17, 0.012204434029360011], "DPB1": [60.0, 30, 0.034698461087334535]}