{"A": [25811.0, 1478, 0.19801435617080848], "B": [35334.0, 1520, 0.27331225934314], "C": [21090.0, 1435, 0.16135537912210723], "DMA": [657.0, 2, 0.0070410432313971335], "DOA": [41.0, 10, 0.0004586517636708448], "DPA2": [1.0, 1, 1.1491856987460358e-05], "DPB1": [3814.0, 241, 0.04134793808143809], "DQA1": [2710.0, 80, 0.029723658171355312], "DQB1": [850.0, 107, 0.008839508019798983], "DRA": [5622.0, 8, 0.06190469574889812], "DRB1": [6109.0, 128, 0.06424388505440422], "DRB3": [1292.0, 18, 0.01358701906863484], "DRB5": [13.0, 2, 0.00013671149217666637], "DRB7": [1.0, 1, 2.246274979148918e-05], "E": [9380.0, 371, 0.07288996530587011], "F": [1059.0, 13, 0.00856918300763222], "H": [5.0, 3, 3.8428518119564056e-05], "HFE": [10.0, 1, 8.045397489788388e-05], "K": [38.0, 7, 0.00029285835729983605], "L": [88.0, 3, 0.0006763419189043275], "T": [399.0, 1, 0.007322415985951129], "V": [1.0, 1, 1.629309704411691e-05], "Y": [108.0, 3, 0.0011040550564991648], "DPA1": [4354.0, 74, 0.04684042748665895], "DRB4": [14.0, 5, 0.0001472277608056407], "DMB": [161.0, 3, 0.001712359240733787], "DPB2": [9.0, 2, 9.769559348746905e-05], "DOB": [20.0, 7, 0.00020495209663767502], "G": [1.0, 1, 8.282724849369168e-06]}