{"A": [3067.0, 600, 0.22964076166366643], "B": [5314.0, 682, 0.40117255377195327], "C": [1878.0, 502, 0.14023157497807617], "DMA": [69.0, 2, 0.007217122676328201], "DOA": [2.0, 1, 0.00021835973684369638], "DRA": [391.0, 7, 0.04201969202662197], "DRB1": [476.0, 40, 0.048855333181905373], "E": [675.0, 113, 0.051193171238113365], "L": [10.0, 1, 0.0007501135120588657], "T": [63.0, 1, 0.011284060518658077], "Y": [11.0, 3, 0.0010974961773521463], "DRB3": [77.0, 8, 0.00790306860295528], "DMB": [11.0, 2, 0.0011418394572451623], "DQA1": [17.0, 4, 0.0018198066349844775], "F": [101.0, 9, 0.007976423182600213], "DOB": [4.0, 2, 0.00040006053976472845], "DPB1": [156.0, 37, 0.016505972694694546], "DQB1": [59.0, 18, 0.005988313597996851], "DPA1": [232.0, 30, 0.02435924175456346], "H": [3.0, 3, 0.00022503405361765975]}