{"A": [154.0, 89, 0.2252206287440283], "B": [206.0, 105, 0.30375898044407634], "C": [105.0, 71, 0.15314110128866923], "E": [44.0, 18, 0.06517982350051214], "T": [3.0, 1, 0.010495384532762204], "DMA": [6.0, 1, 0.012257968194752803], "DRA": [28.0, 3, 0.05877415338346835], "DRB1": [21.0, 14, 0.042099463799956265], "F": [7.0, 3, 0.010797845182121346], "DPA1": [39.0, 12, 0.07998206833587748], "DRB3": [2.0, 2, 0.004009472742852977], "K": [1.0, 1, 0.001469161787294252], "DPB1": [13.0, 11, 0.026866563495063094], "DQB1": [3.0, 3, 0.00594738456856525]}