{"A": [1484.0, 523, 0.11971430697465808], "B": [3526.0, 761, 0.28679324842341797], "C": [2209.0, 505, 0.17771451137871946], "DMA": [87.0, 2, 0.009804178315999317], "DPA2": [9.0, 3, 0.0010875595083561364], "DPB1": [404.0, 112, 0.04605479369777197], "DQB1": [32.0, 24, 0.00349928612181091], "DRA": [735.0, 8, 0.08510212388154106], "DRB1": [850.0, 87, 0.09399416724667647], "DRB3": [88.0, 11, 0.0097311608443618], "E": [686.0, 131, 0.05605435096994495], "F": [59.0, 8, 0.005020139402057619], "K": [2.0, 2, 0.00016207809690455381], "L": [10.0, 1, 0.0008081722623936009], "T": [57.0, 1, 0.010999594243192383], "Y": [3.0, 2, 0.00032248427169298056], "DRB4": [93.0, 5, 0.010284067710518721], "DMB": [25.0, 2, 0.0027959494936344274], "DPA1": [432.0, 51, 0.048869340666669606], "DQA1": [268.0, 50, 0.030909221652128595], "H": [2.0, 2, 0.00016163445247872017], "DOA": [1.0, 1, 0.00011763038507083486]}