{"A": [13794.0, 1329, 0.16954844413425674], "B": [21112.0, 1332, 0.2616419786136602], "C": [13841.0, 1298, 0.16966258393472472], "DMA": [398.0, 2, 0.006833865913642316], "DOB": [38.0, 8, 0.0006239039085594294], "DPA1": [2160.0, 63, 0.03723041835468972], "DPB1": [1947.0, 195, 0.03381822895046406], "DQA1": [960.0, 57, 0.01687003331696878], "DQB1": [542.0, 63, 0.00903067462498477], "DRA": [3954.0, 8, 0.06975593384083091], "DRB1": [4506.0, 63, 0.0759214682908977], "DRB3": [512.0, 10, 0.008626673716142837], "DRB5": [1.0, 1, 1.684897210184148e-05], "E": [8456.0, 289, 0.1052789680651572], "F": [829.0, 14, 0.010747556288005472], "L": [149.0, 4, 0.001834770046882006], "T": [429.0, 1, 0.012613933408243324], "V": [5.0, 2, 0.0001305225014852517], "DRB4": [366.0, 10, 0.006166723789273982], "DMB": [167.0, 3, 0.0028457530948826125], "DPB2": [16.0, 2, 0.00027826859079536134], "DPA2": [1.0, 1, 1.841204181933837e-05], "DOA": [24.0, 9, 0.0004301522439386462], "H": [6.0, 5, 7.388335759256401e-05]}