{"A": [15338.0, 1631, 0.13986756555749807], "B": [25000.0, 1594, 0.2298596555146722], "C": [11361.0, 1367, 0.10331892134143818], "DMA": [942.0, 2, 0.01199993736864429], "DPA1": [4976.0, 77, 0.06363107087207451], "DPB1": [5206.0, 242, 0.06708628881532142], "DQA1": [2837.0, 110, 0.03698696857786412], "DQB1": [2012.0, 192, 0.02487101904638132], "DRA": [9665.0, 9, 0.12650015154657226], "DRB1": [7577.0, 129, 0.09471426507415515], "DRB3": [1496.0, 8, 0.01870034849557029], "DRB5": [27.0, 4, 0.0003375062896927793], "E": [6590.0, 306, 0.06087048399991144], "F": [794.0, 14, 0.007636957882622461], "L": [100.0, 2, 0.0009135662950929854], "T": [339.0, 1, 0.007394990752593207], "DRB4": [13.0, 3, 0.00016250302837059747], "DMB": [285.0, 3, 0.0036030501001924867], "K": [9.0, 6, 8.244664167243557e-05], "DPB2": [22.0, 3, 0.00028386482612476885], "DPA2": [1.0, 1, 1.3659872570558145e-05], "H": [2.0, 2, 1.8271325901859707e-05], "J": [1.0, 1, 9.144006022117918e-06], "DOB": [61.0, 8, 0.0007430339200089615], "DOA": [26.0, 8, 0.0003457235743023866], "Y": [4.0, 2, 4.860527472921902e-05]}