{"A": [3575.0, 724, 0.1587593925704794], "B": [2616.0, 758, 0.1171320063749723], "C": [5458.0, 916, 0.2417196378588683], "DMA": [295.0, 2, 0.018300594262354843], "DMB": [56.0, 4, 0.003447692848192992], "DPA1": [907.0, 66, 0.05648215360660342], "DPB1": [574.0, 123, 0.03602106890814764], "DQB1": [411.0, 109, 0.02474130058203257], "DRA": [1611.0, 5, 0.10268330245853448], "DRB1": [1487.0, 39, 0.09051992282165774], "DRB5": [501.0, 7, 0.030497969962105263], "E": [1171.0, 148, 0.05267364051109191], "F": [166.0, 12, 0.0077754061022648055], "HFE": [1.0, 1, 4.657137289822707e-05], "L": [23.0, 3, 0.0010232529477757356], "T": [83.0, 1, 0.008817208880672833], "Y": [1.0, 1, 5.917503328209192e-05], "DRB4": [313.0, 10, 0.01905362195237315], "DPB2": [3.0, 2, 0.00018850603385738563], "V": [1.0, 1, 9.431378612078094e-05], "K": [1.0, 1, 4.4611370013214774e-05], "DOB": [5.0, 5, 0.0002965950573263002], "DQA1": [460.0, 61, 0.029205344551099122], "H": [5.0, 5, 0.0002224462929947251], "DOA": [3.0, 2, 0.00019426385428065237]}