{"A": [1207.0, 460, 0.20105660913986168], "B": [2025.0, 496, 0.34010308522600824], "C": [421.0, 183, 0.06993719351901538], "DMB": [4.0, 3, 0.0009237367746879237], "DRA": [332.0, 8, 0.07937615767435993], "DRB5": [133.0, 4, 0.030369143850976003], "E": [387.0, 96, 0.06529728237752475], "HFE": [1.0, 1, 0.00017468947601548124], "L": [12.0, 1, 0.0020025534458563018], "T": [17.0, 1, 0.006774069681044772], "DRB3": [36.0, 8, 0.008220219388234105], "DRB1": [299.0, 37, 0.06827348880783328], "DMA": [32.0, 1, 0.007446305603591202], "DOB": [3.0, 3, 0.0006675178152854338], "DPA1": [191.0, 40, 0.04461542445101902], "F": [58.0, 7, 0.010190387243531331], "DPB1": [128.0, 53, 0.030130224990592966], "DQA1": [28.0, 19, 0.006668224842278449], "DQB1": [123.0, 51, 0.02777368569228357]}