{"A": [930.0, 255, 0.20426588406575047], "B": [1745.0, 308, 0.3864406296877065], "C": [574.0, 194, 0.12573025691620263], "DMA": [23.0, 2, 0.0070570065339632575], "DPA1": [63.0, 16, 0.019404122913476183], "DQA1": [78.0, 15, 0.024493373900827637], "DRA": [58.0, 4, 0.018284445232754586], "DRB1": [160.0, 25, 0.04817288941601364], "DRB5": [1.0, 1, 0.00030108055885008525], "E": [414.0, 73, 0.09210565354475292], "L": [10.0, 2, 0.0022004153981653126], "T": [21.0, 1, 0.011033716950800182], "DRB3": [16.0, 4, 0.004817288941601364], "DMB": [7.0, 1, 0.002131513501859126], "F": [31.0, 4, 0.007181682379256932], "DPB1": [114.0, 26, 0.035383359267486085], "Y": [3.0, 1, 0.0008780298336368384], "DQB1": [33.0, 16, 0.009825262237141115], "DOB": [1.0, 1, 0.00029338871975537504]}