{"A": [2349.0, 548, 0.10938882754288691], "B": [5544.0, 593, 0.26030807027969466], "C": [997.0, 383, 0.046302040462524514], "DMA": [251.0, 2, 0.01632839381230091], "DPA1": [1324.0, 64, 0.08646065352019414], "DPB1": [723.0, 128, 0.04757837109152444], "DQB1": [574.0, 121, 0.036234240646957495], "DRA": [1890.0, 8, 0.126325975282793], "DRB1": [2145.0, 85, 0.13692636254345897], "DRB3": [323.0, 10, 0.02061874829908496], "L": [37.0, 1, 0.0017261695875233922], "T": [70.0, 1, 0.007797899708814382], "DRB4": [342.0, 9, 0.02183161584608996], "DMB": [55.0, 3, 0.003550829331692263], "DPB2": [3.0, 2, 0.00019767503496018787], "H": [7.0, 5, 0.00032657262466658773], "K": [3.0, 3, 0.00014034384915746182], "F": [85.0, 7, 0.0041750385225661196], "DOB": [18.0, 5, 0.0011196775702854436], "DQA1": [605.0, 60, 0.04027972023138411], "DOA": [8.0, 5, 0.0005432344475577008], "E": [675.0, 106, 0.03183953976388265]}