{"A": [30838.0, 1726, 0.2494424458400078], "B": [43097.0, 1938, 0.3514840745427723], "C": [7624.0, 1302, 0.06150098349879243], "DMA": [492.0, 2, 0.005559414416745411], "DPA1": [3320.0, 69, 0.03765848235571308], "DPB1": [2647.0, 194, 0.030256550599670216], "DQB1": [616.0, 126, 0.006754328602434322], "DRA": [2534.0, 5, 0.029419254795094944], "DRB1": [5884.0, 95, 0.06524190600293885], "DRB5": [19.0, 2, 0.00021067236812641706], "E": [9960.0, 343, 0.08160495853650371], "F": [1364.0, 14, 0.011637243804523523], "H": [16.0, 11, 0.0001296569856851787], "HFE": [3.0, 1, 2.544843415310814e-05], "L": [619.0, 3, 0.005016104633695351], "T": [482.0, 1, 0.00932654617944999], "DRB4": [1338.0, 10, 0.014835769923849792], "DMB": [59.0, 2, 0.0006616271561195072], "K": [16.0, 5, 0.00013001286030279584], "G": [2.0, 2, 1.7466083617374125e-05], "V": [8.0, 1, 0.00013743138908216233], "J": [4.0, 3, 3.244384847282097e-05], "DRB3": [14.0, 5, 0.00015523227125104416], "DQA1": [3344.0, 62, 0.03867154657420544], "DOA": [4.0, 3, 4.717930156406237e-05], "DOB": [4.0, 1, 4.32189952283929e-05]}