{"A": [1171.0, 444, 0.29243216420866636], "B": [1683.0, 311, 0.4237666933560256], "C": [418.0, 139, 0.10410211337559469], "DRB3": [23.0, 9, 0.007873465037752403], "F": [48.0, 7, 0.012643318872802255], "L": [4.0, 1, 0.0010007371461821129], "T": [26.0, 1, 0.015532138190416931], "DMB": [2.0, 2, 0.0006924292375098458], "DMA": [11.0, 1, 0.0038374322628408246], "DRA": [47.0, 4, 0.016846396037298365], "DRB1": [57.0, 28, 0.019512500310951607], "E": [353.0, 68, 0.08929271056552243], "DPB1": [9.0, 8, 0.003176084687882999], "DQB1": [14.0, 12, 0.004739293447845167], "DPA1": [13.0, 7, 0.004552523262708412]}