{"A": [759.0, 294, 0.2179581437127343], "B": [834.0, 305, 0.24147481142524735], "C": [766.0, 301, 0.2193689292117742], "DRA": [147.0, 4, 0.060588411212030964], "E": [342.0, 73, 0.09947878872281836], "F": [53.0, 9, 0.016053096071881403], "HFE": [1.0, 1, 0.0003011528538110421], "L": [2.0, 1, 0.000575377806460148], "T": [21.0, 1, 0.014425812193340704], "DMB": [2.0, 2, 0.0007962298937882858], "DPB1": [56.0, 28, 0.022724831563254857], "DMA": [26.0, 1, 0.010430003799547314], "DPA1": [72.0, 24, 0.02899375061518723], "DQA1": [9.0, 6, 0.0036950043508612632], "DRB1": [108.0, 30, 0.04251330848631386], "DRB3": [18.0, 3, 0.007085551414385643], "DOA": [1.0, 1, 0.0004187344461356721], "K": [2.0, 2, 0.0005769570685089865], "DQB1": [30.0, 17, 0.011678038442228188], "H": [3.0, 2, 0.0008630667096902221]}