{"A": [2419.0, 574, 0.1602962536319351], "B": [3603.0, 641, 0.24072778869751918], "C": [1784.0, 419, 0.1178955397736248], "DMA": [103.0, 2, 0.009534644890508488], "DPB1": [557.0, 102, 0.052158371160605226], "DRA": [1154.0, 5, 0.10975750288808148], "DRB1": [893.0, 69, 0.08111642218292822], "E": [1076.0, 139, 0.07222255249452841], "K": [23.0, 5, 0.001531078712109829], "L": [4.0, 1, 0.00026554570490892464], "T": [78.0, 1, 0.012364363410269145], "DRB4": [58.0, 4, 0.005268479828230499], "DMB": [32.0, 3, 0.0029397787129311257], "DPB2": [8.0, 2, 0.0007500981767530449], "DPA1": [724.0, 54, 0.06727700479822839], "DQB1": [289.0, 41, 0.025959879245577907], "F": [74.0, 7, 0.005172146698110813], "DOB": [29.0, 5, 0.0025669418141196047], "DRB3": [56.0, 9, 0.005086808110015655], "DQA1": [282.0, 40, 0.02671638740482134], "DOA": [2.0, 2, 0.00019325238551140862], "H": [3.0, 2, 0.0001991592786816935]}