{"A": [136.0, 88, 0.15907807630087936], "B": [385.0, 192, 0.45405306537750995], "C": [112.0, 88, 0.13064851145467316], "DOA": [4.0, 2, 0.006822425114380342], "DRA": [34.0, 3, 0.05708095679031554], "DQB1": [9.0, 9, 0.014270239197578884], "DRB1": [29.0, 6, 0.04649853221683007], "F": [6.0, 3, 0.007402429554940054], "E": [45.0, 14, 0.05331593058136022], "DPA1": [24.0, 15, 0.03936617709676933], "DPB1": [16.0, 10, 0.026446775346864338], "DQA1": [3.0, 2, 0.005016880967898827]}