{"A": [1398.0, 383, 0.1490749420035605], "B": [2464.0, 554, 0.26491871602765643], "C": [390.0, 227, 0.041474112924240206], "DMA": [123.0, 2, 0.018322400973900248], "DPA1": [446.0, 42, 0.06669187299013149], "DRA": [674.0, 5, 0.10315689919270193], "DRB1": [816.0, 56, 0.11927720681502028], "DRB5": [2.0, 2, 0.00029234609513485363], "E": [640.0, 126, 0.06912744566878753], "F": [71.0, 9, 0.007985597875319049], "L": [11.0, 1, 0.001175119272004195], "T": [62.0, 1, 0.015815350519158063], "DRB4": [140.0, 8, 0.020464226659439755], "DMB": [24.0, 3, 0.003548018518227542], "DPB1": [272.0, 65, 0.04098714828778689], "DOB": [17.0, 4, 0.002421457893826826], "DOA": [16.0, 8, 0.002487853622342818], "DQA1": [361.0, 31, 0.05503586537453738], "DQB1": [121.0, 42, 0.017490417213929105], "DRB3": [1.0, 1, 0.00014617304756742682], "H": [1.0, 1, 0.00010682902472765409]}