{"A": [840.0, 274, 0.0773952753573383], "B": [844.0, 265, 0.07840650052139325], "C": [730.0, 210, 0.06707690953021166], "DPB1": [773.0, 101, 0.10064587476350173], "DRA": [1402.0, 7, 0.1854061271459464], "DRB1": [1052.0, 27, 0.1328681008622556], "L": [4.0, 1, 0.0003692214648173334], "T": [14.0, 1, 0.0030856939848350564], "DRB4": [226.0, 9, 0.02854390759968609], "DMB": [18.0, 2, 0.002299242758180667], "DQA1": [557.0, 37, 0.07337218947590077], "DPB2": [6.0, 1, 0.0007822166084532167], "DMA": [122.0, 1, 0.01570271644518298], "DQB1": [318.0, 34, 0.03971728971909123], "DOB": [14.0, 4, 0.0017230335024808893], "F": [23.0, 5, 0.002235190846569486], "E": [253.0, 52, 0.02361178079710995], "DPA1": [928.0, 55, 0.1199012519821622], "DRB5": [371.0, 4, 0.04685747663488291]}