{"A": [1339.0, 408, 0.1948873496686221], "B": [2557.0, 491, 0.37523925143671627], "C": [470.0, 246, 0.06822066548910259], "DPB1": [195.0, 47, 0.04010689169249673], "DRA": [294.0, 7, 0.06141738310340585], "DRB3": [66.0, 7, 0.013167909470691233], "E": [470.0, 83, 0.06929054677444829], "L": [7.0, 1, 0.0010206877405740675], "T": [22.0, 1, 0.007659764332624312], "DMB": [13.0, 3, 0.002623152764736529], "DQB1": [36.0, 19, 0.007102690562978908], "DMA": [36.0, 1, 0.007319566610703455], "F": [74.0, 6, 0.01136021113098932], "DRB1": [468.0, 51, 0.09337244897399238], "DOB": [4.0, 2, 0.0007776668499611943], "DPA1": [199.0, 32, 0.04061596040324146], "DQA1": [27.0, 17, 0.005618339214856363], "DRB5": [1.0, 1, 0.0001995137798589581]}