{"A": [1770.0, 496, 0.17116538913358453], "B": [3729.0, 550, 0.36358798992227986], "C": [737.0, 218, 0.0710763626220714], "DMA": [82.0, 2, 0.011077361579068312], "DPA1": [339.0, 39, 0.045970895277529636], "DPB1": [339.0, 85, 0.046325882885850336], "DRA": [699.0, 7, 0.09701988736812112], "DRB3": [213.0, 14, 0.028235280911733177], "E": [631.0, 117, 0.0618080586009832], "F": [80.0, 9, 0.00815988960066324], "L": [8.0, 1, 0.0007750406089681052], "T": [46.0, 1, 0.010641189363217863], "DMB": [27.0, 2, 0.0036197919350669456], "DQB1": [52.0, 29, 0.006816529997887385], "DRB1": [553.0, 47, 0.07330568236708192], "DQA1": [3.0, 1, 0.0004147678258930875]}