{"A": [29169.0, 2239, 0.16252375967497984], "B": [53761.0, 2099, 0.3020209842822957], "C": [19623.0, 1623, 0.10903746469422619], "DMA": [1596.0, 2, 0.012422471268580393], "DMB": [344.0, 3, 0.002657240854253564], "DPA1": [7820.0, 93, 0.061100202695239664], "DPB1": [5447.0, 272, 0.04288782444041774], "DQB1": [3609.0, 257, 0.027258347460726678], "DRA": [12144.0, 8, 0.09711760937745775], "DRB1": [8845.0, 136, 0.06755585286506416], "DRB3": [44.0, 8, 0.0003360607717425464], "DRB5": [2689.0, 6, 0.020537895800356983], "E": [10041.0, 357, 0.056668973361761854], "F": [1487.0, 14, 0.008738922723616155], "K": [23.0, 7, 0.0001287375779300701], "L": [428.0, 2, 0.002389081002300798], "T": [419.0, 1, 0.005584689054835694], "Y": [4.0, 1, 2.969822133338257e-05], "DRB4": [28.0, 4, 0.00021385685474525678], "DQA1": [2504.0, 108, 0.019946686615977514], "J": [3.0, 2, 1.6761187930621397e-05], "DPB2": [30.0, 2, 0.0002365141853612169], "DPA2": [5.0, 1, 4.1731470632174695e-05], "V": [5.0, 1, 5.9166669194166446e-05], "DOB": [24.0, 3, 0.00017862287867669518], "DOA": [27.0, 8, 0.00021936455120355098], "H": [11.0, 5, 6.140161454511397e-05], "G": [5.0, 3, 3.007784461493023e-05]}