{"A": [29610.0, 2059, 0.18813814111313565], "B": [19902.0, 1882, 0.12749983524130565], "C": [40946.0, 2121, 0.25945673255709817], "DMA": [1130.0, 3, 0.010029901750952024], "DMB": [319.0, 4, 0.002809999760462149], "DPA1": [5779.0, 86, 0.05149104594755691], "DPB1": [4043.0, 253, 0.03630141083173522], "DQA1": [3017.0, 112, 0.027406581715455722], "DQB1": [2255.0, 239, 0.019422373823270948], "DRA": [9049.0, 9, 0.08252393617013222], "DRB1": [7805.0, 102, 0.06798000195399324], "DRB4": [1152.0, 13, 0.010033691511979529], "DRB5": [2167.0, 6, 0.018874140196579552], "DRB7": [1.0, 1, 1.860413634512871e-05], "E": [11946.0, 365, 0.07688365294473279], "F": [1430.0, 18, 0.009583542857901318], "H": [18.0, 8, 0.00011457839446133103], "HFE": [14.0, 1, 9.328721663030156e-05], "K": [16.0, 7, 0.00010212700646914207], "L": [301.0, 3, 0.001916005374047813], "T": [557.0, 2, 0.008466097993657428], "Y": [24.0, 3, 0.00020320051833271652], "DPB2": [1.0, 1, 8.990400939978436e-06], "J": [1.0, 1, 6.3712795702495585e-06], "DOB": [16.0, 3, 0.00013579661565787381], "DOA": [41.0, 8, 0.00037986533374017786], "DRB3": [13.0, 5, 0.0001132274215761579], "G": [1.0, 1, 6.85993228065218e-06]}