{"A": [1328.0, 397, 0.19749307897650212], "B": [1930.0, 450, 0.28939136946011645], "C": [903.0, 324, 0.13392343409518728], "DMA": [69.0, 2, 0.014334504668883313], "DPB1": [168.0, 53, 0.03530566602347759], "DRA": [391.0, 6, 0.08345867162772062], "DRB1": [320.0, 63, 0.06523393971878505], "E": [610.0, 90, 0.09188755559846508], "K": [4.0, 3, 0.0005975798915227222], "L": [10.0, 1, 0.001489860450352042], "T": [17.0, 1, 0.006047729828095697], "DRB3": [33.0, 7, 0.006727250033499708], "DMB": [15.0, 2, 0.0030925891166398455], "DPB2": [1.0, 1, 0.00021042358937961835], "DOB": [13.0, 3, 0.002582424780610207], "F": [72.0, 7, 0.011293743310103781], "DPA1": [199.0, 32, 0.04149993916520841], "DQA1": [30.0, 20, 0.006378465053069681], "DOA": [2.0, 2, 0.0004337017406602492], "DQB1": [41.0, 26, 0.00826523076506412], "DRB4": [1.0, 1, 0.0002038560616212033], "H": [1.0, 1, 0.00014898604503520423]}