{"A": [528.0, 213, 0.20869994782804008], "B": [691.0, 274, 0.27538540886863627], "C": [544.0, 233, 0.21443829169945758], "DMA": [25.0, 2, 0.013804103939875136], "DRB1": [171.0, 25, 0.09265190482611023], "DRB5": [24.0, 2, 0.013003776115945297], "F": [11.0, 5, 0.004585985885270333], "K": [5.0, 2, 0.001985366092724951], "L": [4.0, 1, 0.001583945357188592], "T": [17.0, 1, 0.016074112143321266], "DMB": [12.0, 1, 0.006575773149540519], "DRA": [40.0, 4, 0.02269286420233591], "E": [234.0, 48, 0.0936865687467747], "DPB1": [27.0, 15, 0.015081116798560109], "DPA1": [25.0, 11, 0.013856993227001095], "DQB1": [11.0, 8, 0.005893841119217798]}