{"A": [752.0, 313, 0.09539688010003627], "B": [1757.0, 388, 0.22473077673820968], "C": [1116.0, 353, 0.14118727193656305], "DMA": [116.0, 2, 0.02055673390818956], "DRA": [879.0, 8, 0.16004647415781742], "DRB1": [838.0, 53, 0.14572369462567697], "DRB3": [142.0, 9, 0.024693036559482254], "E": [176.0, 38, 0.022615284561675397], "L": [3.0, 1, 0.000381267135630435], "T": [21.0, 1, 0.0063727265023021725], "DMB": [33.0, 3, 0.005803733064596622], "DPB1": [285.0, 64, 0.051090777557066785], "DPA1": [311.0, 51, 0.05532447457745745], "F": [55.0, 6, 0.007359200427730587], "DQA1": [94.0, 26, 0.017048465877252575], "DQB1": [125.0, 48, 0.021495307646654152], "DRB5": [1.0, 1, 0.00017389462365832576]}