{"A": [65.0, 46, 0.1505321071656639], "B": [200.0, 94, 0.46700361282164005], "C": [53.0, 40, 0.12240711862500728], "T": [2.0, 1, 0.01107988963753303], "DRB4": [6.0, 2, 0.01904745072519723], "DRA": [1.0, 1, 0.0033239668912599086], "F": [6.0, 3, 0.014656107618523515], "E": [89.0, 25, 0.20877517139430893], "DRB5": [1.0, 1, 0.003174575120866205]}