{"A": [7425.0, 1139, 0.21906180630520003], "B": [13163.0, 1291, 0.39156110736036115], "C": [2773.0, 628, 0.08158965507267443], "DMA": [122.0, 2, 0.005028168594412209], "DMB": [26.0, 3, 0.0010634589066423241], "DPB1": [712.0, 117, 0.029684621883537918], "DQB1": [212.0, 72, 0.008478585197572306], "DRA": [838.0, 8, 0.0354858432630912], "DRB1": [1413.0, 81, 0.057145520435407576], "DRB5": [493.0, 6, 0.019938245983479076], "E": [2548.0, 168, 0.0761452273966334], "F": [332.0, 13, 0.01033141723003618], "L": [118.0, 3, 0.0034877391766972568], "T": [108.0, 1, 0.007622257502811951], "DRB3": [133.0, 13, 0.005378877719680967], "DRB4": [12.0, 2, 0.000485312275459937], "K": [11.0, 3, 0.00032602062054570786], "DPB2": [12.0, 2, 0.0005009473358806824], "DPA1": [1039.0, 57, 0.0429859304828121], "DQA1": [87.0, 33, 0.0036697001453967694], "H": [1.0, 1, 2.9557111666925904e-05]}