{"A": [565.0, 205, 0.1530260545232226], "B": [802.0, 259, 0.2190109160940568], "C": [601.0, 248, 0.16233285481061552], "DPA1": [151.0, 33, 0.057350136841151596], "DRA": [296.0, 4, 0.11506667112842509], "DRB1": [135.0, 26, 0.05012109213478127], "DRB5": [28.0, 4, 0.010395485776102782], "E": [278.0, 68, 0.07626667045502819], "L": [3.0, 1, 0.0008140104379553893], "T": [9.0, 1, 0.005831081307183703], "DMB": [14.0, 2, 0.005256808148142883], "DMA": [15.0, 1, 0.0056752890585184896], "DPB1": [167.0, 49, 0.0639167561046121], "F": [40.0, 6, 0.011426902849812445], "DQA1": [55.0, 22, 0.021297113368034228], "DOA": [10.0, 6, 0.003949337937136373], "DQB1": [80.0, 27, 0.02937137251025865], "DRB3": [22.0, 6, 0.008167881681223614], "DOB": [2.0, 1, 0.0007235648337381238]}