{"C": [11.0, 9, 0.035373595978560775], "DRA": [27.0, 3, 0.12496148397560027], "E": [29.0, 20, 0.09472019003685567], "T": [1.0, 1, 0.007713671850345696], "DRB1": [16.0, 5, 0.07072310370654031], "DMA": [9.0, 1, 0.04054093945773291], "F": [6.0, 3, 0.020406774520511088], "DPA1": [35.0, 16, 0.1582632672743341], "DQA1": [5.0, 4, 0.023050620959040848], "DQB1": [7.0, 6, 0.030597565006371254], "DOA": [1.0, 1, 0.00470195933507128], "A": [45.0, 30, 0.1451055483323227], "B": [75.0, 57, 0.2438412795667131]}