{"A": [391.0, 235, 0.1622205064227892], "B": [483.0, 226, 0.20204615335692072], "C": [385.0, 218, 0.15929595434075436], "DQB1": [38.0, 23, 0.021371249439501302], "DRA": [164.0, 7, 0.0976593318040369], "DRB3": [19.0, 5, 0.010805687918848972], "E": [137.0, 39, 0.05757349850217177], "L": [3.0, 1, 0.0012469298919032886], "T": [11.0, 1, 0.010917201726061036], "DMB": [9.0, 2, 0.005176648339113653], "DQA1": [59.0, 16, 0.03499629970921626], "K": [2.0, 2, 0.0008335682595462057], "DMA": [26.0, 1, 0.015068920356096737], "F": [26.0, 6, 0.01137768626310474], "DPA1": [104.0, 25, 0.06050662273252637], "DPB1": [59.0, 42, 0.03459093716432186], "DRB1": [201.0, 44, 0.11431280377308649]}