{"A": [29.0, 23, 0.10640940078896746], "B": [86.0, 56, 0.3181668375827434], "C": [66.0, 43, 0.24151324677800412], "T": [2.0, 1, 0.01755503299020153], "DRB3": [10.0, 3, 0.05029812823035269], "DRA": [6.0, 1, 0.03159905938236275], "E": [26.0, 10, 0.09663365484550972], "DRB1": [14.0, 8, 0.07041737952249377], "DPB1": [13.0, 9, 0.06740725987936455]}