{"A": [126.0, 83, 0.13648614890479863], "B": [305.0, 148, 0.33311357738079217], "C": [94.0, 66, 0.10154555311017456], "DRB1": [87.0, 20, 0.12918351921486826], "E": [67.0, 23, 0.07351329606930838], "L": [3.0, 1, 0.0032556002671504367], "T": [10.0, 1, 0.02591240299779868], "DRB4": [4.0, 2, 0.0059394721478100345], "DMB": [9.0, 2, 0.013515673836351813], "DMA": [7.0, 1, 0.010592436492611598], "DRA": [40.0, 2, 0.06218976719471683], "DPA1": [24.0, 13, 0.03645607042448918], "F": [21.0, 4, 0.023993242314676415], "DPB1": [16.0, 9, 0.02449172298788076], "DQA1": [9.0, 5, 0.013938038643737806], "DQB1": [4.0, 4, 0.005873478012834368]}