{"A": [8757.0, 1181, 0.13526438333903654], "B": [9957.0, 1169, 0.15507117396390133], "C": [7102.0, 955, 0.10940163091743017], "DMA": [655.0, 2, 0.014133483014185044], "DPA1": [3586.0, 71, 0.07767459017450969], "DPB1": [2150.0, 179, 0.046929711938992806], "DQB1": [1098.0, 128, 0.022990465703074336], "DRA": [5616.0, 8, 0.12450767154143247], "DRB1": [5431.0, 96, 0.11499467603002093], "DRB3": [726.0, 15, 0.015372147817675418], "DRB4": [1254.0, 10, 0.026551891685075723], "DRB5": [3.0, 2, 6.352127197386536e-05], "E": [6376.0, 272, 0.09975839966617399], "F": [437.0, 11, 0.007119691155272465], "K": [5.0, 4, 7.758545113001854e-05], "L": [171.0, 2, 0.002646159411049973], "T": [262.0, 1, 0.00968097398618688], "DMB": [109.0, 2, 0.0023341661341608633], "DPB2": [15.0, 2, 0.0003278385235249108], "DOB": [33.0, 6, 0.0006808831233111042], "DQA1": [1529.0, 68, 0.03376577426357646], "DOA": [29.0, 10, 0.0006531808883049661]}