{"A": [6023.0, 973, 0.15070788324334194], "B": [9260.0, 1068, 0.23361921155909], "C": [2344.0, 679, 0.05849190087679157], "DMA": [485.0, 2, 0.016952924954674785], "DMB": [193.0, 4, 0.006695107804264957], "DPA1": [1630.0, 83, 0.057194107762716065], "DPB1": [1515.0, 174, 0.053569434400820466], "DQA1": [975.0, 64, 0.03487938691745871], "DQB1": [569.0, 121, 0.019299794932363556], "DRA": [2950.0, 9, 0.10594635696355885], "DRB1": [3710.0, 105, 0.12725265156525722], "DRB3": [480.0, 14, 0.016463954919494195], "E": [2744.0, 232, 0.06954729960711245], "F": [474.0, 13, 0.012509877561847661], "HFE": [3.0, 1, 7.872270708282504e-05], "L": [99.0, 3, 0.0024817046098710655], "T": [243.0, 1, 0.014545177820420791], "DRB4": [545.0, 9, 0.01869344881484237], "K": [8.0, 6, 0.0002010922215693024], "DPA2": [6.0, 2, 0.0002248913351042778], "DOB": [6.0, 2, 0.00020054178665624773], "H": [9.0, 6, 0.0002256095099882787], "DOA": [6.0, 3, 0.0002189181256725573]}