{"A": [303.0, 167, 0.1364946831009908], "B": [687.0, 305, 0.31203571364663135], "C": [465.0, 171, 0.20890126992524913], "DRA": [92.0, 6, 0.059484229203087595], "DRB1": [128.0, 34, 0.07904108619071727], "E": [40.0, 15, 0.01825181908405343], "L": [6.0, 1, 0.002707797247323985], "T": [10.0, 1, 0.010776128478820217], "DMB": [2.0, 1, 0.001249051255499616], "DPB1": [88.0, 52, 0.05601922542039977], "DMA": [15.0, 1, 0.009439394984310075], "F": [34.0, 7, 0.016154876180640567], "DRB3": [11.0, 6, 0.006792593344514766], "DPA1": [68.0, 24, 0.042955877660400585], "DQB1": [44.0, 26, 0.02686848034052507], "DRB5": [2.0, 2, 0.0012350169717299574], "DQA1": [18.0, 10, 0.01159275696510581]}