{"A": [496.0, 245, 0.19380676730828064], "B": [538.0, 240, 0.2119551616076764], "C": [410.0, 228, 0.15976665367781814], "DMA": [32.0, 2, 0.017466948247926797], "DRA": [163.0, 7, 0.0914146436122502], "DRB5": [10.0, 2, 0.005356203699621746], "L": [1.0, 1, 0.00039145247841213676], "T": [15.0, 1, 0.014020650860774572], "Y": [24.0, 2, 0.012496075233195202], "DMB": [7.0, 2, 0.003791948755527668], "K": [17.0, 3, 0.006672957527698932], "E": [127.0, 38, 0.05026480938666249], "DQB1": [78.0, 28, 0.041314184536415735], "F": [57.0, 9, 0.023491661125228634], "DRB3": [43.0, 8, 0.02303167590837351], "DRB1": [158.0, 44, 0.0846280184540236], "DPB1": [68.0, 37, 0.037547194737580086], "DPA1": [30.0, 18, 0.01643800445745984], "DQA1": [11.0, 8, 0.006144988385073855]}