{"A": [635.0, 341, 0.16570902090751227], "B": [1010.0, 478, 0.2657469324685841], "C": [554.0, 288, 0.1441774074332889], "DPA1": [152.0, 38, 0.055623279639947634], "DPB1": [131.0, 52, 0.048308665773456855], "DRA": [211.0, 4, 0.07903069228719187], "DRB1": [260.0, 51, 0.09300699182847544], "DRB5": [5.0, 2, 0.0017885959967014504], "E": [290.0, 73, 0.07665552842689667], "L": [3.0, 1, 0.0007843058722762018], "T": [22.0, 1, 0.013733611613888001], "Y": [6.0, 1, 0.0020864059126570805], "DRB4": [37.0, 5, 0.013235610375590734], "DMB": [4.0, 1, 0.0014471367609675374], "DMA": [12.0, 1, 0.004374550819413319], "DQB1": [37.0, 19, 0.01308854803808417], "DRB3": [9.0, 3, 0.003219472794062611], "F": [21.0, 3, 0.00578020619798561], "DQA1": [25.0, 8, 0.00932724865467358], "H": [11.0, 3, 0.0028757881983460733]}