{"A": [2722.0, 735, 0.13816177314379294], "B": [5341.0, 897, 0.27333598807403936], "C": [2560.0, 710, 0.12958500918423124], "DMA": [209.0, 2, 0.014819237475337085], "DPA1": [824.0, 68, 0.05864993932199623], "DPB1": [712.0, 135, 0.051069439611300005], "DRA": [1208.0, 9, 0.08800505458287429], "DRB1": [1277.0, 119, 0.08885062736902011], "DRB3": [91.0, 11, 0.00633156389238906], "DRB5": [3.0, 2, 0.0002087328755732657], "E": [1290.0, 173, 0.06632275307536892], "F": [182.0, 9, 0.009743674693186623], "L": [29.0, 1, 0.0014746520579961646], "T": [77.0, 1, 0.009349322851657451], "DRB4": [101.0, 9, 0.007027340144299946], "DMB": [38.0, 2, 0.0026739946408666083], "V": [2.0, 1, 0.00021559643241029767], "DQB1": [328.0, 102, 0.02256788927309175], "DQA1": [425.0, 56, 0.030841097728745215], "J": [1.0, 1, 5.089650938635794e-05], "DOA": [6.0, 5, 0.0004440771137694179], "DOB": [1.0, 1, 6.780009462051332e-05], "K": [1.0, 1, 5.098964115101734e-05], "H": [3.0, 3, 0.00015255021289615496]}