{"A": [4758.0, 1168, 0.1690552231973315], "B": [8464.0, 1632, 0.30321750564573297], "C": [3903.0, 1161, 0.13829858229704148], "DMA": [304.0, 3, 0.015088898371106512], "DMB": [97.0, 4, 0.004778075947010826], "DPA1": [740.0, 64, 0.03687028151076491], "DPB1": [689.0, 163, 0.03459431208285162], "DQA1": [405.0, 67, 0.02057312662106949], "DRA": [1262.0, 9, 0.06435827803168397], "DRB1": [1478.0, 142, 0.07198606162075943], "DRB3": [87.0, 17, 0.004237339215836313], "DRB5": [157.0, 7, 0.007646692607888519], "E": [2083.0, 230, 0.0749663702639884], "F": [308.0, 11, 0.011542675403409024], "K": [14.0, 6, 0.0004997057762184477], "L": [53.0, 1, 0.0018865651662251341], "T": [151.0, 1, 0.012834257769128736], "Y": [42.0, 4, 0.001988513641044041], "DRB4": [179.0, 9, 0.00871820367396207], "DPA2": [7.0, 2, 0.0003725637199227581], "DQB1": [323.0, 141, 0.015556933644654722], "DOB": [17.0, 4, 0.0008068329012786737], "H": [2.0, 1, 7.119113834811827e-05], "DOA": [1.0, 1, 5.180975274205685e-05]}