{"A": [411.0, 222, 0.10294473494850075], "B": [1064.0, 352, 0.26870664483310175], "C": [508.0, 238, 0.12689398940249969], "DRA": [308.0, 6, 0.11072710349004906], "E": [148.0, 48, 0.03754888896685962], "F": [47.0, 5, 0.01241686005584264], "L": [5.0, 1, 0.0012546543832633354], "T": [10.0, 1, 0.005991726379331659], "DMB": [14.0, 2, 0.004861468903230459], "DPB1": [154.0, 58, 0.05450851619683882], "DPB2": [1.0, 1, 0.0003544075268187154], "DMA": [48.0, 1, 0.016795129209851795], "DOB": [6.0, 4, 0.0020074470132213367], "DPA1": [221.0, 33, 0.07762384830051394], "DRB1": [279.0, 39, 0.09579356702416873], "DRB3": [45.0, 8, 0.015450575326478828], "DQA1": [103.0, 35, 0.0368842250046436], "DQB1": [81.0, 38, 0.027502024081132316], "DOA": [2.0, 1, 0.0007304654470420269], "H": [4.0, 4, 0.0010037235066106683]}