{"A": [588.0, 267, 0.16795159742141488], "B": [744.0, 276, 0.21426646700886862], "C": [774.0, 262, 0.22047674805801817], "DPB1": [93.0, 41, 0.03753799590937225], "DRB7": [1.0, 1, 0.0008363304034862291], "F": [49.0, 7, 0.014762316199864995], "L": [6.0, 1, 0.00171691916774089], "T": [23.0, 1, 0.01571535888903862], "DRB4": [48.0, 7, 0.018793941651375934], "DRB1": [246.0, 37, 0.09631895096330166], "DMA": [4.0, 1, 0.0015960503883324984], "DRA": [110.0, 5, 0.04509624724680647], "H": [4.0, 3, 0.0011446127784939266], "E": [242.0, 81, 0.07001566800403625], "DRB3": [14.0, 4, 0.005481566314984648], "DPA1": [136.0, 31, 0.054473627813279295], "DQA1": [61.0, 18, 0.024910231744462878], "DQB1": [23.0, 16, 0.008905370037121885]}