{"A": [2062.0, 572, 0.10607036688011706], "B": [5011.0, 767, 0.2598987993251538], "C": [929.0, 392, 0.04765803646148699], "DMA": [155.0, 2, 0.011138248482369153], "DPA1": [1063.0, 51, 0.07667949652282051], "DPB1": [1068.0, 171, 0.07763507628204276], "DQA1": [451.0, 68, 0.03316828924328891], "DQB1": [461.0, 110, 0.032145756946177086], "DRA": [1972.0, 9, 0.14559726790372615], "DRB1": [1335.0, 74, 0.0941361645929264], "DRB3": [287.0, 14, 0.02023751253795496], "DRB5": [265.0, 4, 0.018686204956648307], "E": [986.0, 142, 0.05137541971695134], "F": [153.0, 8, 0.008301344773900713], "L": [19.0, 1, 0.0009791535368242343], "T": [66.0, 1, 0.008121551455076002], "DRB4": [26.0, 6, 0.001833363505180589], "DMB": [67.0, 2, 0.004778123505853082], "DPB2": [1.0, 1, 7.278569427288123e-05], "DOB": [14.0, 3, 0.0009619754045992478], "DOA": [7.0, 4, 0.0005250622726298683]}