{"A": [275.0, 108, 0.17980149532642872], "B": [655.0, 189, 0.4317937638327549], "C": [154.0, 96, 0.10041448087766985], "DRA": [6.0, 2, 0.005630575169152763], "DRB1": [94.0, 12, 0.08424774457215463], "F": [15.0, 4, 0.010344356398659615], "L": [5.0, 1, 0.0032750836408165017], "T": [26.0, 1, 0.04066526511054773], "DMB": [7.0, 2, 0.0063450610334202535], "DMA": [12.0, 1, 0.0109602799094195], "DPA1": [10.0, 4, 0.009168561099195113], "E": [144.0, 38, 0.09536656836314089], "DQA1": [7.0, 4, 0.006543344190714637], "DPB1": [10.0, 6, 0.009239360798802795], "DQB1": [7.0, 7, 0.006204059677122025]}