{"A": [3371.0, 653, 0.20717066025225264], "B": [4190.0, 971, 0.25963185779472087], "C": [3428.0, 703, 0.21009965149465124], "DMA": [83.0, 2, 0.007125697538210885], "DPB1": [424.0, 103, 0.03682278867399036], "DRA": [425.0, 9, 0.037488609538378556], "DRB1": [628.0, 66, 0.05290527368562187], "E": [1692.0, 179, 0.10532777602406432], "F": [163.0, 9, 0.010565953927531476], "L": [30.0, 1, 0.0018470665283507682], "T": [87.0, 1, 0.012790231489564447], "DPA1": [309.0, 39, 0.026629839878986143], "DRB4": [103.0, 6, 0.008677138836973014], "DMB": [21.0, 2, 0.0017892290916044309], "DQA1": [155.0, 30, 0.013618908933864082], "G": [10.0, 7, 0.0006635152130686469], "DOB": [3.0, 2, 0.0002462755371134357], "DRB3": [8.0, 4, 0.0006739525310270302], "Y": [18.0, 2, 0.0014740666857323607], "DQB1": [49.0, 16, 0.004082093038623442], "H": [6.0, 4, 0.00036941330567015365]}