{"A": [1348.0, 381, 0.17406733178012668], "B": [1135.0, 430, 0.14777388866023822], "C": [2325.0, 485, 0.2994093499670493], "DRA": [293.0, 4, 0.05430451075067558], "DRB1": [285.0, 25, 0.050447780532082515], "DRB5": [131.0, 4, 0.023188278069132668], "E": [726.0, 117, 0.09495920250436919], "F": [109.0, 10, 0.01484586436953534], "L": [6.0, 1, 0.0007761942413791413], "T": [40.0, 1, 0.012355975142360769], "Y": [4.0, 2, 0.0006882757997989796], "DRB4": [83.0, 5, 0.014691809768992453], "DMB": [6.0, 2, 0.0010741273845347712], "DMA": [31.0, 1, 0.005592021956127588], "DPA1": [289.0, 32, 0.05233181540898142], "DQB1": [63.0, 32, 0.011027707814556986], "DPB1": [145.0, 55, 0.0264591996653739], "DQA1": [86.0, 33, 0.01587694540265459], "K": [1.0, 1, 0.00012972078202981685]}