{"A": [7647.0, 915, 0.21845581954583607], "B": [9455.0, 1090, 0.2723381744305468], "C": [3954.0, 710, 0.1126481890949133], "DMA": [238.0, 3, 0.009497936889384695], "DMB": [80.0, 4, 0.0031683975872406293], "DPB1": [1246.0, 165, 0.050300452506625556], "DQA1": [360.0, 81, 0.014703345053288545], "DQB1": [440.0, 98, 0.017038938135827384], "DRA": [1732.0, 9, 0.07101683627306879], "DRB1": [1886.0, 86, 0.07385570375830797], "DRB3": [116.0, 9, 0.004542556540807913], "DRB5": [12.0, 3, 0.00046991964215254274], "E": [3020.0, 235, 0.08738814673738038], "F": [315.0, 14, 0.009491496518549377], "K": [30.0, 7, 0.0008609460964414152], "L": [9.0, 1, 0.00025757684764885044], "T": [158.0, 1, 0.010797401973772968], "DPA1": [1055.0, 66, 0.04226351034474425], "DRB4": [6.0, 2, 0.00023495982107627137], "DOB": [11.0, 3, 0.0004197548628351636], "DOA": [6.0, 2, 0.0002499373395512528]}