{"A": [700.0, 169, 0.1110459492664755], "B": [341.0, 164, 0.0545423091072481], "C": [631.0, 183, 0.09982723939001734], "DMA": [164.0, 2, 0.03634363172721333], "DPB1": [347.0, 84, 0.07778851433392676], "DRA": [840.0, 5, 0.19126031732484725], "DRB3": [1.0, 1, 0.0002174575571510435], "E": [186.0, 43, 0.029887575285706063], "L": [4.0, 1, 0.000635706216343014], "T": [22.0, 1, 0.008348664645132219], "DRB4": [277.0, 10, 0.06023574333083906], "DMB": [9.0, 2, 0.001979357991795294], "DPA1": [438.0, 52, 0.09743598267657445], "DQB1": [104.0, 29, 0.0223643016554451], "F": [35.0, 7, 0.005856313750940927], "DOA": [5.0, 4, 0.0011565969673173033], "DRB1": [763.0, 7, 0.1659201161062462], "DQA1": [155.0, 12, 0.035154222666781]}