{"A": [281.0, 174, 0.14296693259285648], "B": [624.0, 250, 0.3201019571315249], "C": [311.0, 184, 0.15779916093083754], "DRB1": [108.0, 31, 0.07532217617031776], "L": [7.0, 1, 0.003567952840184608], "T": [2.0, 1, 0.0024341589248940746], "DRB4": [17.0, 4, 0.011856268471253721], "DRA": [108.0, 4, 0.07886674916656801], "E": [143.0, 42, 0.07369505966479352], "DPA1": [67.0, 16, 0.04780184509404053], "DQA1": [72.0, 15, 0.05237245061842407], "F": [3.0, 2, 0.0016099120266950722], "DPB1": [43.0, 23, 0.03091569800555621], "DQB1": [1.0, 1, 0.000689678362053321]}