{"A": [8089.0, 913, 0.2662764675757167], "B": [11481.0, 583, 0.38105891702423145], "C": [2211.0, 322, 0.07258413661315781], "DMB": [35.0, 3, 0.0015972877259638654], "DPB1": [427.0, 84, 0.019863105435461076], "DQB1": [205.0, 36, 0.00914764145282163], "DRA": [896.0, 5, 0.042333762224134076], "DRB1": [681.0, 40, 0.03072945709199439], "DRB5": [1.0, 1, 4.512401922466137e-05], "E": [3482.0, 197, 0.1161020200988533], "K": [13.0, 2, 0.0004298960770232377], "L": [33.0, 1, 0.001088287591391856], "T": [216.0, 1, 0.017009100893625298], "DMA": [129.0, 1, 0.005932086237232868], "V": [2.0, 1, 0.00013982336324546907], "DOB": [12.0, 4, 0.0005276545897657483], "DPA1": [392.0, 31, 0.018095250375976847], "F": [283.0, 8, 0.009825982756872154], "DQA1": [145.0, 35, 0.00682412657922955], "DOA": [4.0, 2, 0.000192001802916089], "H": [6.0, 3, 0.0001978704711621556]}