{"A": [956.0, 287, 0.2180749150462106], "B": [1752.0, 369, 0.4029548449258034], "C": [669.0, 248, 0.15219099577236225], "DMA": [28.0, 2, 0.00892248127293097], "DQA1": [10.0, 4, 0.003261286402773318], "DRA": [68.0, 3, 0.022263715176265853], "DRB1": [169.0, 32, 0.05284505428074338], "E": [330.0, 58, 0.07624911678218355], "HFE": [1.0, 1, 0.00023922330060457576], "T": [8.0, 1, 0.004365434348287422], "F": [26.0, 5, 0.00625565484059343], "DPB1": [67.0, 28, 0.021597522926782995], "DQB1": [7.0, 3, 0.0021645278643591796], "DPA1": [67.0, 18, 0.02143202466680764], "Y": [1.0, 1, 0.0003039645579283869], "DRB3": [22.0, 2, 0.006879237835363044]}