{"A": [28056.0, 1791, 0.20768012369520852], "B": [25007.0, 1398, 0.18664021900002287], "C": [30080.0, 1504, 0.22205575538249941], "DMA": [896.0, 2, 0.00926524663923406], "DOA": [70.0, 10, 0.0007555697894295703], "DOB": [120.0, 10, 0.001186536082253319], "DPA1": [4421.0, 79, 0.045891290848719256], "DPB1": [2882.0, 189, 0.030147026222677408], "DQB1": [2102.0, 226, 0.021092070478445513], "DRA": [6305.0, 8, 0.06698771698099236], "DRB1": [7485.0, 92, 0.07595053014146408], "DRB5": [24.0, 3, 0.00024352875396060629], "E": [10483.0, 329, 0.07860095534067486], "F": [1667.0, 17, 0.01301536618294576], "K": [32.0, 12, 0.0002379585628819099], "L": [114.0, 2, 0.0008454069586054897], "T": [618.0, 1, 0.010943274939004304], "V": [10.0, 2, 0.00015721029329661965], "DRB3": [940.0, 15, 0.009538209530123746], "DMB": [220.0, 3, 0.002257714489843121], "DPB2": [3.0, 2, 3.142179960090941e-05], "H": [16.0, 5, 0.00011865360822533189], "DQA1": [1545.0, 80, 0.016350791656910727], "J": [1.0, 1, 7.4226229803061505e-06]}