{"A": [63.0, 57, 0.13442941930112687], "B": [105.0, 74, 0.22590067706249972], "C": [31.0, 27, 0.06596757023444424], "DRB5": [11.0, 3, 0.03217483158589482], "E": [46.0, 18, 0.09942249619371693], "L": [1.0, 1, 0.0021376941025465952], "T": [4.0, 1, 0.02041754018641454], "DMB": [2.0, 1, 0.00591644630401785], "DMA": [5.0, 1, 0.01490402504065565], "DRA": [39.0, 2, 0.11944261009052505], "F": [7.0, 6, 0.015754456440670007], "DPA1": [22.0, 12, 0.06582896577343998], "DQA1": [7.0, 6, 0.021354673378564427], "DRB1": [34.0, 18, 0.09944947944731126], "DPB1": [13.0, 11, 0.03919931219187116], "DRB3": [3.0, 1, 0.008774954068880406], "DQB1": [10.0, 7, 0.028924848597420595]}