{"A": [11126.0, 1110, 0.16113553331988303], "B": [12765.0, 1209, 0.18640070247566448], "C": [13340.0, 1126, 0.19267400102720575], "DMA": [834.0, 3, 0.01687322547306645], "DPB1": [2050.0, 191, 0.04195535958067827], "DQB1": [1635.0, 109, 0.032098692583255505], "DRA": [4824.0, 7, 0.10027680066160251], "DRB1": [4358.0, 71, 0.08651856650520204], "DRB5": [1777.0, 3, 0.03527845173927122], "DRB6": [4.0, 1, 0.0001665141841102644], "E": [3831.0, 188, 0.05620015005135921], "F": [592.0, 15, 0.009043271770276569], "L": [39.0, 2, 0.0005658595608747077], "T": [258.0, 1, 0.008938437869918964], "Y": [1.0, 1, 1.9298670609866805e-05], "DMB": [255.0, 3, 0.005119995793617694], "DPB2": [10.0, 2, 0.0002049240281253898], "V": [2.0, 1, 6.151684558038781e-05], "J": [1.0, 1, 1.452246993838379e-05], "H": [19.0, 2, 0.00027567517068254993], "DOB": [63.0, 6, 0.001218774438807063], "DPA1": [2152.0, 64, 0.043705401100389646], "K": [7.0, 2, 0.00010184330473715621], "DOA": [41.0, 11, 0.00086585164393591], "DQA1": [974.0, 71, 0.020167512842948522], "DRB3": [6.0, 4, 0.00011911688825865355]}