{"A": [603.0, 262, 0.11403732963236958], "B": [661.0, 246, 0.12603920255764628], "C": [633.0, 239, 0.1193846410751335], "DMA": [66.0, 2, 0.01743626482472826], "DQA1": [135.0, 26, 0.03650098762136829], "DQB1": [229.0, 72, 0.058706005440743336], "DRA": [518.0, 5, 0.14060487920099946], "DRB1": [430.0, 45, 0.11147256810542992], "DRB5": [131.0, 4, 0.033960247492584465], "E": [288.0, 71, 0.055169020404843], "L": [2.0, 1, 0.0003789234724683813], "T": [6.0, 1, 0.002714379907355202], "DMB": [20.0, 2, 0.005243688457390731], "DPB2": [14.0, 2, 0.003746264021620388], "DPA1": [315.0, 42, 0.0835373816315351], "DRB3": [45.0, 6, 0.01166573387149848], "F": [48.0, 4, 0.009574642670324977], "DPB1": [252.0, 63, 0.06734596635005609], "DOA": [9.0, 5, 0.0024818732619044576]}