{"A": [602.0, 185, 0.23978272869724038], "B": [582.0, 208, 0.23373236413633416], "C": [96.0, 72, 0.038133587204804316], "DRA": [136.0, 3, 0.07775014724535104], "E": [194.0, 58, 0.07827015514897538], "L": [3.0, 1, 0.0011971110718661485], "T": [10.0, 1, 0.009528204319283215], "DRB4": [71.0, 5, 0.038765873977667994], "DRB1": [182.0, 25, 0.0993716769568391], "DMA": [10.0, 1, 0.005564180384924931], "F": [13.0, 5, 0.005461555732292309], "DPA1": [119.0, 22, 0.06646743909624118], "DQA1": [123.0, 19, 0.07004346761116828], "DQB1": [4.0, 4, 0.002159726312370862], "DPB1": [60.0, 31, 0.03377178210464089]}