{"A": [696.0, 239, 0.13908792533395178], "B": [945.0, 347, 0.19040855552093783], "C": [611.0, 224, 0.12176891067184338], "DPA1": [168.0, 27, 0.047079305681805315], "DRA": [541.0, 5, 0.15517378715164784], "DRB1": [454.0, 59, 0.12436720277019439], "L": [3.0, 1, 0.0006006109285201637], "T": [19.0, 1, 0.00908287725163681], "DRB4": [75.0, 5, 0.02054524274838013], "DMB": [34.0, 2, 0.009419682508575495], "DPB1": [146.0, 48, 0.04123009795713535], "DMA": [50.0, 1, 0.013958218355769707], "E": [260.0, 65, 0.0526291790255553], "F": [43.0, 3, 0.009063590086230634], "DQA1": [87.0, 17, 0.02485653353136052], "DRB3": [31.0, 6, 0.008492033669330453], "DQB1": [119.0, 47, 0.03223624680712503]}