{"A": [2059.0, 624, 0.11459199699856361], "B": [2867.0, 685, 0.16087927284839224], "C": [3350.0, 731, 0.18593355352250152], "DMA": [183.0, 2, 0.01422750756309072], "DPA1": [925.0, 58, 0.07219053363304306], "DPB1": [730.0, 126, 0.05741192684171427], "DQA1": [408.0, 55, 0.032463790310453926], "DQB1": [482.0, 124, 0.03636321726568202], "DRA": [1611.0, 5, 0.12868691411645683], "DRB1": [1297.0, 90, 0.09894816428325474], "DRB5": [2.0, 2, 0.00015258005286546605], "E": [1088.0, 150, 0.06133380309576535], "F": [184.0, 9, 0.010801084779790514], "HFE": [4.0, 1, 0.0002334605966480197], "K": [6.0, 4, 0.00033545276032544824], "L": [7.0, 1, 0.00039029030858424643], "T": [82.0, 1, 0.010916953194236974], "DRB3": [83.0, 10, 0.006332072193916842], "DRB4": [4.0, 3, 0.0003051601057309321], "DMB": [72.0, 3, 0.005555301015692651], "DPA2": [3.0, 2, 0.00025010222853732257], "DOB": [10.0, 4, 0.0007434101115890409], "DOA": [9.0, 6, 0.0007303782211866832], "J": [1.0, 1, 5.580667686997183e-05], "H": [3.0, 2, 0.0001672672751075342]}