{"A": [1286.0, 376, 0.23070559026672524], "B": [731.0, 297, 0.13222360288913726], "C": [711.0, 235, 0.12720429384727763], "DRA": [381.0, 5, 0.09810316756726671], "DRB3": [71.0, 7, 0.017460043536183745], "E": [538.0, 79, 0.0977625414660874], "K": [5.0, 2, 0.0009010924108915364], "L": [12.0, 1, 0.002156702200958648], "T": [7.0, 1, 0.0030040340024972308], "DRB4": [24.0, 5, 0.005901986547442392], "DRB1": [337.0, 35, 0.08287372777033693], "DQA1": [102.0, 17, 0.026161247010586933], "DMA": [57.0, 1, 0.014284722211438576], "DPA1": [214.0, 38, 0.05383584089204397], "H": [1.0, 1, 0.00017972518341322066], "DQB1": [93.0, 43, 0.022616084561657722], "DPB1": [273.0, 44, 0.0692087679262586], "F": [67.0, 5, 0.012677790267434794], "Y": [1.0, 1, 0.00023905194298651678], "DMB": [9.0, 1, 0.002238395466146476], "DOA": [1.0, 1, 0.0002615920332282734]}