{"A": [813.0, 337, 0.20785840105019682], "B": [510.0, 250, 0.13146848945689615], "C": [719.0, 245, 0.1833246852742508], "DMA": [36.0, 2, 0.012857582848546018], "DQA1": [79.0, 22, 0.02887654620217073], "DRA": [224.0, 6, 0.08219889130887459], "DRB1": [311.0, 15, 0.10899516912871687], "E": [421.0, 92, 0.10902653008612569], "L": [14.0, 1, 0.0035858891338554437], "T": [9.0, 1, 0.005504390043004994], "DRB4": [46.0, 7, 0.016121471961160698], "DPA1": [140.0, 27, 0.05019328851475819], "DPB1": [71.0, 40, 0.025651732748675788], "F": [19.0, 7, 0.00512368295069341], "DOB": [7.0, 3, 0.002390592755903629], "DRB3": [29.0, 4, 0.010163536671166526], "DMB": [3.0, 1, 0.0010633480764896013], "DQB1": [45.0, 30, 0.015595771788514151]}