{"A": [1303.0, 392, 0.20385882810285547], "B": [1251.0, 338, 0.19734079690678222], "C": [916.0, 303, 0.14292085393893134], "DOB": [4.0, 2, 0.0008359409905904409], "DPA1": [244.0, 33, 0.0535322517882323], "DQB1": [150.0, 39, 0.03181219880858067], "DRA": [486.0, 6, 0.10913455497155439], "DRB1": [376.0, 17, 0.08063856237321122], "DRB5": [239.0, 4, 0.05125695852978054], "L": [16.0, 3, 0.0025078229717713225], "T": [21.0, 1, 0.007859484411531694], "DMB": [16.0, 2, 0.0034704216882088007], "DPB1": [153.0, 38, 0.03382656197638269], "DMA": [48.0, 1, 0.010490740370463244], "E": [246.0, 51, 0.038984617063947014], "F": [44.0, 5, 0.007260882264091034], "Y": [3.0, 1, 0.0006254340057026783], "DQA1": [105.0, 26, 0.023486349901647448], "H": [1.0, 1, 0.00015673893573570766]}