{"A": [2592.0, 652, 0.19523635043321053], "B": [5338.0, 646, 0.40539530376594957], "C": [800.0, 271, 0.060093941752073075], "DMA": [67.0, 2, 0.007049856554111283], "DMB": [24.0, 3, 0.002506190525342139], "DPB1": [159.0, 59, 0.016924043354530505], "DRA": [432.0, 8, 0.04670359755461115], "DRB5": [179.0, 4, 0.018481981814227232], "E": [1265.0, 115, 0.09651376704834647], "F": [149.0, 11, 0.01183759732286964], "L": [39.0, 1, 0.002942944531127128], "T": [43.0, 1, 0.007747896199260337], "DRB4": [104.0, 5, 0.010738134685361075], "DRB1": [392.0, 30, 0.04047450766020712], "DPA1": [453.0, 37, 0.04784807428268152], "V": [4.0, 1, 0.0006398784320022482], "DQA1": [141.0, 31, 0.015183990253147098], "DQB1": [134.0, 50, 0.013681943830941899]}