{"A": [11260.0, 1204, 0.21215257502350962], "B": [23867.0, 1386, 0.4534007251489986], "C": [4396.0, 622, 0.08260048965207444], "DMA": [504.0, 2, 0.01326539686491962], "DPA1": [564.0, 48, 0.014901486680771778], "DPB1": [684.0, 111, 0.018211568007051815], "DRA": [1663.0, 8, 0.04497208999709515], "DRB1": [2004.0, 74, 0.05175799664951784], "DRB3": [627.0, 18, 0.01619374446070244], "DRB7": [1.0, 1, 5.516720600966573e-05], "E": [3261.0, 205, 0.06223486812644832], "F": [458.0, 13, 0.009101794075081738], "L": [72.0, 1, 0.0013590461334497944], "T": [234.0, 1, 0.010546671737141976], "DMB": [126.0, 3, 0.003291225358531194], "K": [6.0, 5, 0.00011356469672621033], "V": [1.0, 1, 4.001489797606315e-05], "DQB1": [122.0, 41, 0.003115925524620009], "DQA1": [99.0, 18, 0.0026667741186313025], "H": [1.0, 1, 1.8875640742358254e-05]}