{"A": [3476.0, 426, 0.11509581149808733], "B": [2490.0, 626, 0.08312919194877974], "C": [4060.0, 521, 0.13406666503646478], "DMA": [569.0, 2, 0.026319147137319678], "DMB": [101.0, 3, 0.004636372101159352], "DOA": [15.0, 8, 0.000724233107987497], "DPB1": [1309.0, 177, 0.0612492421434399], "DQB1": [474.0, 55, 0.021275286367828262], "DRA": [3490.0, 7, 0.16586168895842288], "DRB1": [3467.0, 22, 0.15736328652523238], "DRB7": [1.0, 1, 9.695067205592626e-05], "E": [1595.0, 137, 0.053495037567759134], "K": [24.0, 9, 0.0007983129446508109], "L": [49.0, 1, 0.0016254275538573405], "T": [130.0, 1, 0.010297048502671905], "DRB4": [1173.0, 10, 0.053241169626217937], "DQA1": [771.0, 32, 0.03649851960699177], "DPA1": [1460.0, 76, 0.06779117873642354], "F": [183.0, 9, 0.006391200643456234], "DOB": [1.0, 1, 4.422932119339702e-05]}