{"A": [745.0, 357, 0.09750767354525744], "B": [760.0, 329, 0.10029298897461056], "C": [482.0, 242, 0.06291360644246276], "DQB1": [266.0, 90, 0.04719342314527508], "DRA": [1006.0, 8, 0.18898242067992949], "DRB1": [674.0, 47, 0.12092392700821096], "DRB5": [132.0, 4, 0.023682430808729744], "E": [275.0, 72, 0.03645761661629867], "F": [56.0, 7, 0.007730759441361609], "L": [2.0, 1, 0.00026224324095599046], "T": [33.0, 1, 0.010332040892043858], "DRB4": [116.0, 7, 0.020811833134944318], "DMB": [12.0, 2, 0.002177413576422466], "DPB1": [528.0, 98, 0.09765573785221376], "DMA": [41.0, 1, 0.007496286434859025], "DRB3": [1.0, 1, 0.00017941235461158898], "DPA1": [634.0, 49, 0.116362316336937], "DQA1": [312.0, 51, 0.05838190151782737], "H": [4.0, 2, 0.0005244864819119809], "K": [1.0, 1, 0.0001314815151362148]}