{"A": [7030.0, 785, 0.19301797363163745], "B": [7180.0, 885, 0.19876564920396547], "C": [6552.0, 701, 0.1794036757004131], "DMA": [316.0, 2, 0.012120186527934078], "DMB": [81.0, 4, 0.0030832206378957738], "DPA1": [1065.0, 63, 0.04100460311956746], "DPB1": [1355.0, 122, 0.05257303430039926], "DQB1": [384.0, 41, 0.014291933030970368], "DRA": [1776.0, 8, 0.0699884367546049], "DRB1": [1784.0, 42, 0.06714398313005039], "E": [2872.0, 172, 0.07987298597163041], "HFE": [5.0, 1, 0.000143968702183396], "K": [23.0, 9, 0.0006343843215513922], "L": [39.0, 1, 0.0010727507328931766], "T": [173.0, 1, 0.011362612198335816], "V": [8.0, 2, 0.00046649201140739835], "Y": [25.0, 2, 0.0009146555290413567], "DRB4": [431.0, 9, 0.016221444354849616], "DQA1": [660.0, 37, 0.02590761786009643], "DPB2": [8.0, 2, 0.00031079429110518676], "F": [279.0, 12, 0.008079755907953573], "DOA": [9.0, 6, 0.00036032326179924045], "DRB3": [3.0, 2, 0.00011291028553259595], "DRB5": [615.0, 6, 0.02314660853418217]}