{"A": [11379.0, 1391, 0.16341754701553762], "B": [14857.0, 1331, 0.21512960187876953], "C": [9332.0, 1191, 0.13365473250766516], "DMA": [667.0, 2, 0.013381358861987989], "DPA1": [2418.0, 83, 0.04869579544027517], "DPB1": [1801.0, 181, 0.036550188739618863], "DRA": [5250.0, 8, 0.10821682755483716], "DRB1": [5116.0, 135, 0.10071518379988548], "DRB3": [1105.0, 11, 0.021753377267176206], "DRB5": [1658.0, 5, 0.03263990905789878], "E": [3727.0, 196, 0.05421594604939585], "F": [419.0, 12, 0.006346879066884356], "L": [109.0, 2, 0.0015682412522871217], "T": [195.0, 1, 0.006699136943870873], "DQB1": [1568.0, 166, 0.03052516143176444], "DRB4": [2.0, 2, 3.937262853787548e-05], "DMB": [190.0, 3, 0.003782904253269741], "K": [10.0, 4, 0.0001442702445509527], "DPB2": [9.0, 1, 0.00018288484479996416], "DOB": [16.0, 4, 0.00030693406772591984], "DOA": [25.0, 7, 0.0005235304691042208], "DQA1": [1046.0, 70, 0.021476692272099494], "Y": [1.0, 1, 1.9136817632790206e-05], "H": [1.0, 1, 1.4387534424652491e-05]}