{"A": [56.0, 45, 0.20831653277964526], "B": [100.0, 72, 0.37506813753123847], "L": [1.0, 1, 0.0037267262935357544], "DRA": [1.0, 1, 0.005339205251915277], "E": [51.0, 23, 0.19216705987405402], "F": [1.0, 1, 0.0039236234560184316], "C": [57.0, 46, 0.2114587148135928]}