{"A": [8530.0, 1153, 0.1907373765983641], "B": [12748.0, 1193, 0.28741093600502393], "C": [10575.0, 1073, 0.23582083406701732], "DMA": [266.0, 3, 0.008308989393568429], "DPA1": [1046.0, 54, 0.03279888170550247], "DPB1": [854.0, 114, 0.02698522017638907], "DQA1": [198.0, 50, 0.0063298451271845005], "DRA": [1303.0, 7, 0.04181885084936977], "DRB1": [1667.0, 83, 0.05109662292808686], "DRB3": [463.0, 14, 0.014191803488724784], "E": [2974.0, 253, 0.06735980108060992], "F": [422.0, 12, 0.009952927383052368], "L": [63.0, 1, 0.0014112992453443876], "T": [149.0, 1, 0.007970080297462387], "DMB": [70.0, 3, 0.002170011185321898], "DQB1": [491.0, 88, 0.014882832269109296], "DOB": [10.0, 4, 0.00029868767097235717], "DOA": [6.0, 4, 0.00019563447453328892], "DRB5": [7.0, 3, 0.00021456290371722137], "H": [2.0, 2, 4.480315064585358e-05]}