{"A": [391.0, 156, 0.20185820017401898], "B": [580.0, 189, 0.3019062426140555], "C": [294.0, 139, 0.15136727437873362], "DPA1": [66.0, 22, 0.04778088096543495], "DRA": [77.0, 3, 0.05705599315284291], "K": [5.0, 3, 0.0025931152649044586], "L": [16.0, 2, 0.008275255429315542], "T": [14.0, 1, 0.017289694894800884], "DMB": [8.0, 2, 0.005725808049576916], "DMA": [6.0, 1, 0.004327137380977974], "V": [3.0, 1, 0.0032892939859271646], "E": [193.0, 38, 0.1009252900399134], "DRB1": [53.0, 18, 0.03750725947082406], "F": [20.0, 4, 0.0108905859156218], "DQB1": [14.0, 9, 0.009797493773720498], "DOB": [1.0, 1, 0.0006896046191096285], "DQA1": [9.0, 8, 0.006642831995016968], "DRB3": [1.0, 1, 0.0007076841409589446], "DPB1": [43.0, 22, 0.031370353754245725]}