{"A": [182.0, 108, 0.22721451897714076], "B": [207.0, 112, 0.2605610508695265], "C": [154.0, 85, 0.19173457417773396], "DRA": [20.0, 2, 0.03583732555295562], "L": [2.0, 1, 0.0025014191649645116], "DRB1": [52.0, 18, 0.08898931401351902], "DMA": [7.0, 1, 0.012207943914508737], "F": [4.0, 2, 0.005267157357927195], "E": [53.0, 21, 0.0670214190288093], "DQA1": [12.0, 7, 0.021418401600008633], "DPA1": [34.0, 11, 0.059522914280483764], "DQB1": [7.0, 5, 0.01184622705778255], "DPB1": [9.0, 5, 0.015877734004639602]}