{"A": [1198.0, 339, 0.21571852442458286], "B": [1174.0, 250, 0.2131440335565071], "C": [1148.0, 334, 0.20615199030725173], "DMA": [43.0, 2, 0.010816303691247772], "DPB1": [170.0, 60, 0.043257445129583884], "DRA": [189.0, 3, 0.048846486656015244], "DRB3": [18.0, 6, 0.004442965613441729], "E": [693.0, 82, 0.12639704342262245], "L": [16.0, 1, 0.002886306128440247], "T": [20.0, 1, 0.008614900644799866], "DRB4": [12.0, 5, 0.0029619770756278193], "DMB": [13.0, 1, 0.0032452722315354046], "DRB1": [171.0, 27, 0.04220817332769642], "DQB1": [97.0, 48, 0.023676618605458298], "F": [49.0, 5, 0.009306327108654842], "DPA1": [111.0, 23, 0.028028133649547152], "DQA1": [40.0, 10, 0.01029749842698734]}