{"A": [1079.0, 365, 0.29561977289703084], "B": [614.0, 203, 0.1696113324104105], "C": [802.0, 292, 0.21912979062258992], "DMA": [27.0, 2, 0.010333693891603261], "DPB1": [67.0, 34, 0.025939891687859807], "DRA": [61.0, 3, 0.023987377745185664], "E": [435.0, 83, 0.12071864420110943], "L": [8.0, 1, 0.002195805190267684], "T": [34.0, 1, 0.022283356375309087], "DRB4": [19.0, 4, 0.007135681535913584], "DRB1": [96.0, 22, 0.03605396986566864], "V": [2.0, 1, 0.001163734278787902], "DPA1": [88.0, 23, 0.033809230362537926], "F": [54.0, 5, 0.015604771179251034], "DQA1": [21.0, 11, 0.00822569209947933], "DQB1": [18.0, 12, 0.0066850069125927265], "DRB3": [4.0, 3, 0.00150224874440286]}