{"A": [1487.0, 386, 0.13248721296196223], "B": [1988.0, 491, 0.1785886425213696], "C": [2892.0, 517, 0.25696637942692085], "DMA": [146.0, 2, 0.01817170365004444], "DMB": [49.0, 3, 0.006052520015028811], "DRA": [647.0, 8, 0.08273860253917896], "E": [729.0, 102, 0.06579055983201211], "F": [154.0, 10, 0.014472225709052012], "L": [8.0, 1, 0.0007140765457921672], "T": [46.0, 1, 0.009804162073163916], "DRB3": [180.0, 13, 0.021983929612028517], "K": [6.0, 1, 0.000537027374786058], "DPA1": [311.0, 34, 0.03885652539791426], "DOB": [5.0, 3, 0.0005950637881601394], "DQA1": [46.0, 13, 0.005859518739039372], "DRB1": [966.0, 62, 0.11798042225121973], "G": [1.0, 1, 9.619320233385143e-05], "DPB1": [258.0, 67, 0.03248359020279272], "DQB1": [131.0, 34, 0.01582164415720003]}