{"A": [212.0, 105, 0.1436676885666614], "B": [429.0, 219, 0.29312644176679886], "C": [347.0, 165, 0.23451344125421741], "DPB1": [51.0, 33, 0.04883989718775591], "DRA": [65.0, 4, 0.06322335018499584], "DRB5": [14.0, 2, 0.013005321818521183], "T": [7.0, 1, 0.01134778080243515], "DRB4": [10.0, 5, 0.009289515584657987], "DRB1": [65.0, 22, 0.06038185130027692], "E": [92.0, 32, 0.06315156664802735], "F": [21.0, 5, 0.015010465096016523], "DQB1": [7.0, 4, 0.006430409121379917], "DPA1": [40.0, 14, 0.038012270668255674]}