{"A": [139.0, 98, 0.18168133924344956], "B": [208.0, 122, 0.2741153258006883], "C": [98.0, 61, 0.12774285527187285], "DRB1": [37.0, 7, 0.06629290803855238], "E": [83.0, 36, 0.10988708998521686], "L": [1.0, 1, 0.0013094451405326606], "Y": [3.0, 1, 0.00522506750251382], "DRB4": [6.0, 2, 0.010750201303549034], "DMA": [5.0, 1, 0.009129464847479618], "DRA": [28.0, 2, 0.052528434604792534], "DQA1": [30.0, 7, 0.05606062007905453], "DQB1": [21.0, 12, 0.03720764117839471], "DPA1": [12.0, 8, 0.02199466473599687], "DPB1": [24.0, 12, 0.04432901541386242], "DOB": [1.0, 1, 0.0017459268540435475]}