{"A": [5802.0, 879, 0.18234830863357487], "B": [8373.0, 1082, 0.26532585138645337], "C": [1694.0, 495, 0.05309485536137165], "DMA": [302.0, 2, 0.013258999430234833], "DMB": [57.0, 3, 0.002483567849326799], "DPA1": [1495.0, 83, 0.06588791818056738], "DPB1": [1155.0, 153, 0.051296451169594755], "DQB1": [360.0, 94, 0.015337120753737422], "DRA": [2273.0, 5, 0.10253316315660342], "DRB1": [2448.0, 67, 0.1054642460818798], "DRB4": [648.0, 10, 0.027917006315791713], "E": [1698.0, 180, 0.05405486147569541], "F": [256.0, 13, 0.008486245489099669], "L": [27.0, 3, 0.0008501186914138217], "T": [127.0, 1, 0.009548109488846337], "Y": [25.0, 3, 0.0010469818475700608], "DRB3": [218.0, 11, 0.00939183237167067], "DPB2": [11.0, 2, 0.0004891671889884036], "V": [1.0, 1, 6.674762417003714e-05], "H": [4.0, 3, 0.00012594350983908468], "DOB": [7.0, 4, 0.0002938681896245309], "K": [5.0, 3, 0.00015786148991724246], "DOA": [11.0, 6, 0.0005041085506706523], "G": [5.0, 4, 0.00016965841541744935], "DQA1": [664.0, 47, 0.02983549271625483], "J": [1.0, 1, 3.151463168576183e-05]}