{"A": [4073.0, 714, 0.13410812260466176], "B": [9130.0, 764, 0.3030999820312937], "C": [5471.0, 773, 0.1796480091128848], "DMA": [247.0, 2, 0.011361022503159544], "DMB": [114.0, 4, 0.005203824992705945], "DPA1": [1008.0, 67, 0.04654165075146079], "DPB1": [829.0, 136, 0.038572387814253616], "DQB1": [315.0, 69, 0.014059456997837115], "DRA": [1886.0, 8, 0.08912986856443966], "DRB1": [2096.0, 83, 0.09460231739154605], "DRB3": [398.0, 10, 0.017963607977974867], "DRB5": [4.0, 3, 0.00018053877364798863], "E": [1103.0, 129, 0.03678656552913259], "F": [230.0, 9, 0.007987670093460362], "L": [5.0, 1, 0.00016493106488599325], "T": [121.0, 1, 0.009530500261839164], "Y": [2.0, 2, 8.774973160924689e-05], "DOB": [26.0, 4, 0.00114352204987622], "H": [10.0, 6, 0.0003298621297719865], "DQA1": [198.0, 46, 0.009320666804369694], "G": [5.0, 2, 0.00017774281918883837]}