{"A": [794.0, 283, 0.28533154156084467], "B": [656.0, 268, 0.23768817717798285], "C": [462.0, 169, 0.16557176447884456], "DPB1": [58.0, 20, 0.029453614289865163], "E": [381.0, 83, 0.13868430483408853], "L": [4.0, 1, 0.0014400615594780538], "T": [9.0, 1, 0.00773680131954876], "DRB4": [13.0, 2, 0.00640386925700478], "DRB1": [48.0, 20, 0.023645055718171493], "DMA": [5.0, 1, 0.002510030962449025], "DRA": [76.0, 3, 0.03919979335238038], "K": [4.0, 3, 0.0014440141529624402], "DOA": [5.0, 3, 0.002620032319369102], "F": [50.0, 6, 0.018951818794283707], "DQA1": [17.0, 8, 0.008734123364646842], "DMB": [1.0, 1, 0.0004982031152739732], "DRB3": [3.0, 2, 0.0014778159823857183], "DPA1": [22.0, 11, 0.011086450932993243], "DOB": [2.0, 1, 0.0009600410396520359], "DQB1": [34.0, 19, 0.016562485787774753]}