{"A": [258.0, 160, 0.11026849325318645], "B": [424.0, 201, 0.18271409504134883], "C": [199.0, 135, 0.0848203054052614], "DPB1": [124.0, 55, 0.07489188138341585], "DQB1": [51.0, 30, 0.029547397287740137], "DRA": [243.0, 5, 0.14906610811600388], "DRB1": [220.0, 39, 0.12889148849906473], "E": [79.0, 32, 0.03420045496784769], "HFE": [3.0, 1, 0.001344648115235098], "L": [5.0, 1, 0.002140885913398947], "T": [2.0, 1, 0.002044802580466446], "DMA": [22.0, 1, 0.013135124972996291], "DOA": [4.0, 3, 0.0024928668909272203], "F": [6.0, 4, 0.002704796496928238], "DPA1": [172.0, 39, 0.10308625422903253], "DQA1": [75.0, 17, 0.04582833908369622], "DRB3": [54.0, 9, 0.031637001722497705], "DMB": [2.0, 1, 0.0011850560409521448]}