{"A": [148.0, 94, 0.1434775482479438], "B": [300.0, 159, 0.2932364454922237], "C": [130.0, 97, 0.12568417677364246], "DRA": [48.0, 4, 0.06678891276152295], "DRB1": [111.0, 18, 0.1475078164571557], "F": [11.0, 5, 0.011247772592223336], "HFE": [1.0, 1, 0.0010166650402452454], "T": [9.0, 1, 0.020871535237975924], "DRB4": [7.0, 3, 0.00930229473153234], "DMB": [4.0, 2, 0.005376001500690768], "DMA": [8.0, 1, 0.01083407936017071], "DPA1": [28.0, 17, 0.03806456234971854], "DQA1": [22.0, 14, 0.03049200851173045], "DPB1": [24.0, 18, 0.0328787118806725], "E": [51.0, 20, 0.0500801320608629], "DQB1": [10.0, 8, 0.013141337001688543]}