{"A": [3407.0, 578, 0.15162508043202472], "B": [4041.0, 683, 0.18132689359328033], "C": [3452.0, 526, 0.15320915555359566], "DMA": [274.0, 2, 0.017034495175004723], "DMB": [90.0, 3, 0.005552883712489097], "DPA1": [1101.0, 76, 0.06871108520250878], "DPB1": [947.0, 101, 0.05955664312277882], "DQB1": [186.0, 38, 0.011220938346422413], "DRA": [1408.0, 8, 0.08993784359637243], "DRB1": [1506.0, 43, 0.09187422879510052], "E": [1552.0, 140, 0.06996223670820212], "K": [20.0, 10, 0.0008941514486716205], "L": [26.0, 1, 0.0011592151399794758], "T": [107.0, 1, 0.011391275171415543], "Y": [12.0, 2, 0.0007116316990762727], "DRB4": [294.0, 8, 0.017935606418167032], "DQA1": [544.0, 40, 0.03461297514118204], "DPB2": [4.0, 2, 0.00025188338489641265], "F": [215.0, 12, 0.010092272799259724], "DOB": [6.0, 4, 0.0003566815815321464], "DOA": [7.0, 5, 0.000454259809680383], "DRB5": [362.0, 6, 0.022083977970668252], "H": [1.0, 1, 4.45851976915183e-05]}