{"A": [844.0, 345, 0.10897569361168111], "B": [1337.0, 393, 0.17405762884117104], "C": [532.0, 237, 0.06850367154757303], "DPB1": [410.0, 89, 0.07480874573811445], "DQB1": [211.0, 85, 0.0369306517239586], "DRA": [802.0, 7, 0.14862862790272272], "DRB5": [171.0, 6, 0.030265867726275243], "E": [390.0, 61, 0.05100642206151747], "F": [53.0, 8, 0.007217963398798743], "L": [13.0, 1, 0.0016815985862130454], "T": [33.0, 1, 0.010192736327493452], "DRB3": [67.0, 12, 0.011858556360587375], "DMB": [17.0, 3, 0.003043079337443809], "DMA": [75.0, 1, 0.013527833606059145], "V": [1.0, 1, 0.00027421991526402285], "DPB2": [1.0, 1, 0.0001826954847828606], "H": [5.0, 4, 0.0006467686870050174], "DRB1": [624.0, 61, 0.11044386819412721], "DOB": [6.0, 4, 0.0010348298992080278], "DPA1": [593.0, 54, 0.10736987974656373], "DOA": [10.0, 5, 0.0018827582495551107], "DQA1": [202.0, 46, 0.037288909675368444], "DRB4": [1.0, 1, 0.0001769933785162295]}