{"A": [107.0, 86, 0.11422419383988441], "B": [178.0, 120, 0.19158821297805897], "C": [226.0, 160, 0.24060119732256688], "DMA": [5.0, 2, 0.007456312860347736], "DRA": [87.0, 4, 0.13330132967746378], "E": [84.0, 38, 0.0908294465482655], "K": [2.0, 2, 0.0021447985025556528], "L": [2.0, 1, 0.002138927703734789], "T": [2.0, 1, 0.005107330638983287], "V": [2.0, 1, 0.0045343612442810995], "DRB1": [55.0, 24, 0.08048349686712426], "F": [2.0, 2, 0.002251935411424907], "DPA1": [34.0, 13, 0.05089719154021275], "DMB": [3.0, 1, 0.004439895385025244], "DQA1": [5.0, 3, 0.007631070193012137], "DPB1": [26.0, 20, 0.039221932976593654], "DQB1": [14.0, 12, 0.02025907820130037], "DOB": [1.0, 1, 0.0014259518024898592], "DRB3": [1.0, 1, 0.0014633363066749866]}