{"A": [1768.0, 512, 0.1489426472370293], "B": [4592.0, 844, 0.39004359226336666], "C": [1771.0, 532, 0.14878885105783266], "DMA": [71.0, 2, 0.00835554823473594], "DPB1": [251.0, 83, 0.029880774539817547], "DRA": [418.0, 8, 0.05054218284867943], "DRB1": [437.0, 67, 0.05046474334482548], "DRB3": [101.0, 14, 0.011663476150634722], "DRB5": [6.0, 1, 0.000692879771324835], "E": [799.0, 133, 0.0681799447675466], "L": [21.0, 1, 0.0017723434661580065], "T": [105.0, 1, 0.021160004781145696], "DPA1": [362.0, 58, 0.04276475186311022], "DMB": [7.0, 3, 0.0008175456392715383], "K": [2.0, 2, 0.0001692579130317758], "DQB1": [100.0, 45, 0.011419685119983392], "H": [1.0, 1, 8.439730791228601e-05], "F": [63.0, 4, 0.005597949391669092], "DRB4": [3.0, 1, 0.0003464398856624175], "G": [4.0, 3, 0.0003638129772738072], "DQA1": [66.0, 32, 0.007949171438988439]}