{"A": [2419.0, 471, 0.22199230486132693], "B": [3524.0, 463, 0.3260711777095944], "C": [2477.0, 438, 0.22669559417305038], "DPB1": [136.0, 58, 0.017636901184122172], "DQB1": [16.0, 7, 0.0019903953841776223], "DRA": [193.0, 5, 0.02542144692879801], "E": [886.0, 99, 0.08235857653418545], "L": [21.0, 1, 0.001930692602923207], "T": [62.0, 1, 0.013610791965332271], "Y": [1.0, 1, 0.00012228612417960208], "DRB3": [35.0, 5, 0.0044029111377524655], "DRB4": [58.0, 4, 0.007296252742561227], "DMB": [8.0, 2, 0.001017815821454466], "DMA": [16.0, 1, 0.0020511708157555653], "F": [92.0, 6, 0.008905155141025241], "DRB1": [281.0, 35, 0.03534908656309836], "DPA1": [171.0, 35, 0.022005880001791385], "DQA1": [8.0, 7, 0.001049622565874918], "H": [1.0, 1, 9.193774299634317e-05]}