{"A": [20008.0, 1669, 0.17502016398632506], "B": [25050.0, 1783, 0.2209360566346222], "C": [11320.0, 1251, 0.0987519899145278], "DMA": [993.0, 3, 0.012134264301695735], "DPA1": [4049.0, 98, 0.04966755284417089], "DPB1": [4221.0, 240, 0.05217723741780851], "DQA1": [2630.0, 95, 0.03289131797475478], "DQB1": [2301.0, 162, 0.027284647515754334], "DRA": [8571.0, 8, 0.10761103482975554], "DRB1": [7337.0, 103, 0.08797772973195855], "DRB3": [1507.0, 12, 0.01807038826578459], "DRB4": [1103.0, 11, 0.013226037330564303], "DRB5": [4.0, 2, 4.796387064574543e-05], "E": [8763.0, 286, 0.0776444248554895], "F": [999.0, 12, 0.00921725296033978], "G": [14.0, 8, 0.00013221898854999737], "HFE": [4.0, 1, 3.669442252840696e-05], "K": [82.0, 14, 0.0007205770703920062], "L": [263.0, 3, 0.002304793084362379], "T": [380.0, 1, 0.00795165737862309], "Y": [95.0, 4, 0.0011073454905303395], "DMB": [348.0, 3, 0.004220275572840987], "DPB2": [10.0, 2, 0.0001237727460929191], "V": [2.0, 1, 3.715576439771962e-05], "H": [11.0, 5, 9.639818984025159e-05], "DOB": [21.0, 6, 0.0002453772105024586], "DOA": [27.0, 8, 0.0003443939676147199], "J": [1.0, 1, 8.771474974256184e-06], "DQA2": [1.0, 1, 1.25062045531387e-05]}