{"A": [1078.0, 413, 0.12330982264479763], "B": [2413.0, 370, 0.27829839041622373], "C": [415.0, 202, 0.047341501725160405], "DPA1": [471.0, 34, 0.07555103137798137], "DPB1": [399.0, 91, 0.06449605174787564], "DQB1": [256.0, 73, 0.039695035877574926], "DRA": [786.0, 5, 0.1290453510100942], "DRB5": [384.0, 5, 0.0602115712749732], "E": [492.0, 94, 0.0570055411739332], "F": [93.0, 10, 0.011220532588322974], "L": [27.0, 1, 0.003094100830586236], "T": [19.0, 1, 0.005199028136538995], "DMA": [70.0, 1, 0.01118553462079804], "DRB1": [398.0, 20, 0.06240678481103993], "DOA": [5.0, 3, 0.0008339812380902352], "DQA1": [186.0, 27, 0.03041816256365681], "H": [6.0, 3, 0.0006875779623524968]}