{"A": [426.0, 188, 0.19483870807056192], "B": [857.0, 323, 0.39520362944960874], "C": [188.0, 123, 0.08575086556983551], "DPB1": [11.0, 10, 0.007109509658782264], "DRA": [35.0, 3, 0.02297600893292735], "DRB4": [68.0, 6, 0.042632851246330684], "DRB5": [21.0, 2, 0.013166027590778595], "E": [199.0, 52, 0.0921916900343752], "L": [4.0, 1, 0.0018328098888101588], "T": [15.0, 1, 0.016411434952090964], "DMA": [11.0, 1, 0.007028103059635902], "DPA1": [45.0, 16, 0.028861489053677213], "DRB1": [82.0, 15, 0.051410202973516415], "F": [25.0, 6, 0.012060276405715262], "DRB3": [1.0, 1, 0.0006269536947989807], "DQB1": [45.0, 25, 0.027899439418554637]}