{"A": [45.0, 38, 0.25016733828535126], "B": [66.0, 50, 0.36994442752500434], "C": [17.0, 16, 0.09425014706699701], "T": [1.0, 1, 0.013298655891421724], "DMA": [2.0, 1, 0.015532017949523082], "K": [1.0, 1, 0.005584705447541236], "DRA": [1.0, 1, 0.007979193534853034], "E": [30.0, 15, 0.1689321878458276], "F": [2.0, 2, 0.011727344964769588], "DQA1": [1.0, 1, 0.007948024810107514], "DPB1": [4.0, 4, 0.0314238509866799], "DRB1": [1.0, 1, 0.007620578095084358], "DPA1": [2.0, 2, 0.015591527596839263]}