{"A": [277.0, 170, 0.04518973927360542], "B": [343.0, 187, 0.05641942386380919], "C": [495.0, 214, 0.08053418845551395], "DPA1": [610.0, 43, 0.13955020526750966], "DPB1": [507.0, 109, 0.11688246099394742], "DRA": [729.0, 5, 0.17069802639693857], "E": [141.0, 39, 0.023299802359429054], "F": [5.0, 2, 0.0008603629133750655], "L": [3.0, 1, 0.0004903126603048047], "T": [22.0, 1, 0.00858563461530098], "DRB4": [48.0, 6, 0.010734235719232278], "DMA": [73.0, 1, 0.016636528976109757], "DPA2": [1.0, 1, 0.0002443759325575561], "DQB1": [207.0, 38, 0.04577704274430931], "DRB1": [902.0, 76, 0.2017141795572399], "DQA1": [240.0, 40, 0.055977362051465196], "DMB": [7.0, 1, 0.0015831981186272984], "DRB3": [111.0, 9, 0.024822920100724642]}