{"A": [256.0, 136, 0.22450942355504894], "B": [192.0, 108, 0.16977365500237174], "C": [315.0, 151, 0.2754990999836256], "DRB1": [49.0, 20, 0.058906132988592104], "L": [1.0, 1, 0.0008785902823600156], "T": [5.0, 1, 0.010489487466956179], "DRB4": [4.0, 2, 0.004808663917436091], "DQA1": [31.0, 12, 0.03886846801232278], "DMA": [1.0, 1, 0.001225108078201752], "DRA": [27.0, 2, 0.033985939392938015], "E": [96.0, 37, 0.08527837190847914], "DPB1": [45.0, 16, 0.05576843336679018], "DQB1": [13.0, 8, 0.01545451153464877], "DPA1": [17.0, 8, 0.020906633641036797], "DMB": [3.0, 1, 0.00364748086919158]}