{"A": [1658.0, 452, 0.16501722914862013], "B": [2495.0, 538, 0.2503743152685625], "C": [1770.0, 497, 0.1756843401278897], "DMA": [113.0, 2, 0.015710970089799704], "DPB1": [298.0, 75, 0.041912382571879646], "DQB1": [239.0, 50, 0.03224482219216905], "DRA": [669.0, 5, 0.09556784367169573], "DRB1": [448.0, 50, 0.06112130274967121], "DRB5": [165.0, 6, 0.02251119409307087], "E": [567.0, 117, 0.05716113992881425], "F": [84.0, 8, 0.008818113022782174], "L": [12.0, 1, 0.0011965140324186972], "T": [42.0, 1, 0.009999624898383708], "DRB3": [41.0, 7, 0.005593690653429731], "DRB4": [4.0, 2, 0.0005457259174077786], "DMB": [22.0, 2, 0.0030356004155807684], "DPA1": [276.0, 40, 0.03852072251495595], "DOB": [6.0, 4, 0.0007976760216124647], "DQA1": [99.0, 42, 0.014087083178554503], "H": [1.0, 1, 9.970950270155809e-05]}