{"A": [392.0, 201, 0.21448075144472895], "B": [541.0, 181, 0.2984516477663814], "C": [356.0, 167, 0.19425279423790806], "DRA": [32.0, 3, 0.025130037624256356], "DRB3": [9.0, 5, 0.006750168111852568], "L": [2.0, 1, 0.0010962864269249608], "T": [8.0, 1, 0.010470849010106817], "F": [18.0, 3, 0.010387866777317786], "DRB1": [56.0, 12, 0.04200104602930487], "E": [204.0, 45, 0.11305908878117642], "DPA1": [67.0, 22, 0.05140645268323993], "DQA1": [12.0, 4, 0.009386952530544978], "DRB4": [3.0, 1, 0.0022500560372841895], "DPB1": [27.0, 19, 0.020876002538972614]}