{"A": [558.0, 212, 0.3005910657315316], "B": [721.0, 254, 0.39160803524803733], "C": [204.0, 122, 0.10959407055061907], "DMA": [8.0, 2, 0.006020210132027721], "DPB1": [29.0, 17, 0.02207604082198196], "E": [198.0, 56, 0.10803889096254728], "L": [4.0, 1, 0.002158706735298261], "T": [16.0, 1, 0.020618236007728927], "DRA": [1.0, 1, 0.0007731838502898346], "F": [39.0, 7, 0.022159404585395982], "DPA1": [5.0, 2, 0.0037770475445193076], "DRB1": [16.0, 9, 0.011814944229148035], "DQA1": [1.0, 1, 0.00077016360087464]}