{"A": [10269.0, 910, 0.14978927041435386], "B": [15903.0, 902, 0.23388699328777798], "C": [8883.0, 931, 0.12921925559591357], "DMA": [627.0, 2, 0.012776146600428159], "DOA": [32.0, 9, 0.0006806281292564331], "DPA1": [2897.0, 78, 0.05925726799621978], "DPB1": [2858.0, 214, 0.05891095964613132], "DQA1": [2199.0, 74, 0.045858400307001834], "DQB1": [733.0, 106, 0.014493519109373418], "DRA": [4915.0, 8, 0.10290038003420804], "DRB1": [4848.0, 114, 0.09693597586954965], "DRB3": [841.0, 19, 0.016815832447667337], "E": [4012.0, 255, 0.059277043389539257], "F": [401.0, 12, 0.006169479632365747], "HFE": [6.0, 1, 9.17824106966501e-05], "K": [27.0, 10, 0.00039563845196456264], "L": [67.0, 3, 0.0009790821666604786], "T": [229.0, 1, 0.007990568676783194], "V": [1.0, 1, 3.097878272062948e-05], "Y": [19.0, 3, 0.00036930167799119345], "DRB4": [16.0, 5, 0.00031992071244075793], "DMB": [109.0, 3, 0.0022042264427470115], "DPB2": [8.0, 2, 0.00016511371821201486], "DOB": [21.0, 5, 0.00040916866666408067], "H": [5.0, 4, 7.306583333287155e-05]}