{"A": [1014.0, 323, 0.21953231690539954], "B": [1399.0, 311, 0.3053885013511645], "C": [938.0, 273, 0.2025248715588274], "DPB1": [82.0, 38, 0.025087401456690698], "E": [361.0, 59, 0.07916637618573227], "L": [11.0, 1, 0.0023858601149449815], "T": [12.0, 1, 0.006214860810409269], "DRB4": [28.0, 4, 0.008309757712794416], "DMB": [3.0, 2, 0.0009004485833263429], "DMA": [37.0, 1, 0.011190307585154857], "DRA": [112.0, 4, 0.03480322053829191], "DQB1": [3.0, 3, 0.0008804386148079798], "F": [62.0, 5, 0.014158061875010165], "DRB3": [8.0, 2, 0.002374216489369833], "DRB1": [146.0, 18, 0.04332945093099945], "DPA1": [138.0, 24, 0.04189673408396593], "DQA1": [6.0, 2, 0.0018571752031105821]}