{"A": [211.0, 154, 0.1774256683705305], "B": [427.0, 215, 0.3620231392461876], "C": [223.0, 132, 0.18700528430938643], "DPA1": [17.0, 11, 0.02004580466309747], "DPB1": [15.0, 11, 0.01782405751897038], "DRA": [38.0, 5, 0.04586258146449843], "DRB5": [29.0, 2, 0.03342733983145731], "L": [1.0, 1, 0.0008424143973381987], "T": [6.0, 1, 0.012069100385394325], "DMA": [8.0, 1, 0.009397314803894817], "F": [12.0, 5, 0.010643068351385196], "E": [53.0, 18, 0.04514222095256576], "DRB3": [7.0, 3, 0.008068668235179353], "H": [1.0, 1, 0.0008424143973381987], "DMB": [2.0, 1, 0.0023315307562693584], "DRB1": [44.0, 18, 0.05071734319255593], "DQB1": [8.0, 6, 0.009118875846742378], "DQA1": [6.0, 6, 0.007213173277208326]}