{"A": [61.0, 46, 0.18285877366059358], "C": [72.0, 43, 0.21524520496287852], "DRB1": [13.0, 10, 0.053419417024443076], "DRB5": [1.0, 1, 0.004109185924957159], "E": [25.0, 12, 0.07591000751592906], "L": [1.0, 1, 0.0030031550418710626], "DRB3": [4.0, 3, 0.016436743699828636], "DRA": [10.0, 1, 0.04302559380249261], "DPA1": [10.0, 5, 0.04203649969209048], "B": [105.0, 67, 0.3173582022208649], "DPB1": [11.0, 8, 0.04659721645405088]}