{"A": [1628.0, 587, 0.2455559533696108], "B": [2440.0, 486, 0.37107385322489567], "C": [582.0, 232, 0.08754554951021888], "DPB1": [98.0, 46, 0.0208883177014723], "DRA": [260.0, 7, 0.05628728747567607], "DRB5": [2.0, 2, 0.00041351939804947847], "K": [2.0, 1, 0.00030304578027230765], "L": [5.0, 2, 0.0007555406884982487], "T": [26.0, 1, 0.009381214579279344], "V": [3.0, 1, 0.0009610126823142135], "DRB4": [1.0, 1, 0.00020675969902473923], "DMB": [13.0, 2, 0.002718420133768447], "DMA": [54.0, 1, 0.011378096719613323], "DPA1": [149.0, 31, 0.03151540653755249], "E": [504.0, 86, 0.07700158444195879], "DQB1": [75.0, 27, 0.015334677677668159], "F": [42.0, 7, 0.006681853789231774], "DRB1": [212.0, 48, 0.043833056193244714], "DOB": [11.0, 3, 0.0022162526862615295], "DQA1": [33.0, 16, 0.0071162488597928805], "DRB3": [38.0, 11, 0.00785686856294009], "H": [5.0, 4, 0.0007555406884982487], "DOA": [1.0, 1, 0.00021993960015779032]}