{"A": [10737.0, 1240, 0.21948845828298902], "B": [12336.0, 1212, 0.25425971504131634], "C": [13772.0, 1248, 0.28076357909158683], "DMA": [168.0, 2, 0.00479753123176987], "DPB1": [789.0, 155, 0.02279224262660884], "DQB1": [187.0, 58, 0.005181883711845966], "DRA": [851.0, 7, 0.024968887920118435], "DRB1": [1303.0, 66, 0.03651261809097977], "DRB5": [1.0, 1, 2.8021963231757307e-05], "E": [4393.0, 278, 0.09096262736731088], "F": [410.0, 10, 0.008840242982652659], "HFE": [1.0, 1, 2.1438006254668198e-05], "K": [11.0, 5, 0.0002258934291262705], "L": [47.0, 2, 0.0009625390965200433], "T": [218.0, 1, 0.010660433933775594], "Y": [55.0, 2, 0.0014981888230279953], "DRB3": [101.0, 11, 0.0028302182864074882], "DRB4": [231.0, 8, 0.0064730735065359375], "DMB": [38.0, 2, 0.001076934996020491], "DPB2": [9.0, 2, 0.000260322593991931], "DOB": [11.0, 3, 0.00030036681026157375], "DOA": [9.0, 6, 0.00026827401452554904], "DPA1": [836.0, 56, 0.02396489830224909], "DQA1": [86.0, 26, 0.0025134387489359816], "J": [1.0, 1, 2.0498258035285483e-05], "H": [16.0, 9, 0.00032767288392171684]}