{"A": [364.0, 191, 0.2680404851327228], "B": [394.0, 192, 0.29252951683225226], "C": [58.0, 40, 0.042593372296893736], "DPB1": [31.0, 19, 0.03225834087483424], "DRA": [60.0, 3, 0.06341487883553752], "DRB1": [58.0, 18, 0.05854594619086142], "F": [28.0, 4, 0.021747465652533042], "L": [7.0, 1, 0.005164030963569092], "T": [9.0, 1, 0.01585371970888438], "DRB4": [11.0, 2, 0.011103541518956477], "DMA": [14.0, 1, 0.014401470575246118], "E": [107.0, 32, 0.07980973104371039], "DPA1": [33.0, 16, 0.034076386040935394], "DQA1": [46.0, 15, 0.04842815942323276], "DQA2": [1.0, 1, 0.0010527860744181034], "DQB1": [11.0, 10, 0.010980168835412515]}