{"A": [20877.0, 1304, 0.20702706392572046], "B": [29596.0, 1286, 0.2959146801361006], "C": [18374.0, 1100, 0.18170955505198605], "DMA": [600.0, 2, 0.00831170414684194], "DPA1": [2090.0, 65, 0.02906336498548984], "DPB1": [1903.0, 159, 0.026667305815684262], "DQA1": [692.0, 50, 0.009810841202077022], "DQB1": [658.0, 109, 0.008845089803080018], "DRA": [3565.0, 6, 0.050741052446240366], "E": [7230.0, 225, 0.07262236483946868], "F": [820.0, 13, 0.008576784432793094], "K": [11.0, 4, 0.00010958065576943489], "L": [88.0, 3, 0.0008742456697517689], "T": [456.0, 1, 0.010817166860909586], "DRB3": [549.0, 15, 0.007462789644653251], "DRB4": [1105.0, 10, 0.01502073325563177], "DRB1": [4740.0, 78, 0.06443282862596796], "DMB": [128.0, 3, 0.001759730494119263], "V": [6.0, 1, 0.00012636362590750028], "DPB2": [1.0, 1, 1.4031356227271829e-05], "DOB": [7.0, 4, 9.272302557973306e-05]}