{"A": [1852.0, 429, 0.22836090303414255], "B": [2546.0, 419, 0.31652908989719], "C": [1718.0, 389, 0.21126081458005844], "E": [1028.0, 127, 0.12839465419570856], "F": [78.0, 6, 0.010144414418898646], "L": [10.0, 1, 0.0012353003240306816], "T": [54.0, 1, 0.015928107707501495], "DMA": [28.0, 1, 0.004823014802016992], "DRA": [83.0, 2, 0.014689254885806935], "DQB1": [11.0, 9, 0.0018386149020387529], "DRB4": [7.0, 2, 0.0011831740431914345], "DRB1": [170.0, 20, 0.028734226763220547], "DRB3": [18.0, 5, 0.003042447539635117], "DPA1": [105.0, 28, 0.01815560169724787], "DPB1": [83.0, 33, 0.014462393806489452], "DQA1": [4.0, 2, 0.0007051506016341807], "DMB": [3.0, 1, 0.0005128368011884951]}