{"A": [2183.0, 545, 0.10740393070965784], "B": [4940.0, 583, 0.24505741571836692], "C": [714.0, 324, 0.035033189070324974], "DMA": [338.0, 2, 0.02323073412565234], "DPA1": [1141.0, 61, 0.078721373427087], "DPB1": [699.0, 139, 0.04859873188073974], "DQA1": [543.0, 61, 0.038195076982249165], "DQB1": [357.0, 107, 0.02380959331260975], "DRA": [1968.0, 8, 0.13897364203425405], "DRB1": [2400.0, 90, 0.16186297030572205], "DRB3": [350.0, 10, 0.023605016502917797], "E": [641.0, 116, 0.03194460537236325], "HFE": [3.0, 1, 0.0001547901614313316], "L": [37.0, 2, 0.0018237275132872127], "T": [52.0, 1, 0.006120112962213085], "DRB4": [369.0, 8, 0.024886431684504762], "DMB": [60.0, 3, 0.0040925580560253584], "DPB2": [2.0, 1, 0.0001392313565451926], "F": [98.0, 9, 0.005085622575671857], "DOB": [5.0, 2, 0.00032859955194364194], "DOA": [13.0, 6, 0.0009326466964328704]}