{"A": [220.0, 116, 0.185018419815067], "B": [271.0, 112, 0.22979259939615873], "C": [90.0, 60, 0.07548311554010785], "DRA": [67.0, 4, 0.08087382692878918], "DRB1": [101.0, 21, 0.11643498309301613], "T": [4.0, 1, 0.008047146958088476], "DMB": [8.0, 2, 0.009327374883238917], "DPA1": [60.0, 15, 0.0707593956659504], "F": [6.0, 2, 0.005322248492453329], "E": [88.0, 29, 0.0749631826409386], "DRB3": [15.0, 6, 0.01729232422173507], "DQB1": [31.0, 19, 0.03534038705760523], "DRB4": [5.0, 2, 0.00576410807391169], "DPB1": [71.0, 31, 0.08437853031439684], "DQA1": [1.0, 1, 0.0012023569185425165]}