{"A": [573.0, 279, 0.13889844820569744], "B": [574.0, 264, 0.14029077828665398], "C": [674.0, 282, 0.1629362397685791], "DMA": [44.0, 2, 0.014899621717121295], "DOB": [3.0, 2, 0.0009713920595269855], "DRA": [444.0, 8, 0.1544780031291699], "DRB3": [55.0, 9, 0.01827575322980234], "L": [1.0, 1, 0.00024284801488174638], "T": [16.0, 1, 0.00927795814589609], "DMB": [11.0, 2, 0.0036966864487554727], "DQA1": [109.0, 35, 0.03777551464821999], "DPA1": [210.0, 51, 0.07138429004493327], "V": [1.0, 1, 0.0005148190025346113], "DPB1": [143.0, 55, 0.04898466367617291], "E": [191.0, 52, 0.046897446534396], "DRB1": [306.0, 46, 0.101679645242173], "F": [37.0, 7, 0.009460108260792103], "DQB1": [115.0, 50, 0.03778835036505594], "DOA": [3.0, 3, 0.0010604040809179046], "K": [2.0, 1, 0.00048702913871984273]}