{"A": [84.0, 69, 0.2535345223366326], "B": [99.0, 65, 0.3012780362831413], "DRB1": [18.0, 8, 0.07447322245201245], "T": [1.0, 1, 0.007220170804171143], "Y": [4.0, 2, 0.016087662131624048], "DRB4": [5.0, 3, 0.020687006236670125], "DMA": [1.0, 1, 0.004216359286405286], "DRA": [4.0, 1, 0.01732840993001074], "DPA1": [2.0, 2, 0.008465027839373064], "F": [9.0, 3, 0.02865180172145148], "E": [34.0, 18, 0.10394648115303952], "DPB1": [6.0, 3, 0.025591184549147137], "C": [39.0, 30, 0.11739171441005233], "DQB1": [2.0, 2, 0.008182860244727294], "DQA1": [3.0, 3, 0.012945540621541228]}