{"A": [256.0, 141, 0.2689341562591066], "B": [323.0, 155, 0.3421235589342186], "C": [72.0, 55, 0.07543163408698034], "DPB1": [28.0, 14, 0.041566681246128806], "E": [86.0, 30, 0.0915118863412236], "F": [38.0, 6, 0.04210573042655411], "T": [2.0, 1, 0.0050260366212639416], "Y": [9.0, 2, 0.012598639127694988], "DMA": [3.0, 1, 0.00440257788007662], "DRA": [2.0, 1, 0.0030156219727583643], "DPA1": [29.0, 11, 0.042721311280743496], "DRB3": [12.0, 5, 0.017280530405693998], "DRB1": [37.0, 14, 0.0532816354175565]}