{"A": [179.0, 113, 0.22664113428459054], "B": [276.0, 152, 0.352345919646832], "DRA": [35.0, 3, 0.06360549742985222], "F": [4.0, 3, 0.0053419190925030275], "T": [4.0, 1, 0.012115332843781378], "DRB4": [9.0, 7, 0.015620611728358573], "DRB1": [39.0, 12, 0.06768931748955381], "DMA": [9.0, 1, 0.015918715005617326], "DPA1": [15.0, 9, 0.026632843751415957], "DPB1": [11.0, 7, 0.01968156870278384], "E": [38.0, 15, 0.04873515577980506], "DQA1": [15.0, 7, 0.0271530164809358], "DRB5": [29.0, 3, 0.050333082235822064], "C": [54.0, 33, 0.06818588552814833]}