{"A": [96.0, 61, 0.01708837848229514], "B": [206.0, 108, 0.03697186019430453], "DMA": [36.0, 2, 0.008951831857614535], "DPB1": [565.0, 80, 0.1421213717162891], "DRA": [1097.0, 4, 0.2802703487499372], "DRB1": [637.0, 44, 0.15543144257643782], "L": [2.0, 1, 0.00035665753447308517], "T": [5.0, 1, 0.0021290667635212495], "DRB3": [116.0, 5, 0.028304626905599345], "DMB": [28.0, 2, 0.006909789405246235], "V": [5.0, 1, 0.0018902159467238944], "DQB1": [139.0, 34, 0.033539898414671414], "E": [87.0, 22, 0.015686351119500744], "DPA1": [776.0, 33, 0.19370102582325738], "DQA1": [199.0, 43, 0.05064351230385271], "C": [136.0, 75, 0.02414257286940063], "DOA": [5.0, 2, 0.001297797668600602], "F": [3.0, 2, 0.0005632516682744976]}