{"B": [168.0, 108, 0.39539808453239916], "C": [96.0, 61, 0.2234791820712509], "DMA": [3.0, 2, 0.009782545302975796], "DRA": [5.0, 2, 0.01675180960378862], "DRB1": [6.0, 4, 0.019198703141420664], "L": [3.0, 1, 0.0070155844964771685], "T": [4.0, 1, 0.022335746138384828], "Y": [2.0, 1, 0.006220939003348686], "E": [41.0, 21, 0.09694105317764393], "F": [3.0, 2, 0.007386244580344837], "K": [4.0, 4, 0.009379787262139647], "DQA1": [2.0, 2, 0.006674549139009527], "A": [67.0, 54, 0.15639599294028883], "DPB1": [5.0, 4, 0.0164930943975525], "DPA1": [2.0, 2, 0.006546684212974863]}