{"A": [2279.0, 552, 0.17501637721931354], "B": [3408.0, 587, 0.26388117615286283], "C": [1906.0, 392, 0.14597291546280786], "DMA": [50.0, 3, 0.0053639431100312475], "DPB1": [405.0, 97, 0.04395119717416337], "DQA1": [83.0, 37, 0.009112836474276523], "DRA": [747.0, 5, 0.08233715779111024], "DRB1": [587.0, 60, 0.06179342821454275], "DRB5": [1.0, 1, 0.0001052698947436844], "E": [1143.0, 115, 0.08891062291818916], "L": [8.0, 1, 0.0006154831072240234], "T": [92.0, 1, 0.01690097839531937], "DRB3": [44.0, 8, 0.004631875368722114], "DMB": [28.0, 3, 0.0029810520193325175], "DQB1": [192.0, 37, 0.019987244015334214], "DPA1": [668.0, 49, 0.07193684807243132], "DOB": [1.0, 1, 0.00010258051787067057], "F": [79.0, 8, 0.006399014091724884]}