{"A": [946.0, 324, 0.23096324601540627], "B": [967.0, 334, 0.23804149691106127], "C": [449.0, 196, 0.10932339254539629], "DMA": [79.0, 3, 0.026943786192120525], "DRA": [238.0, 6, 0.08340068164784649], "DRB5": [74.0, 5, 0.024765852495748957], "E": [265.0, 70, 0.06553460257317932], "K": [9.0, 6, 0.0022073765564878988], "L": [3.0, 1, 0.0007337781557911416], "T": [53.0, 1, 0.03095403450515311], "Y": [1.0, 1, 0.00032533206259995593], "DMB": [9.0, 2, 0.0030462911316177697], "DRB1": [203.0, 39, 0.06793875752212214], "F": [51.0, 8, 0.013133289720173438], "DPA1": [97.0, 24, 0.0332096310338305], "DQA1": [31.0, 17, 0.010820679957100619], "DPB1": [98.0, 38, 0.033811087154532356], "DQB1": [74.0, 38, 0.024490676356907302], "DOA": [1.0, 1, 0.0003560074629247858]}