{"A": [317.0, 195, 0.16496993030293328], "B": [410.0, 222, 0.2151314209597393], "C": [275.0, 138, 0.14272276265904152], "DRA": [101.0, 5, 0.0754410644346908], "DRB1": [169.0, 26, 0.120559671888345], "DRB5": [20.0, 6, 0.014267416791520118], "L": [1.0, 1, 0.0005213595278288146], "T": [9.0, 1, 0.011204118480399624], "DRB3": [27.0, 5, 0.019261012668552163], "DMA": [13.0, 1, 0.009450802229650062], "DPA1": [126.0, 37, 0.09195104132190035], "DOB": [17.0, 4, 0.011817482630786464], "F": [21.0, 3, 0.011527003739200766], "E": [116.0, 37, 0.061147200119966945], "DPB1": [45.0, 32, 0.03309324570465526], "DQA1": [17.0, 12, 0.012648399378263639], "DQB1": [5.0, 3, 0.0035272224845702515], "DOA": [1.0, 1, 0.0007588446779553529]}