{"A": [11514.0, 1326, 0.21067516508713272], "B": [14394.0, 1306, 0.2655480254754406], "C": [4291.0, 792, 0.07829980012966857], "DMA": [893.0, 2, 0.022825398620845344], "DMB": [188.0, 4, 0.004768942933541851], "DPA1": [1357.0, 55, 0.03481829844410819], "DPB1": [1035.0, 130, 0.026761397501868383], "DQA1": [738.0, 57, 0.019305657613610076], "DQB1": [441.0, 120, 0.01093812868586833], "DRA": [3247.0, 8, 0.08527275832656535], "DRB1": [4346.0, 94, 0.10900506138221454], "DRB3": [929.0, 13, 0.023300897842631684], "E": [2858.0, 182, 0.05296907637207342], "F": [542.0, 13, 0.010460152469106572], "HFE": [4.0, 1, 7.675430923947134e-05], "L": [102.0, 2, 0.0018697307711952789], "T": [363.0, 1, 0.015888518259184487], "DRB4": [1020.0, 10, 0.025583332399875477], "K": [29.0, 7, 0.0005330491974926964], "DPB2": [1.0, 1, 2.5889742839473743e-05], "H": [13.0, 7, 0.00023829901985822181], "DOB": [20.0, 4, 0.0004888185022732756], "DOA": [13.0, 8, 0.0003468469133660174]}