{"A": [102.0, 67, 0.26905876944637996], "B": [112.0, 69, 0.2978787089382058], "C": [50.0, 35, 0.13153217611980428], "L": [2.0, 1, 0.005285289266711843], "DMB": [7.0, 2, 0.02559895154937706], "DRB1": [20.0, 14, 0.07231806537223695], "DRA": [2.0, 1, 0.007572126844857752], "F": [13.0, 3, 0.03616945315663321], "DPA1": [4.0, 2, 0.014796109926733539], "E": [48.0, 26, 0.12825115209556118], "DOA": [3.0, 1, 0.011539197283498366]}