{"A": [269.0, 147, 0.15835122553800057], "B": [640.0, 177, 0.37986001689781823], "C": [117.0, 78, 0.0686862856678612], "DPB1": [38.0, 21, 0.03161069662818837], "DRA": [60.0, 5, 0.050694553725701474], "DRB1": [43.0, 11, 0.03469823855195485], "DRB5": [15.0, 2, 0.012104036704170297], "L": [11.0, 1, 0.006487145219005138], "T": [7.0, 1, 0.009857274335553065], "DMB": [2.0, 1, 0.0016322110101078128], "DMA": [6.0, 1, 0.00493401190841751], "F": [29.0, 4, 0.01800606267058417], "E": [229.0, 61, 0.13654559339540304], "DPA1": [76.0, 21, 0.06273693813563823], "DQA1": [15.0, 12, 0.012624132031302613], "DQB1": [14.0, 8, 0.011171577580293472]}