{"A": [207.0, 122, 0.19836412716081148], "B": [322.0, 151, 0.3111165557306392], "C": [50.0, 46, 0.047783484408677884], "DRA": [66.0, 5, 0.09077737720368594], "DRB1": [71.0, 21, 0.09326548713385166], "DRB5": [18.0, 2, 0.023644771386046898], "E": [67.0, 29, 0.06503402757149339], "L": [1.0, 1, 0.0009600294951451524], "T": [4.0, 1, 0.009169432040776358], "DRB4": [10.0, 3, 0.013135984103359389], "DMB": [3.0, 2, 0.003985576994996542], "DMA": [12.0, 1, 0.016064004987466976], "F": [11.0, 4, 0.01111826666039381], "DPA1": [27.0, 17, 0.036282494023416795], "DQA1": [11.0, 6, 0.015070463012330674], "DPB1": [34.0, 25, 0.046041877872701364], "DQB1": [14.0, 10, 0.01818604021420644]}