{"A": [78.0, 62, 0.21006975374150977], "B": [124.0, 86, 0.3367170199832125], "C": [84.0, 53, 0.225612537868685], "T": [5.0, 1, 0.032212807888969575], "DRA": [2.0, 1, 0.007731073893352697], "DPA1": [5.0, 3, 0.01888337014180975], "F": [21.0, 4, 0.059654035589198406], "E": [40.0, 13, 0.10911940089326225]}