{"A": [18660.0, 1415, 0.14923485768538483], "B": [20340.0, 1597, 0.1640151801480733], "C": [30495.0, 1663, 0.24322168629985405], "DMA": [931.0, 2, 0.010401311704193183], "DMB": [273.0, 4, 0.0030269025687356447], "DPA1": [5480.0, 76, 0.061458191012886916], "DPB1": [3866.0, 238, 0.04369198816684696], "DQA1": [776.0, 39, 0.008872816046266298], "DQB1": [2715.0, 163, 0.029433763195861624], "DRA": [7618.0, 8, 0.08744611297734438], "DRB1": [8130.0, 94, 0.08912899426991931], "E": [8717.0, 292, 0.0706152889035371], "F": [1640.0, 13, 0.013834201435219564], "G": [2.0, 1, 1.7269112518962477e-05], "HFE": [5.0, 1, 4.193573885335444e-05], "K": [24.0, 9, 0.00019281999010193783], "L": [164.0, 2, 0.001313996687414559], "T": [545.0, 2, 0.010426649945885335], "DRB3": [1148.0, 17, 0.012585496361853304], "DPA2": [1.0, 1, 1.1980005069430312e-05], "DOB": [42.0, 5, 0.00044868179570253233], "DOA": [41.0, 9, 0.00047813425279095507], "H": [10.0, 5, 8.012174923259506e-05], "Y": [1.0, 1, 1.0656970528995653e-05], "DRB5": [1.0, 1, 1.0962975924959324e-05]}