{"A": [12725.0, 1141, 0.17268690585566657], "B": [22842.0, 1240, 0.3125433080801614], "C": [7657.0, 1065, 0.10362756306013995], "DMA": [401.0, 2, 0.007601963564184453], "DPA1": [2116.0, 47, 0.04026779587692978], "DPB1": [2436.0, 118, 0.046715416184409365], "DQA1": [1152.0, 65, 0.022350910329609654], "DQB1": [1777.0, 92, 0.0326893560952398], "DRA": [3969.0, 6, 0.07730785455182633], "DRB1": [2972.0, 48, 0.05528664627515597], "DRB3": [12.0, 3, 0.0002232300657139541], "DRB5": [2054.0, 5, 0.038209546248038476], "E": [4912.0, 272, 0.06752009319744319], "F": [587.0, 13, 0.008402167379750795], "L": [90.0, 3, 0.0012235899815479737], "T": [205.0, 2, 0.0066549551453449225], "V": [8.0, 2, 0.0002305703193254381], "Y": [65.0, 4, 0.001175411950990799], "DRB4": [14.0, 4, 0.00026043507666627977], "DMB": [184.0, 3, 0.0034617571554277577], "K": [14.0, 7, 0.00019085864264381527], "DPB2": [21.0, 2, 0.00040323807295687523], "DPA2": [3.0, 1, 6.0984748511895367e-05], "DOB": [17.0, 4, 0.0003081634027602304], "DOA": [24.0, 9, 0.0004749197413994083], "H": [9.0, 7, 0.00012235899815479738]}