{"A": [1165.0, 364, 0.10972683881871535], "B": [1170.0, 292, 0.11110849482483899], "C": [979.0, 267, 0.09195697050552366], "DMA": [114.0, 2, 0.0149993205873344], "DPB1": [469.0, 85, 0.06242249255335896], "DQB1": [202.0, 68, 0.02579025480065256], "DRA": [1010.0, 5, 0.13653664306227825], "DRB1": [989.0, 48, 0.1276888741687665], "DRB3": [212.0, 9, 0.027371123684305863], "E": [940.0, 88, 0.08967840052070102], "L": [18.0, 1, 0.0016984440042707703], "T": [23.0, 1, 0.0051820838125947195], "DRB4": [311.0, 6, 0.040152922008580776], "DMB": [15.0, 2, 0.0019586433382583796], "DPA2": [1.0, 1, 0.00014108645055940306], "DOB": [7.0, 1, 0.0008806746688811401], "DPA1": [833.0, 37, 0.11002022319363391], "F": [74.0, 6, 0.007351403699561135], "DQA1": [254.0, 21, 0.03420280929433696], "H": [12.0, 5, 0.00113229600284718]}