{"A": [3171.0, 831, 0.16155570109832595], "B": [4872.0, 850, 0.2502694195110841], "C": [2753.0, 586, 0.13987731228707628], "DMA": [165.0, 2, 0.011743289964790531], "DPB1": [685.0, 96, 0.04931714636670076], "DQB1": [271.0, 70, 0.01871598370550073], "DRA": [1188.0, 5, 0.08687271446894455], "DRB1": [1545.0, 52, 0.10790072284298172], "DRB5": [1.0, 1, 6.983865556180046e-05], "E": [839.0, 130, 0.04329732494935131], "K": [5.0, 4, 0.0002559046802607602], "L": [40.0, 1, 0.002041633689963583], "T": [94.0, 1, 0.011456278282941622], "DPA1": [648.0, 37, 0.04629580394896731], "DRB4": [401.0, 10, 0.028005300880281987], "DMB": [27.0, 2, 0.0019070714694887103], "DQA1": [425.0, 51, 0.03095680249951292], "DPB2": [4.0, 2, 0.00028835444899485654], "F": [129.0, 11, 0.006932140672954159], "DOB": [30.0, 7, 0.002041633689963583], "DOA": [2.0, 1, 0.00014858104410359142], "H": [1.0, 1, 5.104084224908957e-05]}