{"A": [6876.0, 968, 0.14918169490397068], "B": [13653.0, 1022, 0.2986635476900336], "C": [9672.0, 1020, 0.20927192923088353], "DMA": [547.0, 2, 0.01657855938964866], "DMB": [138.0, 4, 0.004150839242231297], "DPB1": [893.0, 132, 0.027378676432055073], "DRA": [2659.0, 8, 0.08280163477989645], "DRB1": [2776.0, 107, 0.08255986132602172], "DRB3": [528.0, 13, 0.015703028379012777], "DRB5": [10.0, 3, 0.0002974058405116056], "DRB6": [1.0, 1, 6.236180058895187e-05], "E": [2161.0, 161, 0.04749058220459496], "F": [373.0, 13, 0.008535719038153117], "L": [52.0, 1, 0.0011302507362216604], "T": [149.0, 1, 0.0077331350020086315], "Y": [51.0, 2, 0.0014744327658664565], "DQB1": [300.0, 84, 0.008823039935177633], "DPA1": [1060.0, 66, 0.03224973217685618], "DPA2": [3.0, 1, 9.749880419500523e-05], "DOB": [13.0, 3, 0.0003767502454072202], "DOA": [2.0, 2, 6.327279634788741e-05], "DQA1": [161.0, 47, 0.0049939784633095275], "DRB4": [7.0, 1, 0.00020818408835812397], "H": [8.0, 3, 0.0001738847286494862]}