{"A": [1123.0, 333, 0.314131728308328], "B": [1393.0, 337, 0.3928779221763363], "C": [351.0, 175, 0.09791611756378923], "DMA": [14.0, 2, 0.005470661926042812], "DRB3": [8.0, 3, 0.003067551470568682], "E": [453.0, 94, 0.1283521971575482], "F": [39.0, 7, 0.011506633091870205], "L": [7.0, 1, 0.0019616515847945483], "T": [14.0, 1, 0.009368061598844554], "DRB1": [14.0, 8, 0.005368215073495194], "DRA": [8.0, 1, 0.003211906833889561], "DQA1": [9.0, 6, 0.00359928036317214], "DPB1": [37.0, 21, 0.014625647190032823], "DPA1": [15.0, 11, 0.0058838810534614806], "DRB5": [1.0, 1, 0.00038344393382108526], "DQB1": [6.0, 5, 0.002275100674005106]}