{"A": [70.0, 51, 0.13090689018973228], "B": [264.0, 145, 0.4977862006175794], "C": [91.0, 60, 0.1697152543658709], "DRB5": [6.0, 2, 0.01538103428874543], "T": [5.0, 1, 0.022367843981999074], "F": [6.0, 2, 0.011834974510360316], "E": [58.0, 16, 0.10986655765475634], "DPA1": [7.0, 5, 0.01835705816453717], "DPB1": [9.0, 7, 0.02378418622641909]}