{"A": [361.0, 181, 0.12267950629886833], "B": [406.0, 220, 0.1391122297107563], "C": [509.0, 194, 0.17250338483354122], "DRA": [352.0, 4, 0.1716913383900473], "DRB1": [207.0, 30, 0.09642840586609049], "DRB5": [6.0, 2, 0.0027950262569881295], "F": [53.0, 5, 0.01899731823373632], "L": [5.0, 1, 0.0017022627979375697], "T": [15.0, 2, 0.01219398710156586], "DRB4": [21.0, 5, 0.009782591899458454], "DMA": [12.0, 1, 0.005696732905464356], "DPA1": [125.0, 24, 0.059568327795005635], "E": [228.0, 53, 0.07848248082122204], "DQA1": [52.0, 24, 0.025264417026056765], "DQB1": [71.0, 37, 0.0327069831813111], "DRB3": [2.0, 2, 0.0009316754189960432], "DPB1": [103.0, 32, 0.04946333146295402]}