{"A": [691.0, 278, 0.07614991073479324], "B": [1557.0, 357, 0.17300331468008892], "C": [1835.0, 313, 0.20167053060010368], "DRA": [890.0, 8, 0.1407739390071312], "DRB1": [873.0, 61, 0.1318789312463599], "DRB3": [126.0, 10, 0.01903407255102102], "E": [333.0, 83, 0.03717137639658737], "F": [74.0, 7, 0.008601509662482807], "HFE": [7.0, 1, 0.0008089935324932525], "L": [3.0, 2, 0.0003312107254381265], "T": [18.0, 1, 0.004745188955296556], "DRB4": [170.0, 8, 0.02568089153709185], "DMB": [35.0, 2, 0.005347324675002749], "DMA": [86.0, 1, 0.01323943941344192], "DPA1": [379.0, 41, 0.058569449116811716], "DPB1": [277.0, 64, 0.04313724863029244], "H": [4.0, 1, 0.00044161430058416856], "DQA1": [230.0, 40, 0.036237673467206126], "DOA": [2.0, 1, 0.0003213872997611213], "DQB1": [153.0, 45, 0.022855993468011745]}