{"A": [4236.0, 1068, 0.17913485989151146], "B": [9183.0, 1279, 0.39154636965096], "C": [2266.0, 761, 0.09556504829512727], "DMA": [185.0, 2, 0.01092888055422284], "DMB": [54.0, 3, 0.0031658845634960015], "DPA1": [630.0, 62, 0.037359863814435575], "DPB1": [475.0, 141, 0.028385665970427475], "DQA1": [141.0, 47, 0.008524803746497046], "DQB1": [280.0, 88, 0.01605090445360936], "DRA": [945.0, 9, 0.05735837915039815], "DRB1": [995.0, 92, 0.05767891227209944], "DRB3": [135.0, 11, 0.007825782067068769], "DRB5": [326.0, 8, 0.018897814473069766], "E": [1446.0, 178, 0.06193918802825019], "F": [182.0, 11, 0.008117964644404733], "L": [60.0, 2, 0.002541951109376352], "T": [139.0, 1, 0.01406140159066198], "DRB4": [11.0, 4, 0.0006376563165759738], "H": [1.0, 1, 4.2365851822939196e-05], "DOB": [2.0, 2, 0.0001129756048611712], "DOA": [2.0, 1, 0.00012332795112335022]}