{"A": [1502.0, 337, 0.2233551330891179], "B": [2256.0, 458, 0.33825136726999866], "C": [408.0, 205, 0.06050638261415623], "DMA": [47.0, 2, 0.009763457881600629], "DPA1": [273.0, 40, 0.05692843306752805], "DPB1": [124.0, 44, 0.026057275910411667], "DRA": [178.0, 4, 0.0379915412404111], "E": [387.0, 82, 0.05829214385924948], "F": [50.0, 7, 0.007842375268193529], "L": [38.0, 1, 0.005661107314948897], "T": [28.0, 1, 0.009960329164152721], "DRB4": [95.0, 7, 0.01936508619595503], "DMB": [10.0, 3, 0.002061594104593299], "DRB1": [456.0, 43, 0.09295241374058413], "DQA1": [207.0, 23, 0.04400859165149007], "J": [1.0, 1, 0.00014911255989387146], "DQB1": [34.0, 22, 0.006853655067714611]}