{"A": [2417.0, 450, 0.34876383876890515], "B": [1191.0, 349, 0.17327704004622718], "C": [1102.0, 279, 0.15858109577858476], "DMA": [27.0, 2, 0.005442498988895959], "DRA": [57.0, 5, 0.011805124168507224], "DRB3": [24.0, 6, 0.004747181806377831], "E": [973.0, 95, 0.14221345810201835], "L": [15.0, 1, 0.0021683922370601292], "T": [56.0, 1, 0.019330027878257442], "DRB4": [19.0, 5, 0.003758185596715783], "DMB": [14.0, 2, 0.0028006574482702545], "DQA1": [30.0, 10, 0.006188952843275785], "DRB1": [152.0, 24, 0.030065484773726264], "DPA1": [151.0, 41, 0.03055429899229486], "DPB1": [177.0, 50, 0.036091870171751916], "F": [123.0, 6, 0.018720244680986355], "DQB1": [27.0, 18, 0.005281239759595337], "DOA": [1.0, 1, 0.000210407958549615]}