{"A": [22375.0, 1770, 0.14820433466800734], "B": [28304.0, 1679, 0.189025387908982], "C": [19914.0, 1555, 0.1315441036496191], "DMA": [1413.0, 2, 0.013074341303806105], "DPA1": [5839.0, 105, 0.05423465918470808], "DPB1": [5556.0, 291, 0.05200455930287168], "DQA1": [2780.0, 89, 0.026325933386523063], "DQB1": [4090.0, 234, 0.03672302863445925], "DRA": [12412.0, 8, 0.11799959967490789], "DRB1": [10165.0, 134, 0.09229434011767544], "DRB3": [2275.0, 12, 0.020656136130616], "DRB5": [3542.0, 7, 0.0321600150218206], "E": [9587.0, 270, 0.06432112730402526], "F": [945.0, 14, 0.00660208757994284], "K": [11.0, 6, 7.31935354641857e-05], "L": [337.0, 3, 0.002236245856537295], "T": [474.0, 1, 0.007510448255170581], "DRB4": [3.0, 2, 2.7238860831581537e-05], "DMB": [410.0, 3, 0.0037649470899409477], "J": [1.0, 1, 6.641804421947279e-06], "DPB2": [19.0, 2, 0.000178070542523986], "G": [12.0, 8, 8.581446421277015e-05], "W": [1.0, 1, 7.770059660290888e-06], "DOB": [52.0, 7, 0.00046007827711153055], "DOA": [49.0, 9, 0.00047326164177899236], "H": [1.0, 1, 6.6357443814163055e-06]}