{"A": [176.0, 89, 0.20846487704123445], "B": [75.0, 49, 0.08956863377757773], "C": [137.0, 78, 0.16182880023225132], "DPB1": [28.0, 19, 0.046866182430646074], "E": [102.0, 26, 0.12237521159588903], "L": [2.0, 1, 0.002373241902281804], "T": [3.0, 1, 0.008500238970264239], "DMB": [4.0, 2, 0.006568366477022367], "DRB1": [63.0, 13, 0.1022893925522809], "DMA": [20.0, 1, 0.0330925333956852], "DRA": [82.0, 2, 0.13940391911233352], "DOB": [1.0, 1, 0.0015821612681878694], "DQA1": [29.0, 16, 0.04910880248836253], "DPA1": [12.0, 6, 0.01993159482682649], "DQB1": [4.0, 4, 0.0064224027775329805], "DRB3": [1.0, 1, 0.0016236411516235064]}