{"A": [703.0, 324, 0.17226015171683212], "B": [728.0, 252, 0.17986031100339936], "C": [232.0, 136, 0.05669340042317529], "DMA": [30.0, 2, 0.01026905663758818], "DPB1": [180.0, 60, 0.0623280194374078], "DQB1": [164.0, 79, 0.054474176000480115], "DRA": [355.0, 8, 0.12485293566824532], "DRB1": [307.0, 52, 0.103118764243167], "DRB5": [86.0, 4, 0.028886689657694992], "E": [152.0, 40, 0.03772646785381104], "F": [39.0, 6, 0.010079656169344479], "L": [3.0, 1, 0.0007364487698124371], "T": [20.0, 1, 0.01172328034443618], "DMB": [9.0, 2, 0.0030573782261910263], "DQA1": [137.0, 28, 0.047994468613227884], "DPA1": [243.0, 39, 0.0834980536256308], "DOA": [3.0, 3, 0.0010719094976287264], "DRB4": [3.0, 2, 0.001007675220617267], "DRB3": [25.0, 5, 0.008397293505143892], "DOB": [6.0, 3, 0.0019638633861664987]}