{"A": [6605.0, 903, 0.1397328442886131], "B": [10089.0, 1113, 0.2152029695202029], "C": [6154.0, 733, 0.12983691575958176], "DMA": [449.0, 2, 0.01326941608735283], "DPB1": [2425.0, 138, 0.07249678402541573], "DQA1": [968.0, 70, 0.02927805044552196], "DQB1": [642.0, 34, 0.018411027497790118], "DRA": [3996.0, 8, 0.12133666720368769], "DRB1": [3069.0, 103, 0.08900048838189309], "DRB5": [1032.0, 6, 0.02992782796028468], "E": [2350.0, 192, 0.0503577824746863], "F": [255.0, 12, 0.005690068155273279], "L": [31.0, 1, 0.0006570208581609561], "T": [116.0, 1, 0.005870476057569141], "Y": [55.0, 3, 0.001550470456073537], "DPA1": [2411.0, 56, 0.07152592216753459], "DMB": [97.0, 3, 0.002844949554936769], "K": [3.0, 2, 6.375718152563891e-05], "DPB2": [30.0, 2, 0.0008980231882412802], "DOB": [26.0, 5, 0.0007347330026746176], "DOA": [21.0, 6, 0.0006478169931642276], "DRB3": [12.0, 4, 0.0003479979995381939], "H": [11.0, 5, 0.0002331364335409844], "J": [4.0, 1, 8.48543067367103e-05]}