{"A": [311.0, 156, 0.16202026594414606], "B": [560.0, 192, 0.29415175172873587], "C": [132.0, 95, 0.0685800668345373], "DMA": [14.0, 2, 0.010188653232588846], "DRA": [99.0, 6, 0.07402613096551527], "DRB3": [19.0, 7, 0.013568516798241647], "E": [281.0, 55, 0.14828196394761253], "F": [30.0, 5, 0.016484729190643956], "T": [13.0, 1, 0.016201005093462936], "DRB4": [26.0, 4, 0.018567444039699097], "DMB": [10.0, 2, 0.007222476046910924], "DRB1": [155.0, 39, 0.11069053177512923], "DQB1": [11.0, 7, 0.007768174237121972], "DPB1": [47.0, 22, 0.03460095860620493], "DPA1": [16.0, 12, 0.011688788820747796], "DQA1": [8.0, 5, 0.005958542738701512]}