{"A": [1566.0, 336, 0.13220032951140068], "B": [3196.0, 454, 0.2720332630402735], "C": [1259.0, 378, 0.1059940608448543], "DMA": [126.0, 2, 0.014859052566824975], "DPB1": [419.0, 63, 0.049984588854596806], "DQA1": [158.0, 27, 0.019069485988848174], "DRA": [881.0, 7, 0.10674747063740038], "DRB1": [745.0, 35, 0.0862118325461794], "DRB3": [209.0, 6, 0.024185601345169793], "DRB5": [296.0, 5, 0.03425329185727396], "E": [810.0, 102, 0.06926261060735364], "L": [17.0, 1, 0.0014377437463642345], "T": [44.0, 1, 0.008885525365201697], "DPA1": [355.0, 28, 0.04202519246002527], "DMB": [20.0, 2, 0.0023407117439322653], "DOB": [8.0, 1, 0.0009021137232089315], "F": [100.0, 5, 0.008904148420722163], "Y": [5.0, 2, 0.0005624525792458599], "DQB1": [176.0, 52, 0.020140524161123847]}