{"A": [5832.0, 859, 0.2756705985225943], "B": [5531.0, 862, 0.2636034273887489], "C": [1513.0, 458, 0.07132255342910988], "DMA": [204.0, 2, 0.01347047453905995], "DPA1": [482.0, 45, 0.031949241354718785], "DPB1": [369.0, 101, 0.024647939614793665], "DQB1": [277.0, 92, 0.017748842033364867], "DRA": [987.0, 8, 0.06696239701948614], "DRB3": [355.0, 18, 0.02300229193063755], "E": [1585.0, 176, 0.07588837586601131], "F": [410.0, 10, 0.020441294781401085], "H": [10.0, 6, 0.0004735487775377988], "K": [9.0, 7, 0.0004273636909087692], "L": [26.0, 2, 0.001231226821598277], "T": [191.0, 1, 0.021597125685109513], "DMB": [28.0, 3, 0.0018348819299343398], "DQA1": [84.0, 22, 0.0056766659707343636], "DRB1": [1292.0, 67, 0.08371538358981329], "DRB4": [2.0, 2, 0.00012959037707401438], "DOA": [3.0, 2, 0.00020677667736311854]}