{"A": [1036.0, 256, 0.20155193740062877], "B": [1705.0, 270, 0.33444604565162256], "C": [274.0, 133, 0.05316095886054269], "DMA": [39.0, 2, 0.010599164263817734], "DRA": [323.0, 5, 0.09019254650476013], "E": [438.0, 83, 0.08631263796896593], "L": [13.0, 1, 0.0025337418221900057], "T": [12.0, 1, 0.00558467780215233], "DMB": [15.0, 2, 0.004045718294172853], "DQB1": [60.0, 16, 0.015823253772764934], "DRB1": [430.0, 26, 0.11467414251048745], "DOA": [10.0, 4, 0.0028368383257945107], "F": [43.0, 3, 0.008823629985677277], "DPA1": [85.0, 26, 0.023189251218707234], "DQA1": [12.0, 7, 0.003337717592692604], "DPB1": [156.0, 45, 0.0428877380250231]}