{"A": [679.0, 301, 0.16033596567459293], "B": [734.0, 335, 0.17475583994727842], "C": [1217.0, 351, 0.2865937907674314], "DMA": [77.0, 2, 0.025399881868494182], "DRB1": [205.0, 36, 0.06635671263956527], "DRB3": [48.0, 8, 0.015537181496093334], "F": [114.0, 8, 0.028393415608674887], "L": [6.0, 1, 0.0014193980814747674], "T": [28.0, 1, 0.015816444562199584], "DMB": [12.0, 2, 0.0039284350941826895], "DRA": [207.0, 6, 0.07015722909375673], "E": [304.0, 61, 0.07271228941852534], "DPA1": [91.0, 33, 0.03013305386419059], "DQB1": [19.0, 15, 0.006081799516179127], "DPB1": [127.0, 57, 0.04237856236736075]}