{"A": [193.0, 68, 0.04998749476936475], "B": [120.0, 68, 0.0313371696751381], "C": [206.0, 97, 0.05320914791025152], "DQB1": [111.0, 25, 0.03897125239877591], "DRA": [680.0, 5, 0.252786502046114], "DRB1": [505.0, 6, 0.179293797097314], "E": [63.0, 21, 0.01652789975324569], "L": [5.0, 1, 0.001297375979935576], "T": [13.0, 1, 0.008054471878920298], "DRB4": [85.0, 7, 0.030178163867864732], "DMB": [16.0, 2, 0.005745147773775319], "DPB2": [1.0, 1, 0.00036647527680654416], "DMA": [59.0, 1, 0.021346951747214783], "DPA1": [385.0, 48, 0.13983161391918664], "DPB1": [244.0, 51, 0.08930488392748816], "F": [10.0, 2, 0.002731842601362904], "DQA1": [211.0, 12, 0.07813176552499519], "DOA": [1.0, 1, 0.0003776690767621225], "K": [2.0, 1, 0.0005203747754837663]}