{"A": [7623.0, 998, 0.12575844284722215], "B": [17712.0, 1153, 0.2946139421960507], "C": [2858.0, 655, 0.04702063361760644], "DMA": [465.0, 2, 0.010716278171908808], "DPB1": [2893.0, 211, 0.06744363765391316], "DQB1": [1449.0, 177, 0.03240387425429801], "DRA": [4357.0, 8, 0.1031667373956715], "DRB1": [3756.0, 91, 0.08493890131840556], "DRB5": [1123.0, 4, 0.025395736469800177], "E": [3894.0, 191, 0.06506991457427792], "HFE": [13.0, 1, 0.00022491076472576883], "L": [263.0, 1, 0.004346690980183354], "T": [147.0, 1, 0.005801205109465117], "Y": [27.0, 2, 0.0005935401799881217], "DRB4": [599.0, 9, 0.013545900396625383], "DMB": [113.0, 3, 0.002584442257718574], "DPB2": [19.0, 2, 0.000443512077982724], "DPA1": [2717.0, 65, 0.06285523406077512], "J": [2.0, 1, 3.308487118621426e-05], "F": [462.0, 13, 0.008039051625549439], "DOB": [10.0, 4, 0.00022036456173299643], "DQA1": [1895.0, 95, 0.04469527007368114], "DOA": [3.0, 2, 7.21671991014036e-05], "H": [1.0, 1, 1.652734212997473e-05]}