{"A": [250.0, 144, 0.19272150451625658], "B": [448.0, 162, 0.34821112564762047], "C": [217.0, 119, 0.16682645593122758], "E": [155.0, 46, 0.12103052713513546], "T": [11.0, 1, 0.020284883063593436], "Y": [4.0, 2, 0.0041088973195893145], "DRB4": [1.0, 1, 0.001056720159594755], "DMA": [3.0, 1, 0.003230659724562591], "DRA": [26.0, 2, 0.028767652344732508], "F": [19.0, 3, 0.015448822390847819], "DRB1": [30.0, 9, 0.031701604787842654], "DPA1": [21.0, 11, 0.022701264118190775], "DQA1": [7.0, 3, 0.007714882727666396], "DQB1": [19.0, 8, 0.019854597665274788], "DPB1": [15.0, 11, 0.01634040246786484]}