{"A": [361.0, 199, 0.1858050531434521], "B": [617.0, 227, 0.3201916066555302], "C": [100.0, 68, 0.05132929981847537], "DPA1": [37.0, 15, 0.026705002384485713], "DRA": [99.0, 7, 0.07313519412959474], "DRB3": [16.0, 5, 0.011288601068692412], "E": [135.0, 46, 0.07038127747711335], "L": [6.0, 1, 0.0030938079799347476], "T": [9.0, 1, 0.011081090019635566], "DMB": [11.0, 2, 0.007849105430575192], "DMA": [36.0, 1, 0.025884072870293765], "DPB1": [82.0, 38, 0.05964107910182232], "DQB1": [41.0, 22, 0.028605628680318483], "F": [9.0, 3, 0.004885898481280236], "DRB1": [164.0, 35, 0.11570816095409722], "DQA1": [6.0, 5, 0.004415121804698546]}