{"A": [172.0, 118, 0.19817788521125623], "B": [332.0, 178, 0.38569080639038644], "C": [72.0, 63, 0.08273214040756327], "DRB5": [17.0, 3, 0.026850074074219066], "L": [4.0, 2, 0.004617198225300444], "T": [4.0, 1, 0.011024943910521324], "DMA": [8.0, 1, 0.01287646120847147], "DRA": [24.0, 5, 0.039689798077876766], "E": [81.0, 31, 0.09453330019586538], "DRB1": [37.0, 16, 0.05843839651447679], "F": [5.0, 2, 0.006076428019847848], "DPB1": [23.0, 17, 0.037448627047417506], "DQA1": [8.0, 5, 0.013178253268045018], "DRB3": [9.0, 3, 0.014214745098115975], "DMB": [2.0, 1, 0.003194728064980611], "DQB1": [1.0, 1, 0.0015618670539905208], "DPA1": [6.0, 5, 0.0096943472316653]}