{"A": [680.0, 205, 0.17901131073334978], "B": [1033.0, 217, 0.27418667290327103], "C": [666.0, 217, 0.17484805681647064], "DMA": [30.0, 2, 0.011032466276673668], "DPB1": [123.0, 43, 0.04575704739151681], "DRA": [143.0, 7, 0.0540316838590661], "DRB1": [220.0, 39, 0.07938968242040827], "DRB3": [30.0, 10, 0.010825865784601128], "DRB7": [1.0, 1, 0.0007708016438636002], "E": [249.0, 69, 0.06639631318797387], "HFE": [5.0, 1, 0.001380375436718482], "L": [6.0, 1, 0.0015823938856688875], "T": [27.0, 1, 0.017002977438167654], "Y": [1.0, 1, 0.0003507895830689928], "F": [38.0, 7, 0.010551319332426805], "DPA1": [148.0, 22, 0.054635365561213046], "DQA1": [39.0, 15, 0.014678351616543168], "DQB1": [10.0, 7, 0.0035685261289981492]}