{"A": [4941.0, 737, 0.15231810481119148], "B": [7086.0, 820, 0.22024815645181162], "C": [8191.0, 841, 0.25181907286476324], "DPB1": [760.0, 95, 0.03310789636965695], "DQB1": [404.0, 82, 0.01688244563613755], "DRA": [1363.0, 8, 0.06030779284172956], "DRB1": [1689.0, 75, 0.07137336080624287], "DRB3": [225.0, 8, 0.009507996555005711], "DRB4": [247.0, 6, 0.010437667329272935], "E": [2519.0, 145, 0.07865709430491827], "F": [355.0, 12, 0.011542945289352756], "L": [66.0, 1, 0.002038320137376042], "T": [130.0, 1, 0.009586711994894645], "DMB": [51.0, 2, 0.0021796361799581274], "K": [15.0, 5, 0.0004645260896956129], "DPB2": [9.0, 2, 0.00039257243508039044], "DMA": [88.0, 1, 0.003789650331745788], "V": [7.0, 1, 0.0004582964683766776], "H": [20.0, 5, 0.0006176727689018308], "DOB": [8.0, 3, 0.00032942547674764315], "DPA1": [798.0, 51, 0.034496905815050605], "DQA1": [665.0, 72, 0.02930889458895901], "DOA": [3.0, 1, 0.0001348544531307583]}