{"A": [607.0, 321, 0.14767614664216672], "B": [884.0, 376, 0.21684448735910786], "C": [162.0, 109, 0.03930535257018413], "DMA": [68.0, 2, 0.023110554583486834], "DMB": [19.0, 3, 0.006408441439204403], "DQA1": [89.0, 33, 0.030956566623262065], "DRA": [521.0, 7, 0.1819283115199031], "DRB1": [382.0, 48, 0.12739572289786827], "DRB5": [147.0, 4, 0.049024008549703235], "L": [6.0, 1, 0.0014623950114819116], "T": [7.0, 1, 0.0040738905330752456], "DRB3": [42.0, 6, 0.014006859585629496], "DPB1": [95.0, 50, 0.03266078262451665], "F": [18.0, 4, 0.004618976750963041], "E": [72.0, 30, 0.017743006633773158], "DPA1": [158.0, 39, 0.0539037929647296], "DQB1": [146.0, 56, 0.04814950620520361], "H": [3.0, 1, 0.0007311975057409558]}