{"A": [111.0, 67, 0.11245672104488161], "B": [480.0, 159, 0.49031833701051797], "C": [213.0, 90, 0.21520733139938827], "E": [91.0, 27, 0.09338494941460125], "L": [5.0, 1, 0.005074861893670677], "T": [13.0, 1, 0.03150615784793892], "DRA": [3.0, 1, 0.004362391086637696], "F": [38.0, 5, 0.04060669512922121], "DRB1": [1.0, 1, 0.0013887761886299784], "DPB1": [1.0, 1, 0.0014316727504409428], "DPA1": [3.0, 3, 0.0042621062340713126]}