{"A": [3578.0, 661, 0.1908640290862372], "B": [8186.0, 778, 0.44028100775675133], "C": [1478.0, 463, 0.07862727172117667], "DPB1": [279.0, 81, 0.021031452900837622], "DRA": [461.0, 7, 0.03529600737799018], "DRB1": [624.0, 52, 0.04562870728822538], "DRB5": [110.0, 7, 0.008043522118116653], "E": [1682.0, 154, 0.09088303057984268], "HFE": [1.0, 1, 5.59421830043539e-05], "L": [143.0, 1, 0.007642079910214298], "T": [67.0, 1, 0.008549647484907236], "Y": [30.0, 3, 0.002132456272047034], "DRB3": [3.0, 2, 0.0002193687850395451], "DRB4": [64.0, 7, 0.004679867414176962], "DMB": [24.0, 3, 0.0017748928971381376], "DQA1": [144.0, 37, 0.010982149801042226], "DMA": [53.0, 1, 0.003949475416150894], "DPA1": [349.0, 37, 0.02610656640656441], "F": [158.0, 8, 0.008889809381054993], "DOA": [3.0, 3, 0.000233352452611787], "DQB1": [188.0, 72, 0.01359436485659877], "K": [4.0, 1, 0.0002143512007522728], "H": [6.0, 1, 0.00032064670951948104]}