{"A": [124.0, 90, 0.1784792762005489], "B": [248.0, 130, 0.35990862308209853], "C": [21.0, 17, 0.03014396846438909], "DRA": [18.0, 2, 0.037186004794725364], "DRB5": [10.0, 2, 0.019730402044642048], "L": [2.0, 1, 0.002883951101780708], "DRB4": [9.0, 2, 0.017757361840177843], "DRB1": [20.0, 6, 0.039460804089284096], "DMA": [13.0, 1, 0.02613901736524906], "DQA1": [32.0, 9, 0.06585021682399284], "DQB1": [4.0, 2, 0.007804470142102855], "DPA1": [39.0, 14, 0.07871750057120983], "E": [49.0, 8, 0.071438980613483], "K": [1.0, 1, 0.0014459333977820934], "DPB1": [31.0, 19, 0.06305348946853367]}