{"A": [98.0, 71, 0.4812320050619875], "B": [64.0, 38, 0.31687126796458076], "T": [2.0, 1, 0.023493519254726883], "E": [6.0, 4, 0.029843704809740697], "C": [19.0, 16, 0.09304585895570988], "DPB1": [8.0, 5, 0.055513643953254255]}