{"B": [32.0, 25, 0.2035032155486608], "C": [15.0, 11, 0.09435243602371066], "L": [1.0, 1, 0.006318858397938287], "T": [4.0, 1, 0.06035266931712735], "DPA1": [28.0, 12, 0.2476540568530398], "F": [1.0, 1, 0.006652707784957121], "DQA1": [6.0, 5, 0.054105225032346584], "A": [45.0, 41, 0.28383068869427713], "DRB1": [5.0, 4, 0.043230142347942334]}