{"A": [4153.0, 945, 0.1266393515628476], "B": [10848.0, 1213, 0.3335269130588861], "C": [1534.0, 538, 0.0466495144502424], "DMA": [264.0, 2, 0.011245802910255795], "DMB": [109.0, 4, 0.004607978069201747], "DPA1": [1477.0, 77, 0.06315792022804664], "DPB1": [1428.0, 174, 0.06153415990452004], "DQA1": [527.0, 77, 0.022975156709142085], "DQB1": [583.0, 136, 0.024098644940094442], "DRA": [2423.0, 7, 0.10604765416378557], "DRB1": [1808.0, 81, 0.07557445033731315], "DRB3": [411.0, 11, 0.017179811442829485], "DRB5": [554.0, 6, 0.02315721542415458], "DRB7": [1.0, 1, 8.928485946930358e-05], "E": [2013.0, 217, 0.062176114660415636], "F": [265.0, 11, 0.008523230460866517], "K": [2.0, 2, 6.126591454892744e-05], "L": [15.0, 2, 0.00045823661908287654], "T": [149.0, 1, 0.010868826847161955], "DPB2": [4.0, 1, 0.00017258671289169508], "DOB": [6.0, 3, 0.0002443928635108675], "DOA": [20.0, 7, 0.0008892914289771274], "H": [4.0, 4, 0.00012219643175543374]}