{"A": [3395.0, 691, 0.12986567390085302], "B": [4768.0, 821, 0.18389304408629753], "C": [3429.0, 605, 0.13080884203409016], "DMA": [314.0, 2, 0.016778921300275026], "DPA1": [1404.0, 72, 0.07531167047933679], "DPB1": [1361.0, 141, 0.07356886254204889], "DQB1": [352.0, 39, 0.018252173130414766], "DRA": [2497.0, 8, 0.13709260921116678], "DRB1": [2144.0, 51, 0.11242145452134937], "DRB3": [592.0, 14, 0.03104174490514871], "E": [1227.0, 145, 0.04754142724003408], "F": [176.0, 7, 0.007100989546414966], "H": [3.0, 3, 0.00011496552729685396], "L": [35.0, 1, 0.001341264485129963], "T": [80.0, 1, 0.007320390292947099], "DMB": [59.0, 2, 0.0031288429533349173], "DPB2": [4.0, 1, 0.00021649865621538132], "DOA": [26.0, 8, 0.0014502247303457946], "DQA1": [416.0, 34, 0.022750400457299653]}