{"A": [4654.0, 722, 0.1529521721753397], "B": [7033.0, 873, 0.2330474460482195], "C": [4822.0, 860, 0.15804162893364862], "DMA": [223.0, 3, 0.010237971759175296], "DMB": [59.0, 4, 0.002688180585903854], "DPB1": [1352.0, 137, 0.06278953734477397], "DQA1": [484.0, 58, 0.02274132432100443], "DQB1": [664.0, 73, 0.029581123916296425], "DRA": [1955.0, 6, 0.09221826281134578], "DRB1": [1407.0, 66, 0.06338597741844823], "DRB5": [496.0, 5, 0.022345021179495606], "E": [2035.0, 220, 0.06774336127826881], "F": [269.0, 11, 0.009324663336518739], "HFE": [1.0, 1, 3.446552739928209e-05], "L": [13.0, 1, 0.0004280203407222888], "T": [115.0, 1, 0.009041006157975076], "DPA1": [1226.0, 63, 0.05650154433118937], "DPB2": [6.0, 2, 0.0002790108803122295], "V": [1.0, 1, 6.979769281827533e-05], "DOB": [12.0, 5, 0.0005267942655043555], "DOA": [15.0, 7, 0.000718832812491003], "DRB3": [117.0, 9, 0.005270902173389084], "J": [1.0, 1, 3.29547097598615e-05]}