{"A": [2008.0, 500, 0.16500296768254666], "B": [2152.0, 527, 0.17829730313146802], "C": [962.0, 287, 0.07883483083644063], "DMA": [126.0, 2, 0.014463666056476995], "DOA": [8.0, 4, 0.0009585734539421925], "DPA1": [487.0, 41, 0.056117405790005646], "DPB1": [538.0, 74, 0.06247289675359353], "DRA": [1253.0, 5, 0.14778148381626538], "DRB1": [910.0, 59, 0.10250363418302258], "DRB5": [8.0, 4, 0.000901130849960638], "E": [863.0, 124, 0.07183099800926436], "F": [181.0, 11, 0.0156876623148587], "L": [9.0, 1, 0.0007409046871996167], "T": [69.0, 1, 0.013563344484334014], "Y": [8.0, 2, 0.0008759779257505715], "DRB4": [89.0, 6, 0.010025080705812097], "DMB": [43.0, 3, 0.004898618981249093], "DQB1": [148.0, 41, 0.016485688271779892], "DOB": [3.0, 1, 0.00032929097208871853], "DQA1": [464.0, 61, 0.05451137633785327], "DRB3": [33.0, 5, 0.003717164756087631]}