{"A": [376.0, 201, 0.29156679479893083], "B": [235.0, 124, 0.18373527358197086], "C": [313.0, 147, 0.242052502163719], "DRB1": [31.0, 7, 0.03295199671078043], "E": [216.0, 57, 0.16965904841424792], "L": [1.0, 1, 0.0007768586462601579], "T": [9.0, 1, 0.01669484463335555], "DMA": [1.0, 1, 0.0010832532777368107], "DRA": [12.0, 2, 0.01335587570668444], "DPA1": [21.0, 11, 0.022835477142175983], "F": [23.0, 6, 0.01881177017764271], "DRB5": [3.0, 1, 0.0031889029074948804], "DPB1": [3.0, 2, 0.0032874018390005137]}