{"A": [7519.0, 880, 0.13132889993679542], "B": [15446.0, 1375, 0.2720136590474342], "C": [8512.0, 828, 0.14826780484240756], "DMA": [420.0, 2, 0.010247768502127533], "DPB1": [1951.0, 165, 0.04815471449792713], "DPB2": [12.0, 3, 0.0002965664964165037], "DQB1": [898.0, 135, 0.021261498960375286], "DRA": [3684.0, 10, 0.09235507133894968], "DRB1": [3202.0, 46, 0.07666398201247404], "DRB5": [979.0, 7, 0.02343973716121552], "E": [3420.0, 159, 0.0605061313168579], "F": [429.0, 13, 0.007903311953493416], "K": [9.0, 3, 0.0001579155543590166], "L": [111.0, 1, 0.0019422940796329049], "T": [213.0, 1, 0.008899579349980223], "DRB4": [38.0, 5, 0.0009098161513035644], "DMB": [67.0, 3, 0.0016223785018609914], "DPA1": [2677.0, 71, 0.06556758242484215], "V": [2.0, 1, 7.418942656969919e-05], "DQA1": [1109.0, 63, 0.027693183783865066], "DOA": [16.0, 6, 0.00040749995789146853], "H": [15.0, 9, 0.00026247217292336554], "DRB3": [1.0, 1, 2.394253029746222e-05]}