{"A": [131.0, 93, 0.16285390198228694], "B": [210.0, 131, 0.26322105663908846], "C": [194.0, 126, 0.24051580706679493], "DRA": [41.0, 3, 0.07315628358467886], "DRB5": [13.0, 4, 0.02215338266951772], "T": [3.0, 1, 0.00892149799813157], "DRB3": [7.0, 4, 0.011928744514355695], "DMB": [1.0, 1, 0.001723471204184508], "DMA": [7.0, 1, 0.012156392310431184], "DPA1": [22.0, 13, 0.038352186796565595], "DRB1": [40.0, 15, 0.06816425436774681], "F": [7.0, 3, 0.00917860168683853], "E": [35.0, 17, 0.04407252931733815], "DQA1": [2.0, 2, 0.003554659358630547], "DPB1": [18.0, 15, 0.031621371282952816], "DQB1": [5.0, 4, 0.008425859220457592]}