{"A": [43.0, 31, 0.1410857763963739], "B": [64.0, 50, 0.2117235714208894], "DMA": [3.0, 2, 0.013750415629612867], "L": [3.0, 1, 0.009861155734375652], "T": [3.0, 1, 0.023546463365742298], "DRB1": [18.0, 9, 0.08095750325749598], "DRA": [38.0, 4, 0.17895312157964144], "DRB4": [4.0, 2, 0.017990556279443553], "F": [7.0, 4, 0.024225035797031697], "E": [10.0, 6, 0.03323439939998682], "DPB1": [23.0, 21, 0.10664093254060121], "C": [40.0, 29, 0.13088497347715064], "DPA1": [3.0, 2, 0.013803099214400654], "DQB1": [3.0, 2, 0.013342995907253968]}