{"A": [191.0, 124, 0.2718686277245325], "B": [216.0, 95, 0.30999446487806154], "C": [160.0, 104, 0.22712279897211898], "DRB1": [12.0, 4, 0.02341406382662013], "DPA1": [13.0, 7, 0.025948344681417136], "F": [6.0, 2, 0.00900800438286394], "E": [92.0, 23, 0.13264369553438582]}