{"A": [776.0, 367, 0.0721191468693828], "B": [2036.0, 602, 0.1907836236813041], "C": [1088.0, 437, 0.10083998580214046], "DMA": [113.0, 2, 0.014670573680962922], "DPA1": [649.0, 69, 0.08458125682580861], "DPB1": [612.0, 145, 0.08037511416613656], "DQA1": [230.0, 55, 0.030560314228941707], "DQB1": [274.0, 96, 0.034518883756439404], "DRA": [1170.0, 9, 0.15606863287046238], "DRB1": [1086.0, 75, 0.13835297705053667], "DRB3": [214.0, 15, 0.027262925496146267], "DRB5": [146.0, 4, 0.018599939824473624], "E": [307.0, 73, 0.028900163034024384], "L": [3.0, 1, 0.0002793199142473885], "T": [59.0, 1, 0.01311687940079385], "DRB4": [24.0, 3, 0.003057524354707993], "DMB": [36.0, 2, 0.004638403424471784], "F": [13.0, 3, 0.0012743356190191453]}