{"A": [143.0, 65, 0.2689072303911698], "B": [59.0, 51, 0.11186466187109982], "C": [134.0, 82, 0.251296396930404], "DMA": [11.0, 2, 0.028896079366755183], "L": [1.0, 1, 0.0018839016574543441], "T": [9.0, 1, 0.04048541601117571], "DRB4": [26.0, 5, 0.06702080103722721], "DRA": [14.0, 2, 0.037786388277097335], "E": [51.0, 25, 0.09714258952497051], "F": [2.0, 1, 0.003966870733083499], "DRB1": [25.0, 5, 0.06444307792041078], "DMB": [1.0, 1, 0.0026070154249620728], "DQB1": [2.0, 2, 0.005098163497703608], "DPB1": [7.0, 5, 0.01860140735648614]}