{"A": [426.0, 203, 0.16436402976474962], "B": [610.0, 199, 0.2373020427403226], "C": [201.0, 99, 0.07734072874642496], "DMA": [15.0, 2, 0.008084780520091707], "DPB1": [101.0, 31, 0.05506807261844704], "DRA": [239.0, 6, 0.13235366970120327], "DRB5": [57.0, 2, 0.030146844516117235], "E": [159.0, 42, 0.062139444078594154], "L": [1.0, 1, 0.0003865351270554794], "T": [16.0, 1, 0.014767494527330909], "DPB2": [9.0, 2, 0.004913379501643362], "DOB": [10.0, 3, 0.005153801694073059], "F": [14.0, 3, 0.005697401526934943], "DPA1": [120.0, 22, 0.06492605352533416], "DQA1": [35.0, 16, 0.019306624314906495], "DRB1": [146.0, 31, 0.0772182333219845], "DQB1": [75.0, 32, 0.03922615733822272], "DMB": [3.0, 1, 0.001604706436563657]}