{"A": [11173.0, 1338, 0.16889287131201267], "B": [16809.0, 1320, 0.25618745412221], "C": [7221.0, 1037, 0.10885637966046505], "DMA": [665.0, 2, 0.014042452377572831], "DPA1": [2453.0, 65, 0.05199716272712109], "DPB1": [2800.0, 196, 0.05981097375206798], "DQA1": [1530.0, 60, 0.033065422110396175], "DQB1": [1147.0, 140, 0.02350294365800012], "DRA": [4470.0, 9, 0.0969817347926914], "DRB1": [3947.0, 110, 0.08178590632751177], "DRB3": [661.0, 9, 0.013696600983654744], "E": [4358.0, 238, 0.0667270314134637], "F": [430.0, 13, 0.006855854412070617], "H": [4.0, 3, 6.057498254087177e-05], "L": [81.0, 2, 0.0012266433964526534], "T": [250.0, 1, 0.009040057307297856], "DRB4": [22.0, 2, 0.0004558626651140762], "DMB": [181.0, 3, 0.0037931258638030235], "K": [18.0, 6, 0.00027333560282852656], "V": [3.0, 1, 9.63107072506704e-05], "DOB": [80.0, 5, 0.0016153328677565807], "DOA": [47.0, 9, 0.0010359689577175918]}