{"A": [3960.0, 712, 0.12026909140787911], "B": [8253.0, 1187, 0.25272322186636115], "C": [3697.0, 840, 0.11197557875910609], "DMA": [356.0, 2, 0.015103883813402167], "DPA1": [1866.0, 62, 0.07947143619292493], "DPB1": [1472.0, 179, 0.06317539637121962], "DQA1": [259.0, 50, 0.011246042703320799], "DQB1": [585.0, 115, 0.02408418926425458], "DRA": [2421.0, 8, 0.10553451983486034], "DRB1": [2921.0, 129, 0.12160746212772278], "DRB3": [540.0, 22, 0.02248135212220825], "DRB5": [19.0, 6, 0.0007910105376332532], "E": [1545.0, 174, 0.04752918701667044], "HFE": [3.0, 1, 9.555111455952886e-05], "K": [5.0, 3, 0.00015254958362889102], "L": [56.0, 1, 0.0017038786340797737], "T": [111.0, 1, 0.008064389165406511], "DRB4": [18.0, 4, 0.0007493784040736083], "DMB": [120.0, 3, 0.005052627118375087], "DPB2": [12.0, 2, 0.000515680499710447], "F": [220.0, 8, 0.007047468372603867], "DOB": [11.0, 4, 0.00044625392797327404], "H": [3.0, 2, 9.127921253998789e-05], "DOA": [2.0, 1, 8.857194948545969e-05]}