{"A": [3190.0, 660, 0.19264388852500527], "B": [4947.0, 995, 0.3012180020649512], "C": [2315.0, 621, 0.13942176275345444], "DMA": [208.0, 2, 0.01754719417266697], "DRA": [763.0, 8, 0.066134792576945], "DRB1": [688.0, 48, 0.05695381433283379], "DRB5": [334.0, 6, 0.027649090097625707], "E": [1161.0, 137, 0.0710182277776866], "F": [312.0, 9, 0.019873335186911006], "L": [13.0, 1, 0.0007865017461060811], "T": [112.0, 1, 0.01617976576805994], "DRB4": [232.0, 10, 0.01920535599595558], "DMB": [60.0, 3, 0.005023344485619259], "DQA1": [163.0, 32, 0.014073213535492707], "DPA1": [276.0, 43, 0.023372986756076738], "DPB1": [257.0, 65, 0.021932038395128414], "DOB": [3.0, 2, 0.00024200053726340957], "DOA": [15.0, 7, 0.0013208794264974945], "DRB3": [1.0, 1, 8.278170687911888e-05], "DQB1": [65.0, 19, 0.005321024158841141]}