{"A": [1123.0, 395, 0.1937441051511613], "B": [2383.0, 490, 0.4145216746331515], "C": [497.0, 217, 0.08551063887166419], "DRA": [207.0, 4, 0.05125780348318504], "DRB1": [253.0, 33, 0.05983276686239452], "E": [466.0, 93, 0.08143436531240812], "F": [56.0, 5, 0.01019033306519487], "HFE": [2.0, 1, 0.0003618548478942509], "L": [14.0, 1, 0.002419739215526428], "T": [29.0, 3, 0.011968408220711484], "DRB4": [33.0, 5, 0.007804273938573198], "DMB": [23.0, 3, 0.005501153151604455], "DMA": [20.0, 1, 0.0048201275540112045], "H": [1.0, 1, 0.00017283851539474484], "DPA1": [76.0, 17, 0.018386662807561516], "DPB1": [80.0, 49, 0.01950383658920364], "DQA1": [78.0, 26, 0.019239087244877537], "DQB1": [57.0, 26, 0.013330330535482101]}