{"A": [242.0, 148, 0.12196978501826151], "B": [300.0, 188, 0.15245181789728746], "C": [218.0, 120, 0.1095742248636144], "DMA": [47.0, 2, 0.03309135451839213], "DRA": [293.0, 6, 0.2119558548985307], "F": [9.0, 3, 0.004784438895969627], "T": [9.0, 1, 0.010850982332689283], "DRB4": [80.0, 7, 0.055270921245158894], "DQB1": [60.0, 28, 0.04099259992349285], "DRB3": [50.0, 4, 0.03454432577822431], "DRB1": [183.0, 33, 0.12643223234830098], "E": [25.0, 11, 0.012762917411604093], "DPA1": [37.0, 13, 0.026150451675331643], "DPB1": [74.0, 37, 0.05270477133020509], "DMB": [1.0, 1, 0.0006987374986959009], "DQA1": [8.0, 6, 0.005764584364241181]}