{"A": [159.0, 92, 0.0401716828090288], "B": [387.0, 153, 0.0985844291358951], "C": [43.0, 32, 0.01083443771611563], "DMA": [41.0, 2, 0.014470600418461911], "DPB1": [276.0, 77, 0.09854016926827551], "DRA": [556.0, 8, 0.20162231507969233], "DRB1": [596.0, 50, 0.2064139213066287], "DRB3": [57.0, 9, 0.019740928715566836], "E": [27.0, 11, 0.0069097084438979085], "L": [2.0, 1, 0.0005062262742082544], "T": [9.0, 1, 0.0054394509463945775], "DRB4": [22.0, 3, 0.007619305820043341], "DMB": [19.0, 3, 0.006655085816990335], "DOB": [9.0, 3, 0.003037357645249527], "DQB1": [150.0, 61, 0.05137259227150434], "F": [1.0, 1, 0.00026648606941990724], "DPA1": [539.0, 42, 0.19096432575407477], "DQA1": [101.0, 23, 0.0364825674803105], "DOA": [1.0, 1, 0.0003684090282418638]}