{"A": [375.0, 211, 0.2307396356635983], "B": [356.0, 181, 0.2208591483447141], "C": [518.0, 232, 0.31785988044461605], "E": [171.0, 47, 0.10657616854348313], "L": [4.0, 2, 0.0024657140628577224], "T": [9.0, 1, 0.013247169671039527], "DMA": [6.0, 1, 0.005157295062771114], "DRA": [8.0, 1, 0.007065157157887748], "DPA1": [21.0, 13, 0.018119691848893147], "DPB1": [40.0, 24, 0.03478021380813467], "DRB1": [17.0, 13, 0.01433869676003904], "F": [26.0, 5, 0.016873916410949485], "DQB1": [3.0, 3, 0.002502243160085244], "K": [1.0, 1, 0.0006181204512561903], "DQA1": [10.0, 6, 0.008796948609674686]}