{"A": [7969.0, 1222, 0.16095484769035662], "B": [20167.0, 1167, 0.4106917636744383], "C": [3213.0, 663, 0.06471813316802076], "DMA": [400.0, 2, 0.011285999326525884], "DPA1": [1357.0, 61, 0.038434449085795526], "DPB1": [1028.0, 166, 0.029340983731748798], "DQA1": [278.0, 46, 0.008027607880340227], "DQB1": [663.0, 101, 0.018152275916791714], "DRA": [1999.0, 8, 0.057950065836039344], "DRB1": [1869.0, 63, 0.051746306912121176], "DRB5": [1179.0, 7, 0.032642533894805176], "E": [4238.0, 261, 0.0867030239958762], "F": [508.0, 12, 0.010822200045845021], "H": [11.0, 7, 0.0002225792659150155], "K": [21.0, 6, 0.00042609035883722833], "L": [286.0, 1, 0.005787060913790402], "T": [189.0, 1, 0.00913170121978609], "Y": [1.0, 1, 2.691382120949437e-05], "DRB4": [2.0, 2, 5.5373255122655084e-05], "DMB": [68.0, 2, 0.0019040848863767531], "V": [3.0, 1, 0.00012868658806551274], "DOB": [18.0, 5, 0.0004856274892691247], "DOA": [1.0, 1, 2.945151218675081e-05], "DRB3": [12.0, 4, 0.00033223953073593053]}