{"A": [1154.0, 420, 0.19053353894858935], "B": [1130.0, 317, 0.18811287852136674], "C": [390.0, 179, 0.0642162962365747], "DMA": [58.0, 2, 0.013377452355565951], "DRA": [433.0, 8, 0.10261111967069202], "DRB5": [97.0, 2, 0.02195367261812948], "E": [323.0, 62, 0.05401833644748653], "F": [43.0, 7, 0.0074883423550534635], "L": [14.0, 1, 0.0023157168028040483], "T": [11.0, 1, 0.004344581664271025], "DRB4": [14.0, 5, 0.0031685713057094094], "DMB": [20.0, 2, 0.004577968282599634], "DQA1": [152.0, 37, 0.035879826414874624], "DRB1": [481.0, 69, 0.10886305700330186], "DPA1": [262.0, 40, 0.06066071076069951], "DPB1": [366.0, 75, 0.08539413269071564], "DQB1": [201.0, 64, 0.04498616832367906], "DOA": [2.0, 2, 0.0004815074209586865], "DRB3": [31.0, 7, 0.007016122176927977]}