{"A": [2097.0, 676, 0.12770506266159706], "B": [4169.0, 1040, 0.2559858970541], "C": [1694.0, 657, 0.10288169510412673], "DMB": [63.0, 3, 0.005318968177575297], "DPA1": [583.0, 55, 0.049787327747185375], "DPB1": [623.0, 148, 0.05361410394693659], "DQB1": [201.0, 81, 0.016592929298933308], "DRA": [1324.0, 8, 0.11572803367052344], "DRB1": [1415.0, 130, 0.11812340243832281], "DRB3": [140.0, 12, 0.011687121089304024], "DRB5": [3.0, 2, 0.00025043830905651477], "DRB7": [1.0, 1, 0.00017831207604823853], "E": [874.0, 140, 0.05391308387897618], "F": [149.0, 9, 0.009570785061666982], "HFE": [13.0, 1, 0.000830249637760423], "L": [27.0, 2, 0.0016472716879456343], "T": [55.0, 1, 0.008012389038115294], "DRB4": [114.0, 9, 0.009516655744147562], "K": [5.0, 4, 0.0003058875961486251], "DPB2": [4.0, 2, 0.00034467540473241985], "DMA": [165.0, 1, 0.014036971635476791], "DOB": [3.0, 2, 0.00024404025006601987], "DQA1": [492.0, 68, 0.04283669014440105], "DOA": [10.0, 5, 0.0008880083468537776]}