{"A": [823.0, 287, 0.18725109442863666], "B": [1645.0, 372, 0.3773678453238313], "C": [223.0, 114, 0.050599288921293686], "DMB": [19.0, 3, 0.005993151950811605], "DPA1": [192.0, 36, 0.06125849689105438], "DPB1": [97.0, 40, 0.031187286152485998], "DRA": [214.0, 3, 0.06988423376946389], "DRB5": [62.0, 3, 0.019336864011607405], "E": [355.0, 69, 0.08181368238930817], "L": [4.0, 1, 0.0009117511227512085], "T": [7.0, 1, 0.0038098881338492767], "DMA": [9.0, 1, 0.002860532148478983], "F": [65.0, 7, 0.0155987391894323], "DRB1": [202.0, 31, 0.06300075048943057], "DRB3": [16.0, 3, 0.004990158454608363], "DQB1": [54.0, 27, 0.01665465384225541], "DQA1": [23.0, 11, 0.007481582780700673]}