{"A": [19.0, 19, 0.29991854104151716], "C": [15.0, 15, 0.23613262445402683], "L": [1.0, 1, 0.01581399145522406], "DRA": [1.0, 1, 0.022656385143693555], "F": [2.0, 2, 0.03329900986537093], "DRB1": [1.0, 1, 0.021638120642853396], "E": [6.0, 4, 0.0959343245475585], "DQA1": [3.0, 3, 0.06770365091767801], "B": [13.0, 13, 0.2069033519320775]}