{"A": [15211.0, 1079, 0.16506001694534694], "B": [26700.0, 1231, 0.2921257502306525], "C": [8938.0, 1109, 0.09672516750541905], "DMA": [920.0, 2, 0.013946066779173275], "DPA1": [3044.0, 52, 0.04632008473371856], "DPA2": [15.0, 2, 0.00024382247957537947], "DPB1": [3275.0, 157, 0.05022000419619618], "DQB1": [1973.0, 85, 0.02902207937154156], "DRA": [5435.0, 7, 0.08464953414978417], "DRB1": [4397.0, 62, 0.06540491847639847], "DRB5": [3425.0, 6, 0.050946519395420685], "E": [5380.0, 247, 0.059134298960928165], "F": [776.0, 15, 0.008881727631272011], "HFE": [5.0, 1, 5.6899674475884484e-05], "L": [83.0, 2, 0.0009023063159906637], "T": [373.0, 1, 0.009682390750649953], "Y": [75.0, 4, 0.001084477412189036], "DRB3": [8.0, 3, 0.00011899916939076364], "DMB": [233.0, 3, 0.003505235476784468], "DQA1": [1229.0, 70, 0.019066769746774098], "K": [10.0, 5, 0.00010900998934355178], "DPB2": [9.0, 2, 0.00013818701870779883], "V": [2.0, 1, 4.609203804738959e-05], "DOB": [79.0, 8, 0.0011450955656748985], "DOA": [85.0, 13, 0.001344963221774592], "H": [11.0, 5, 0.000119582764769847]}