{"A": [17956.0, 1566, 0.1693963599263881], "B": [38056.0, 1735, 0.3619862513093311], "C": [7949.0, 852, 0.07478629101383133], "DMA": [1041.0, 2, 0.013719080379288776], "DOB": [16.0, 3, 0.0002016252794196293], "DPA1": [2967.0, 71, 0.0392511695178216], "DPB1": [2917.0, 239, 0.038887697292078686], "DQB1": [522.0, 108, 0.00667547695945156], "DRA": [6560.0, 8, 0.08882581917647511], "DRB1": [7041.0, 121, 0.09105391954959013], "DRB3": [2007.0, 21, 0.025954440638549556], "E": [6165.0, 251, 0.058911572575259225], "F": [995.0, 16, 0.00990077448274019], "HFE": [5.0, 1, 4.946752020144917e-05], "K": [9.0, 6, 8.529413410032121e-05], "L": [139.0, 2, 0.0013137147112185221], "T": [556.0, 1, 0.012547549660091506], "Y": [7.0, 2, 8.7996955232141e-05], "DMB": [320.0, 3, 0.0041852520121953354], "G": [6.0, 4, 6.11120869037372e-05], "DPA2": [1.0, 1, 1.4131649017985614e-05], "DOA": [13.0, 8, 0.0001788319833896214], "DQA1": [133.0, 28, 0.0017938545978052078], "H": [14.0, 6, 0.00013231658961913173]}