{"C": [13.0, 13, 0.08493880666715828], "DRA": [10.0, 2, 0.09403481763754779], "DRB5": [11.0, 4, 0.09878938706865975], "F": [1.0, 1, 0.006910339624661292], "L": [1.0, 1, 0.006563561632547815], "E": [21.0, 10, 0.13936064071468682], "DRB1": [12.0, 7, 0.1077702404385379], "DQB1": [3.0, 2, 0.02664319833063854], "DQA1": [1.0, 1, 0.00936674941311511], "B": [43.0, 34, 0.2840473210456505], "DPA1": [4.0, 4, 0.036749239076742816], "A": [16.0, 14, 0.10482569835005326]}