{"A": [1091.0, 430, 0.12533238274386183], "B": [1071.0, 367, 0.12405163050108305], "C": [1142.0, 395, 0.13083371423916115], "DPB1": [510.0, 97, 0.08279231820535603], "DQB1": [288.0, 113, 0.04484854465921508], "DRB1": [840.0, 47, 0.13227801093307817], "E": [408.0, 100, 0.04747574261665065], "F": [99.0, 8, 0.01199569323107608], "L": [3.0, 1, 0.00034526422952748834], "T": [22.0, 1, 0.006045759696707915], "DRB3": [148.0, 11, 0.023306125735828062], "DMB": [25.0, 2, 0.003981582444887703], "DMA": [105.0, 1, 0.016850300056837728], "DRA": [811.0, 6, 0.13372121220082142], "DPA1": [551.0, 38, 0.08876274463802984], "DQA1": [166.0, 35, 0.02726388579136854], "H": [1.0, 1, 0.00011508807650916278]}