{"A": [289.0, 141, 0.2433796869851546], "B": [305.0, 125, 0.2589767552036834], "C": [272.0, 119, 0.22843908430598905], "DRB1": [47.0, 11, 0.05425679892589233], "L": [1.0, 1, 0.0008436810051956779], "T": [8.0, 1, 0.016116329092713953], "Y": [2.0, 2, 0.00224435529537491], "DRB4": [1.0, 1, 0.0011543999771466455], "DMB": [1.0, 1, 0.0011675181587051302], "DQA1": [3.0, 2, 0.003612009303493996], "DMA": [13.0, 1, 0.01529359664380155], "DRA": [7.0, 1, 0.008461072773674826], "DQB1": [2.0, 2, 0.0022831466214678097], "F": [8.0, 4, 0.007106047121571281], "E": [135.0, 39, 0.11515778738814807], "DPB1": [25.0, 14, 0.02975142798244733], "DPA1": [8.0, 5, 0.00944750326124611], "DRB5": [2.0, 1, 0.002308799954293291]}