{"A": [2807.0, 592, 0.20198024211272517], "B": [2388.0, 464, 0.17325080397045434], "C": [2783.0, 489, 0.19970765092979442], "DMA": [102.0, 2, 0.010252893391592252], "DOB": [9.0, 4, 0.0008650466086079338], "DPB1": [377.0, 75, 0.03833444211753854], "DQB1": [346.0, 92, 0.03374892126850475], "DRA": [817.0, 7, 0.08437804083213718], "DRB1": [774.0, 45, 0.0763444130533234], "DRB5": [5.0, 2, 0.0004931809628767661], "E": [775.0, 101, 0.056486053916941795], "F": [152.0, 10, 0.011536170718957163], "L": [15.0, 2, 0.0010813082607599171], "T": [86.0, 1, 0.014803165058269679], "U": [1.0, 1, 0.00040309995026968333], "Y": [1.0, 1, 9.588299787968196e-05], "DRB3": [173.0, 13, 0.01706406131553611], "DMB": [23.0, 3, 0.002294412343201683], "V": [1.0, 1, 0.00015281932350649506], "K": [4.0, 2, 0.00028914031199582047], "DPA1": [575.0, 45, 0.058019622471766695], "DQA1": [177.0, 42, 0.018208780566088354], "DOA": [2.0, 2, 0.00020984751727186703]}