{"A": [873.0, 373, 0.20996890760126125], "B": [1339.0, 501, 0.3247100887783821], "C": [550.0, 304, 0.13192237328805706], "DPB1": [56.0, 36, 0.01903312471615408], "DRA": [175.0, 5, 0.06041151104759689], "DRB1": [217.0, 51, 0.07154351982490689], "E": [280.0, 68, 0.06821373572164077], "F": [53.0, 7, 0.013445229671605963], "L": [5.0, 1, 0.001204765535751085], "T": [20.0, 1, 0.011506954485256552], "DRB4": [25.0, 5, 0.008242340993652867], "DMB": [2.0, 1, 0.0006668803167591866], "DMA": [4.0, 1, 0.0013439420124001927], "DPA1": [150.0, 35, 0.0505909205817314], "H": [2.0, 1, 0.00048190621430043405], "DQA1": [35.0, 14, 0.012035105716513443], "DQB1": [43.0, 27, 0.014019306214537567], "DRB3": [2.0, 2, 0.0006593872794922294]}