{"A": [289.0, 177, 0.1903414376674382], "B": [324.0, 155, 0.21515674878087726], "C": [405.0, 207, 0.2660146451207713], "DPA1": [52.0, 19, 0.04802633260001702], "DPB1": [24.0, 21, 0.0223371656820988], "DRA": [62.0, 3, 0.05860951086979453], "L": [1.0, 1, 0.0006598227545236756], "T": [5.0, 1, 0.007877622428735824], "DMB": [1.0, 1, 0.0009130880542398341], "DQA1": [16.0, 8, 0.015065952894957262], "DQB1": [20.0, 15, 0.0178559441718012], "DMA": [2.0, 1, 0.0018401163841169177], "F": [21.0, 4, 0.014588357846413949], "DRB1": [45.0, 20, 0.04062728870550273], "E": [143.0, 44, 0.09539917036068878], "DOA": [3.0, 3, 0.0028811384022229027], "DRB3": [2.0, 1, 0.0018056572758001212]}