{"A": [3913.0, 804, 0.15636366928405926], "B": [10565.0, 1144, 0.4256669847072642], "C": [1352.0, 512, 0.05387877563098872], "DMA": [141.0, 2, 0.007870909375357891], "DOB": [6.0, 3, 0.00032026374535545384], "DPA1": [789.0, 65, 0.04421234869311249], "DPB1": [471.0, 103, 0.026596729339190956], "DQB1": [324.0, 96, 0.017550453245478874], "DRA": [1170.0, 7, 0.0671046741738898], "DRB1": [1095.0, 61, 0.059980481597376296], "DRB3": [172.0, 10, 0.00942159162990751], "DRB5": [323.0, 5, 0.017692872653837937], "E": [1797.0, 188, 0.07273561919309393], "F": [245.0, 12, 0.010326275324549288], "L": [18.0, 2, 0.0007205934270497713], "T": [140.0, 1, 0.013382698553197396], "DMB": [50.0, 3, 0.0027699578985919938], "H": [2.0, 2, 8.006593633886346e-05], "DOA": [12.0, 8, 0.0006992212448397957], "DQA1": [221.0, 46, 0.012625814346519632]}