{"A": [359.0, 194, 0.18842042697269415], "B": [402.0, 169, 0.21273260020831078], "C": [294.0, 163, 0.15388485745273187], "T": [6.0, 1, 0.007533112269594851], "DMA": [5.0, 1, 0.003665922955623448], "DRA": [131.0, 3, 0.09868377073169254], "DOB": [8.0, 4, 0.005608594536486677], "DRB3": [17.0, 4, 0.012230727224229842], "F": [15.0, 2, 0.008303790902363198], "DPA1": [76.0, 16, 0.05593552328917555], "DQB1": [60.0, 31, 0.04268763619437081], "DRB1": [167.0, 33, 0.12014890861449315], "E": [63.0, 24, 0.03349246732777895], "DQA1": [35.0, 18, 0.026262901174271106], "DPB1": [41.0, 21, 0.030408760146183073]}