{"A": [152.0, 89, 0.1556084591682426], "B": [110.0, 77, 0.11354205752706696], "C": [162.0, 98, 0.1653939617274387], "DRA": [109.0, 5, 0.16016109055876857], "DRB5": [73.0, 4, 0.10244300246543234], "T": [3.0, 1, 0.007346839016457275], "DPA1": [15.0, 10, 0.0215338384965127], "DMA": [20.0, 1, 0.02860219769765809], "F": [7.0, 3, 0.007558563483790337], "E": [95.0, 32, 0.0985113515721462], "Y": [2.0, 2, 0.002728316430868842], "DQB1": [24.0, 14, 0.03330567020793965], "DRB1": [56.0, 11, 0.07858641285019467], "DPB1": [12.0, 10, 0.01736009837093379], "DQA1": [5.0, 4, 0.0073181404265492385]}