{"A": [348.0, 194, 0.2418527355007176], "B": [447.0, 186, 0.31322307109803676], "C": [312.0, 138, 0.21624266006058712], "DRB5": [24.0, 4, 0.02286403233714649], "E": [128.0, 33, 0.09010622338034115], "L": [4.0, 1, 0.00278498934033673], "T": [2.0, 1, 0.0033249981666765324], "DMA": [8.0, 1, 0.007766789610710067], "DRA": [14.0, 4, 0.013964992300041435], "DRB1": [15.0, 7, 0.014290020210716556], "F": [19.0, 3, 0.01392762200364363], "DPA1": [34.0, 16, 0.03313532655756958], "DPB1": [27.0, 12, 0.026516539433476358]}