{"A": [823.0, 362, 0.14149552140305935], "B": [1100.0, 394, 0.19068213422261396], "C": [359.0, 209, 0.06155343989469503], "DMA": [38.0, 2, 0.009126541844089996], "DPB1": [335.0, 88, 0.08138961366142847], "DQB1": [156.0, 33, 0.03635672692511173], "DRA": [567.0, 7, 0.1399158201348757], "DRB1": [495.0, 59, 0.11665890121821718], "DRB5": [246.0, 6, 0.057975938787235205], "L": [4.0, 1, 0.0006889609959138241], "T": [15.0, 1, 0.006169127871908099], "DPA1": [302.0, 44, 0.07280989079166937], "DMB": [9.0, 2, 0.002145174010004407], "E": [329.0, 71, 0.057294352341003316], "F": [30.0, 4, 0.005440210745832502], "DRB3": [20.0, 4, 0.004713490958311806], "DQA1": [62.0, 26, 0.015239673696072976], "H": [2.0, 1, 0.00034448049795691207]}