{"A": [133.0, 84, 0.18453565917973816], "B": [306.0, 176, 0.42807961402460604], "C": [159.0, 112, 0.22000918133833935], "L": [2.0, 1, 0.0027800361365917414], "T": [4.0, 1, 0.013276338151218078], "DRB1": [11.0, 4, 0.020921420513576802], "DMA": [1.0, 1, 0.0019382440239850821], "DRA": [3.0, 1, 0.005974352168048135], "F": [10.0, 2, 0.014634580238734625], "E": [44.0, 23, 0.06183785177629158], "DQB1": [11.0, 9, 0.02068896028564817], "DPA1": [11.0, 5, 0.021402372709291212], "DPB1": [2.0, 2, 0.003921389453931208]}