{"A": [1821.0, 436, 0.20343364536873254], "B": [2466.0, 733, 0.27776682086617527], "C": [1200.0, 417, 0.1336931336136646], "DMA": [74.0, 2, 0.011548467311322846], "DPB1": [195.0, 55, 0.03078426353623522], "DQB1": [40.0, 12, 0.00605745432545863], "DRA": [499.0, 6, 0.08001184522245502], "DRB1": [535.0, 39, 0.08192877128394185], "DRB5": [227.0, 5, 0.03476230108683141], "F": [107.0, 9, 0.012608058750900564], "L": [16.0, 1, 0.0017907073005917846], "T": [36.0, 1, 0.009620662752199001], "DRB4": [80.0, 5, 0.012251031220028689], "DMB": [17.0, 3, 0.0026329275903271884], "DQA1": [90.0, 21, 0.014374623057484834], "DPA1": [162.0, 26, 0.025378644846318053], "DOB": [7.0, 2, 0.0010445792586785412], "E": [532.0, 85, 0.060200143402367], "H": [1.0, 1, 0.00011191920628698654]}