{"A": [10525.0, 1273, 0.1292980772063664], "B": [5500.0, 906, 0.06812509358314274], "C": [9758.0, 1072, 0.11954895850180995], "DMA": [956.0, 3, 0.01640618665924418], "DPA1": [5713.0, 89, 0.09841805186311356], "DPB1": [4641.0, 309, 0.0805680498651665], "DQA1": [2501.0, 105, 0.043926315224199375], "DQB1": [2187.0, 138, 0.03641967502954811], "DRA": [8798.0, 8, 0.1551296542773974], "DRB1": [8179.0, 98, 0.13773363021532067], "DRB3": [1550.0, 11, 0.02610186169870975], "DRB5": [9.0, 3, 0.00015155919696025014], "DRB7": [1.0, 1, 3.5970049411899366e-05], "E": [3899.0, 218, 0.04851725876049204], "F": [633.0, 14, 0.0082021042066759], "H": [5.0, 4, 6.153635278039354e-05], "K": [22.0, 7, 0.0002715031177018937], "L": [125.0, 2, 0.0015384088195098385], "T": [251.0, 1, 0.007376211113061064], "DRB4": [936.0, 10, 0.015762156483866016], "DMB": [264.0, 3, 0.004496256176487421], "DPB2": [16.0, 2, 0.0002781189387517992], "DOB": [81.0, 5, 0.0013291852200565005], "DOA": [16.0, 6, 0.00028661393953704676], "DQA2": [1.0, 1, 1.7563500689403987e-05]}