{"A": [5821.0, 700, 0.11424798220656056], "B": [12303.0, 1101, 0.24346493653024937], "C": [7338.0, 773, 0.14362950633781443], "DMA": [493.0, 2, 0.013516917172351341], "DPA1": [1724.0, 61, 0.04744918734890017], "DPB1": [1203.0, 176, 0.033365519245379165], "DQA1": [1049.0, 75, 0.029435237717218385], "DQB1": [562.0, 117, 0.014952182045869587], "DRA": [3586.0, 5, 0.10101878236307203], "DRB1": [5362.0, 79, 0.14426054643719752], "E": [2824.0, 200, 0.05614210466540808], "F": [519.0, 13, 0.010744096680688079], "K": [91.0, 18, 0.001794215109742436], "L": [81.0, 1, 0.0015926771307334072], "T": [264.0, 1, 0.01239494262123583], "Y": [36.0, 2, 0.000941517872321367], "DRB4": [1009.0, 10, 0.02714638033478782], "DMB": [110.0, 3, 0.0029930969397870618], "V": [2.0, 1, 8.336672327453324e-05], "DOB": [15.0, 4, 0.00039325361252676714], "DRB3": [10.0, 3, 0.00026904242155389313], "DOA": [3.0, 2, 8.585776082257706e-05], "H": [4.0, 1, 7.865072250535344e-05]}