{"A": [3427.0, 687, 0.15516638906772978], "B": [7224.0, 1017, 0.3297886818683044], "C": [4061.0, 621, 0.18337138272643558], "DMA": [56.0, 2, 0.0035420229456830134], "DPB1": [434.0, 85, 0.02776863934829868], "DRA": [840.0, 9, 0.054588824221702914], "DRB5": [274.0, 8, 0.017006068969013653], "E": [1782.0, 141, 0.08172676467641019], "H": [4.0, 3, 0.00018144095641989367], "L": [38.0, 1, 0.0017236890859889898], "T": [102.0, 1, 0.011047738235344636], "V": [7.0, 2, 0.0006731213818440157], "DRB4": [19.0, 5, 0.0011792529577053263], "DMB": [19.0, 2, 0.0011926535594974322], "DRB1": [808.0, 52, 0.05014928367504757], "DPA1": [743.0, 57, 0.04717511211989118], "F": [180.0, 8, 0.008596222834418018], "DQA1": [221.0, 34, 0.01430595791022167], "DQB1": [151.0, 55, 0.009267824852983556], "DOA": [15.0, 5, 0.0009903351007779057], "DRB3": [9.0, 4, 0.0005585935062814704]}