{"A": [461.0, 199, 0.2341726423446956], "B": [520.0, 204, 0.26632567416051145], "C": [194.0, 110, 0.09827702067560017], "DMA": [27.0, 3, 0.019159262569342136], "DRA": [123.0, 4, 0.08967703639210163], "DRB5": [50.0, 4, 0.03481569422366236], "L": [2.0, 1, 0.0010177872654435604], "T": [19.0, 1, 0.023087583894985515], "F": [12.0, 4, 0.006429365088911482], "E": [112.0, 42, 0.05762703985596306], "DPA1": [37.0, 13, 0.026355880707705785], "DQB1": [46.0, 33, 0.03167454492259416], "DMB": [4.0, 1, 0.0028169061690054096], "DRB1": [129.0, 29, 0.0898244910970489], "DQA1": [9.0, 6, 0.006536102595270364], "DPB1": [17.0, 11, 0.012202968037158568]}