{"A": [211.0, 114, 0.06885907723022214], "B": [438.0, 222, 0.14412101566229876], "C": [145.0, 104, 0.04719128102338531], "DQB1": [118.0, 55, 0.05220090973176818], "DRA": [424.0, 7, 0.19860286294758464], "DRB3": [111.0, 11, 0.04965597869171245], "L": [1.0, 1, 0.0003269418600978305], "T": [1.0, 1, 0.000780671631083273], "DPB1": [200.0, 54, 0.09223379116273417], "DMA": [29.0, 1, 0.013220763462276647], "E": [67.0, 22, 0.02214759655968994], "F": [29.0, 4, 0.009982247916762195], "DPA1": [204.0, 22, 0.09335755919299277], "DQA1": [80.0, 15, 0.037325862361168985], "DRB1": [380.0, 43, 0.1699934405662228]}