{"A": [2958.0, 654, 0.2868105632205574], "B": [1838.0, 442, 0.17968711675390708], "C": [2431.0, 544, 0.23506986216037978], "DRA": [53.0, 6, 0.0073758783827869556], "E": [1376.0, 143, 0.13514141580548736], "L": [15.0, 1, 0.0014570686620727228], "T": [71.0, 1, 0.01646815613766899], "DRB4": [26.0, 7, 0.003455732716972477], "DRB1": [197.0, 37, 0.02618382097090684], "DMA": [12.0, 1, 0.0016253916067498258], "F": [178.0, 12, 0.018204073720553528], "DPA1": [253.0, 34, 0.034399970640172084], "DQA1": [114.0, 30, 0.01580312386406374], "DPB1": [225.0, 63, 0.030829097560457604], "DRB3": [16.0, 3, 0.0021266047489061396], "G": [1.0, 1, 0.00010468353022823363], "DQB1": [40.0, 23, 0.005257439518129067]}