{"A": [817.0, 390, 0.16499538409505904], "B": [1078.0, 381, 0.21950426307338666], "C": [312.0, 169, 0.06283756582893814], "DMA": [83.0, 2, 0.023415725835722313], "DPB1": [153.0, 64, 0.04366389662979786], "DRA": [426.0, 8, 0.1234810296232761], "DRB4": [147.0, 8, 0.04069461056978517], "DRB5": [140.0, 6, 0.03875677197122397], "E": [206.0, 47, 0.04213956191278191], "L": [5.0, 1, 0.001011606306991345], "T": [18.0, 1, 0.008695847156568738], "Y": [1.0, 1, 0.0002691069205006102], "DMB": [8.0, 2, 0.0022398394191161905], "DPB2": [1.0, 1, 0.0002857527093975552], "DRB1": [376.0, 17, 0.10408961615128723], "F": [41.0, 6, 0.008733437273960247], "DPA1": [219.0, 39, 0.062020381156906924], "DQA1": [100.0, 31, 0.028872930012044645], "DQB1": [86.0, 50, 0.023543201005376848], "K": [1.0, 1, 0.0002028765805054921], "DRB3": [1.0, 1, 0.00027683408550874266], "DOB": [1.0, 1, 0.0002697616818643587]}