{"A": [1485.0, 379, 0.20124557404494978], "B": [1729.0, 415, 0.23624865123907737], "C": [2565.0, 492, 0.3466588362419075], "DPB1": [120.0, 47, 0.022980657571998474], "DRB4": [26.0, 3, 0.004829954684451865], "DRB5": [14.0, 2, 0.0026007448300894654], "E": [842.0, 93, 0.11558062366204529], "F": [77.0, 6, 0.011006322141171124], "L": [9.0, 1, 0.0012218958211753753], "T": [31.0, 1, 0.010049656843440946], "DRB1": [123.0, 25, 0.02284940100721459], "DRA": [23.0, 1, 0.004473718207725325], "DPA1": [65.0, 19, 0.012352470313684366], "DOA": [1.0, 1, 0.00019760924007794172], "DQA1": [35.0, 19, 0.00678123896126843], "DRB3": [2.0, 1, 0.0003715349757270665], "DQB1": [3.0, 2, 0.0005511102139951487]}