{"A": [10826.0, 1424, 0.14942744789347104], "B": [25333.0, 1432, 0.3525522086965469], "C": [3951.0, 779, 0.054385660483697806], "DMA": [504.0, 2, 0.009717905843093753], "DMB": [129.0, 5, 0.002468477796453243], "DPA1": [3398.0, 86, 0.06576976785232419], "DPB1": [2397.0, 242, 0.046753239873633945], "DQB1": [1355.0, 170, 0.025352393837130466], "DRA": [4468.0, 9, 0.08851490870229566], "DRB1": [3316.0, 95, 0.06274031607241773], "DRB5": [1596.0, 7, 0.030197088194082837], "DRB7": [1.0, 1, 4.0414148109374025e-05], "E": [5125.0, 288, 0.0716521594997262], "F": [669.0, 11, 0.009739576759787904], "L": [285.0, 2, 0.0039409325540048805], "T": [281.0, 1, 0.009278084655828514], "DRB4": [48.0, 5, 0.0009081831035814388], "K": [18.0, 4, 0.0002495841717642037], "V": [2.0, 1, 5.862787443332789e-05], "H": [30.0, 13, 0.0004148350056847243], "DOB": [17.0, 5, 0.00031343089318401385], "DOA": [15.0, 8, 0.000301898516753292], "DRB3": [14.0, 4, 0.0002648867385445863], "DQA1": [758.0, 71, 0.014957970833449956]}