{"A": [839.0, 301, 0.16183152926224356], "B": [1727.0, 346, 0.3358674950145209], "C": [1066.0, 319, 0.20505643519708458], "DQB1": [38.0, 15, 0.009935782938150724], "E": [466.0, 81, 0.09104584938420986], "L": [7.0, 1, 0.001352667337190612], "T": [23.0, 1, 0.010612523571708977], "DRB4": [44.0, 8, 0.011633855835327283], "DRB1": [234.0, 18, 0.061870960578786], "DMA": [15.0, 1, 0.004041775903928328], "DRA": [111.0, 5, 0.030730176951122522], "F": [71.0, 5, 0.014444786813616666], "DPA1": [126.0, 20, 0.03408099773703243], "DPB1": [72.0, 31, 0.01962524083698944], "DRB3": [9.0, 3, 0.0023796523299533076], "DQA1": [17.0, 5, 0.004688039030233535], "DMB": [3.0, 1, 0.0008022312779009257]}