{"A": [1846.0, 534, 0.1564031067745015], "B": [3313.0, 574, 0.2830150789052885], "C": [582.0, 275, 0.049175828406142326], "DMA": [94.0, 3, 0.011125545816971604], "DPB1": [438.0, 102, 0.05244077613457625], "DRA": [906.0, 8, 0.11017492956471353], "DRB3": [142.0, 9, 0.01649194384311943], "DRB5": [49.0, 4, 0.005690882030372198], "E": [697.0, 106, 0.05981629574724579], "L": [18.0, 1, 0.0015278403305881566], "T": [62.0, 1, 0.012565941193915084], "DMB": [48.0, 2, 0.0056380909169179115], "V": [2.0, 1, 0.00035987814363305814], "DRB1": [984.0, 68, 0.11428220240584169], "DQB1": [90.0, 29, 0.010336500014349503], "F": [55.0, 7, 0.004915050439099908], "DOB": [5.0, 3, 0.0005658667891067247], "DPA1": [671.0, 55, 0.07972174148998296], "DOA": [10.0, 5, 0.0012354382487270324], "DQA1": [201.0, 43, 0.024347302768174806], "H": [2.0, 1, 0.00016976003673201739]}