{"A": [200.0, 117, 0.21729360538051176], "B": [327.0, 156, 0.3582112021921544], "DPB1": [20.0, 13, 0.030706355046049155], "DRB4": [10.0, 4, 0.014893157222709234], "DMB": [8.0, 1, 0.012049918116555654], "DMA": [4.0, 1, 0.006070951112157811], "DRA": [43.0, 4, 0.06705425022506852], "DPA1": [27.0, 12, 0.04113592736341413], "E": [69.0, 21, 0.07593449322342405], "DQA1": [10.0, 6, 0.015533097572122522], "DRB1": [7.0, 5, 0.010425210055896465], "C": [135.0, 90, 0.14627352918053252], "DQB1": [3.0, 2, 0.00441830330940374]}