{"A": [337.0, 146, 0.21177195189236353], "B": [575.0, 179, 0.3643181799850234], "C": [204.0, 111, 0.1278449940255939], "E": [160.0, 28, 0.10184309270109174], "L": [6.0, 1, 0.003777300837864397], "T": [7.0, 1, 0.010522676843898205], "DMB": [6.0, 2, 0.005227173886741641], "DMA": [1.0, 1, 0.0008778459962466877], "DRA": [41.0, 3, 0.036979692908556544], "F": [15.0, 3, 0.009942175115992746], "DPA1": [54.0, 14, 0.047585307106889414], "DQB1": [34.0, 20, 0.028962415313205533], "DRB1": [33.0, 16, 0.02842642877733656], "H": [1.0, 1, 0.0006295501396440662], "K": [7.0, 2, 0.004418946634354323], "DPB1": [19.0, 12, 0.016872267835196953]}