{"A": [2194.0, 549, 0.10981064682408304], "B": [5995.0, 841, 0.3025321085329113], "C": [3341.0, 623, 0.1667628555962256], "DMA": [150.0, 2, 0.010487666764044477], "DPB1": [684.0, 147, 0.04837770361520933], "DQA1": [362.0, 35, 0.025903444441901936], "DQB1": [283.0, 93, 0.019200457774983744], "DRA": [1077.0, 8, 0.07736854592098004], "DRB1": [1255.0, 58, 0.08610361320063581], "DRB3": [197.0, 13, 0.013515865976514147], "DRB5": [1.0, 1, 6.860845673357435e-05], "E": [1167.0, 188, 0.059163211508739016], "F": [153.0, 11, 0.008077014599490622], "K": [3.0, 3, 0.00015083817157436337], "L": [24.0, 3, 0.001203402346939994], "T": [84.0, 1, 0.010057192598827487], "Y": [8.0, 2, 0.0005335473188698355], "DRB4": [152.0, 8, 0.010428485423503301], "DMB": [38.0, 3, 0.0026367477349198685], "DPB2": [1.0, 1, 7.081878072627971e-05], "DPA1": [654.0, 76, 0.04590142336361413], "DOB": [18.0, 4, 0.001203402346939994], "H": [2.0, 2, 0.00010028352891166616], "DOA": [4.0, 2, 0.00029192761669903346], "J": [1.0, 1, 5.018755602154617e-05]}