{"A": [5446.0, 954, 0.17435967864291316], "B": [5963.0, 890, 0.1924897872989173], "C": [6812.0, 925, 0.21749941006877632], "DMA": [253.0, 2, 0.011315369444747229], "DPA1": [916.0, 74, 0.04112486398897183], "DPB1": [846.0, 126, 0.038275432541808915], "DQA1": [308.0, 46, 0.014098089376132078], "DQB1": [564.0, 111, 0.02447737537858891], "DRA": [1472.0, 5, 0.06764210868075635], "DRB1": [1400.0, 86, 0.06144213279349356], "DRB5": [348.0, 5, 0.015272758722954114], "E": [3152.0, 220, 0.10221807304601901], "F": [426.0, 12, 0.014385654730748343], "K": [2.0, 2, 6.432511876563631e-05], "L": [47.0, 1, 0.0015075025894660142], "T": [179.0, 1, 0.01370916831278916], "DMB": [68.0, 3, 0.0030182450297583036], "DPB2": [6.0, 2, 0.00027180678406252766], "DPA2": [12.0, 1, 0.0005755035864461704], "DOB": [24.0, 5, 0.0010263847417640948], "DRB3": [111.0, 13, 0.004871483385769847], "DOA": [6.0, 4, 0.0002801089833101215], "Y": [1.0, 1, 4.266222986094689e-05], "H": [1.0, 1, 3.207452318012796e-05]}