{"A": [570.0, 257, 0.202051134152697], "B": [733.0, 279, 0.26197802990777264], "C": [745.0, 265, 0.2633648011349294], "DPB1": [58.0, 27, 0.029053318944614586], "DRA": [85.0, 5, 0.04324603222215619], "DRB1": [36.0, 12, 0.017492777078624976], "DRB5": [11.0, 3, 0.005345015218468743], "E": [260.0, 56, 0.09335398099616743], "F": [27.0, 4, 0.010094895129667584], "L": [7.0, 1, 0.002485857691602044], "T": [21.0, 1, 0.0178071897385349], "DMA": [9.0, 1, 0.004456652175565715], "DPA1": [63.0, 30, 0.03131609229880276], "DRB3": [13.0, 8, 0.006316836167281242], "DQB1": [20.0, 13, 0.009610229382701375], "DQA1": [4.0, 4, 0.0020271577604135714]}