{"A": [4338.0, 924, 0.22271311857489332], "B": [5626.0, 1197, 0.29122619751358675], "C": [3741.0, 829, 0.19153977851862028], "DMA": [60.0, 2, 0.004303158035243892], "DOB": [10.0, 3, 0.0006857830932079682], "DPA1": [369.0, 39, 0.02656581816930453], "DPB1": [485.0, 88, 0.03518676264726135], "DRA": [513.0, 8, 0.03780197770490134], "DRB1": [592.0, 102, 0.04166273557418656], "DRB5": [4.0, 2, 0.0002815049700958551], "E": [1713.0, 199, 0.08908132588402538], "F": [230.0, 10, 0.012454769606330305], "L": [36.0, 1, 0.0018516143516615143], "T": [108.0, 1, 0.013263851826281172], "Y": [14.0, 3, 0.0009577659995919051], "DRB4": [53.0, 5, 0.00372994085377008], "DMB": [26.0, 3, 0.001850575286368775], "DQA1": [212.0, 41, 0.015560846999322054], "K": [5.0, 5, 0.00025787452086777215], "DQB1": [122.0, 45, 0.008490502681391097], "DRB3": [4.0, 2, 0.0002815049700958551], "DOA": [2.0, 1, 0.00014972475501114204], "H": [2.0, 1, 0.00010286746398119522]}