{"A": [108.0, 76, 0.234443391510743], "B": [180.0, 110, 0.3939682336681908], "C": [41.0, 33, 0.08875914655894161], "L": [2.0, 2, 0.00434946681330758], "T": [3.0, 1, 0.015578482442434994], "DMA": [2.0, 1, 0.006064905378352555], "DRA": [14.0, 1, 0.043619750838817986], "H": [1.0, 1, 0.00217473340665379], "DRB1": [21.0, 10, 0.062488968898306664], "DRB4": [3.0, 2, 0.00892699555690095], "F": [8.0, 4, 0.018317062929433654], "DPB1": [4.0, 4, 0.012270310495199763], "DPA1": [8.0, 8, 0.02435257025484091], "E": [33.0, 16, 0.07256066222495783], "DRB3": [1.0, 1, 0.0029756651856336505], "DQA1": [2.0, 2, 0.0062070515981576925], "DQB1": [1.0, 1, 0.00294260223912661]}