{"A": [4661.0, 735, 0.1338013846578167], "B": [6408.0, 773, 0.1854720483354037], "C": [3957.0, 658, 0.11328243518002823], "DMA": [357.0, 2, 0.01431625795512843], "DPA1": [2039.0, 61, 0.0820803706094079], "DPB1": [1359.0, 150, 0.05512927522346365], "DQB1": [829.0, 119, 0.03225918243944377], "DRA": [3062.0, 8, 0.12616171853632177], "DRB5": [613.0, 5, 0.024121916146218034], "E": [2507.0, 199, 0.07289687259836605], "F": [284.0, 9, 0.00859906943005026], "HFE": [1.0, 1, 3.0104898222561852e-05], "L": [45.0, 1, 0.0012941535399233592], "T": [121.0, 1, 0.008309148673467742], "DRB4": [205.0, 8, 0.008066872446940779], "DMB": [107.0, 3, 0.004258360660322452], "DPB2": [9.0, 2, 0.00036556502055567054], "DRB1": [2321.0, 38, 0.09133273633829048], "DOB": [16.0, 3, 0.0006135246411488518], "DOA": [16.0, 7, 0.0006697440305768341], "DQA1": [899.0, 54, 0.03689625750869924], "DPA2": [1.0, 1, 4.300113020330458e-05]}