{"A": [234.0, 125, 0.26760295513123916], "B": [243.0, 103, 0.2801920324864278], "C": [226.0, 100, 0.2577499014489809], "L": [2.0, 1, 0.0022913784759974157], "T": [7.0, 1, 0.019149733842976226], "Y": [3.0, 2, 0.004571633755509408], "DRA": [1.0, 1, 0.0016414057579693907], "DQB1": [8.0, 5, 0.012401732393546507], "F": [5.0, 2, 0.006031101848446609], "E": [92.0, 23, 0.10657023731170269], "DPB1": [17.0, 10, 0.027472949655588063], "DRB4": [2.0, 2, 0.0031352694253347912], "DRB1": [1.0, 1, 0.0015676347126673956], "DPA1": [6.0, 3, 0.00962203375361367]}