{"A": [412.0, 208, 0.161428885057893], "B": [1008.0, 282, 0.39821629160072713], "C": [325.0, 162, 0.12699376919682262], "DPA1": [113.0, 27, 0.06208733984510971], "DRA": [56.0, 3, 0.03149292240763921], "DRB5": [10.0, 3, 0.005370983957964149], "L": [4.0, 1, 0.0015701307117990087], "T": [3.0, 1, 0.0028118680721106433], "DRB4": [26.0, 4, 0.01396455829070679], "DMB": [5.0, 2, 0.002716008933288689], "DRB1": [90.0, 13, 0.04833885562167735], "DMA": [6.0, 1, 0.003284090191091056], "F": [21.0, 6, 0.008678705202393368], "E": [142.0, 33, 0.05635668425708103], "DPB1": [68.0, 26, 0.03765080491922668], "DQA1": [64.0, 17, 0.035851317919410694], "DQB1": [6.0, 4, 0.003186783815058729]}