{"A": [1217.0, 265, 0.10706399900340995], "B": [2007.0, 316, 0.1780224261799503], "C": [787.0, 206, 0.06904665378737686], "DMA": [131.0, 2, 0.016099188017768298], "DQB1": [310.0, 49, 0.03696850581857906], "DRA": [1150.0, 8, 0.14520836251320426], "DRB1": [1100.0, 47, 0.1326524855396639], "DRB3": [399.0, 12, 0.048116674300296265], "F": [46.0, 4, 0.004268372615661912], "L": [13.0, 1, 0.0011457451326513937], "T": [56.0, 1, 0.011785026522810781], "DMB": [43.0, 2, 0.0052444324603336135], "K": [10.0, 3, 0.0008837614648363203], "DQA1": [380.0, 57, 0.04779446442774964], "E": [364.0, 59, 0.03243600242694277], "DPA1": [747.0, 44, 0.09215397279136336], "DPB1": [572.0, 82, 0.0711099269974013]}