{"A": [294.0, 191, 0.16102425913575388], "B": [675.0, 331, 0.3727539140897659], "C": [345.0, 225, 0.18844216946627038], "DRB1": [66.0, 25, 0.049551606457276236], "DRB5": [6.0, 2, 0.004504691496116022], "L": [5.0, 1, 0.0027435050854538725], "T": [13.0, 1, 0.01703244464381123], "Y": [3.0, 1, 0.0021894768740224114], "DMA": [1.0, 1, 0.0007651098151800114], "DRA": [17.0, 3, 0.0133639181051442], "DPA1": [17.0, 7, 0.013056701596979964], "E": [158.0, 46, 0.08765448129850115], "F": [65.0, 4, 0.03754991398419479], "DQB1": [2.0, 1, 0.0014848797894604665], "DQA1": [16.0, 6, 0.012528673223572685], "DPB1": [44.0, 28, 0.034054772005386764], "DRB4": [1.0, 1, 0.0007507819160193369], "H": [1.0, 1, 0.0005487010170907745]}