{"A": [124.0, 76, 0.34118118963762406], "B": [42.0, 31, 0.11651642333398997], "C": [94.0, 44, 0.2579326195019077], "L": [4.0, 1, 0.011025928485463597], "DRA": [2.0, 2, 0.007898312169979152], "E": [87.0, 23, 0.24246871147276863], "DRB1": [2.0, 1, 0.007543331847732898], "DPA1": [4.0, 3, 0.015433483550533976]}