{"A": [1078.0, 325, 0.22416585276094947], "B": [1314.0, 338, 0.2754993140373379], "C": [696.0, 242, 0.14433609689179483], "DPB1": [104.0, 37, 0.030560844906171086], "DQA1": [36.0, 22, 0.010702723779489904], "DRA": [177.0, 6, 0.052828084956018144], "DRB5": [40.0, 4, 0.011401986215353372], "E": [565.0, 94, 0.11900691631806733], "HFE": [1.0, 1, 0.0002180752377864864], "L": [8.0, 1, 0.0016666041895069437], "T": [34.0, 1, 0.016912946219440835], "DRB4": [18.0, 3, 0.005130893796909018], "DMB": [13.0, 2, 0.0037477551281715495], "DMA": [22.0, 1, 0.0063907697546742095], "DPB2": [2.0, 1, 0.000588465912274359], "DRB1": [142.0, 15, 0.04047705106450447], "DQB1": [34.0, 19, 0.009584002857683141], "F": [83.0, 5, 0.018204568913432716], "DPA1": [98.0, 26, 0.028577047060434516]}