{"A": [107.0, 83, 0.21329797726945193], "B": [210.0, 147, 0.4220818859692097], "C": [76.0, 56, 0.15108855676811417], "T": [4.0, 1, 0.019074475519056725], "DPB1": [8.0, 6, 0.022535866829464696], "E": [35.0, 13, 0.07067145968949406], "F": [26.0, 4, 0.054667336898276395], "DRB1": [14.0, 10, 0.03825611101293961], "DRA": [1.0, 1, 0.002861171327858508], "DRB3": [2.0, 1, 0.0054651587161342295]}