{"A": [258.0, 136, 0.12491509704071203], "B": [671.0, 227, 0.3275610120426282], "C": [261.0, 140, 0.12602327228852267], "DPB1": [89.0, 38, 0.060892885142679855], "E": [79.0, 27, 0.03874318969187277], "L": [2.0, 1, 0.0009701011185898107], "T": [4.0, 1, 0.004632814056533476], "DMA": [6.0, 1, 0.0040581329235665365], "DRA": [186.0, 5, 0.12925551217728395], "DQB1": [55.0, 15, 0.03609734285715666], "F": [1.0, 1, 0.0005106776301510243], "DPA1": [73.0, 17, 0.04956312279446589], "DRB3": [28.0, 7, 0.01858331031665675], "DQA1": [19.0, 10, 0.013151943810881653], "DRB1": [98.0, 23, 0.06504158610829862]}