{"A": [38.0, 37, 0.2328455167913825], "B": [44.0, 40, 0.27183878515357573], "C": [40.0, 30, 0.24443269509722068], "T": [2.0, 1, 0.029315947418522875], "DRB4": [5.0, 3, 0.04199756512204119], "DQA1": [2.0, 1, 0.01752085919935156], "DRB1": [5.0, 3, 0.04199756512204119], "DRA": [2.0, 2, 0.017589568451113723], "F": [3.0, 2, 0.019389077615420747], "DPA1": [1.0, 1, 0.008592605277842912], "E": [12.0, 5, 0.07447981475148707]}