{"A": [242.0, 139, 0.2388764304030175], "B": [393.0, 168, 0.3911334380200491], "C": [179.0, 108, 0.17620814805574897], "F": [16.0, 5, 0.01665825584633423], "T": [8.0, 1, 0.018890244374764633], "DRA": [3.0, 1, 0.004250304984322042], "E": [103.0, 34, 0.10298363506754468], "DPA1": [22.0, 12, 0.03045237670759471], "DRB1": [9.0, 6, 0.012177840123619334], "DPB1": [6.0, 5, 0.008369326417004793]}