{"A": [578.0, 192, 0.20694431958592763], "B": [517.0, 174, 0.18663396170269098], "C": [540.0, 175, 0.19281217447631474], "DRB1": [68.0, 11, 0.03337370388563539], "L": [3.0, 1, 0.001076065511447803], "T": [17.0, 1, 0.014560096303046811], "DRB4": [10.0, 4, 0.004907897630240498], "DMB": [16.0, 2, 0.007941870710752807], "DQA1": [29.0, 6, 0.014844473183965695], "DMA": [30.0, 1, 0.015004679396269616], "DRA": [162.0, 3, 0.08324949180330295], "DQB1": [38.0, 12, 0.018442788650525965], "F": [34.0, 4, 0.012839739102975], "E": [214.0, 47, 0.07760907420572369], "DPB1": [108.0, 36, 0.05464252357745754], "DOA": [2.0, 2, 0.0010441503324894127], "DRB5": [63.0, 4, 0.03091975507051514], "DPA1": [85.0, 23, 0.042676144336516515], "Y": [1.0, 1, 0.00047709053420177657]}