{"A": [206.0, 136, 0.06629664013116207], "B": [390.0, 251, 0.12655035454708705], "C": [117.0, 90, 0.03755131773890403], "DPB1": [219.0, 65, 0.09959779759855239], "DRA": [374.0, 7, 0.1727574583612029], "DRB3": [80.0, 12, 0.03529263705029681], "DRB5": [1.0, 1, 0.0004411579631287102], "F": [21.0, 3, 0.007128451582889562], "L": [3.0, 1, 0.0009672468844874914], "T": [6.0, 1, 0.00461918337864179], "DMB": [9.0, 2, 0.0040155400962056465], "K": [3.0, 3, 0.0009699017249755632], "DRB1": [411.0, 47, 0.1813159228458999], "DMA": [16.0, 1, 0.007193232131625382], "DPA1": [312.0, 42, 0.14080545195583935], "DQB1": [112.0, 50, 0.048860695294077584], "DOB": [6.0, 3, 0.002579325025299977], "DQA1": [108.0, 29, 0.04969230869054487], "E": [41.0, 23, 0.013365376999178941]}