{"A": [169.0, 115, 0.14515715323257508], "B": [295.0, 144, 0.2554748860501921], "C": [230.0, 134, 0.19701286876026913], "DRA": [134.0, 4, 0.16519520647728073], "T": [2.0, 1, 0.00410933349445972], "DMB": [4.0, 2, 0.004763091095851039], "DMA": [18.0, 1, 0.02159752756439326], "F": [8.0, 6, 0.007247585298586018], "E": [38.0, 12, 0.033060421960501116], "DPA1": [44.0, 16, 0.05299623196303224], "DQB1": [8.0, 6, 0.009314489254108698], "DRB1": [49.0, 21, 0.05769227192502718], "DQA1": [18.0, 7, 0.022103719616683726], "DPB1": [20.0, 10, 0.02427521330704004]}