{"A": [1680.0, 594, 0.141696953063723], "B": [4306.0, 800, 0.36618429627544147], "C": [685.0, 392, 0.0576178200055242], "DMA": [124.0, 2, 0.014610083873691398], "DPA1": [400.0, 45, 0.047309874859809004], "DQB1": [183.0, 80, 0.020922792156750532], "DRA": [737.0, 7, 0.08921946665106158], "DRB3": [185.0, 12, 0.021389113367096233], "DRB5": [282.0, 5, 0.03260394578119534], "DRB7": [1.0, 1, 0.000246957546768203], "E": [489.0, 94, 0.041776605293929174], "HFE": [1.0, 1, 8.84518433983535e-05], "L": [20.0, 2, 0.0016899467160232868], "T": [55.0, 1, 0.011096948588440495], "DRB4": [7.0, 4, 0.000809317803079317], "K": [6.0, 3, 0.0005083755537314335], "DRB1": [765.0, 58, 0.0884468741936682], "F": [115.0, 9, 0.010230590013812444], "DPB1": [349.0, 101, 0.0415966138137562], "DQA1": [80.0, 34, 0.009646779170632929], "Y": [2.0, 1, 0.00022477932048076726], "DMB": [13.0, 1, 0.0015200985359785223], "DOB": [5.0, 3, 0.0005633155720077623]}