{"A": [107.0, 73, 0.20945465713571765], "B": [199.0, 103, 0.39276590452930815], "C": [53.0, 43, 0.10346587484067969], "T": [2.0, 1, 0.009365390570114552], "DRB1": [30.0, 14, 0.08050026725997339], "DRA": [21.0, 2, 0.05900196059172167], "F": [11.0, 4, 0.022711746872482404], "E": [51.0, 21, 0.10112289107740384], "DRB3": [6.0, 2, 0.016100053451994677], "DPA1": [1.0, 1, 0.0027450282705508166], "DPB1": [1.0, 1, 0.0027662254000531392]}