{"A": [16706.0, 1676, 0.18903437218088673], "B": [29538.0, 1782, 0.3369953037254107], "C": [3831.0, 771, 0.043231019287550854], "DMA": [971.0, 2, 0.015348549040724186], "DMB": [236.0, 4, 0.003702179431880823], "DPB1": [3062.0, 211, 0.04896151074848893], "DQA1": [621.0, 61, 0.010046181554228512], "DQB1": [1922.0, 213, 0.0294807825042653], "DRA": [5589.0, 8, 0.09077020510173525], "DRB1": [4292.0, 93, 0.06657295575622069], "DRB5": [1149.0, 7, 0.017822070401653674], "E": [6335.0, 285, 0.0726085860089917], "F": [765.0, 16, 0.009130222220273666], "K": [1.0, 1, 1.1367120931542839e-05], "L": [185.0, 2, 0.002097161211644726], "T": [442.0, 1, 0.01196410528268831], "DPA1": [2841.0, 86, 0.04507960624418765], "DRB3": [411.0, 15, 0.006374996462210323], "DPB2": [9.0, 2, 0.00014409583582936458], "DOB": [18.0, 7, 0.00027206415718634286], "DOA": [20.0, 9, 0.00032999370991172174], "H": [2.0, 1, 2.2672013098861902e-05]}