{"C": [26.0, 23, 0.17203452213183737], "T": [2.0, 1, 0.03174292087601022], "DRA": [11.0, 1, 0.1047516388908337], "DPA1": [14.0, 6, 0.13025543393949018], "E": [13.0, 7, 0.08736624025237683], "DQB1": [10.0, 8, 0.08993827581536228], "B": [46.0, 38, 0.30772269576495853], "A": [6.0, 5, 0.039808745033029204], "DRB1": [4.0, 1, 0.036379527296101596]}