{"A": [319.0, 190, 0.26387306996025867], "B": [329.0, 151, 0.27439408487434547], "C": [227.0, 132, 0.18726010607431437], "DRA": [35.0, 4, 0.04155404789711615], "L": [1.0, 1, 0.0008286977747991098], "T": [7.0, 1, 0.013851349299038716], "DMB": [8.0, 2, 0.009174270314947722], "DQA1": [4.0, 3, 0.0047304831311449184], "K": [7.0, 3, 0.005816806338754594], "DMA": [1.0, 1, 0.0011555378640964687], "E": [82.0, 24, 0.06870546717411956], "DRB3": [16.0, 6, 0.01814237725203145], "F": [20.0, 5, 0.017449620771946676], "DQB1": [35.0, 15, 0.039245489680609695], "DRB1": [32.0, 11, 0.0362847545040629], "DPB1": [15.0, 12, 0.0175338370884136]}