{"A": [427.0, 242, 0.114116602260743], "B": [939.0, 309, 0.25302358801142305], "C": [395.0, 201, 0.10527689659710428], "DMA": [34.0, 2, 0.012693449760736952], "DOB": [2.0, 1, 0.0007139724854686735], "DRA": [287.0, 5, 0.11008895747506971], "DRB1": [197.0, 19, 0.07217005022589525], "DRB5": [190.0, 5, 0.06960563219756394], "F": [32.0, 5, 0.009020332496526411], "L": [7.0, 2, 0.001874177774355268], "T": [16.0, 1, 0.01022893913821786], "DMB": [16.0, 3, 0.005928135182376259], "DQB1": [86.0, 31, 0.031155643791821896], "V": [1.0, 1, 0.000567587411078578], "E": [192.0, 59, 0.05197508927426565], "DPA1": [207.0, 36, 0.07757680350730312], "DPB1": [129.0, 59, 0.04871828469377555], "DOA": [1.0, 1, 0.00038969812951875803], "DQA1": [63.0, 22, 0.024071470789375472], "K": [2.0, 2, 0.0005369491153295971], "H": [1.0, 1, 0.0002677396820507526]}