{"A": [744.0, 299, 0.25406660990148794], "B": [980.0, 308, 0.33742339686996686], "C": [337.0, 188, 0.11476767380998698], "DRA": [43.0, 2, 0.021075797525983646], "DRB1": [122.0, 27, 0.057108967949947846], "DRB5": [12.0, 2, 0.005617275536060444], "E": [200.0, 35, 0.06917954650037539], "L": [14.0, 1, 0.00478954743471577], "T": [8.0, 1, 0.006535131015808882], "DMB": [5.0, 1, 0.0023671284219194105], "DPA1": [97.0, 27, 0.04645013381495192], "DPB1": [119.0, 40, 0.05742525598688818], "F": [45.0, 7, 0.016208349079194582], "DRB3": [7.0, 5, 0.0032767440627019255], "DQB1": [7.0, 5, 0.00324033579533857], "DRB4": [1.0, 1, 0.00046810629467170363]}