{"A": [12218.0, 1246, 0.21480744097719118], "B": [12388.0, 1391, 0.21959621870502957], "C": [7620.0, 1057, 0.13360391763305135], "DMA": [621.0, 2, 0.015251782200314477], "DOB": [57.0, 8, 0.001338611583503746], "DPA1": [1479.0, 68, 0.03646346640912543], "DPB1": [1134.0, 123, 0.028173679928195482], "DQA1": [647.0, 60, 0.016262773046900842], "DQB1": [1311.0, 139, 0.031244185923113357], "DRA": [4180.0, 5, 0.10547909314196838], "DRB1": [2987.0, 50, 0.07198702852878894], "DRB5": [1640.0, 6, 0.039524180377373236], "E": [3657.0, 202, 0.06512492239654577], "F": [380.0, 14, 0.007046677692219527], "HFE": [8.0, 1, 0.00014750095968633242], "L": [136.0, 2, 0.0023954102020593347], "T": [168.0, 1, 0.0070655851865433356], "V": [13.0, 2, 0.00048540511660799583], "DMB": [122.0, 2, 0.0029736249344340256], "K": [17.0, 5, 0.0003002481223075287], "DPB2": [1.0, 1, 2.4876531055346335e-05], "DOA": [21.0, 10, 0.0005383638115244673], "H": [8.0, 4, 0.0001409064824740785], "DRB3": [1.0, 1, 2.4100109986203192e-05]}