{"A": [5398.0, 1143, 0.17925708780465713], "B": [10038.0, 1315, 0.33609736538593127], "C": [1991.0, 555, 0.06593708408795088], "DMA": [320.0, 2, 0.014844761647430517], "DMB": [82.0, 4, 0.0037751522163044183], "DPB1": [667.0, 149, 0.03130045218309692], "DQB1": [603.0, 142, 0.027144265204062015], "DRA": [2186.0, 8, 0.1041920346551002], "DRB1": [1749.0, 73, 0.0796165014957311], "DRB5": [735.0, 5, 0.03345804951364344], "E": [1511.0, 224, 0.05082542029383149], "F": [328.0, 12, 0.011488647666909123], "L": [44.0, 1, 0.0014638208166478587], "S": [1.0, 1, 0.00013656346740262626], "T": [138.0, 1, 0.010962565402869644], "DPA1": [730.0, 73, 0.03399436198141237], "DRB3": [148.0, 13, 0.006737131058529563], "DOB": [14.0, 5, 0.0006210148919112129], "K": [4.0, 2, 0.00013343987482708586], "DQA1": [166.0, 41, 0.007881205732056251], "H": [4.0, 1, 0.00013307461969525988]}