{"A": [19841.0, 1535, 0.23625941711149961], "B": [11977.0, 1356, 0.14379642235392048], "C": [10171.0, 1105, 0.12078256450874765], "DMA": [667.0, 3, 0.01109509944210933], "DOA": [40.0, 12, 0.0006945330650609305], "DOB": [41.0, 6, 0.0006521386653779229], "DPA1": [3456.0, 96, 0.05770851288175234], "DPB1": [3421.0, 162, 0.05756519319584307], "DQA1": [1758.0, 65, 0.029928542111587506], "DQB1": [1555.0, 148, 0.02509997481098208], "DRA": [5469.0, 8, 0.09347046417033092], "DRB1": [4569.0, 87, 0.07457899954495423], "DRB3": [802.0, 13, 0.013090907777424665], "DRB5": [13.0, 3, 0.00021219675948443972], "E": [8176.0, 268, 0.0986142126838893], "F": [919.0, 14, 0.011542308903785286], "K": [68.0, 13, 0.0008134234003517814], "L": [166.0, 3, 0.001980274727793937], "T": [383.0, 1, 0.010909729925408894], "Y": [1.0, 1, 1.586721474486895e-05], "DRB4": [492.0, 10, 0.008030831205103409], "DMB": [168.0, 3, 0.0027733968075273974], "DPB2": [6.0, 2, 0.00010109215167349497], "G": [1.0, 1, 1.28560323989892e-05], "V": [6.0, 1, 0.00015173599554861141], "H": [9.0, 5, 0.0001073642924707556], "J": [1.0, 1, 1.1940260228102297e-05]}