{"A": [10773.0, 1237, 0.12652150643870783], "B": [17426.0, 1355, 0.20634781021003115], "C": [7322.0, 972, 0.08575756478510436], "DMA": [797.0, 3, 0.013075725952988193], "DPA1": [4314.0, 93, 0.07104743661062346], "DPB1": [4151.0, 243, 0.06889088264817265], "DQA1": [2531.0, 104, 0.04249726290678637], "DQB1": [2183.0, 134, 0.034753516222444276], "DRA": [7433.0, 8, 0.12529470910149848], "DRB1": [7251.0, 102, 0.11673347754407096], "DRB3": [1151.0, 7, 0.018529890036301983], "DRB5": [32.0, 3, 0.000515166360696493], "DRB7": [1.0, 1, 3.4387354576490905e-05], "E": [4543.0, 271, 0.05404350271252243], "F": [772.0, 13, 0.00956305393841894], "L": [120.0, 1, 0.0014118895583413236], "T": [271.0, 1, 0.007613540106396271], "Y": [66.0, 3, 0.0010328726040875606], "DRB4": [712.0, 10, 0.011462451525496967], "DMB": [215.0, 3, 0.0035006066448605797], "K": [19.0, 6, 0.00022416276427950383], "DPB2": [8.0, 1, 0.0001329408037750937], "G": [1.0, 1, 1.2679703014930275e-05], "DOB": [61.0, 5, 0.0009569473673202305], "H": [1.0, 1, 1.176574631951103e-05], "DOA": [2.0, 2, 3.4250353163835564e-05]}