{"A": [456.0, 155, 0.21077258958087589], "B": [871.0, 193, 0.4059213591786834], "C": [393.0, 145, 0.18115772587201842], "DRB1": [41.0, 19, 0.025977835922618302], "DRB5": [1.0, 1, 0.0006336057542102025], "E": [206.0, 58, 0.09644718734244342], "L": [6.0, 2, 0.002778384356509337], "T": [6.0, 1, 0.0066342249558480025], "DMA": [3.0, 1, 0.001937092401230428], "DRA": [10.0, 1, 0.0066342249558480025], "F": [48.0, 4, 0.023401415982587766], "DPA1": [25.0, 10, 0.016204285093306903], "DQA1": [7.0, 6, 0.004625817010229955], "Y": [1.0, 1, 0.0006159201567019079], "DMB": [1.0, 1, 0.0006408058195989548], "DPB1": [21.0, 12, 0.013716708354658708], "DRB3": [3.0, 2, 0.0019008172626306075]}