{"A": [587.0, 202, 0.2039007400808768], "B": [1174.0, 247, 0.41117174032837966], "C": [365.0, 180, 0.12644119346700924], "DRB5": [42.0, 4, 0.019998610190349195], "E": [253.0, 55, 0.08901727180866356], "K": [3.0, 2, 0.0010468492198712394], "L": [10.0, 1, 0.00347994585559387], "T": [14.0, 1, 0.011633178476739073], "DMA": [4.0, 1, 0.0019409774339597364], "DRA": [35.0, 2, 0.01744976771510861], "F": [55.0, 4, 0.02015092566524481], "DPA1": [41.0, 19, 0.019971244823367325], "Y": [5.0, 1, 0.002314332923380389], "DMB": [1.0, 1, 0.00048156826486501033], "DRB1": [30.0, 8, 0.014284721564535138], "H": [4.0, 2, 0.001391978342237548], "DPB1": [63.0, 20, 0.030924491819439584], "DQB1": [36.0, 17, 0.016951202923248365], "DQA1": [15.0, 7, 0.007449259097130628]}