{"A": [578.0, 321, 0.13510861221856454], "B": [1204.0, 531, 0.28376324503932787], "C": [550.0, 333, 0.12821324891619626], "DMA": [44.0, 2, 0.014367713695341688], "DMB": [28.0, 3, 0.009073824696025018], "DPB1": [119.0, 56, 0.039308228992046605], "DQB1": [55.0, 38, 0.017427504574905193], "DRA": [364.0, 7, 0.12212300532061907], "DRB1": [259.0, 60, 0.08298981238836366], "DRB3": [31.0, 8, 0.009933143567719202], "DRB5": [52.0, 4, 0.016662047274883823], "HFE": [2.0, 1, 0.0004902762422739674], "L": [6.0, 1, 0.0014050708731592444], "T": [27.0, 1, 0.015097624284142467], "Y": [6.0, 1, 0.0018688806759496746], "DRB4": [9.0, 4, 0.002883815874499123], "E": [223.0, 75, 0.05279990190146134], "F": [35.0, 3, 0.008629285733971918], "DPA1": [147.0, 31, 0.048185138040960446], "DQA1": [28.0, 15, 0.0093573817177758], "DOB": [1.0, 1, 0.0003122379718131654]}