{"A": [1160.0, 355, 0.2381933352046995], "B": [2249.0, 345, 0.4656241872812414], "C": [610.0, 240, 0.12491554077281126], "DMB": [16.0, 3, 0.004554794184165101], "DRA": [31.0, 2, 0.009136381275295879], "DRB5": [7.0, 2, 0.0019703323156219817], "E": [367.0, 71, 0.07633272006147168], "F": [89.0, 9, 0.019275836482554612], "L": [19.0, 1, 0.0039085619801161285], "T": [17.0, 1, 0.008350456004302684], "DMA": [17.0, 1, 0.004876411330756911], "V": [1.0, 1, 0.0004360973155051692], "DRB1": [60.0, 19, 0.016888562705331272], "DPA1": [53.0, 17, 0.01526117821476008], "DQB1": [15.0, 9, 0.004175228002151342], "DPB1": [19.0, 16, 0.005513235431412197], "DQA1": [2.0, 2, 0.0005871414378025324]}