{"A": [4145.0, 962, 0.1939289422653483], "B": [5451.0, 915, 0.2571394651390931], "C": [3313.0, 804, 0.15458044416823802], "DMA": [148.0, 2, 0.009672964709278526], "DPA1": [753.0, 53, 0.049403037062098046], "DPB1": [683.0, 150, 0.04515648395248239], "DQB1": [278.0, 82, 0.017631132571696965], "DRB1": [1087.0, 102, 0.06971359225160108], "DRB3": [208.0, 11, 0.013339859418889629], "E": [1626.0, 152, 0.07705692832594177], "F": [224.0, 9, 0.011053955776503975], "K": [5.0, 3, 0.00023500130627002676], "L": [23.0, 1, 0.001078047050788723], "T": [153.0, 1, 0.017123761850209283], "DRB4": [2.0, 2, 0.00012826787902778488], "DMB": [42.0, 2, 0.0027242348398060223], "DQA1": [288.0, 36, 0.019264232081485443], "DRA": [884.0, 6, 0.05936237441405884], "V": [2.0, 1, 0.00019872837737186787], "DOB": [10.0, 3, 0.0006249548120514337], "Y": [1.0, 1, 6.234379314396582e-05], "DOA": [2.0, 1, 0.00013644431753154806], "DRB5": [6.0, 3, 0.0003848036370833547]}