{"A": [5391.0, 853, 0.1286130394624031], "B": [10210.0, 782, 0.24559293682792188], "C": [3431.0, 536, 0.08163030313048483], "DMA": [432.0, 2, 0.014397238892272731], "DPB1": [1889.0, 140, 0.06368379699418915], "DQB1": [1271.0, 147, 0.041103475185224655], "DRA": [3441.0, 8, 0.11782603073182045], "DRB1": [2826.0, 76, 0.0924182310541115], "DRB5": [741.0, 5, 0.024232805807182102], "E": [2203.0, 166, 0.05323573139142149], "F": [232.0, 9, 0.0058378813695959125], "L": [36.0, 1, 0.0008604189301495109], "T": [137.0, 1, 0.007818544129739128], "DMB": [144.0, 2, 0.004762722966888201], "DPB2": [18.0, 2, 0.0006076154300540359], "DPA2": [1.0, 1, 3.573666619083916e-05], "DOB": [7.0, 2, 0.0002230715744832065], "DPA1": [2402.0, 63, 0.08035802441323119], "DOA": [31.0, 8, 0.0010784120396473283], "DQA1": [1042.0, 67, 0.0355405798479639], "H": [6.0, 4, 0.00014340315502491848]}