{"A": [342.0, 209, 0.17655801129833223], "B": [354.0, 195, 0.18426338485216695], "C": [232.0, 147, 0.11944399712672679], "DRA": [189.0, 6, 0.14004384673260906], "L": [4.0, 1, 0.002068774239185222], "T": [6.0, 1, 0.007409727340349685], "DRB4": [25.0, 5, 0.017691764717127054], "DMB": [3.0, 2, 0.00214713689976042], "DMA": [37.0, 1, 0.026683502845877585], "DQB1": [15.0, 11, 0.010497113732162052], "DRB1": [201.0, 28, 0.14224178832570153], "F": [19.0, 2, 0.010345858491064617], "E": [109.0, 48, 0.056998165523529376], "DPB1": [61.0, 30, 0.04450127752090322], "DQA1": [33.0, 12, 0.024356584206657265], "DPA1": [48.0, 18, 0.03474906614784679]}