{"A": [1032.0, 245, 0.2589613507625669], "B": [1288.0, 305, 0.32587089830728033], "C": [201.0, 121, 0.05029980865756024], "DRA": [102.0, 4, 0.03673637766631762], "E": [344.0, 83, 0.08743529001761943], "L": [7.0, 3, 0.0017597261199650321], "T": [25.0, 1, 0.015006690223168964], "DRB4": [32.0, 3, 0.0110071543569491], "DRB1": [241.0, 22, 0.08289763125077292], "DMA": [2.0, 1, 0.0007010759096625502], "F": [56.0, 4, 0.014821593294767916], "DPA1": [119.0, 25, 0.041873840443408014], "DQA1": [101.0, 21, 0.036234122502910936], "DRB5": [4.0, 1, 0.0013758942946186375], "DPB1": [93.0, 27, 0.03297763632208049], "DQB1": [6.0, 6, 0.0020409098703509793]}