{"A": [952.0, 386, 0.18452701124678625], "B": [959.0, 347, 0.18742005748534182], "C": [1186.0, 338, 0.2292570550854074], "DOA": [9.0, 3, 0.0025437408979498556], "DOB": [12.0, 4, 0.003106953602848729], "DPB1": [138.0, 58, 0.03779926950801677], "DRA": [197.0, 7, 0.05480625541652571], "DRB1": [271.0, 36, 0.0720049103701403], "DRB5": [11.0, 2, 0.002922708539009385], "E": [390.0, 65, 0.07657035562740203], "F": [61.0, 8, 0.012471090902500878], "L": [7.0, 1, 0.0013592922012463189], "T": [33.0, 1, 0.01530123882187266], "DRB3": [32.0, 9, 0.008502424840754573], "DMB": [7.0, 2, 0.001881040722936825], "DMA": [22.0, 1, 0.005956970839049662], "H": [2.0, 2, 0.0003883692003560911], "DPA1": [185.0, 30, 0.050284635417752896], "DQA1": [79.0, 30, 0.02189229091382278], "DQB1": [118.0, 62, 0.03100432836027935]}