{"A": [3745.0, 929, 0.17843382843950217], "B": [7164.0, 1294, 0.3441560505506017], "C": [2924.0, 895, 0.13893695008763743], "DMB": [46.0, 3, 0.003038507844406136], "DPB1": [573.0, 141, 0.03857991930829318], "DRA": [858.0, 9, 0.05867506298824575], "DRB1": [847.0, 122, 0.0553195458452994], "DRB3": [77.0, 14, 0.005029049622299946], "DRB5": [48.0, 8, 0.003134991972342823], "E": [1430.0, 169, 0.06901356578414514], "F": [255.0, 10, 0.012814957278876148], "K": [4.0, 4, 0.0001914553651911102], "L": [40.0, 1, 0.0019093130853456517], "T": [148.0, 1, 0.016868510727001497], "DRB4": [64.0, 5, 0.004179989296457098], "DQA1": [230.0, 52, 0.01566730607271914], "DMA": [86.0, 1, 0.005724052613624039], "DPA1": [499.0, 50, 0.033340069081349885], "DPA2": [6.0, 1, 0.00042822792800931126], "DQB1": [218.0, 97, 0.014079887557267468], "Y": [1.0, 1, 6.348929434280444e-05], "H": [3.0, 2, 0.0001431984814009239], "DOA": [3.0, 1, 0.000208427006129366], "DOB": [1.0, 1, 6.364376951152174e-05]}