{"A": [3971.0, 855, 0.18722821949059557], "B": [3481.0, 900, 0.16548167335018785], "C": [3311.0, 728, 0.15568458813620167], "DMA": [286.0, 2, 0.01883723897435566], "DQA1": [107.0, 40, 0.007212674243431581], "DQB1": [329.0, 66, 0.021027354637548686], "DRA": [1471.0, 8, 0.09954627142732239], "DRB3": [465.0, 7, 0.030053440510276714], "DRB5": [4.0, 2, 0.0002585242194432406], "E": [1300.0, 162, 0.06208516367763985], "F": [284.0, 11, 0.01412346866854614], "L": [17.0, 1, 0.0008029936806931129], "T": [180.0, 2, 0.02030175487980742], "DRB4": [432.0, 10, 0.02792061569986998], "DRB1": [1855.0, 68, 0.11989060676680281], "DMB": [50.0, 3, 0.003268274933302331], "K": [2.0, 1, 9.47291398783329e-05], "DPA1": [610.0, 49, 0.04033126400452164], "DOA": [9.0, 5, 0.0006187586646634533], "DPB1": [378.0, 114, 0.025185149972517855], "H": [1.0, 1, 4.723492239371252e-05]}