{"A": [828.0, 328, 0.23125169954734412], "B": [931.0, 290, 0.262167430610317], "C": [1177.0, 329, 0.32782802733484706], "DRA": [24.0, 2, 0.00962070156684603], "E": [425.0, 83, 0.12023103462949015], "F": [42.0, 6, 0.012372444017881963], "T": [12.0, 1, 0.008017251305705025], "Y": [16.0, 2, 0.005954560435790625], "DRB4": [1.0, 1, 0.00038284627021625123], "DQB1": [2.0, 2, 0.000757184845538808], "DPA1": [10.0, 7, 0.003916473338993834], "DPB1": [22.0, 15, 0.008682776027993281], "DQA1": [7.0, 4, 0.0027950768712272406], "DRB1": [13.0, 5, 0.0049770015128112665], "DRB3": [2.0, 1, 0.0007656925404325025], "H": [1.0, 1, 0.0002797991445649792]}