{"A": [1430.0, 490, 0.1386715225657045], "B": [2940.0, 551, 0.2874570982712067], "C": [695.0, 293, 0.06721265828592872], "DPA1": [546.0, 44, 0.07424795001323613], "DPB1": [382.0, 102, 0.05234749821248016], "DQB1": [116.0, 48, 0.015248480088188422], "DRA": [738.0, 8, 0.10271846323098124], "DRB1": [835.0, 53, 0.11099605565937234], "DRB3": [200.0, 12, 0.02658588159505924], "DRB5": [23.0, 4, 0.003057376383431813], "E": [579.0, 97, 0.056872571864736994], "F": [34.0, 5, 0.0034776171919300835], "L": [9.0, 2, 0.0008743504581148817], "T": [62.0, 1, 0.014382440651131069], "DRB4": [38.0, 7, 0.0050513175030612555], "DMB": [16.0, 2, 0.002151039510872975], "DMA": [55.0, 1, 0.007450642580600094], "DQA1": [224.0, 30, 0.031055632938228578], "DOA": [1.0, 1, 0.00014140299573467763]}