{"A": [1579.0, 400, 0.202795693670099], "B": [1834.0, 482, 0.2374927685547256], "C": [1085.0, 302, 0.1389700961242552], "DMA": [47.0, 2, 0.008432459239621761], "DPB1": [235.0, 62, 0.04265066256333786], "DRA": [385.0, 5, 0.07097056015858548], "E": [734.0, 106, 0.09548732264975161], "K": [11.0, 4, 0.0014192256834745234], "L": [16.0, 1, 0.0020586777332948294], "T": [34.0, 1, 0.010445883313384875], "Y": [1.0, 1, 0.00017114007855666968], "DRB4": [78.0, 7, 0.013732228625461017], "DRB1": [349.0, 51, 0.061442920388280704], "DOB": [4.0, 3, 0.0006862259110982765], "DPA1": [294.0, 34, 0.05294982231267506], "DOA": [12.0, 6, 0.002247321509652523], "F": [77.0, 7, 0.010430831608322361], "DQA1": [94.0, 27, 0.01726019000610079], "DQB1": [149.0, 56, 0.02594061022823911], "DMB": [7.0, 1, 0.001246383804437968], "DRB3": [18.0, 4, 0.00316897583664485]}