{"A": [886.0, 351, 0.23337174490536788], "B": [995.0, 291, 0.26424823343901094], "C": [341.0, 171, 0.08957440904736515], "DPB1": [153.0, 52, 0.0569491575133165], "DQB1": [98.0, 52, 0.034991128443548764], "DRA": [140.0, 7, 0.052927757309569556], "DRB5": [78.0, 3, 0.028163004090083963], "E": [256.0, 71, 0.06830108059769441], "F": [42.0, 5, 0.011668511337700494], "L": [2.0, 2, 0.0005277598324012084], "T": [25.0, 1, 0.01575230872308618], "DMB": [4.0, 2, 0.0014606686270498095], "DQA1": [46.0, 18, 0.017322616998918832], "DPB2": [3.0, 1, 0.0011180891294685397], "DMA": [18.0, 1, 0.0066231844615846315], "DRB1": [184.0, 38, 0.06643580452019807], "DPA1": [124.0, 39, 0.04580119557002161], "DRB3": [11.0, 6, 0.003971705705011841], "H": [3.0, 3, 0.0007916397486018127]}