{"A": [294.0, 171, 0.19235469375160005], "B": [346.0, 172, 0.22824749346833478], "C": [383.0, 170, 0.24990172441298067], "DMA": [4.0, 2, 0.003655907873141487], "DRA": [51.0, 4, 0.04789239313815347], "DRB1": [68.0, 21, 0.06098656804109431], "DRB5": [14.0, 4, 0.012556058126107654], "F": [24.0, 6, 0.01656221088351129], "T": [8.0, 1, 0.012520887094942087], "DRB4": [16.0, 5, 0.014349780715551604], "DMB": [2.0, 1, 0.001814105800687632], "DQA1": [4.0, 3, 0.00374159321391824], "E": [85.0, 41, 0.05633099746415654], "DPA1": [36.0, 14, 0.0330292366470024], "DPB1": [41.0, 22, 0.03790710653792071], "DQB1": [31.0, 19, 0.027493781245976998], "H": [1.0, 1, 0.0006554615849199837]}