{"A": [237.0, 148, 0.2158371108925318], "B": [408.0, 183, 0.3746384918850181], "C": [53.0, 35, 0.04813585206881353], "DRA": [41.0, 3, 0.053592317134993496], "K": [2.0, 1, 0.001829742378696808], "T": [8.0, 1, 0.01742839581625805], "DMA": [6.0, 1, 0.007633238243952714], "E": [74.0, 25, 0.06826255676833728], "DQB1": [9.0, 5, 0.011110602332864506], "DRB1": [37.0, 10, 0.04619014452988615], "F": [6.0, 3, 0.005763424841255363], "DPA1": [77.0, 19, 0.09833521604949046], "DQA1": [10.0, 6, 0.013020237108825593], "DRB3": [10.0, 3, 0.012483822845915175], "DPB1": [20.0, 12, 0.025738847103161017]}