{"A": [138.0, 101, 0.08543809611006467], "B": [252.0, 153, 0.1573067928379344], "C": [116.0, 85, 0.07162184197071646], "DPA1": [111.0, 25, 0.09636870710665466], "DPB1": [91.0, 50, 0.0796150531319404], "DRA": [166.0, 6, 0.14751000191142624], "DRB3": [49.0, 12, 0.041585160278942074], "DRB7": [1.0, 1, 0.00181277351746572], "T": [2.0, 1, 0.0029620482311531375], "DMB": [1.0, 1, 0.0008583207942546023], "DPB2": [2.0, 2, 0.0017520362604372293], "DMA": [19.0, 1, 0.016432584366340017], "DQB1": [34.0, 25, 0.028534397960108555], "DOB": [1.0, 1, 0.0008269952178219525], "DQA1": [52.0, 14, 0.046027452591903044], "F": [7.0, 2, 0.004571114777471195], "E": [29.0, 14, 0.018186265684907475], "DRB1": [234.0, 48, 0.19859035725045807]}