{"A": [174.0, 117, 0.1628571015539752], "B": [261.0, 122, 0.24630454201964844], "C": [230.0, 121, 0.21468431220541875], "DPA1": [35.0, 12, 0.04593736448906553], "DRA": [33.0, 3, 0.04433148687331333], "E": [68.0, 30, 0.0644672913773275], "T": [5.0, 1, 0.011194819917503367], "DRB3": [25.0, 9, 0.03207504583104897], "DMA": [10.0, 1, 0.013074866010519198], "DQB1": [5.0, 4, 0.00634373128658524], "F": [20.0, 6, 0.0197441780677581], "DRB1": [64.0, 19, 0.08211211732748536], "DPB1": [43.0, 23, 0.05687314304035108]}