{"A": [725.0, 276, 0.16330627849502705], "B": [1552.0, 342, 0.35247721852792707], "C": [626.0, 243, 0.1406223106404834], "DQA1": [12.0, 7, 0.0038644459868004246], "DRB1": [169.0, 32, 0.05218208213886815], "L": [11.0, 1, 0.0024822718747331196], "T": [9.0, 1, 0.004849500846180925], "DPA1": [116.0, 20, 0.03664067306003366], "DRB4": [6.0, 3, 0.0018526183007882187], "DPB1": [133.0, 43, 0.0423348317112551], "DMA": [29.0, 1, 0.009125205790714488], "DRA": [228.0, 5, 0.07371241286195006], "E": [380.0, 87, 0.08670048560792097], "F": [76.0, 8, 0.01805635473563618], "DOB": [11.0, 5, 0.0033096958329774926], "DRB3": [1.0, 1, 0.0003087697167980364], "DQB1": [24.0, 14, 0.007328134612006732], "DRB5": [1.0, 1, 0.0003087697167980364], "DMB": [1.0, 1, 0.0003122784635798323], "H": [1.0, 1, 0.00022566107952119268]}