{"A": [14.0, 11, 0.049180603608072984], "B": [50.0, 43, 0.17709662456271852], "C": [72.0, 46, 0.25223963921368997], "DRB4": [12.0, 4, 0.057785235700015126], "DRA": [30.0, 2, 0.15126135227356902], "DPA1": [11.0, 4, 0.054187495929420314], "DRB1": [25.0, 10, 0.12038590770836485], "F": [1.0, 1, 0.003705249263185408], "E": [25.0, 15, 0.08895674545608878], "DQA1": [9.0, 8, 0.045201146284875114]}