{"A": [89.0, 65, 0.15027540310030596], "B": [390.0, 173, 0.6639524263638739], "L": [1.0, 1, 0.0016915688571735416], "T": [2.0, 1, 0.008078254760183886], "F": [4.0, 2, 0.007123763563735645], "DPA1": [1.0, 1, 0.002367764326260794], "E": [35.0, 14, 0.05986031490883492], "C": [52.0, 37, 0.08756211835425474], "DPB1": [8.0, 3, 0.01908838576537659]}