{"A": [2581.0, 415, 0.16375131836652784], "B": [3493.0, 386, 0.22344459132894984], "C": [1974.0, 364, 0.12489900256086714], "DPB1": [723.0, 111, 0.06482110337574384], "DRA": [1152.0, 8, 0.10490354987125504], "DRB1": [891.0, 51, 0.07748976230395113], "DRB3": [142.0, 12, 0.01234965908772285], "E": [949.0, 133, 0.06098683154379604], "L": [12.0, 1, 0.0007627282509457698], "T": [54.0, 1, 0.008195589833691801], "Y": [9.0, 2, 0.00076087696878328], "DPA1": [902.0, 42, 0.08024979215187106], "DRB4": [6.0, 3, 0.0005218165811713881], "DMB": [10.0, 2, 0.000879577191747226], "K": [3.0, 3, 0.0001912054352782625], "DPB2": [6.0, 2, 0.0005386276823689199], "DMA": [79.0, 1, 0.007001703019496239], "W": [1.0, 1, 7.442576237861145e-05], "DQB1": [176.0, 61, 0.015136546161978931], "F": [115.0, 10, 0.007695666726641437], "DOB": [4.0, 3, 0.00033899033375367547], "DQA1": [487.0, 47, 0.04417401577678022], "DOA": [9.0, 2, 0.0008326196842993661]}