{"A": [1293.0, 317, 0.28891527038908954], "B": [709.0, 296, 0.15973227140492968], "C": [702.0, 241, 0.15643146233145896], "DRA": [154.0, 4, 0.04938938264928997], "K": [5.0, 1, 0.0011223392582878895], "L": [8.0, 1, 0.0017908274588447637], "T": [22.0, 1, 0.011759376821259515], "V": [9.0, 2, 0.004270967614614301], "DRB4": [18.0, 2, 0.0055133339744209585], "DQA1": [36.0, 12, 0.011500470087268717], "DMA": [14.0, 1, 0.004369983544611014], "DPA1": [165.0, 37, 0.051700708438296154], "E": [636.0, 86, 0.14394684330633023], "DQB1": [47.0, 26, 0.014235972848767202], "DPB1": [91.0, 33, 0.028733907245067785], "F": [29.0, 4, 0.006834733423621755], "DRB1": [167.0, 18, 0.05115148742935], "DRB3": [21.0, 5, 0.006432222970157785], "DMB": [7.0, 1, 0.0021684388043334956]}