{"A": [1146.0, 460, 0.1573961888196817], "B": [1185.0, 399, 0.16409766646230065], "C": [1222.0, 408, 0.16737701623459936], "DPB1": [309.0, 95, 0.059972119166794964], "DRA": [554.0, 8, 0.1092094611430515], "DRB3": [109.0, 9, 0.020521349480598142], "DRB5": [1.0, 1, 0.00018826926128989122], "E": [347.0, 77, 0.048273871187953316], "F": [68.0, 9, 0.009850768610891254], "L": [8.0, 1, 0.0011007567758627946], "T": [28.0, 1, 0.009199352924204096], "DMB": [18.0, 2, 0.0034273563248455197], "DQA1": [215.0, 37, 0.04221717556385237], "DPB2": [2.0, 2, 0.0003886692739515538], "DMA": [72.0, 1, 0.01381407740090408], "DPA1": [326.0, 46, 0.06278671663292992], "DRB1": [481.0, 57, 0.09055751468043768], "DQB1": [211.0, 67, 0.03928342730847631], "DOA": [1.0, 1, 0.00020027048910119903], "K": [1.0, 1, 0.00013797225827374464]}