{"A": [1821.0, 485, 0.1910603031761835], "B": [2165.0, 507, 0.22903026616891706], "C": [1593.0, 416, 0.1666830020383382], "DQB1": [233.0, 49, 0.03313856963869786], "DRA": [630.0, 5, 0.09487285526453768], "DRB1": [510.0, 44, 0.07335006733935631], "DRB5": [184.0, 3, 0.02646355370674816], "E": [534.0, 86, 0.056751171592743344], "L": [19.0, 1, 0.001997128014236553], "T": [14.0, 1, 0.003513809454242136], "DMB": [23.0, 2, 0.003345534488495151], "DMA": [108.0, 1, 0.01582938588383235], "DOB": [11.0, 3, 0.0015416426776562865], "F": [41.0, 5, 0.004537284212939671], "DPA1": [352.0, 39, 0.05178974328616981], "DPB1": [212.0, 67, 0.031432411323165446], "DRB3": [6.0, 4, 0.0008629419686983095], "DQA1": [92.0, 28, 0.013800329765042496]}