{"A": [3892.0, 783, 0.21731192879631536], "B": [6892.0, 967, 0.387998872912083], "C": [1570.0, 502, 0.08742294017837102], "DMA": [115.0, 2, 0.008969915860913474], "DPA1": [519.0, 43, 0.0406367222700414], "DPB1": [324.0, 84, 0.025564486070210612], "DQB1": [127.0, 70, 0.009612398723221739], "DRA": [463.0, 9, 0.03710501665554884], "DRB1": [518.0, 61, 0.03964699889202844], "DRB5": [142.0, 3, 0.010868482321752969], "E": [1627.0, 144, 0.09201769405651444], "F": [206.0, 12, 0.012131920782990153], "L": [32.0, 2, 0.0017899978081061228], "T": [135.0, 1, 0.018031595566951386], "DRB3": [37.0, 11, 0.0028319284922877458], "DMB": [21.0, 2, 0.001625575660960011], "DQA1": [64.0, 24, 0.0051089520773028915], "H": [3.0, 3, 0.00016781229450994902], "DOA": [11.0, 6, 0.000895593192833973], "Y": [1.0, 1, 7.440221471800328e-05], "K": [2.0, 2, 0.00011218193033418977], "DOB": [1.0, 1, 7.458324200442178e-05]}