{"A": [130.0, 92, 0.17854838589140617], "B": [270.0, 179, 0.37389598418708964], "C": [89.0, 67, 0.12190390111143712], "DRA": [42.0, 5, 0.08279474473371631], "DRB5": [11.0, 2, 0.020709760921889985], "L": [1.0, 1, 0.001375955416260275], "T": [1.0, 1, 0.0032855057434014413], "DMB": [3.0, 2, 0.00571229975841387], "DMA": [4.0, 1, 0.007674540133441535], "E": [51.0, 19, 0.07095055714694128], "DRB1": [46.0, 29, 0.0866044547642672], "F": [15.0, 3, 0.021729785824513854], "DQA1": [6.0, 3, 0.011781618251728606], "DQB1": [7.0, 6, 0.013032506115492382]}