{"A": [1590.0, 431, 0.2290171754350761], "B": [2695.0, 435, 0.39138498420551315], "C": [953.0, 311, 0.13689224676949543], "DMA": [24.0, 2, 0.004829052928661262], "DQB1": [20.0, 8, 0.003904974899102625], "DRB1": [287.0, 34, 0.05666601215944989], "E": [525.0, 99, 0.07659550626583908], "L": [12.0, 1, 0.0017315855848210548], "T": [30.0, 1, 0.010336698262330479], "DPA1": [140.0, 17, 0.02827740444177763], "DMB": [6.0, 1, 0.0011981172985883056], "DQA1": [15.0, 6, 0.003088896160422975], "DRA": [144.0, 3, 0.02976969099551178], "F": [50.0, 7, 0.007596132728801937], "DPB1": [66.0, 28, 0.013433716737839533], "DRB3": [26.0, 6, 0.005133506328033789], "H": [1.0, 1, 0.00014429879873508787]}