{"A": [11365.0, 981, 0.21631795692837494], "B": [14820.0, 1147, 0.28441061170461657], "C": [2383.0, 674, 0.04523370859620308], "DMA": [268.0, 2, 0.007125867135671806], "DPA1": [2223.0, 61, 0.05933393795906656], "DPB1": [1538.0, 146, 0.04136764417567234], "DQA1": [1551.0, 48, 0.042206180343194184], "DQB1": [595.0, 134, 0.015351733385570453], "DRA": [2522.0, 5, 0.06889839730809255], "DRB1": [3646.0, 68, 0.0951282748209062], "DRB4": [996.0, 11, 0.02598676953418063], "DRB5": [3.0, 2, 7.827340221138745e-05], "DRB7": [1.0, 1, 5.573066237450786e-05], "E": [3717.0, 258, 0.07166197141814312], "F": [494.0, 11, 0.009917488189123518], "L": [134.0, 2, 0.0025551695112399817], "T": [224.0, 1, 0.010199075467230197], "DMB": [114.0, 3, 0.0030081891622603676], "K": [9.0, 4, 0.00017208690348944556], "H": [9.0, 4, 0.00017161586269522265], "DOB": [5.0, 4, 0.0001271228612557205], "DOA": [24.0, 9, 0.0006661035343566677], "DRB3": [1.0, 1, 2.609113407046248e-05]}