{"A": [539.0, 218, 0.19417397747605095], "B": [1290.0, 247, 0.468561317640272], "C": [255.0, 125, 0.09161307557056328], "DRB1": [54.0, 11, 0.02666648941260811], "DRB5": [50.0, 4, 0.024691193900563065], "L": [4.0, 1, 0.0014436238185657675], "T": [16.0, 1, 0.013788337299765415], "DMB": [16.0, 2, 0.007990968207818592], "DRA": [35.0, 2, 0.018097192705942105], "DRB4": [6.0, 1, 0.0029629432680675677], "F": [34.0, 6, 0.012919115748087118], "E": [227.0, 51, 0.08283257773722658], "DPA1": [43.0, 13, 0.02172257449596663], "DPB1": [58.0, 27, 0.029526473262094177], "DQA1": [3.0, 1, 0.001545128618308673], "DQB1": [3.0, 2, 0.0014650108381000751]}