{"A": [945.0, 374, 0.09824118691201977], "B": [1482.0, 379, 0.1553404132969594], "C": [747.0, 259, 0.07744571885333688], "DPB1": [576.0, 107, 0.08461855349244901], "DRA": [1185.0, 7, 0.1768157907484681], "DRB5": [235.0, 4, 0.0334887917337567], "E": [326.0, 73, 0.03432831212321956], "F": [36.0, 5, 0.003947443327547605], "L": [25.0, 1, 0.002603715850553183], "T": [30.0, 1, 0.007460581888121017], "DRB3": [110.0, 6, 0.01567560464133292], "DMB": [47.0, 3, 0.006773869237055332], "DMA": [114.0, 1, 0.01655565767081511], "DPA1": [508.0, 53, 0.07405699446645182], "DPB2": [2.0, 1, 0.0002941930486810607], "DRB1": [715.0, 47, 0.10189143016866399], "DQA1": [266.0, 44, 0.03953525542744129], "DQB1": [499.0, 87, 0.0703201290632562], "DOA": [4.0, 3, 0.0006063580498711901]}