{"A": [5502.0, 1094, 0.1497068932787802], "B": [10343.0, 1537, 0.2837541336677808], "C": [5868.0, 1049, 0.1592305291076304], "DMA": [228.0, 2, 0.00866634258626818], "DPA1": [1407.0, 81, 0.05368536218569578], "DPA2": [7.0, 3, 0.0002853104096936857], "DPB1": [1192.0, 193, 0.04583305315758819], "DQB1": [638.0, 147, 0.023532020164883753], "DRA": [1647.0, 9, 0.06432143369059043], "DRB1": [2167.0, 136, 0.08082578797431016], "DRB3": [174.0, 11, 0.006489934059773865], "DRB5": [279.0, 8, 0.010406273578602921], "E": [2065.0, 201, 0.05691337309973628], "F": [272.0, 11, 0.007806236893521103], "L": [56.0, 2, 0.001526514819747968], "T": [158.0, 1, 0.010284139367651577], "Y": [15.0, 2, 0.0005438606023894025], "DRB4": [141.0, 5, 0.005259084496713305], "DMB": [57.0, 2, 0.0021501721189415373], "DPB2": [1.0, 1, 3.8500097626191386e-05], "DQA1": [731.0, 92, 0.028436733566462005], "DOA": [4.0, 4, 0.00015870425369415413], "DOB": [1.0, 1, 3.6345590946380194e-05], "K": [3.0, 2, 8.200203776191541e-05], "H": [1.0, 1, 2.725919320978514e-05]}