{"A": [222.0, 112, 0.11293670205118836], "B": [512.0, 202, 0.26261924491569616], "C": [223.0, 100, 0.113136310332301], "DRA": [194.0, 3, 0.1416526690062282], "DRB1": [159.0, 27, 0.11087894252398785], "L": [5.0, 1, 0.0025482610568365884], "T": [11.0, 1, 0.013386420610554211], "DQB1": [40.0, 15, 0.027584139439929888], "F": [22.0, 7, 0.01180473978913426], "E": [149.0, 41, 0.07677882354716647], "DPA1": [79.0, 30, 0.056357250407442966], "DPB1": [82.0, 36, 0.05894911652510114], "DRB3": [9.0, 3, 0.006276166557961576], "DQA1": [7.0, 3, 0.005091213236471435]}