{"A": [102.0, 68, 0.07500325457747073], "B": [304.0, 106, 0.22538654235693034], "C": [42.0, 31, 0.030799541309100814], "DQB1": [26.0, 16, 0.025916157246158728], "DRA": [162.0, 6, 0.17097627721673947], "DRB1": [90.0, 17, 0.09071775008378812], "DRB5": [40.0, 4, 0.04031900003723916], "E": [83.0, 36, 0.06182029703588034], "L": [1.0, 1, 0.000736667861081856], "DRB4": [34.0, 6, 0.034271150031653284], "DMB": [13.0, 3, 0.013252580409967532], "DMA": [18.0, 1, 0.018489800971275897], "F": [3.0, 2, 0.00232676650070811], "DPA1": [72.0, 19, 0.07424257248236452], "DQA1": [77.0, 26, 0.08094905485992188], "DRB3": [9.0, 4, 0.00907177500837881], "DPB1": [44.0, 27, 0.04572081201134032]}