{"A": [580.0, 217, 0.28204202195299316], "B": [730.0, 225, 0.357917675621738], "C": [273.0, 140, 0.13239253382269647], "E": [255.0, 62, 0.12560272573899123], "L": [1.0, 1, 0.000487166719268164], "T": [1.0, 1, 0.001163256479995442], "DPA1": [38.0, 16, 0.025912540899208806], "DMB": [11.0, 2, 0.007415760059970941], "DQA1": [7.0, 6, 0.004866592539355931], "DMA": [1.0, 1, 0.0006793062650355061], "DRA": [8.0, 3, 0.00558363110397812], "DRB1": [16.0, 8, 0.010665362782879556], "F": [11.0, 4, 0.005641961544185384], "DPB1": [56.0, 25, 0.03848178193282218], "DQB1": [1.0, 1, 0.000659178671997417], "K": [1.0, 1, 0.0004885038648837217]}