{"A": [11128.0, 1386, 0.16035079733500074], "B": [15903.0, 1396, 0.23105082634398452], "C": [8365.0, 1154, 0.12020844334365945], "DMA": [705.0, 2, 0.014191324077751137], "DOB": [3.0, 2, 5.774385631885072e-05], "DPA1": [3429.0, 86, 0.06928864524770233], "DPB1": [2645.0, 212, 0.05385933718141658], "DQA1": [863.0, 66, 0.01777894238654698], "DQB1": [1309.0, 95, 0.02556883700056409], "DRA": [5841.0, 8, 0.12080422345595235], "DRB1": [4903.0, 114, 0.09684690005441082], "DRB3": [530.0, 17, 0.010468867433986893], "DRB5": [14.0, 5, 0.00027653612089776703], "DRB7": [1.0, 1, 4.219151101697359e-05], "E": [4127.0, 287, 0.06023675021922856], "F": [486.0, 13, 0.0073865541621935035], "L": [99.0, 1, 0.0014291604438915555], "T": [185.0, 1, 0.006376984916781139], "DRB4": [1.0, 1, 1.9752580064126215e-05], "DMB": [173.0, 3, 0.0034560281278108104], "K": [14.0, 7, 0.00020265821851702778], "J": [1.0, 1, 1.44491476085526e-05], "DOA": [4.0, 2, 8.404683469516652e-05]}