{"A": [311.0, 171, 0.13454036776920947], "B": [781.0, 327, 0.34065731236974345], "C": [440.0, 199, 0.18982784570782038], "DPA1": [28.0, 14, 0.016985988701615832], "DRA": [137.0, 7, 0.08506554593889037], "L": [10.0, 1, 0.004333951105762902], "T": [10.0, 1, 0.010348606561908806], "DRB4": [27.0, 5, 0.016011271051402723], "DRB1": [100.0, 28, 0.05930100389408416], "DMA": [24.0, 1, 0.014503848586003485], "E": [177.0, 53, 0.07756013310970084], "F": [14.0, 4, 0.006388102379137942], "DRB3": [29.0, 5, 0.017197291129284406], "DPB1": [28.0, 21, 0.017117154637535645], "DQB1": [11.0, 10, 0.006450631423589821], "DQA1": [6.0, 4, 0.0037109456343094854]}