{"A": [214.0, 120, 0.16866689290426384], "B": [456.0, 152, 0.3623726186008344], "C": [274.0, 125, 0.21536823815237457], "DMA": [10.0, 2, 0.011010216666005665], "DQB1": [15.0, 12, 0.01602598203607491], "E": [149.0, 33, 0.11895299950392874], "T": [1.0, 1, 0.001885409651302931], "DRA": [28.0, 3, 0.03167488214188924], "DRB1": [49.0, 22, 0.052939760883213755], "F": [4.0, 2, 0.0033252758115198664], "DPB1": [11.0, 11, 0.012251522946497425], "DPA1": [5.0, 2, 0.0055262007020947974]}