{"A": [353.0, 233, 0.208256624437767], "B": [545.0, 240, 0.32418661669438176], "C": [308.0, 130, 0.18121321147363276], "E": [79.0, 29, 0.047208942111842574], "L": [1.0, 1, 0.0005910386820802613], "T": [14.0, 1, 0.019757946705532745], "DRB4": [34.0, 6, 0.02749621154686499], "DMB": [5.0, 1, 0.004089510072979586], "DQA1": [24.0, 15, 0.02024307486124895], "K": [3.0, 2, 0.0017779827874473003], "DRB1": [86.0, 8, 0.06954924097148203], "G": [1.0, 1, 0.0006369502414552276], "DMA": [1.0, 1, 0.0008241455414248937], "DRA": [27.0, 3, 0.02286276690211646], "DPB1": [23.0, 15, 0.01917490746187803], "F": [6.0, 3, 0.0037335930579825154], "DPA1": [44.0, 15, 0.0364013402358091], "DQB1": [15.0, 10, 0.011995896214073452]}