{"A": [474.0, 238, 0.16329000896100235], "B": [877.0, 303, 0.3046178334339974], "C": [422.0, 205, 0.14498021628234825], "DPB1": [73.0, 37, 0.03553738379860923], "DRA": [139.0, 6, 0.06872851754680263], "DRB5": [49.0, 2, 0.023139137950241126], "E": [261.0, 75, 0.09107408914480307], "L": [3.0, 1, 0.0010353669837336033], "T": [5.0, 1, 0.004120414721031333], "DMB": [14.0, 2, 0.0066863093427644805], "DMA": [11.0, 1, 0.005293632042363155], "DPA1": [65.0, 18, 0.031400401839583605], "F": [27.0, 6, 0.009810624330017543], "DRB3": [34.0, 12, 0.0160557283736367], "DRB1": [159.0, 30, 0.07508414151200693], "DQB1": [41.0, 24, 0.019146193737058927]}