{"A": [15932.0, 1303, 0.23561832301080288], "B": [15947.0, 1464, 0.23778925020204641], "C": [10957.0, 1143, 0.1616015216020178], "DMA": [322.0, 2, 0.006652339859351946], "DPA1": [1480.0, 67, 0.03069312134245152], "DPB1": [1300.0, 132, 0.02716836082514296], "DRA": [2433.0, 5, 0.0516442264521308], "DRB1": [2894.0, 109, 0.05866878762040509], "DRB5": [3.0, 2, 6.081767894305987e-05], "E": [6929.0, 287, 0.10379642177569678], "F": [740.0, 12, 0.011543090303140989], "K": [43.0, 12, 0.0006388360219078411], "L": [98.0, 3, 0.0014519665941825773], "T": [406.0, 1, 0.014363307260970754], "DRB3": [225.0, 15, 0.004561325920729491], "DRB4": [441.0, 9, 0.008940198804629802], "DMB": [121.0, 3, 0.002480854486885651], "DQA1": [914.0, 59, 0.019325292622274018], "DPB2": [9.0, 2, 0.0001883310341497073], "H": [8.0, 4, 0.00011852788523939405], "DQB1": [1112.0, 143, 0.02229260759124722], "DOB": [4.0, 3, 7.901859015959605e-05], "DOA": [15.0, 7, 0.00032347251549396386]}