{"A": [7775.0, 1168, 0.1476037554195221], "B": [11508.0, 1274, 0.2202781006286083], "C": [2758.0, 721, 0.05221632376025911], "DMA": [761.0, 2, 0.020181872601054373], "DOB": [26.0, 5, 0.0006593270291605476], "DPA1": [2339.0, 68, 0.062268414737781705], "DPB1": [2911.0, 178, 0.0780945157464896], "DQA1": [661.0, 71, 0.01794070846745544], "DQB1": [881.0, 120, 0.02267202120757567], "DRA": [5220.0, 8, 0.1422356354853315], "DRB1": [4989.0, 111, 0.12983157854855376], "DRB3": [793.0, 14, 0.020636689073762902], "E": [2784.0, 231, 0.05353518383580742], "F": [437.0, 14, 0.008750443340459503], "H": [4.0, 4, 7.607619567237087e-05], "HFE": [1.0, 1, 1.9909147673571744e-05], "K": [12.0, 5, 0.0002288550149778183], "L": [76.0, 1, 0.0014454477177750463], "T": [340.0, 1, 0.015440650084614531], "DMB": [185.0, 3, 0.004869068634636969], "DPB2": [2.0, 1, 5.372391137688045e-05], "G": [1.0, 1, 2.049643816541752e-05], "DOA": [34.0, 11, 0.0009412029732852683]}