{"A": [144.0, 99, 0.24716509422638522], "B": [224.0, 143, 0.3876565481530449], "C": [91.0, 69, 0.15576900976960312], "DRA": [1.0, 1, 0.002463573651602859], "T": [3.0, 1, 0.012317868258014297], "E": [81.0, 28, 0.1408259606287557], "F": [19.0, 4, 0.03439773585595347], "DPB1": [8.0, 6, 0.01940420945664028]}