{"A": [64.0, 53, 0.19818263666876643], "C": [95.0, 61, 0.2933757781408808], "DRA": [18.0, 2, 0.08000166730231821], "L": [1.0, 1, 0.0031022544346245655], "T": [1.0, 1, 0.007407561787251687], "DMA": [1.0, 1, 0.0043257898986622445], "F": [7.0, 2, 0.022863108571027538], "E": [24.0, 7, 0.07527832163133263], "DPB1": [9.0, 7, 0.03938306015847711], "DRB1": [7.0, 7, 0.02971347818032418], "DPA1": [10.0, 7, 0.04342363806319954], "B": [65.0, 55, 0.20294270516313503]}