{"A": [1856.0, 570, 0.25012501669703946], "B": [2915.0, 646, 0.39608844973625035], "C": [797.0, 364, 0.10711554487186387], "DRA": [71.0, 6, 0.013733410843241355], "DRB1": [189.0, 44, 0.03491489874927557], "DRB5": [27.0, 3, 0.004987842678467939], "E": [694.0, 111, 0.09473526779774008], "F": [75.0, 8, 0.01066085490834886], "L": [7.0, 2, 0.0009450808968021673], "T": [91.0, 1, 0.02933662879659538], "DMB": [5.0, 2, 0.0009341708720194583], "DMA": [23.0, 1, 0.004329988957940573], "DOA": [1.0, 1, 0.0001965108447913442], "DPA1": [146.0, 24, 0.027591327272887357], "DRB3": [16.0, 7, 0.002955758624277297], "DQB1": [24.0, 18, 0.0043843752926779915], "DPB1": [82.0, 40, 0.015616162963302883], "DQA1": [7.0, 6, 0.001348709196478093]}