{"A": [3331.0, 764, 0.180533275409421], "B": [3405.0, 886, 0.18606907795248637], "C": [2052.0, 596, 0.11091109844789578], "DMA": [320.0, 2, 0.02422771193570391], "DPB1": [695.0, 152, 0.05322905485487844], "DQB1": [181.0, 55, 0.013297761058043414], "DRA": [1334.0, 9, 0.10377180322578435], "DRB1": [1824.0, 71, 0.1355118539504877], "E": [1020.0, 165, 0.0559958522056404], "K": [1.0, 1, 5.444585310345172e-05], "L": [15.0, 1, 0.0008144523372546451], "T": [124.0, 1, 0.016076591204394378], "DRB4": [280.0, 10, 0.020802258281873116], "DMB": [88.0, 3, 0.0066121463824525255], "F": [188.0, 11, 0.010747119768597189], "DPA1": [756.0, 56, 0.05745727201303574], "DQA1": [296.0, 27, 0.0229358827641322], "DOA": [6.0, 5, 0.0004741778282236871], "DRB3": [4.0, 3, 0.0002971751183124731], "H": [2.0, 2, 0.00010859364496728601], "DOB": [1.0, 1, 7.239576331152401e-05]}