{"A": [166.0, 96, 0.1889585599185969], "B": [204.0, 97, 0.23413325894922035], "C": [119.0, 81, 0.13508914872615096], "DRA": [55.0, 3, 0.08985910255519385], "L": [1.0, 1, 0.0011403817759575862], "T": [1.0, 1, 0.002723003107733147], "DMA": [8.0, 1, 0.012721205358264778], "E": [81.0, 24, 0.09339348020517589], "DRB1": [40.0, 22, 0.062414902694108085], "DOB": [7.0, 4, 0.010643563242270804], "DQA1": [19.0, 10, 0.030920976696016633], "F": [14.0, 3, 0.016808854918629396], "DPA1": [50.0, 18, 0.0798121600542474], "DRB3": [1.0, 1, 0.0015603725673527021], "DQB1": [6.0, 5, 0.0092582105662927], "DPB1": [19.0, 14, 0.03056281866478864]}