{"A": [48.0, 32, 0.059479111606530286], "B": [182.0, 126, 0.22738880752606722], "DMA": [24.0, 2, 0.041544570320591764], "DRB3": [17.0, 8, 0.02887632899624153], "T": [4.0, 1, 0.01185694708496192], "DMB": [8.0, 2, 0.013743279575751317], "DRA": [76.0, 6, 0.13516919676856587], "F": [2.0, 2, 0.0026139955389037086], "E": [29.0, 13, 0.03639940559223434], "DRB1": [69.0, 22, 0.11720392357298033], "DQB1": [16.0, 10, 0.026875746725913686], "DPA1": [34.0, 13, 0.05908030530265509], "DPB1": [64.0, 36, 0.11206875082620378], "DQA1": [10.0, 7, 0.017715946328116933], "C": [89.0, 61, 0.10998368423428234]}