{"A": [3056.0, 822, 0.16515534061290046], "B": [5234.0, 1336, 0.2851986403598026], "C": [2981.0, 846, 0.1606631469199311], "DMA": [141.0, 2, 0.010644816488736136], "DPB1": [396.0, 80, 0.030242366996340305], "DRA": [810.0, 6, 0.06282973036405459], "DRB1": [1096.0, 104, 0.08119319851179534], "DRB5": [158.0, 5, 0.01170485890954714], "E": [1157.0, 150, 0.0633352791374841], "F": [119.0, 10, 0.006783250321618233], "L": [21.0, 1, 0.0011369735269651], "T": [126.0, 1, 0.016289189353643787], "DPA1": [539.0, 70, 0.040847794758466886], "DRB4": [194.0, 10, 0.014371788787671804], "DMB": [46.0, 3, 0.0034464680937633762], "DPB2": [8.0, 1, 0.0006117442246213792], "DQB1": [254.0, 71, 0.018607597785458695], "DOB": [8.0, 5, 0.0005775103629029079], "DQA1": [332.0, 69, 0.025651837252222524], "Y": [6.0, 2, 0.00043208147904082856], "H": [1.0, 1, 5.414159652214761e-05], "DRB3": [3.0, 2, 0.0002222441565103887]}