{"A": [205.0, 105, 0.13567555250933852], "B": [416.0, 218, 0.2775974860291856], "C": [257.0, 103, 0.1696273518991613], "DPA1": [53.0, 18, 0.04918856868659282], "DRA": [119.0, 4, 0.1130408993590001], "DRB1": [76.0, 22, 0.06894950522699846], "DRB3": [25.0, 9, 0.022680758298354753], "F": [10.0, 3, 0.006980706012289014], "T": [18.0, 1, 0.028497705720756328], "DQB1": [12.0, 8, 0.010765799938952391], "E": [67.0, 22, 0.04491543378589685], "DQA1": [6.0, 3, 0.005677277311556924], "DPB1": [71.0, 41, 0.06640295522191678]}