{"A": [9567.0, 1045, 0.08077450027553808], "B": [26119.0, 1344, 0.22234609765577354], "C": [10044.0, 924, 0.0845707595452313], "DMA": [1480.0, 2, 0.017455810371232165], "DPA1": [7476.0, 116, 0.08851326820921844], "DPB1": [5544.0, 300, 0.06614591810212124], "DQA1": [2305.0, 74, 0.027823422828575847], "DQB1": [4725.0, 145, 0.05407762875141856], "DRA": [11595.0, 7, 0.14051094798267746], "DRB1": [11828.0, 100, 0.13689249713681728], "DRB3": [906.0, 20, 0.010485678255491755], "DRB5": [1.0, 1, 1.1573596308489794e-05], "E": [4846.0, 272, 0.041443361454302746], "F": [1019.0, 14, 0.009074533338443066], "HFE": [4.0, 1, 3.541719443400315e-05], "K": [40.0, 12, 0.00033926626324246387], "L": [244.0, 1, 0.002063859449741313], "T": [511.0, 1, 0.010320697774780537], "Y": [59.0, 2, 0.0006637822669210184], "W": [2.0, 1, 1.980865522029984e-05], "DMB": [426.0, 3, 0.004986378755000932], "DPB2": [18.0, 2, 0.00021503622625748176], "H": [28.0, 9, 0.00023683633029818348], "J": [1.0, 1, 8.466164970867877e-06], "DOB": [45.0, 4, 0.0005075064220675361], "DOA": [38.0, 9, 0.0004678315065575197], "G": [1.0, 1, 9.115487358014086e-06]}