{"A": [1612.0, 411, 0.20891835112171803], "B": [2239.0, 521, 0.2925769484840261], "C": [1115.0, 282, 0.14411242978286473], "DMA": [26.0, 2, 0.004707222144210096], "DRA": [264.0, 5, 0.049108467763306775], "DRB3": [66.0, 6, 0.011725336404160324], "E": [826.0, 99, 0.1084337949197554], "F": [112.0, 9, 0.015310211327832083], "K": [22.0, 10, 0.0028642862030291007], "L": [33.0, 1, 0.004284669005352382], "T": [36.0, 1, 0.01116101540075154], "Y": [36.0, 2, 0.0062171190157099], "DRB4": [40.0, 8, 0.007106264487369895], "DPA1": [168.0, 39, 0.03053243293538927], "V": [1.0, 1, 0.000275247478451803], "DPB1": [180.0, 51, 0.03296593351959432], "DQB1": [107.0, 41, 0.01879804353145097], "DRB1": [211.0, 24, 0.03748554517087619], "DQA1": [57.0, 16, 0.010561546800125237], "DMB": [13.0, 1, 0.0023357806851951614], "H": [4.0, 2, 0.0005193538188305917]}