{"A": [458.0, 242, 0.20663817548353036], "B": [624.0, 266, 0.2838599556680176], "C": [117.0, 79, 0.05264364641050258], "DMA": [34.0, 2, 0.021429093100745453], "DMB": [7.0, 3, 0.004378448835424149], "DPA1": [44.0, 17, 0.02783801952506126], "DRA": [129.0, 8, 0.08353638853736967], "DRB3": [47.0, 9, 0.02906784010162806], "L": [7.0, 1, 0.0031639885745035827], "T": [22.0, 1, 0.023744193124316956], "DRB4": [23.0, 6, 0.014224687709307349], "DRB1": [176.0, 31, 0.1088497842103519], "E": [185.0, 50, 0.08454537735455277], "DQB1": [30.0, 22, 0.0183477855960631], "F": [8.0, 4, 0.0038070333225260614], "DQA1": [18.0, 11, 0.011610708072508682], "DPB1": [35.0, 24, 0.022314874373590258]}