{"A": [25.0, 21, 0.10506385930894575], "T": [1.0, 1, 0.010053169282895203], "DRA": [23.0, 3, 0.1387337361039538], "DRB3": [5.0, 1, 0.028804024349868274], "F": [7.0, 2, 0.03102865793078029], "DPB1": [26.0, 10, 0.15440736450717032], "DRB1": [27.0, 11, 0.15554173148928868], "DQB1": [9.0, 6, 0.05127116334276553], "C": [17.0, 14, 0.07124875559893848], "B": [46.0, 36, 0.1949151664270425], "DPA1": [10.0, 7, 0.05893237165835119]}