{"A": [1356.0, 371, 0.26352593526017587], "B": [1567.0, 165, 0.3070486064228093], "C": [333.0, 100, 0.06453910350534052], "DPB1": [131.0, 51, 0.0359762829921766], "DQA1": [43.0, 21, 0.011947395744390233], "DRA": [277.0, 3, 0.0772652737825992], "DRB1": [187.0, 29, 0.04981671710438544], "DRB5": [3.0, 3, 0.0007991986701238307], "E": [528.0, 84, 0.10393711413226674], "L": [1.0, 1, 0.0001946952964626485], "T": [26.0, 1, 0.012087226945532967], "DRB4": [3.0, 2, 0.0007991986701238307], "DMB": [7.0, 2, 0.0018859877707846457], "DMA": [48.0, 1, 0.013031208850263374], "DOB": [15.0, 7, 0.00389390592925297], "F": [48.0, 5, 0.009839125990688773], "DPA1": [110.0, 25, 0.029977605289319167], "DQB1": [51.0, 16, 0.013435417643303952]}