{"A": [3682.0, 729, 0.1036852997562103], "B": [9701.0, 1008, 0.27543832479219776], "C": [3815.0, 627, 0.10713785985625547], "DMA": [467.0, 2, 0.018370884978843826], "DPA1": [1919.0, 82, 0.07577901505405123], "DPB1": [1440.0, 205, 0.05730298119780575], "DQA1": [600.0, 57, 0.024156041878632305], "DQB1": [822.0, 77, 0.03137780373212564], "DRA": [2852.0, 5, 0.11527200031432673], "DRB1": [2984.0, 65, 0.11518662306650895], "DRB5": [2.0, 1, 7.720283047353147e-05], "E": [1384.0, 142, 0.03947685545095452], "F": [248.0, 8, 0.0073660844706561375], "K": [8.0, 4, 0.0002263109504457409], "L": [51.0, 1, 0.0014387832243039386], "T": [144.0, 1, 0.009700308581850777], "Y": [12.0, 3, 0.00045028738259198084], "DRB3": [361.0, 14, 0.013935110900472428], "DRB4": [3.0, 2, 0.00011580424571029719], "DMB": [63.0, 3, 0.0024595242640061982], "DPB2": [9.0, 2, 0.00035860515778588165], "V": [1.0, 1, 5.980606113084981e-05], "H": [3.0, 3, 8.46343073119964e-05], "DOB": [9.0, 3, 0.0003385372292479856], "DOA": [5.0, 4, 0.0002053103160999293]}