{"A": [56.0, 47, 0.20991272517175563], "B": [57.0, 49, 0.21542696145873505], "C": [48.0, 38, 0.17943493362287868], "L": [1.0, 1, 0.003755281742677719], "DMA": [1.0, 1, 0.005236372506329237], "DRA": [10.0, 1, 0.0538011606532651], "DRB1": [15.0, 9, 0.07707469644147528], "F": [3.0, 3, 0.011861062795316369], "E": [20.0, 13, 0.07593706254566014], "DQB1": [7.0, 5, 0.035568545098547476], "DRB5": [2.0, 1, 0.010276626192196704], "DPB1": [10.0, 8, 0.05297025469723011], "DQA1": [4.0, 2, 0.02143639994778531], "DPA1": [9.0, 5, 0.047307917126146896]}