{"A": [463.0, 219, 0.1401060022273226], "B": [553.0, 223, 0.16872340906892788], "C": [327.0, 170, 0.09868213204118635], "DPA1": [219.0, 32, 0.09293096416448464], "DPB1": [144.0, 55, 0.0615771470382749], "DQB1": [93.0, 35, 0.03814837296067201], "DRA": [328.0, 5, 0.14245919921556452], "DRB1": [191.0, 17, 0.07922804532970301], "DRB5": [152.0, 5, 0.06305059104772176], "L": [2.0, 1, 0.000606313909782284], "T": [7.0, 1, 0.005067146313561747], "DMB": [6.0, 2, 0.002517121383035543], "DMA": [18.0, 1, 0.007609008150244847], "DOB": [4.0, 4, 0.0016168370927527576], "F": [33.0, 4, 0.010532738467341811], "E": [152.0, 48, 0.04658996626312281], "DQA1": [91.0, 27, 0.03936935163154029], "DOA": [2.0, 2, 0.0008824967398690349], "H": [1.0, 1, 0.000303156954891142]}