{"A": [12040.0, 1346, 0.2053050329126995], "B": [17874.0, 1407, 0.3073047852271726], "C": [3516.0, 856, 0.05979116239100927], "DMA": [690.0, 2, 0.01643622182159124], "DOB": [21.0, 9, 0.0004783248305426584], "DPA1": [1715.0, 59, 0.04100887084844018], "DPB1": [1507.0, 131, 0.03631346430925049], "DQB1": [474.0, 79, 0.01095642252055702], "DRA": [3840.0, 8, 0.09398212020611829], "DRB1": [4764.0, 84, 0.11135627269506537], "DRB3": [813.0, 11, 0.019003494899472742], "DRB5": [4.0, 2, 9.349812988670476e-05], "DRB7": [1.0, 1, 4.992800135950034e-05], "E": [3366.0, 241, 0.058138025568292714], "HFE": [19.0, 1, 0.0003397679175610697], "L": [89.0, 2, 0.0015203896399391642], "T": [452.0, 1, 0.01843746455432529], "V": [6.0, 2, 0.00021728820707712915], "DMB": [150.0, 3, 0.003546022823828149], "J": [2.0, 1, 3.419726120513722e-05], "K": [1.0, 1, 1.712991812425675e-05], "DPB2": [6.0, 2, 0.000144765467859376], "F": [483.0, 11, 0.008687040582362632], "DQA1": [273.0, 55, 0.006655441587472458], "DOA": [5.0, 5, 0.00012432271254855662], "H": [2.0, 2, 3.41660593244756e-05], "DQA2": [1.0, 1, 2.4378906913818525e-05]}