{"A": [20275.0, 1733, 0.20647269587630904], "B": [38939.0, 1494, 0.3998167825363105], "C": [13343.0, 1171, 0.13550966530026826], "DMA": [370.0, 2, 0.005263604912523371], "DPA1": [1921.0, 65, 0.027432772907557603], "DPB1": [1328.0, 131, 0.019110900958402708], "DQA1": [584.0, 56, 0.008502678003118411], "DQB1": [766.0, 114, 0.010574208179220624], "DRA": [2434.0, 8, 0.03557650197727031], "DRB1": [1696.0, 62, 0.02367540611488597], "DRB3": [3.0, 3, 4.1878666476803014e-05], "DRB5": [453.0, 6, 0.006323678637997255], "E": [9362.0, 372, 0.09657027322269977], "F": [971.0, 10, 0.010429718957518269], "HFE": [2.0, 1, 2.13593198649597e-05], "K": [12.0, 7, 0.000122762348940235], "L": [196.0, 2, 0.001999629903343116], "T": [390.0, 1, 0.00950070923797276], "DMB": [82.0, 2, 0.001157691317983744], "DPB2": [18.0, 2, 0.0002593671019169011], "V": [5.0, 1, 0.00010813930318478148], "W": [4.0, 1, 4.778463226199318e-05], "DOB": [53.0, 6, 0.0007209549991645249], "DOA": [45.0, 13, 0.0006682233435840481], "H": [8.0, 4, 8.161754707522922e-05], "G": [1.0, 1, 1.0994694148777192e-05]}