{"A": [145.0, 87, 0.040797249717919905], "B": [333.0, 152, 0.09446731644572322], "C": [243.0, 112, 0.06818426750751405], "DQB1": [165.0, 52, 0.06293093002465346], "DRB1": [453.0, 61, 0.17471528887334845], "DRB3": [109.0, 9, 0.04203966111963571], "DRB5": [1.0, 1, 0.0003856849644003276], "T": [4.0, 1, 0.0026922323005199346], "DMB": [14.0, 2, 0.00546094847321373], "DMA": [47.0, 1, 0.01847313213076226], "DRA": [531.0, 5, 0.21443630273641276], "DPB1": [202.0, 57, 0.08031479872574236], "E": [144.0, 35, 0.04103915731899575], "DPA1": [209.0, 36, 0.08246121865299419], "DQA1": [178.0, 23, 0.07160181100816396]}