{"A": [135.0, 90, 0.13575273190396958], "B": [307.0, 169, 0.31126310503405424], "C": [36.0, 35, 0.03610208892051071], "DRA": [87.0, 4, 0.12556684064738413], "E": [96.0, 47, 0.09778204157806221], "L": [2.0, 1, 0.0020148215684044147], "T": [2.0, 1, 0.004810990063118167], "DRB1": [62.0, 14, 0.0854626437055036], "DMA": [20.0, 1, 0.028094712964010664], "F": [2.0, 2, 0.0021212722756688168], "DPA1": [39.0, 18, 0.05499459330771283], "DQA1": [29.0, 15, 0.04169211505870176], "DOA": [2.0, 1, 0.002932595536482388], "DMB": [2.0, 1, 0.002788187422943483], "DRB4": [6.0, 2, 0.008270578423113252], "DQB1": [13.0, 11, 0.01772048006581858], "DPB1": [30.0, 20, 0.04263020152454128]}