{"A": [153.0, 115, 0.19501867858866628], "B": [109.0, 85, 0.1400830977082096], "C": [151.0, 107, 0.19194497499387778], "DRA": [55.0, 4, 0.10062094066358714], "L": [1.0, 1, 0.0012769578567956895], "T": [5.0, 1, 0.015245597070240478], "DQA1": [18.0, 11, 0.03280185494643928], "DMA": [6.0, 1, 0.010683555809527295], "DPA1": [33.0, 13, 0.05898468935451661], "DPB1": [25.0, 20, 0.04503043150090334], "DRB1": [53.0, 17, 0.09260415478844945], "F": [7.0, 4, 0.009410970871600893], "E": [38.0, 19, 0.049061569021980514], "DQB1": [23.0, 17, 0.03974018969642684], "DRB3": [9.0, 3, 0.015725233832000852], "DMB": [1.0, 1, 0.0017671032967778737]}