{"A": [1764.0, 320, 0.1234630467178038], "B": [3556.0, 269, 0.25094273197502975], "C": [1142.0, 195, 0.079711234318112], "DOB": [8.0, 2, 0.0007479264958325668], "DPA1": [854.0, 51, 0.08381791586151212], "DPB1": [537.0, 66, 0.05311216638214875], "DQB1": [412.0, 68, 0.039088854750716114], "DRB1": [673.0, 44, 0.06456888655642182], "DRB3": [386.0, 10, 0.037033566435035394], "E": [847.0, 124, 0.06004749260833618], "L": [13.0, 1, 0.0009115354167959407], "T": [65.0, 1, 0.010882819355210795], "Y": [8.0, 2, 0.0007461111402601576], "DMB": [27.0, 2, 0.002619867526595326], "DQA1": [481.0, 36, 0.048130969038944], "K": [7.0, 5, 0.0004921739543710646], "DPB2": [10.0, 2, 0.0009903279310154154], "DMA": [64.0, 1, 0.006257461369713689], "DRA": [1247.0, 6, 0.12526962217798027], "DOA": [6.0, 4, 0.0006123461947951891], "F": [142.0, 7, 0.01048282568438527], "H": [1.0, 1, 7.011810898430314e-05]}