{"A": [445.0, 204, 0.1829389201922276], "B": [608.0, 230, 0.252013693828186], "C": [474.0, 176, 0.19432982659662867], "DRA": [160.0, 4, 0.09440760666628639], "DRB5": [27.0, 4, 0.0152152708777477], "E": [103.0, 32, 0.04289003325224883], "L": [1.0, 1, 0.0004118488771653118], "T": [5.0, 1, 0.0049170628472024165], "DRB4": [5.0, 2, 0.002817642755138463], "DMB": [4.0, 2, 0.002279729138248393], "DMA": [13.0, 1, 0.007465677864950843], "DRB1": [200.0, 13, 0.11270571020553853], "DPA1": [53.0, 18, 0.030553611209168118], "DQB1": [57.0, 34, 0.03176422599292761], "DOB": [1.0, 1, 0.0005491318362204158], "DQA1": [8.0, 6, 0.00470194134763731], "F": [2.0, 2, 0.0008672168479792157], "DPB1": [33.0, 22, 0.019170849664498068]}