{"A": [275.0, 187, 0.22208037322985263], "B": [423.0, 238, 0.3444231327092344], "C": [140.0, 105, 0.11275103615851026], "HFE": [2.0, 1, 0.0016938039406538383], "L": [1.0, 1, 0.0008090386523104784], "T": [6.0, 1, 0.011590932848788031], "K": [1.0, 1, 0.0008112592524540571], "DRB1": [64.0, 23, 0.07084794909820999], "DMA": [7.0, 1, 0.007896876005758257], "DRA": [18.0, 3, 0.020863679127818457], "E": [126.0, 38, 0.10306734476888176], "DQB1": [30.0, 23, 0.03284097640489942], "F": [26.0, 3, 0.022146364492064738], "DQA1": [23.0, 12, 0.026555008264899142], "DPB1": [15.0, 9, 0.017117883454291202], "DPA1": [3.0, 1, 0.003397342386713733], "DRB3": [1.0, 1, 0.001106999204659531]}