{"A": [856.0, 279, 0.15438695527120322], "B": [2089.0, 235, 0.37988289416957893], "C": [854.0, 193, 0.15360654806395743], "DRB3": [91.0, 10, 0.022498214551886195], "E": [311.0, 59, 0.056815951555441], "L": [17.0, 1, 0.0030716911401403135], "T": [6.0, 1, 0.002588676270352775], "Y": [4.0, 1, 0.0009613288091358605], "DMB": [19.0, 3, 0.004750809291613331], "DQA1": [54.0, 15, 0.01392424696982723], "DMA": [37.0, 1, 0.00932219870640398], "DRA": [186.0, 6, 0.04814937862856161], "DPA1": [163.0, 34, 0.04122541347785942], "F": [23.0, 4, 0.0043753851082475575], "DPB1": [84.0, 29, 0.02140905239805268], "DQB1": [80.0, 34, 0.019558887375998743], "DRB1": [256.0, 31, 0.06329168049761391], "H": [1.0, 1, 0.0001806877141259008]}