{"A": [352.0, 167, 0.09433366150080914], "B": [522.0, 260, 0.14104866874102012], "C": [610.0, 259, 0.1630305089381862], "DMA": [39.0, 2, 0.014600523554200096], "DPB1": [150.0, 55, 0.056806313798640116], "DRA": [339.0, 5, 0.13039610870155294], "DRB1": [424.0, 41, 0.1557613522125209], "DRB5": [162.0, 3, 0.05951259211893488], "L": [1.0, 1, 0.0002684823955081713], "T": [3.0, 1, 0.001923246441025855], "DMB": [14.0, 2, 0.005201507420047198], "DQB1": [112.0, 36, 0.040687346930146966], "F": [30.0, 7, 0.008480020330748005], "E": [136.0, 39, 0.03691781544729334], "DPA1": [178.0, 30, 0.06689360609820962], "DQA1": [63.0, 24, 0.02413824537115653]}