{"A": [6790.0, 1106, 0.2538122953529763], "B": [7405.0, 1219, 0.2790887982385768], "C": [3848.0, 865, 0.14344749442467505], "DMA": [167.0, 2, 0.008720455045343184], "DPB1": [441.0, 118, 0.0232950042043105], "DQA1": [162.0, 53, 0.008657629910753792], "DRA": [835.0, 9, 0.044799200429017916], "DRB1": [995.0, 97, 0.05098422090135492], "DRB5": [76.0, 4, 0.00389427214924922], "E": [2560.0, 184, 0.09692948507434065], "F": [319.0, 12, 0.012577235013195957], "HFE": [1.0, 1, 3.9201125918019216e-05], "L": [47.0, 1, 0.0017600804792881459], "T": [159.0, 1, 0.014217710315796108], "DRB3": [281.0, 17, 0.014398558867618828], "DRB4": [7.0, 3, 0.00035868296111505975], "DMB": [72.0, 3, 0.0037312344396514658], "K": [5.0, 3, 0.00018775653630451108], "DPA1": [465.0, 57, 0.024374539155577583], "DQB1": [282.0, 74, 0.01428924596518376], "DOB": [8.0, 3, 0.0003994508889164586], "H": [1.0, 1, 3.744852083591799e-05]}