{"A": [1293.0, 425, 0.2725351549674087], "B": [1761.0, 485, 0.3742465645497882], "C": [395.0, 226, 0.08303020741245204], "DQB1": [47.0, 30, 0.013428861206351478], "DRA": [204.0, 7, 0.061715617458977], "DRB3": [95.0, 15, 0.02744842536799071], "F": [53.0, 5, 0.011782880854919962], "L": [1.0, 1, 0.0002111620122912078], "T": [37.0, 1, 0.01865586475475612], "DMB": [9.0, 2, 0.0026299268803541337], "DQA1": [4.0, 4, 0.0012053831534956446], "DMA": [36.0, 1, 0.010600010632267043], "E": [244.0, 68, 0.05209390219092616], "DPA1": [40.0, 18, 0.011822915222026246], "DPB1": [38.0, 23, 0.011318501271434005], "Y": [4.0, 2, 0.001123463910054193], "DRB1": [159.0, 33, 0.04593999614221603], "H": [1.0, 1, 0.0002111620122912078]}