{"A": [567.0, 282, 0.22878391820518454], "B": [587.0, 263, 0.2388113679121093], "C": [628.0, 253, 0.2527068996036564], "DPB1": [51.0, 23, 0.02907996852102425], "DRA": [67.0, 6, 0.03880236014958353], "DRB1": [85.0, 27, 0.04701443100465219], "DRB5": [12.0, 2, 0.0066373314359508976], "L": [2.0, 1, 0.0008084705718060627], "T": [12.0, 1, 0.011582794074502547], "DMB": [1.0, 1, 0.000559396304734498], "DMA": [12.0, 1, 0.006763998066407976], "F": [30.0, 6, 0.012767777329963181], "DPA1": [39.0, 15, 0.022067219745388472], "E": [225.0, 46, 0.0919597984351361], "DRB3": [3.0, 1, 0.0016593328589877244], "DQB1": [13.0, 7, 0.007110548584625175], "DQA1": [5.0, 3, 0.0028843871962872555]}