{"T": [1.0, 1, 0.1233072495124089], "DQA1": [7.0, 5, 0.5158674383898044], "A": [7.0, 6, 0.3608253120977867]}