{"A": [1281.0, 392, 0.11491179197139713], "B": [2304.0, 330, 0.2083878541535608], "C": [2619.0, 331, 0.23429660036830602], "DPB1": [475.0, 97, 0.060213018407516423], "DQA1": [227.0, 40, 0.02911269729632494], "DRA": [614.0, 8, 0.07905416276799758], "DRB5": [170.0, 4, 0.020904231819301775], "E": [490.0, 85, 0.04452301902950811], "L": [10.0, 2, 0.0008986845044686949], "T": [20.0, 1, 0.004291756936373375], "DRB4": [181.0, 7, 0.022256858584080125], "DMB": [20.0, 2, 0.002487268224489115], "K": [1.0, 1, 9.011511591012715e-05], "DRB1": [698.0, 43, 0.08583031652866259], "DMA": [78.0, 1, 0.009774394518832033], "DPA1": [441.0, 43, 0.055474658193088264], "F": [57.0, 7, 0.005393142974367753], "DQB1": [181.0, 74, 0.022009560155368126], "H": [1.0, 1, 8.986845044686949e-05]}