{"A": [440.0, 259, 0.25204683056193533], "B": [718.0, 355, 0.41469372971268387], "C": [217.0, 152, 0.123966208675316], "L": [1.0, 1, 0.0005738790228040084], "T": [11.0, 1, 0.015073388886547114], "DRB4": [16.0, 4, 0.012563723525457043], "DMB": [6.0, 1, 0.0047649349166151], "DMA": [3.0, 1, 0.002400654232798447], "DRA": [10.0, 1, 0.008221848483571154], "F": [60.0, 5, 0.03625195440882958], "E": [179.0, 59, 0.10386151495367306], "Y": [1.0, 1, 0.0007633148167393121], "DRB1": [7.0, 6, 0.005496629042387457], "DPB1": [17.0, 7, 0.013761279218641292], "DQB1": [1.0, 1, 0.0007765079123372756], "DPA1": [4.0, 1, 0.0032131361889818303], "DRB3": [2.0, 1, 0.0015704654406821304]}