{"A": [10103.0, 1311, 0.2720942837847386], "B": [10205.0, 1250, 0.2771127668116233], "C": [5185.0, 926, 0.1392620702354674], "DMA": [165.0, 2, 0.006207729771808526], "DPA1": [470.0, 56, 0.01775037371648675], "DPB1": [557.0, 137, 0.02119852197306904], "DRA": [1041.0, 9, 0.04024025272543318], "DRB1": [1364.0, 91, 0.050356235911739176], "DRB3": [532.0, 19, 0.019640408728039033], "DRB5": [38.0, 3, 0.0014028863377170738], "E": [3862.0, 228, 0.10535481588771932], "F": [585.0, 14, 0.016617915328357224], "HFE": [5.0, 1, 0.0001412195189905213], "K": [12.0, 5, 0.00032466276973410976], "L": [65.0, 2, 0.0017537763439598407], "T": [254.0, 1, 0.01636411173912909], "DRB4": [13.0, 2, 0.0004799347997453148], "DMB": [35.0, 3, 0.0013068154730827408], "V": [6.0, 1, 0.00034318801481564987], "DQB1": [266.0, 55, 0.009711090982197077], "DOB": [14.0, 5, 0.000503648591085903], "DQA1": [44.0, 27, 0.0016941929168894103], "H": [3.0, 3, 8.094352356737727e-05], "G": [2.0, 2, 5.815411460494624e-05]}