{"A": [735.0, 288, 0.08160824436295944], "B": [1202.0, 217, 0.13456298854626214], "C": [1264.0, 249, 0.13996156533084858], "DMA": [144.0, 2, 0.02233515558449091], "DPB1": [511.0, 82, 0.08017683665708955], "DRA": [925.0, 8, 0.1474108103458979], "DRB4": [205.0, 8, 0.03120113416674487], "DRB5": [240.0, 5, 0.036528157073262284], "L": [3.0, 1, 0.0003337027123139039], "T": [3.0, 1, 0.0007968151910589077], "DMB": [26.0, 3, 0.004002185391454968], "DRB1": [671.0, 44, 0.10212663915066247], "V": [5.0, 1, 0.0011790398861896798], "F": [37.0, 6, 0.004333113157141668], "E": [317.0, 67, 0.03565159924497055], "DPA1": [623.0, 45, 0.0970008010172976], "DQA1": [325.0, 40, 0.05159067106172419], "DQB1": [193.0, 55, 0.029048340465158622], "DRB3": [1.0, 1, 0.00015220065447192618]}