{"B": [157.0, 92, 0.05256987454543411], "C": [63.0, 46, 0.020865000450884824], "DPB1": [302.0, 76, 0.14172650977344908], "DQA1": [182.0, 38, 0.08641225447150304], "DRA": [330.0, 5, 0.15729599779686657], "DRB3": [51.0, 7, 0.023216825006789805], "DRB5": [95.0, 4, 0.04324702697343198], "T": [8.0, 1, 0.006355393850378447], "DMA": [23.0, 1, 0.010670148358531372], "DRB1": [319.0, 35, 0.1452189642581558], "DQB1": [166.0, 58, 0.07472883935736657], "DOB": [7.0, 4, 0.003105212962479615], "DPA1": [477.0, 41, 0.22213745143413288], "DOA": [3.0, 3, 0.0014527518811373044], "E": [9.0, 5, 0.0030274598703774634], "A": [24.0, 16, 0.007970289009081167]}