{"A": [3447.0, 749, 0.14385240716498646], "B": [4253.0, 890, 0.17895576485497716], "C": [4461.0, 728, 0.18566202996157435], "DPB1": [803.0, 133, 0.04735574973814754], "DRA": [1456.0, 8, 0.08721237833250012], "DRB1": [1744.0, 106, 0.0997682041302153], "DRB3": [354.0, 18, 0.02025111482918361], "DRB5": [13.0, 4, 0.0007436850078513756], "E": [1433.0, 175, 0.060575233722471464], "F": [162.0, 7, 0.0071308692816677895], "L": [31.0, 1, 0.0012960726017656867], "T": [120.0, 1, 0.011979722298420347], "DRB4": [229.0, 6, 0.013100297445997305], "DMB": [28.0, 3, 0.0016199851744454787], "K": [3.0, 2, 0.00012577064352641674], "DMA": [174.0, 1, 0.010143898442383795], "DPA1": [1063.0, 68, 0.06220849472837762], "DOB": [10.0, 3, 0.0005574505814045965], "DOA": [6.0, 3, 0.0003651190262267556], "DQA1": [714.0, 76, 0.04260054763424595], "DQB1": [433.0, 94, 0.024495204399631158]}