{"A": [246.0, 151, 0.11018514299554684], "B": [274.0, 155, 0.12374081032235235], "C": [385.0, 182, 0.17197435257861485], "DMA": [25.0, 2, 0.015642556606610403], "DPB1": [79.0, 41, 0.05000303268627368], "DRA": [201.0, 4, 0.1292185593752654], "DRB1": [287.0, 36, 0.17621369310523782], "DRB5": [82.0, 3, 0.05034676945863938], "E": [102.0, 26, 0.04627657004668521], "T": [3.0, 1, 0.0032143920242603337], "DMB": [5.0, 2, 0.003104810477978731], "DQB1": [46.0, 22, 0.027929495144128676], "F": [15.0, 3, 0.007086483857519178], "DPA1": [113.0, 20, 0.07097525377705861], "DQA1": [22.0, 12, 0.014088077543828492]}