{"A": [362.0, 209, 0.18625952181098973], "B": [764.0, 326, 0.396348968288177], "C": [308.0, 176, 0.1580431404000576], "E": [242.0, 62, 0.12612417457729952], "L": [2.0, 1, 0.001030935974858182], "T": [17.0, 1, 0.02092418200823273], "DMA": [9.0, 1, 0.00646892649872844], "DRA": [30.0, 2, 0.022155016244011127], "V": [2.0, 1, 0.0021855045037612523], "DRB1": [33.0, 20, 0.023275213694551017], "F": [15.0, 3, 0.008140531905220226], "DPA1": [36.0, 14, 0.025974846630909598], "DPB1": [9.0, 7, 0.006543856149292862], "DRB3": [13.0, 5, 0.009169023576641311], "DQA1": [10.0, 8, 0.007356157737269321]}