{"A": [185.0, 121, 0.1706214244522491], "B": [181.0, 129, 0.1683119184612269], "C": [155.0, 102, 0.14256356740814627], "DRB4": [6.0, 2, 0.007585477236504485], "DMB": [8.0, 2, 0.010228901121953017], "DQA1": [17.0, 6, 0.022415677849279853], "DRB1": [82.0, 16, 0.10366818889889462], "DMA": [19.0, 1, 0.024479087799482983], "DRA": [109.0, 3, 0.14428767582613725], "DPA1": [27.0, 13, 0.03491935210597754], "F": [3.0, 2, 0.00291833202038429], "E": [56.0, 17, 0.05231460131006229], "DQB1": [49.0, 6, 0.06125975227480751], "DRB5": [8.0, 3, 0.010113969648672646], "DPB1": [34.0, 18, 0.044312073586221176]}