{"A": [65.0, 50, 0.18379228738590844], "B": [141.0, 89, 0.40198282614270786], "C": [55.0, 46, 0.15509280004520384], "E": [28.0, 11, 0.08019457966778838], "L": [2.0, 1, 0.005665466916050743], "DRA": [10.0, 2, 0.04058399830059879], "DRB1": [15.0, 9, 0.05813999756546456], "F": [9.0, 3, 0.02684157812676491], "DRB3": [1.0, 1, 0.0038759998376976376], "DPA1": [4.0, 4, 0.015860413128969644], "DPB1": [7.0, 6, 0.02797005288284511]}