{"A": [109.0, 78, 0.23016149242963868], "B": [196.0, 94, 0.41728877147452575], "C": [43.0, 35, 0.09055024792784674], "HFE": [3.0, 1, 0.006643287996838759], "L": [3.0, 1, 0.0063462796831114795], "T": [8.0, 1, 0.0404097169655203], "DMB": [1.0, 1, 0.002927408473354454], "DMA": [1.0, 1, 0.002949755102922045], "DRA": [9.0, 1, 0.0272765589517262], "DRB1": [19.0, 9, 0.0549958086230185], "F": [2.0, 1, 0.004454385227467295], "E": [39.0, 17, 0.08341493812266823], "DPB1": [4.0, 4, 0.011935688601784953], "DQB1": [2.0, 2, 0.005724709903448709], "DPA1": [3.0, 3, 0.008883170539834203], "DQA1": [2.0, 2, 0.00603777997629356]}