{"A": [272.0, 172, 0.26025454926687236], "B": [233.0, 126, 0.22478110772545312], "C": [308.0, 171, 0.2938970070299326], "DPB1": [25.0, 18, 0.033802650547806644], "DRB3": [7.0, 3, 0.00918115437350913], "L": [2.0, 1, 0.0019171284288792524], "T": [5.0, 1, 0.011444296067819503], "DMB": [3.0, 2, 0.0039794938599463274], "DQA1": [1.0, 1, 0.0013679510143565499], "DMA": [5.0, 1, 0.006683119459451847], "DRA": [4.0, 1, 0.005493262112553361], "DPA1": [22.0, 14, 0.02951839123699651], "E": [81.0, 36, 0.078503225739015], "DRB1": [18.0, 14, 0.02360868267473776], "F": [9.0, 3, 0.009082879357572021], "DQB1": [5.0, 5, 0.006485101105097718]}