{"A": [670.0, 297, 0.17433941714608645], "B": [716.0, 256, 0.18784873278086772], "C": [503.0, 233, 0.13052803293245038], "DRA": [331.0, 7, 0.12362026941515827], "DRB5": [1.0, 1, 0.0003566897348955651], "E": [212.0, 67, 0.05587656573993146], "L": [3.0, 1, 0.0007820487526952947], "T": [3.0, 1, 0.001867375670923841], "DRB3": [57.0, 8, 0.02033131488904721], "DMB": [10.0, 2, 0.0036074302733756017], "DMA": [31.0, 1, 0.011268400518055695], "DRB1": [293.0, 45, 0.10451009232440057], "DPA1": [136.0, 30, 0.04962497185259678], "F": [33.0, 4, 0.009057041078284797], "DQA1": [70.0, 25, 0.026041137285930122], "DPB1": [223.0, 81, 0.08199870079311523], "DQB1": [52.0, 19, 0.018341778812185284]}