{"A": [82.0, 69, 0.11414196704843503], "C": [40.0, 34, 0.055527294397191757], "DRA": [94.0, 7, 0.1878020198151295], "DRB5": [21.0, 3, 0.040070117782692594], "L": [1.0, 1, 0.0013945153086521013], "T": [4.0, 1, 0.01331929218547018], "DRB4": [20.0, 3, 0.0381620169358977], "DMA": [13.0, 1, 0.025278694806202467], "E": [19.0, 10, 0.0267891022023721], "DRB1": [74.0, 13, 0.14119946266282152], "F": [3.0, 2, 0.004404578611765715], "DPA1": [45.0, 13, 0.08783843553348868], "DQA1": [10.0, 8, 0.01990089555055603], "DQB1": [22.0, 18, 0.041511793978048724], "DMB": [1.0, 1, 0.001929783810963009], "DPB1": [15.0, 11, 0.029505574870322453], "B": [122.0, 89, 0.1712244544999906]}