{"A": [164.0, 114, 0.07414981617166667], "B": [545.0, 237, 0.248448965795914], "C": [58.0, 50, 0.026152261209745134], "DMA": [30.0, 2, 0.018948170302664775], "DPA1": [146.0, 30, 0.09256774079406552], "DRA": [270.0, 7, 0.17521484538699428], "DRB1": [151.0, 30, 0.09358645611910409], "DRB3": [29.0, 6, 0.017973557797708734], "DRB5": [67.0, 4, 0.04152511629125811], "E": [108.0, 40, 0.049461017240240074], "L": [2.0, 1, 0.0009059161714047757], "T": [8.0, 1, 0.008652584957382433], "DMB": [10.0, 2, 0.006268207852649205], "DPB2": [1.0, 1, 0.00063974492516729], "DQB1": [65.0, 40, 0.03983794324128161], "F": [16.0, 3, 0.007630233420631194], "DQA1": [35.0, 19, 0.022624312718155726], "DPB1": [117.0, 50, 0.07475382399715393], "DOA": [1.0, 1, 0.0006592856068125061]}