{"A": [15828.0, 1709, 0.11682584526323272], "B": [23197.0, 1607, 0.17263115379466012], "C": [11577.0, 1346, 0.08521654941233983], "DMA": [1559.0, 2, 0.0160745491013435], "DOB": [33.0, 5, 0.0003253549007416693], "DPA1": [9662.0, 97, 0.10000472076682763], "DPB1": [7098.0, 319, 0.07403382817564491], "DQA1": [3549.0, 102, 0.037450706049789124], "DQB1": [3996.0, 124, 0.03998118768144295], "DRA": [15245.0, 9, 0.16150323428818172], "DRB1": [12760.0, 146, 0.12910212440915378], "DRB3": [1301.0, 17, 0.013163155474632371], "DRB5": [40.0, 4, 0.00040470885394719045], "E": [4818.0, 289, 0.036020749398347984], "F": [671.0, 14, 0.005223805774251931], "HFE": [5.0, 1, 3.870245845411886e-05], "K": [17.0, 5, 0.00012605033083712015], "L": [103.0, 3, 0.0007616262449179986], "T": [340.0, 1, 0.006003181333549992], "Y": [2.0, 2, 1.9670618447311866e-05], "DRB4": [12.0, 6, 0.00012141265618415715], "DMB": [406.0, 3, 0.004154474354695393], "DPB2": [13.0, 1, 0.0001357678252626319], "V": [7.0, 1, 0.00010972932998461786], "DOA": [50.0, 13, 0.0005381337848799794], "H": [4.0, 2, 2.9577718249242662e-05]}