{"A": [607.0, 260, 0.29656766194118284], "B": [442.0, 134, 0.21773679799741777], "C": [325.0, 159, 0.15835562123950683], "DRB1": [67.0, 13, 0.04487244449044349], "T": [9.0, 1, 0.010518825881429685], "DRB4": [20.0, 4, 0.013394759549386116], "DMA": [23.0, 1, 0.015697942441370256], "DRA": [51.0, 2, 0.03576400799686093], "DPA1": [64.0, 27, 0.04384859218005938], "E": [159.0, 48, 0.07868741611855473], "F": [6.0, 4, 0.0030919891639937403], "DQB1": [10.0, 7, 0.006622964443863135], "DQA1": [34.0, 13, 0.023749536560415462], "DPB1": [74.0, 21, 0.05109143999551561]}