{"A": [2480.0, 516, 0.208149061174377], "B": [4587.0, 551, 0.38817358277805186], "C": [789.0, 321, 0.066041176267436], "DMA": [90.0, 2, 0.010552250177117672], "DPB1": [264.0, 76, 0.03131179923856178], "DRA": [341.0, 6, 0.04107882942588441], "DRB1": [454.0, 40, 0.052233418812642235], "E": [1100.0, 102, 0.09351655907273411], "L": [25.0, 1, 0.002102105798665473], "T": [66.0, 1, 0.013251235298672387], "DRB4": [142.0, 6, 0.016337324826861666], "DMB": [18.0, 3, 0.002094461777579417], "DPA1": [247.0, 37, 0.029071022476032056], "F": [145.0, 10, 0.012836374775174525], "DOB": [8.0, 4, 0.0008968984740972685], "DQA1": [200.0, 24, 0.02399904120143082], "H": [6.0, 2, 0.0005045053916797135], "DQB1": [69.0, 35, 0.00785035303300137]}