{"A": [8862.0, 1196, 0.17094822666734974], "B": [4417.0, 883, 0.08590821867080489], "C": [7746.0, 978, 0.14901341512581243], "DMA": [477.0, 3, 0.012853784883066757], "DPA2": [6.0, 2, 0.00017337340159919123], "DPB1": [2281.0, 215, 0.06217838832947331], "DQA1": [1501.0, 99, 0.041395646215643005], "DQB1": [1240.0, 136, 0.03242439345299113], "DRA": [4994.0, 9, 0.1382681962180398], "DRB1": [4280.0, 88, 0.11317394307803719], "DRB3": [844.0, 8, 0.022317478494827892], "DRB5": [27.0, 2, 0.0007139477717539729], "DRB7": [1.0, 1, 5.648120149875875e-05], "E": [2604.0, 186, 0.05087997533536709], "F": [496.0, 15, 0.010091742054533264], "L": [100.0, 3, 0.001932522861499501], "T": [244.0, 1, 0.011259324481778705], "DRB4": [437.0, 10, 0.011555376898388377], "DMB": [168.0, 3, 0.004492822846492174], "DPB2": [7.0, 2, 0.00019106076537917744], "K": [6.0, 3, 0.00011626962797091234], "DPA1": [2859.0, 71, 0.07733704745447857], "DOB": [28.0, 7, 0.0007214752016264803], "DOA": [60.0, 12, 0.0016876853037477713], "H": [16.0, 5, 0.00030920365783992015]}