{"A": [736.0, 256, 0.08845127079808837], "B": [2649.0, 473, 0.32098347998994564], "C": [1330.0, 333, 0.15940169114698147], "DPB1": [163.0, 66, 0.027681854925257866], "DRB1": [682.0, 49, 0.11235191034874425], "DRB3": [201.0, 14, 0.033112513167298525], "E": [330.0, 74, 0.040171057101540356], "K": [7.0, 4, 0.000845096845730373], "L": [22.0, 1, 0.0026487485339458487], "T": [18.0, 1, 0.005174738668813993], "DMB": [21.0, 2, 0.00349882898630037], "DQB1": [190.0, 47, 0.03095260351901703], "DMA": [54.0, 1, 0.009065668125899325], "DRA": [676.0, 6, 0.1166041113372753], "F": [44.0, 5, 0.005577384040739], "DPA1": [206.0, 39, 0.03471635022641112], "DQA1": [51.0, 20, 0.008762692238011195]}