{"A": [450.0, 213, 0.19986909332276084], "B": [808.0, 252, 0.3618419787582089], "C": [463.0, 203, 0.2050827539587551], "DPB1": [44.0, 25, 0.027616403937106314], "DRB1": [105.0, 34, 0.06392816692795421], "E": [146.0, 39, 0.0656839167945575], "L": [3.0, 1, 0.0013348921196374174], "T": [7.0, 1, 0.007437394583775066], "DRB3": [37.0, 4, 0.022527068346041013], "DRB4": [1.0, 1, 0.0006088396850281355], "DMB": [5.0, 1, 0.00307879158906273], "DRA": [30.0, 3, 0.01912472892970731], "DPA1": [22.0, 12, 0.013702391991782635], "F": [11.0, 3, 0.005153205057428339], "DQB1": [5.0, 5, 0.0030103739981946695]}