{"A": [614.0, 297, 0.07900960403364107], "B": [1327.0, 392, 0.17216976923334706], "C": [526.0, 216, 0.06750132214779773], "DMA": [115.0, 2, 0.02067231664330975], "DPA1": [586.0, 48, 0.10574253269633958], "DPB1": [443.0, 98, 0.08055575301401342], "DQA1": [264.0, 52, 0.04856870915708046], "DQB1": [217.0, 71, 0.037851977147785265], "DRA": [869.0, 9, 0.16049894999882275], "DRB1": [649.0, 56, 0.1144790547922196], "DRB3": [135.0, 10, 0.023813054540754466], "DRB5": [170.0, 4, 0.029986809421690807], "DRB7": [1.0, 1, 0.0003767754407337151], "L": [9.0, 1, 0.0011602345916754456], "T": [19.0, 1, 0.005848638377402441], "DRB4": [20.0, 4, 0.0035278599319636243], "DMB": [21.0, 2, 0.003746346711840917], "DPB2": [9.0, 2, 0.0016386818459745987], "F": [15.0, 4, 0.0020358903497859245], "E": [301.0, 57, 0.03923295929226761], "DOA": [5.0, 4, 0.000938185858400685], "H": [5.0, 2, 0.0006445747731530253]}