{"A": [1676.0, 525, 0.145765294475736], "B": [3984.0, 763, 0.3493605882233502], "C": [2080.0, 509, 0.18040911502423748], "DMA": [92.0, 2, 0.011177578830883652], "DPA1": [245.0, 48, 0.02988042583518331], "DPB1": [208.0, 69, 0.025563762630847555], "DRA": [580.0, 8, 0.07240174250388234], "DRB1": [493.0, 52, 0.05877557186410673], "DRB3": [88.0, 8, 0.0104913799676296], "DRB5": [238.0, 3, 0.02837441400336187], "E": [508.0, 93, 0.044752457647058715], "F": [95.0, 11, 0.008714758084848204], "HFE": [5.0, 1, 0.0004560429883037743], "K": [2.0, 2, 0.0001747399849054169], "L": [16.0, 1, 0.0013940934562162092], "T": [37.0, 1, 0.007697886415642663], "V": [1.0, 1, 0.00018471064168435267], "DMB": [13.0, 3, 0.0015674750287380484], "DPB2": [2.0, 2, 0.00024612216946085137], "DPA2": [2.0, 1, 0.00026056044133918233], "DOB": [2.0, 1, 0.0002323489093693682], "DQB1": [99.0, 39, 0.011671660213987928], "DQA1": [80.0, 35, 0.009947437682376077], "DRB4": [2.0, 1, 0.00023844045380976364], "H": [3.0, 2, 0.00026139252304053926]}