{"A": [90.0, 81, 0.12467571751721906], "B": [202.0, 126, 0.2821403473364873], "C": [99.0, 64, 0.13676960183224085], "DRA": [28.0, 3, 0.055672189678277174], "DRB4": [19.0, 7, 0.03607968953869086], "T": [2.0, 1, 0.00662764162836633], "DMB": [1.0, 1, 0.0019205097900379707], "DQA1": [20.0, 13, 0.039610514419533144], "DRB1": [50.0, 10, 0.09494655141760754], "DMA": [2.0, 1, 0.003870340340229193], "F": [5.0, 3, 0.007305685656628592], "E": [22.0, 14, 0.030869891680462728], "DPB1": [27.0, 16, 0.05285480225247357], "DPA1": [42.0, 9, 0.08158855383885448], "DQB1": [24.0, 15, 0.04506796307289104]}