{"A": [83.0, 65, 0.11755839241216841], "B": [341.0, 181, 0.4869724426098806], "C": [103.0, 81, 0.1454882071223507], "DMB": [10.0, 3, 0.019635985589108087], "T": [6.0, 1, 0.02032902037460602], "DRB4": [6.0, 3, 0.011649213922527045], "DRA": [5.0, 1, 0.01016451018730301], "E": [79.0, 25, 0.1133380393301951], "DPA1": [14.0, 11, 0.027806361202047315], "DRB1": [7.0, 7, 0.013590749576281553], "DQA1": [4.0, 3, 0.008099844055507085], "DQB1": [8.0, 6, 0.01535970428303566], "DPB1": [5.0, 5, 0.010007529334989449]}