{"A": [30789.0, 2013, 0.18563300469289015], "B": [57746.0, 2153, 0.35103949211695695], "C": [21869.0, 1742, 0.13149327931922203], "DMA": [1671.0, 2, 0.01407394516680835], "DMB": [274.0, 4, 0.0022902734155623512], "DOA": [31.0, 9, 0.0002725390064990008], "DPA1": [3742.0, 62, 0.031637632127318564], "DPB1": [3340.0, 154, 0.028456887620920704], "DQA1": [1384.0, 47, 0.011929900483070677], "DQB1": [1213.0, 117, 0.009913744747396092], "DRA": [8473.0, 9, 0.07332257729520233], "DRB1": [9769.0, 107, 0.08073828949820872], "DRB5": [21.0, 4, 0.00017355963552690993], "DRB6": [1.0, 1, 1.7330001004369837e-05], "E": [7756.0, 306, 0.04736640990381819], "F": [1217.0, 15, 0.007739302100792998], "H": [23.0, 12, 0.000138924624839775], "HFE": [6.0, 1, 3.793730878893569e-05], "K": [21.0, 9, 0.00012719237699639052], "L": [127.0, 1, 0.0007671055371587576], "S": [2.0, 2, 4.958846729340283e-05], "T": [472.0, 1, 0.00680755664725904], "Y": [117.0, 3, 0.000939984302050128], "DRB3": [1761.0, 17, 0.01455421515061373], "DPB2": [3.0, 2, 2.5593016947175045e-05], "G": [1.0, 1, 6.509400573912761e-06], "DPA2": [7.0, 1, 6.322022194499993e-05], "V": [2.0, 1, 2.5609517925219644e-05], "DOB": [43.0, 5, 0.0003463048619194391], "J": [2.0, 1, 1.2091434490720143e-05]}