{"A": [107.0, 75, 0.23898378437801962], "DRA": [46.0, 3, 0.14746311137212162], "E": [10.0, 5, 0.022623391665264125], "DMB": [2.0, 1, 0.006192867819481392], "DRB1": [40.0, 17, 0.12246570069985672], "DMA": [11.0, 1, 0.034320778907965574], "DOB": [17.0, 4, 0.050718231339110374], "DOA": [3.0, 2, 0.009770420942289366], "F": [5.0, 2, 0.011778941673941553], "DPA1": [28.0, 16, 0.08769670291495488], "DPB1": [24.0, 13, 0.07574905502747895], "DRB4": [5.0, 2, 0.01530821258748209], "DQB1": [4.0, 3, 0.012110497069208054], "C": [21.0, 18, 0.046775557481205494], "DQA1": [1.0, 1, 0.0031931974694200923], "B": [51.0, 34, 0.11484954865220036]}