{"A": [193.0, 136, 0.11972550092227538], "B": [436.0, 229, 0.2727032434829646], "C": [233.0, 173, 0.14414523679815053], "DPA1": [73.0, 23, 0.06350278787527751], "DQB1": [38.0, 25, 0.0319543708851853], "E": [72.0, 34, 0.04524128253117127], "L": [5.0, 1, 0.0031073569459517973], "T": [16.0, 1, 0.02374318579704171], "Y": [3.0, 1, 0.002479851853953765], "DRB4": [7.0, 4, 0.005952470034792059], "DRA": [101.0, 5, 0.08992731620629547], "DPB1": [59.0, 34, 0.05172049666744583], "DRB1": [108.0, 37, 0.09183810910822032], "F": [31.0, 5, 0.020283488875246548], "DRB3": [25.0, 12, 0.021258821552828776], "DQA1": [14.0, 7, 0.01241648046319906]}