{"A": [353.0, 208, 0.11812731157270455], "B": [1080.0, 383, 0.3643961925601], "C": [132.0, 102, 0.0440518921251129], "DPA1": [149.0, 38, 0.06992016768482377], "DPB1": [125.0, 55, 0.059110815234572206], "DQA1": [37.0, 16, 0.017701841949778294], "DRA": [186.0, 7, 0.08933660903875393], "DRB1": [179.0, 35, 0.08211045708134837], "DRB5": [44.0, 5, 0.020183576042342617], "E": [177.0, 53, 0.0599959506154648], "F": [28.0, 8, 0.00988291947161078], "L": [2.0, 1, 0.0006704978603979942], "T": [15.0, 1, 0.012007608741768], "DMB": [6.0, 2, 0.002783582026500764], "DMA": [34.0, 1, 0.015894040884141765], "DQB1": [29.0, 22, 0.013155002465981388], "DRB3": [44.0, 6, 0.020183576042342617], "DOA": [1.0, 1, 0.0004879586022551139]}