{"A": [6175.0, 1070, 0.19670012787909835], "B": [8711.0, 1056, 0.2797758052698347], "C": [5438.0, 891, 0.17275153090217982], "DMA": [261.0, 2, 0.011614164734541984], "DPB1": [548.0, 125, 0.024667751237837834], "DQB1": [312.0, 105, 0.013472233319999999], "DRA": [974.0, 8, 0.04453152235411764], "DRB1": [1037.0, 80, 0.045281026208426965], "DRB5": [302.0, 5, 0.013186952666292133], "E": [3538.0, 283, 0.11415595374381918], "F": [531.0, 12, 0.017840778939337172], "HFE": [3.0, 1, 0.00010021773739255013], "K": [24.0, 9, 0.0007679997881061298], "L": [36.0, 2, 0.0011488463983576642], "T": [130.0, 1, 0.009906053911764703], "DPA1": [560.0, 55, 0.025014756827586204], "DRB4": [147.0, 10, 0.006418814708426966], "DMB": [26.0, 2, 0.001148201703409091], "V": [8.0, 1, 0.0005412145508704062], "DOB": [3.0, 1, 0.00012764959981751824], "DRB3": [29.0, 5, 0.0012662967792134829], "DQA1": [418.0, 54, 0.019036411414453124], "DOA": [9.0, 5, 0.0004180397252988047], "H": [4.0, 3, 0.00012764959981751824]}