{"A": [252.0, 129, 0.22833019637078703], "B": [338.0, 170, 0.30878341786520314], "C": [56.0, 47, 0.05060178738825798], "DRA": [38.0, 4, 0.049418244181837934], "DRB1": [73.0, 19, 0.0906683043016867], "DRB5": [37.0, 3, 0.04595516793373162], "E": [87.0, 30, 0.07984635952423344], "L": [2.0, 1, 0.0018154512485164245], "T": [10.0, 1, 0.021674668500806116], "DRB4": [17.0, 3, 0.02111453661820101], "DMB": [6.0, 2, 0.007536873365053035], "DMA": [10.0, 1, 0.012657344582531814], "F": [20.0, 5, 0.01911368461454372], "DPA1": [17.0, 11, 0.02159992826459644], "DPB1": [20.0, 14, 0.025607909502882897], "DQB1": [4.0, 4, 0.004912924860182719], "DQA1": [8.0, 5, 0.010363200876947922]}