{"A": [155.0, 104, 0.12185217976930589], "B": [384.0, 185, 0.30437381593348134], "C": [247.0, 152, 0.1936482509537627], "DRB1": [74.0, 28, 0.07974494229483825], "L": [2.0, 1, 0.0015751553259559436], "T": [8.0, 1, 0.015044620803901652], "DRA": [33.0, 3, 0.03723543648965658], "DQB1": [11.0, 7, 0.011722267043040035], "F": [44.0, 4, 0.03648428935585948], "E": [122.0, 41, 0.09714814065692857], "DPB1": [51.0, 31, 0.0566569382880524], "DQA1": [24.0, 13, 0.026974534956995536], "DRB3": [4.0, 3, 0.004310537421342608], "DPA1": [12.0, 7, 0.013228890706879036]}