{"A": [702.0, 317, 0.18497035733512598], "B": [1061.0, 330, 0.2818739021234887], "C": [209.0, 138, 0.05491946914612639], "DMA": [69.0, 2, 0.025397671886981964], "DOB": [2.0, 2, 0.0007039236257684624], "DPA1": [122.0, 25, 0.04507808230304246], "DRA": [280.0, 5, 0.10589219719403221], "DRB3": [29.0, 7, 0.010474489008157681], "E": [229.0, 66, 0.06111862337057372], "L": [1.0, 1, 0.0002639713596631734], "T": [26.0, 1, 0.016388078137171653], "DMB": [12.0, 2, 0.0043835243968308795], "DQB1": [43.0, 26, 0.015358570664451896], "F": [42.0, 6, 0.01167255487801652], "DRB1": [331.0, 49, 0.11955365040345493], "DQA1": [27.0, 14, 0.01017114645202165], "DPB1": [137.0, 34, 0.0510113611275995], "DOA": [2.0, 2, 0.0007684265874922657]}