{"A": [287.0, 129, 0.13052842752783225], "B": [685.0, 229, 0.31411468564808187], "C": [364.0, 133, 0.16509716439886377], "DRA": [101.0, 6, 0.06593036622250252], "DRB1": [165.0, 27, 0.1028672139582376], "F": [33.0, 7, 0.015830285952074606], "L": [1.0, 1, 0.0004556328156411652], "T": [16.0, 1, 0.017407357418482514], "Y": [9.0, 2, 0.005454322928985988], "DRB4": [22.0, 2, 0.013715628527765015], "DMB": [3.0, 2, 0.0018915665376618071], "DQB1": [10.0, 4, 0.006165105752379223], "DMA": [21.0, 1, 0.013342041838164197], "E": [142.0, 35, 0.06541609443161055], "DPA1": [39.0, 17, 0.02487301286304721], "DQA1": [47.0, 15, 0.03056062187409857], "DPB1": [41.0, 17, 0.026350471304570657]}