{"A": [684.0, 255, 0.13327911208483728], "B": [1103.0, 329, 0.21669852830709263], "C": [1397.0, 350, 0.2714672330066824], "DMA": [87.0, 2, 0.02368127252692619], "DRA": [265.0, 8, 0.07411272262990694], "DRB1": [412.0, 55, 0.11004568778882091], "E": [246.0, 62, 0.04855278587941999], "L": [11.0, 1, 0.0021472888063994865], "T": [9.0, 1, 0.004195059771504166], "DRB3": [90.0, 7, 0.024039106555810392], "DMB": [13.0, 2, 0.003511773520842503], "F": [22.0, 3, 0.004521476526059245], "DPA1": [120.0, 26, 0.03278897292669923], "Y": [1.0, 1, 0.00025964568974115587], "DPB1": [140.0, 49, 0.03854919790030855], "DQB1": [46.0, 15, 0.012150136078949105]}