{"A": [7894.0, 1031, 0.16368655887878372], "B": [11254.0, 1108, 0.2352866400277473], "C": [11503.0, 1050, 0.23787129540058694], "DPA1": [1697.0, 61, 0.04934445050789354], "DPB1": [1233.0, 157, 0.03612936217512336], "DQA1": [472.0, 50, 0.013992619206155212], "DQB1": [366.0, 51, 0.010287605533112984], "DRA": [2285.0, 7, 0.06800533840837947], "DRB1": [2433.0, 69, 0.06915567580235003], "E": [3227.0, 247, 0.06777787055339976], "F": [444.0, 13, 0.00971069866072648], "HFE": [1.0, 1, 2.1745608013062345e-05], "K": [11.0, 6, 0.00022913464545877316], "L": [54.0, 2, 0.001121763855695729], "T": [222.0, 1, 0.011011805344026434], "Y": [29.0, 2, 0.000801288708859966], "DRB3": [173.0, 11, 0.004917357958818971], "DRB4": [382.0, 10, 0.010857981157623393], "DMB": [44.0, 2, 0.0012648695327597932], "DPB2": [15.0, 2, 0.00044009635804786616], "DMA": [211.0, 1, 0.006111926826236252], "H": [3.0, 3, 6.232021420531828e-05], "DOB": [45.0, 5, 0.0012464042841063656], "DOA": [22.0, 9, 0.0006651903518896122]}