{"A": [387.0, 181, 0.28501127633154194], "B": [509.0, 191, 0.3779578071974735], "C": [180.0, 98, 0.13220217620853478], "DRB1": [35.0, 12, 0.03533368608819453], "F": [21.0, 4, 0.01631255478769096], "L": [2.0, 1, 0.0014756143147363824], "T": [2.0, 1, 0.003523471217758334], "DRA": [1.0, 1, 0.0010570413653275001], "DPB1": [29.0, 16, 0.030180775662536154], "E": [154.0, 43, 0.11488011369855423], "DPA1": [2.0, 2, 0.0020654831276514375]}