{"A": [950.0, 281, 0.22444647897424286], "B": [1240.0, 335, 0.2953828911633185], "C": [692.0, 229, 0.163046059437156], "DPB1": [83.0, 20, 0.02771077073066267], "DRA": [140.0, 7, 0.04747425214712159], "DRB1": [162.0, 41, 0.05246552584798268], "DRB5": [70.0, 2, 0.022670288946659185], "E": [251.0, 60, 0.0600670039933418], "L": [4.0, 1, 0.0009467623277515123], "T": [50.0, 1, 0.02825848342090571], "DMB": [25.0, 2, 0.008188537809466994], "DQA1": [35.0, 10, 0.011822201462417973], "DMA": [26.0, 1, 0.008581087560943732], "DPA1": [76.0, 16, 0.025179283158489774], "F": [38.0, 4, 0.009469442225310995], "DQB1": [37.0, 12, 0.011849724047833127], "Y": [6.0, 2, 0.001888928721873163], "DOB": [1.0, 1, 0.00031558744258383746], "H": [1.0, 1, 0.00023669058193787808]}