{"A": [600.0, 223, 0.27297175109765737], "B": [926.0, 285, 0.4247681083333959], "C": [176.0, 127, 0.07985353459903131], "DRB5": [19.0, 3, 0.011849223203078083], "L": [2.0, 1, 0.0009115662491034907], "T": [21.0, 1, 0.02285469367033327], "DRB4": [37.0, 4, 0.023074803079678376], "DMB": [16.0, 2, 0.010091682919367939], "DRB1": [39.0, 11, 0.024322089732633962], "DMA": [30.0, 1, 0.019066347500332554], "DRA": [27.0, 1, 0.01763076368854281], "E": [131.0, 20, 0.06036855893970608], "F": [11.0, 4, 0.005278502737363921], "DQA1": [9.0, 8, 0.00585396450596148], "DPA1": [12.0, 9, 0.007655759456072228], "DPB1": [19.0, 11, 0.012215222375373931], "DQB1": [2.0, 2, 0.0012334279123671923]}