{"A": [1821.0, 470, 0.2339903633307485], "B": [3041.0, 452, 0.3939842915137644], "C": [1033.0, 302, 0.13237420614681986], "DMA": [34.0, 2, 0.006103047317529238], "DRA": [134.0, 4, 0.024713470037349073], "DRB5": [46.0, 3, 0.008102437350833044], "E": [665.0, 91, 0.08655312031689161], "F": [85.0, 9, 0.011520161363059512], "L": [18.0, 1, 0.0023171402277909954], "T": [22.0, 1, 0.00676239229877711], "DMB": [17.0, 2, 0.003028406055289129], "DRB1": [166.0, 28, 0.029239230439962724], "DPA1": [211.0, 33, 0.03801990779892397], "DQB1": [47.0, 27, 0.008186593101095319], "DQA1": [16.0, 10, 0.002939335288957096], "DPB1": [67.0, 36, 0.012165897412208521]}