{"A": [245.0, 138, 0.12912116644851365], "B": [495.0, 205, 0.2630334707986419], "C": [248.0, 137, 0.13034610505698369], "DQB1": [13.0, 11, 0.009287354647952049], "DRA": [122.0, 4, 0.09228520727105292], "DRB5": [56.0, 3, 0.04045658377327426], "E": [163.0, 42, 0.08701457807047323], "F": [13.0, 4, 0.007226471916273927], "T": [1.0, 1, 0.0012607268752876084], "DRB4": [8.0, 3, 0.005779511967610609], "DMB": [9.0, 2, 0.006575836769966048], "DRB1": [141.0, 24, 0.10186389842913698], "DMA": [3.0, 1, 0.0022086779990725656], "DPA1": [131.0, 29, 0.09681512935398288], "DPB1": [20.0, 12, 0.014895074279459772], "DQA1": [15.0, 7, 0.011302219448379145], "H": [1.0, 1, 0.0005279868939388798]}