{"A": [698.0, 380, 0.16529903145162494], "B": [1535.0, 561, 0.3665200409664663], "C": [427.0, 270, 0.10084579231171527], "DMA": [29.0, 2, 0.00959384457133548], "DPA1": [114.0, 33, 0.037858230896637354], "DQB1": [49.0, 34, 0.015729984240971252], "DRA": [149.0, 8, 0.05064563953695666], "DRB1": [214.0, 61, 0.0694701895164197], "DRB5": [83.0, 3, 0.026944045466648765], "E": [366.0, 93, 0.08779484765566566], "HFE": [10.0, 1, 0.0024835364862067937], "K": [3.0, 1, 0.0007137043095311564], "L": [24.0, 1, 0.005694005914726671], "T": [9.0, 1, 0.005098554315801006], "DRB4": [4.0, 2, 0.0012985082152601813], "DMB": [7.0, 2, 0.0022982119832587865], "DPB1": [81.0, 46, 0.02710698568671037], "F": [34.0, 6, 0.008492692779633952], "DQA1": [38.0, 23, 0.0128658831562791], "DRB3": [10.0, 4, 0.003246270538150453]}