{"A": [71.0, 57, 0.14747742125297833], "B": [100.0, 72, 0.20943132805102266], "C": [132.0, 89, 0.2734362810597494], "DRA": [22.0, 3, 0.06558896414962616], "E": [80.0, 34, 0.1683178717694197], "T": [2.0, 1, 0.00993772184085245], "DQA1": [5.0, 5, 0.014848353922367429], "DRB1": [28.0, 12, 0.07972509431874886], "F": [1.0, 1, 0.0021908810398421105], "DQB1": [2.0, 2, 0.005631375709816387], "DPB1": [5.0, 4, 0.01467636526689599], "DPA1": [3.0, 3, 0.0087383416186806]}