{"A": [4709.0, 840, 0.17320731165998576], "B": [6419.0, 918, 0.2380561286591084], "C": [3776.0, 755, 0.1385110869678428], "DMA": [189.0, 2, 0.009711339320002671], "DMB": [60.0, 4, 0.0030596090690725103], "DOB": [11.0, 4, 0.0005404564924931004], "DPA1": [1155.0, 67, 0.059574457046078534], "DPB1": [971.0, 113, 0.05047055516102469], "DQB1": [548.0, 114, 0.02732344217536162], "DRA": [1780.0, 5, 0.09397199305480747], "DRB1": [1229.0, 36, 0.06196682397721538], "DRB5": [750.0, 6, 0.037815392988536645], "DRB7": [1.0, 1, 0.00010769823923135236], "E": [1581.0, 144, 0.05890368411834689], "L": [46.0, 2, 0.0016950680900919965], "T": [142.0, 1, 0.012494403570957545], "K": [4.0, 2, 0.0001478017921747745], "DPB2": [6.0, 2, 0.00031226937921461707], "F": [197.0, 9, 0.00764285055063992], "DQA1": [448.0, 43, 0.02355898983185833], "DOA": [15.0, 8, 0.0008045187193577119], "DRB3": [1.0, 1, 5.042052398471553e-05], "H": [2.0, 1, 7.36986126126955e-05]}