{"A": [843.0, 303, 0.2513925787494667], "B": [1520.0, 360, 0.45702812469536297], "C": [260.0, 134, 0.0773238104272701], "DRA": [110.0, 5, 0.047082386530149234], "F": [37.0, 5, 0.01163799625129573], "L": [4.0, 1, 0.0011950240774905164], "T": [18.0, 1, 0.012840650871858882], "DMB": [11.0, 2, 0.004547730517116687], "DMA": [76.0, 1, 0.0316605361191635], "E": [139.0, 37, 0.04198679613957916], "DPA1": [28.0, 14, 0.011709099262461355], "DRB3": [44.0, 10, 0.01798652968567499], "DRB1": [75.0, 18, 0.030658857418764188], "DPB1": [7.0, 7, 0.0029498792543459595]}