{"A": [1645.0, 525, 0.15567817381800225], "B": [3053.0, 604, 0.29131516335148344], "C": [504.0, 262, 0.0475671776503217], "DPB1": [111.0, 51, 0.014844518875568083], "DRA": [606.0, 5, 0.08231431251001281], "DRB1": [872.0, 51, 0.11312227617536526], "E": [849.0, 120, 0.08138466390913388], "F": [148.0, 8, 0.014773219553399167], "L": [16.0, 1, 0.001516958133269731], "T": [50.0, 1, 0.011319349905117276], "DRB4": [297.0, 10, 0.03852903213771042], "DMB": [10.0, 2, 0.0013120155571840477], "DMA": [61.0, 1, 0.008064388753012177], "DQB1": [131.0, 52, 0.016805461492464112], "DOB": [5.0, 3, 0.000632065888862388], "DPA1": [471.0, 41, 0.06250623082087862], "DQA1": [431.0, 38, 0.058314991468214714]}