{"A": [3114.0, 630, 0.10105706464293127], "B": [7241.0, 816, 0.23693055892528747], "C": [3462.0, 490, 0.11204440012717556], "DMA": [333.0, 2, 0.0150963549551535], "DPB1": [1383.0, 113, 0.06342369975280358], "DQB1": [583.0, 51, 0.025646845000332298], "DRA": [2616.0, 9, 0.12185033168960217], "DRB1": [2324.0, 61, 0.10338416366853939], "DRB5": [775.0, 8, 0.03447621636967213], "E": [1547.0, 127, 0.050852398626151776], "F": [268.0, 11, 0.00917348754689322], "L": [21.0, 1, 0.0006827459801674769], "T": [86.0, 1, 0.006676305125704502], "DMB": [33.0, 3, 0.0014847015759197513], "DQA1": [638.0, 51, 0.02960123766990004], "DPA1": [1887.0, 59, 0.08587377390836998], "DOB": [23.0, 7, 0.000997025875800125], "DOA": [10.0, 4, 0.0004732116576636658], "DRB3": [4.0, 3, 0.00017794176190798517], "H": [3.0, 2, 9.753514002392527e-05]}