{"A": [1155.0, 356, 0.19873939884986483], "B": [1506.0, 370, 0.2612771437836454], "C": [791.0, 313, 0.13573551412158713], "DRA": [403.0, 6, 0.09952860997048592], "DRB5": [13.0, 2, 0.003066303677959878], "E": [328.0, 77, 0.05716745903371011], "K": [2.0, 1, 0.0003457117666332412], "L": [8.0, 1, 0.0013790619012048636], "T": [8.0, 1, 0.0032929234067985416], "DRB3": [40.0, 10, 0.009434780547568853], "DMB": [13.0, 3, 0.0031011480379366948], "DMA": [84.0, 1, 0.020191150584052887], "DRB1": [321.0, 41, 0.07571411389424006], "F": [28.0, 5, 0.005081730502422533], "DPA1": [204.0, 35, 0.04922352747748854], "DPB1": [150.0, 52, 0.03647325877703983], "DQA1": [65.0, 23, 0.01599029457061108], "DQB1": [104.0, 20, 0.024257869096749256]}