{"A": [3449.0, 797, 0.1440939136444282], "B": [8283.0, 1178, 0.3489109220290214], "C": [3937.0, 805, 0.16403362354734552], "DMA": [168.0, 2, 0.009804862746109174], "DPA1": [643.0, 55, 0.037670726313310254], "DPB1": [405.0, 112, 0.023910507124233416], "DRA": [1186.0, 8, 0.07111775468776835], "DRB1": [1150.0, 71, 0.06585975444539624], "E": [1504.0, 210, 0.06364632570141718], "F": [280.0, 10, 0.012338492024402514], "HFE": [5.0, 1, 0.0002190675773878261], "K": [3.0, 2, 0.00012590873935501587], "L": [27.0, 1, 0.0011300768878059226], "T": [133.0, 1, 0.013292104234785258], "Y": [1.0, 1, 5.567081396239172e-05], "DRB3": [216.0, 12, 0.012370179965396164], "DRB4": [1.0, 1, 5.726935169164891e-05], "DMB": [49.0, 3, 0.002838086849173647], "DQA1": [151.0, 41, 0.009019251766219568], "DPA2": [1.0, 1, 6.258219741474867e-05], "H": [14.0, 7, 0.000585965793677145], "DOB": [3.0, 3, 0.00016741879819347], "DQB1": [329.0, 84, 0.01863226540981302], "DRB5": [1.0, 1, 5.726935169164891e-05]}