{"A": [703.0, 292, 0.1918122464482302], "B": [1186.0, 310, 0.32627226365267303], "C": [246.0, 144, 0.06693775381185675], "DMA": [8.0, 2, 0.003049234239303845], "DRA": [206.0, 7, 0.08067317174691525], "DRB3": [16.0, 5, 0.005984264949045749], "E": [332.0, 74, 0.09175550890392263], "L": [2.0, 1, 0.0005466920876124138], "T": [12.0, 1, 0.00783234677154517], "DMB": [7.0, 3, 0.002647867232425782], "DQB1": [22.0, 15, 0.008136938034883039], "DRB1": [249.0, 39, 0.09313012326952445], "F": [25.0, 5, 0.007194698943602372], "DPA1": [197.0, 29, 0.07537508430432406], "DQA1": [21.0, 12, 0.008191839250317263], "DPB1": [79.0, 32, 0.030459966353818042]}