{"A": [554.0, 163, 0.06835404028158294], "B": [1551.0, 216, 0.19294817868785524], "C": [114.0, 61, 0.014027306862691777], "DMA": [125.0, 2, 0.021544887582897593], "DPB1": [434.0, 70, 0.07567030354520832], "DQA1": [318.0, 34, 0.05609480793302174], "DRA": [1008.0, 5, 0.17850725117154265], "L": [10.0, 1, 0.0012360789518363142], "T": [4.0, 1, 0.0011806035130393034], "DMB": [7.0, 2, 0.001197373449304066], "DRB1": [1226.0, 35, 0.20735509903453786], "F": [35.0, 4, 0.004554850008880021], "E": [196.0, 51, 0.02449534466030163], "DPA1": [574.0, 34, 0.09931318172618553], "DQB1": [320.0, 34, 0.05352069259111508]}