{"A": [584.0, 263, 0.20919156748404666], "B": [335.0, 185, 0.12099031137599044], "C": [461.0, 201, 0.1646824326047612], "DRA": [176.0, 6, 0.09048673120502518], "DRB1": [148.0, 21, 0.07267128948922477], "E": [332.0, 80, 0.12045989177002421], "T": [31.0, 1, 0.02656333965299035], "DRB4": [82.0, 7, 0.040263822554840754], "DMB": [6.0, 2, 0.00297961214582663], "DMA": [22.0, 1, 0.01100864334793961], "DPA1": [77.0, 23, 0.038677877203297406], "DPB1": [72.0, 30, 0.03644560338987939], "F": [66.0, 6, 0.024936004816946782], "DRB3": [59.0, 5, 0.0289703113504342], "DQA1": [19.0, 7, 0.009730295913715088], "DQB1": [4.0, 2, 0.0019422656950573588]}