{"A": [1953.0, 445, 0.11181048164624724], "B": [2830.0, 471, 0.1633582870734294], "C": [2313.0, 415, 0.1320598893081192], "DMA": [163.0, 2, 0.013036099705780142], "DOB": [10.0, 4, 0.0007647347012929106], "DPA1": [1174.0, 42, 0.09425164742264301], "DPB1": [774.0, 96, 0.06261848513953486], "DQB1": [530.0, 92, 0.04113139752657647], "DRA": [1624.0, 5, 0.13344650527157417], "DRB1": [1565.0, 52, 0.1228186843675704], "E": [434.0, 74, 0.025167672990483694], "L": [6.0, 1, 0.00034413061558180976], "T": [45.0, 1, 0.006162862004536984], "DRB4": [189.0, 8, 0.014832416195189012], "DMB": [23.0, 2, 0.0018255144271014856], "DQA1": [673.0, 44, 0.05508539390149035], "DPA2": [1.0, 1, 8.57587891490822e-05], "DOA": [9.0, 5, 0.0007513289933817998], "F": [119.0, 6, 0.007185861576471654], "DRB3": [169.0, 8, 0.01326284834384626]}