{"A": [11004.0, 1158, 0.14793562879310135], "B": [15458.0, 698, 0.209531809534188], "C": [3297.0, 445, 0.04420345020336747], "DMA": [626.0, 3, 0.011756453422405803], "DMB": [216.0, 4, 0.004025808476624003], "DPA1": [4754.0, 74, 0.08962351148428081], "DPB1": [3863.0, 200, 0.07338853693572878], "DQA1": [2162.0, 84, 0.041554590794736126], "DQB1": [2205.0, 79, 0.04018353275741367], "DRA": [7261.0, 5, 0.14010690581108312], "DRB1": [6348.0, 61, 0.11698466679388302], "DRB5": [3.0, 1, 5.5285759354387065e-05], "E": [4746.0, 227, 0.06462833866255618], "K": [13.0, 9, 0.00017556895765697848], "L": [29.0, 3, 0.00039058178346808303], "T": [241.0, 1, 0.007750485309753255], "DPB2": [5.0, 1, 9.511145455941588e-05], "V": [2.0, 1, 5.7103666335092245e-05], "F": [429.0, 10, 0.006083186103486606], "DOB": [43.0, 5, 0.0007721846753621872], "DOA": [30.0, 9, 0.0005880995118574241], "DRB3": [3.0, 3, 5.5285759354387065e-05], "H": [4.0, 3, 5.387334944387352e-05]}