{"A": [856.0, 285, 0.2540094761543891], "B": [1054.0, 292, 0.3153488310008166], "C": [554.0, 210, 0.1639460433897239], "E": [374.0, 62, 0.11241410684914839], "F": [42.0, 4, 0.013145498355211793], "L": [8.0, 1, 0.0023782523093109965], "T": [15.0, 1, 0.010647730927307404], "V": [9.0, 2, 0.005671924753153692], "Y": [5.0, 2, 0.001977066543541302], "DRB4": [17.0, 4, 0.006915043231442337], "DMB": [2.0, 2, 0.0008227792080192086], "DMA": [13.0, 1, 0.005388889774660159], "DRA": [47.0, 3, 0.020017734143337917], "DPA1": [64.0, 26, 0.026631566089449325], "DPB1": [50.0, 22, 0.020966574412844694], "DRB1": [78.0, 18, 0.03172784541485307], "DQA1": [7.0, 4, 0.002969718703944331], "K": [2.0, 2, 0.0005961949979425555], "DQB1": [11.0, 7, 0.004424723740903299]}