{"A": [4380.0, 973, 0.180426806112691], "B": [4472.0, 901, 0.18573904408880787], "C": [5563.0, 973, 0.2285341109577802], "DMA": [160.0, 2, 0.009207181991320004], "DPA1": [1045.0, 73, 0.06036480740908774], "DPB1": [752.0, 140, 0.043774995768770086], "DQB1": [392.0, 97, 0.02188922266751226], "DRA": [1160.0, 8, 0.06858447918632293], "DRB3": [228.0, 12, 0.012874537065390724], "DRB5": [2.0, 2, 0.00011293453566132214], "E": [1646.0, 205, 0.06867992933788171], "F": [277.0, 13, 0.012035339082097585], "HFE": [6.0, 1, 0.0002591993211023468], "L": [34.0, 3, 0.0014031291716242917], "T": [92.0, 1, 0.009065764490146134], "DMB": [42.0, 3, 0.0023985755358069444], "DQA1": [311.0, 42, 0.018315908276775796], "DPB2": [5.0, 2, 0.00029143222636829585], "H": [2.0, 2, 8.253701009554656e-05], "DRB1": [1338.0, 89, 0.07555320435742452], "DOB": [1.0, 1, 5.502467339703105e-05], "DOA": [3.0, 3, 0.0001802003248301176], "K": [1.0, 1, 4.1381776333357296e-05], "G": [2.0, 2, 8.89484395916608e-05], "J": [1.0, 1, 4.1306193180237005e-05]}