{"A": [171.0, 125, 0.21677142880666764], "B": [300.0, 171, 0.38344373371630347], "C": [81.0, 73, 0.1024014178243458], "DRB5": [7.0, 2, 0.012163926683809327], "L": [6.0, 2, 0.00761989463534771], "T": [5.0, 1, 0.015162317575056445], "DMA": [4.0, 1, 0.007083464393843164], "DRA": [14.0, 2, 0.02547269352609483], "F": [8.0, 3, 0.010696643637964891], "E": [58.0, 24, 0.0744743945540872], "DPA1": [26.0, 13, 0.04621892667706861], "DQA1": [6.0, 5, 0.010874224635860793], "DMB": [1.0, 1, 0.0017574504461997243], "DRB1": [28.0, 12, 0.04865570673523731], "DRB3": [2.0, 2, 0.0034754076239455222], "DOA": [1.0, 1, 0.0018484737760825784], "DPB1": [13.0, 9, 0.02328791479288592], "DQB1": [5.0, 5, 0.00859197995919865]}