{"B": [52.0, 42, 0.543182225761933], "C": [16.0, 12, 0.1653113795443988], "L": [1.0, 1, 0.010379096081112175], "F": [2.0, 1, 0.021854926618441774], "E": [2.0, 1, 0.020987987647415024], "A": [23.0, 21, 0.23828438434669919]}