{"A": [199.0, 127, 0.2120960537774183], "B": [335.0, 155, 0.3599969150663685], "C": [32.0, 22, 0.03401296649242292], "DQA1": [32.0, 12, 0.04876077618249692], "F": [13.0, 3, 0.014614180757866512], "L": [4.0, 1, 0.00427101689189754], "T": [16.0, 1, 0.040793329093853636], "DRB4": [8.0, 4, 0.011687976313407502], "DMB": [15.0, 2, 0.02216398917386224], "DRB1": [49.0, 14, 0.07158885491962094], "DMA": [2.0, 1, 0.0029777573241219495], "DRA": [26.0, 2, 0.03977349586650729], "E": [90.0, 33, 0.09716169423818574], "DPA1": [17.0, 10, 0.025407914026128665], "DQB1": [6.0, 6, 0.008668582432443898], "DPB1": [4.0, 4, 0.006024497443397303]}