{"A": [1952.0, 426, 0.21348467022658316], "B": [2015.0, 520, 0.22219607980711006], "C": [1387.0, 353, 0.1512789020457787], "DPB1": [170.0, 51, 0.02627345121031791], "DQB1": [191.0, 63, 0.02831636945366485], "DRA": [278.0, 6, 0.04363877817866921], "E": [1098.0, 103, 0.12163604192683895], "L": [18.0, 2, 0.0019722009909161997], "T": [60.0, 1, 0.01569740222254288], "DRB4": [91.0, 6, 0.013642629909142605], "DMB": [13.0, 3, 0.001971094256353396], "DRB1": [608.0, 53, 0.09115075807427146], "DMA": [80.0, 1, 0.012222404783964684], "F": [73.0, 8, 0.008420955111603335], "DPA1": [191.0, 24, 0.029292795986549845], "DRB3": [41.0, 6, 0.006146679409613701], "DQA1": [80.0, 23, 0.012508867396088858], "DRB5": [1.0, 1, 0.00014991900999057807]}