{"B": [50.0, 44, 0.21361342561967478], "DRB4": [9.0, 4, 0.05227528550557884], "T": [3.0, 1, 0.030408499411741945], "DMA": [6.0, 1, 0.035515270305316926], "DRA": [23.0, 3, 0.13987909729401293], "DRB1": [27.0, 11, 0.15682585651673653], "DPB1": [9.0, 6, 0.053889966138955796], "DPA1": [9.0, 7, 0.05347701620685652], "E": [5.0, 5, 0.021459872739836332], "DQA1": [3.0, 3, 0.018173829726548896], "A": [45.0, 35, 0.19067624631133265], "C": [8.0, 8, 0.03380563422340793]}