{"A": [607.0, 298, 0.1273827838100914], "B": [1744.0, 429, 0.3690141210084214], "C": [199.0, 138, 0.04164761558396455], "DRA": [282.0, 6, 0.08493996112418617], "DRB3": [90.0, 11, 0.025890138760061524], "DRB5": [106.0, 2, 0.03049283009518357], "E": [160.0, 45, 0.03401066198738709], "L": [5.0, 1, 0.0010511963273930089], "S": [1.0, 1, 0.0008630046253353842], "T": [24.0, 1, 0.012048221436054775], "DMB": [32.0, 2, 0.009309989291496871], "DMA": [71.0, 1, 0.020814222242344627], "DRB1": [307.0, 37, 0.0883141399926543], "DQB1": [59.0, 29, 0.016783841806059636], "F": [36.0, 5, 0.00796849227543104], "DPA1": [233.0, 30, 0.06856753607501861], "DPB1": [174.0, 86, 0.051600346053836905], "DQA1": [31.0, 16, 0.009300897505079394]}