{"A": [3084.0, 799, 0.12349885814500833], "B": [5839.0, 966, 0.23575532363910198], "C": [2072.0, 606, 0.08274720723642051], "DMA": [189.0, 2, 0.010572803751104948], "DMB": [40.0, 3, 0.0022206786778815905], "DOA": [1.0, 1, 5.8392347705252976e-05], "DQA1": [822.0, 78, 0.047061038918918774], "DQB1": [597.0, 114, 0.03240710417255201], "DRA": [2037.0, 5, 0.11707940502421836], "DRB1": [2109.0, 102, 0.11576971831050567], "DRB5": [114.0, 2, 0.006257822611378684], "E": [1366.0, 164, 0.055407981609712], "F": [147.0, 10, 0.0062089407875525054], "L": [29.0, 2, 0.001163424905875556], "T": [101.0, 1, 0.00967519220049587], "DPA1": [1495.0, 69, 0.08395186404083393], "DRB4": [212.0, 7, 0.01163735432993229], "DPB2": [7.0, 2, 0.00039663152674534595], "DOB": [8.0, 2, 0.0004279264021611241], "DPB1": [1018.0, 154, 0.05760732008089124], "H": [1.0, 1, 4.011810020260538e-05], "DRB3": [1.0, 1, 5.4893180801567414e-05]}