{"A": [193.0, 114, 0.34978220310320784], "B": [146.0, 89, 0.26678887516269173], "C": [24.0, 20, 0.04337771416552891], "DMA": [13.0, 2, 0.03291270265326628], "E": [81.0, 20, 0.14869572290113905], "T": [9.0, 1, 0.03901867916360076], "DRB1": [8.0, 2, 0.019874683019661808], "F": [12.0, 5, 0.022938935300791222], "DPA1": [22.0, 11, 0.055911823782324455], "DQA1": [7.0, 4, 0.01813758914245504], "DPB1": [1.0, 1, 0.0025610716053328683]}