{"A": [2115.0, 562, 0.22462017285811442], "B": [3596.0, 645, 0.38506365502189827], "C": [662.0, 334, 0.07011507388143372], "DMA": [33.0, 2, 0.004895895273275777], "DPB1": [73.0, 32, 0.010955761436372119], "DRA": [196.0, 6, 0.029876888184582014], "E": [1084.0, 143, 0.1166113237816594], "F": [150.0, 8, 0.016802784406579164], "HFE": [9.0, 1, 0.001002389602707674], "L": [58.0, 2, 0.006171037207423582], "T": [51.0, 1, 0.012956813753517711], "DRB4": [54.0, 4, 0.007861437558314118], "DMB": [15.0, 2, 0.0022085477988950646], "DPB2": [4.0, 2, 0.0006010892978436052], "DRB1": [305.0, 42, 0.04440256398677418], "DPA1": [200.0, 27, 0.029785778743718877], "DQB1": [88.0, 53, 0.012668884558995095], "DQA1": [144.0, 21, 0.02186462320906114], "Y": [1.0, 1, 0.0001415185968224022], "DOA": [9.0, 3, 0.0013937608420118654]}