{"A": [763.0, 312, 0.33684459662434685], "B": [257.0, 132, 0.11439647197946093], "C": [595.0, 223, 0.2619612379317409], "DMA": [9.0, 2, 0.0055504392128330245], "E": [293.0, 57, 0.13102245283282288], "F": [90.0, 9, 0.04190821538219748], "L": [11.0, 2, 0.004865074760153521], "T": [19.0, 1, 0.020065422223299056], "DRB4": [14.0, 4, 0.008472330850050577], "DMB": [7.0, 2, 0.004284303668491484], "DRA": [32.0, 5, 0.02027663719407062], "DRB1": [12.0, 6, 0.0072619978714719225], "DRB3": [6.0, 2, 0.0036309989357359612], "DPA1": [32.0, 18, 0.019810507603402333], "DQA1": [22.0, 9, 0.013885734211271508], "G": [7.0, 4, 0.0033364488745774397], "DOB": [2.0, 1, 0.0011794120630675203], "DPB1": [2.0, 2, 0.0012477177810057936]}