{"A": [1122.0, 283, 0.23196891266140748], "B": [1991.0, 351, 0.41503301972040185], "C": [926.0, 288, 0.1909250608429711], "DRB1": [39.0, 10, 0.011052775806074394], "E": [413.0, 78, 0.08648883344533277], "L": [3.0, 1, 0.0006213695550719813], "T": [20.0, 1, 0.009891373019010769], "DMB": [9.0, 2, 0.0025796251225715587], "DMA": [2.0, 1, 0.0005776259816445221], "DRA": [13.0, 1, 0.0038576354774141996], "DRB3": [8.0, 3, 0.002267236062784491], "F": [45.0, 4, 0.009812983175200166], "DPB1": [58.0, 19, 0.01694518227233621], "DPA1": [43.0, 6, 0.012466540822235986], "H": [4.0, 2, 0.000828492740095975], "DQA1": [13.0, 9, 0.0038425665888305502], "DQB1": [3.0, 1, 0.0008407667066159154]}