{"A": [705.0, 281, 0.22707541165455708], "B": [986.0, 243, 0.32020814042260104], "C": [507.0, 214, 0.1628560787579683], "DRB1": [83.0, 20, 0.036646196803156346], "E": [319.0, 70, 0.1040745961070745], "L": [2.0, 1, 0.0006453610860814404], "T": [12.0, 1, 0.009245957520853054], "DQA1": [14.0, 8, 0.006446888349501056], "DRA": [109.0, 4, 0.05039046848864914], "F": [56.0, 6, 0.019024823256164496], "DPB1": [84.0, 32, 0.038233283802446415], "DPA1": [46.0, 13, 0.020776835578468645], "DRB4": [2.0, 1, 0.0008830408868230446], "DQB1": [8.0, 6, 0.003492917285655598]}