{"A": [455.0, 257, 0.18152947780395318], "B": [712.0, 306, 0.28641134429139203], "C": [174.0, 97, 0.06923090855146842], "DMA": [65.0, 2, 0.036226711491955756], "DRA": [142.0, 8, 0.08131394113705714], "DRB1": [211.0, 33, 0.11539527886478237], "DRB3": [44.0, 8, 0.024063470474172628], "E": [146.0, 38, 0.059001312857946], "F": [21.0, 5, 0.008837036871147886], "L": [1.0, 1, 0.0003996939252200621], "T": [23.0, 1, 0.021950946551083497], "DRB4": [41.0, 5, 0.02242277930547904], "DMB": [6.0, 1, 0.0033186707730393037], "DPA1": [64.0, 14, 0.035806041750493026], "DQA1": [35.0, 14, 0.01996387886906456], "DOA": [2.0, 2, 0.0011635180399500347], "DQB1": [13.0, 12, 0.007030665489549933], "DPB1": [46.0, 29, 0.02593432295224537]}