{"A": [3611.0, 847, 0.11861102494473826], "B": [7865.0, 1136, 0.2604778254809677], "C": [3175.0, 762, 0.10400550357183892], "DMA": [312.0, 3, 0.014316338499717309], "DOB": [11.0, 4, 0.000482637183653674], "DPA1": [1557.0, 67, 0.0717177673340171], "DPB1": [1160.0, 176, 0.0538439461047679], "DQB1": [639.0, 130, 0.028452193244844163], "DRA": [2350.0, 8, 0.11079147328149758], "DRB1": [2608.0, 106, 0.11742889694976037], "DRB3": [634.0, 17, 0.028546748721682547], "E": [1393.0, 198, 0.04634701246174982], "HFE": [1.0, 1, 3.444714465254146e-05], "L": [18.0, 2, 0.0005923274526658727], "T": [104.0, 1, 0.008171853348422516], "DMB": [111.0, 3, 0.0050547270329348625], "DPB2": [4.0, 1, 0.00018590804356294284], "DQA1": [502.0, 46, 0.02357449550326547], "F": [201.0, 12, 0.006963783141876459], "DOA": [7.0, 4, 0.0003352763919767283], "H": [2.0, 2, 6.581416140731918e-05]}