{"A": [1878.0, 542, 0.12557541975613137], "B": [2518.0, 640, 0.16976151280773702], "C": [2997.0, 670, 0.19985306573074732], "DMA": [103.0, 2, 0.009621129701823935], "DPA1": [815.0, 53, 0.07642003590486421], "DPB1": [600.0, 100, 0.05669459043845719], "DQA1": [312.0, 50, 0.029826669688482087], "DQB1": [319.0, 97, 0.02891459109022081], "DRA": [1095.0, 6, 0.10509064915881472], "DRB1": [1080.0, 78, 0.09899257701276683], "E": [1008.0, 144, 0.06827200237522553], "F": [128.0, 8, 0.009027565140325326], "HFE": [2.0, 1, 0.0001402473631667661], "L": [1.0, 1, 6.69885899797464e-05], "T": [66.0, 1, 0.010557051513670883], "DRB3": [58.0, 11, 0.005316268024759699], "DMB": [39.0, 3, 0.003615353901634192], "DPB2": [4.0, 1, 0.0003784510031845467], "DPA2": [1.0, 1, 0.00010016302130668767], "W": [1.0, 1, 7.843963100192528e-05], "H": [7.0, 3, 0.00046892012985822487], "DOB": [13.0, 6, 0.0011611355596489379], "K": [1.0, 1, 6.717245619195066e-05]}