{"A": [179.0, 122, 0.19396726451238425], "B": [127.0, 96, 0.138756581391333], "C": [248.0, 150, 0.2680045159341192], "DMA": [9.0, 2, 0.013623782875683265], "DQB1": [18.0, 14, 0.02644023046984456], "DRA": [56.0, 4, 0.08709722978301737], "DRB1": [42.0, 10, 0.06238706065918379], "DRB5": [15.0, 2, 0.02228109309256564], "F": [22.0, 6, 0.025144887766710963], "L": [1.0, 1, 0.0010855934043275594], "T": [1.0, 1, 0.002592179457827898], "DRB4": [13.0, 4, 0.019310280680223557], "DMB": [2.0, 1, 0.0030045716443005185], "E": [49.0, 24, 0.053782941131003], "DPA1": [25.0, 15, 0.03798883688196057], "DQA1": [7.0, 6, 0.010844625778647183], "DPB1": [22.0, 19, 0.033688324536867584]}