{"A": [202.0, 114, 0.08385948493120263], "B": [654.0, 200, 0.2737493078999589], "C": [398.0, 183, 0.16477788128198162], "DMA": [26.0, 2, 0.015078354973269674], "DRA": [292.0, 8, 0.17399011596908343], "DRB1": [199.0, 38, 0.11324622177993868], "DRB3": [58.0, 8, 0.033006436498675594], "L": [1.0, 1, 0.00041590353063552653], "T": [6.0, 1, 0.00595856561537957], "DRB4": [1.0, 1, 0.0005690764913564758], "DPA1": [95.0, 34, 0.055305077407114975], "DPB1": [65.0, 23, 0.03813251933394454], "F": [7.0, 3, 0.003065141101859519], "DRB5": [1.0, 1, 0.0005690764913564758], "E": [39.0, 15, 0.01639979752166508], "DQA1": [16.0, 7, 0.009496463949511189], "DQB1": [22.0, 13, 0.01238057522306644]}