{"A": [7876.0, 1612, 0.1503550597497461], "B": [14670.0, 1951, 0.282368934010752], "C": [5621.0, 1371, 0.10701408599377414], "DMA": [345.0, 3, 0.009200495754132006], "DPA1": [2515.0, 82, 0.06732725489777559], "DPB1": [1683.0, 228, 0.045402291990392155], "DQA1": [1109.0, 122, 0.03026808928135289], "DQB1": [975.0, 238, 0.02523098916149244], "DRA": [3450.0, 9, 0.09453058382676806], "DRB1": [2836.0, 202, 0.07421443588106402], "DRB3": [146.0, 13, 0.0038206303380237472], "DRB5": [480.0, 8, 0.012560976453776703], "DRB7": [1.0, 1, 5.589634521930633e-05], "E": [3393.0, 271, 0.06560988214798422], "F": [398.0, 13, 0.008013957275678645], "HFE": [3.0, 1, 6.006054285742084e-05], "L": [138.0, 4, 0.002639266300272904], "T": [268.0, 1, 0.012238742253900405], "Y": [32.0, 4, 0.0008140244449413543], "DRB4": [140.0, 6, 0.0036636181323515386], "DMB": [137.0, 3, 0.0036258519389417458], "DPB2": [15.0, 2, 0.0004051764714672656], "DOB": [14.0, 3, 0.00035700220486783237], "DOA": [8.0, 5, 0.00022269460246735588]}