{"B": [106.0, 63, 0.25962953082159695], "C": [113.0, 81, 0.2737582572816587], "DPB1": [17.0, 10, 0.058358484545059916], "T": [4.0, 1, 0.023244671275925444], "DRA": [3.0, 1, 0.01046010207416645], "F": [22.0, 4, 0.05637000253225147], "E": [47.0, 20, 0.11564974479601928], "A": [82.0, 64, 0.19919921163098403], "DRB1": [1.0, 1, 0.0033299950423376335]}