{"A": [9573.0, 1015, 0.09097107617906786], "B": [27540.0, 1530, 0.2638722193294385], "C": [12925.0, 1106, 0.12249005972431246], "DMA": [1155.0, 2, 0.015332643987254767], "DOB": [23.0, 4, 0.0002919534637317826], "DPA1": [5345.0, 97, 0.07122682096270323], "DPB1": [4200.0, 237, 0.05640088065511757], "DQB1": [2436.0, 143, 0.03137977885930283], "DRB1": [8642.0, 95, 0.11257432704741864], "DRB3": [2705.0, 18, 0.03523646779255582], "E": [4286.0, 218, 0.04125537110724103], "F": [675.0, 13, 0.006765667600199623], "H": [13.0, 9, 0.00012376288136456], "HFE": [3.0, 1, 2.9897314960449145e-05], "K": [51.0, 18, 0.0004868639606413855], "L": [199.0, 2, 0.0018945241070421107], "S": [1.0, 1, 3.9079261877141394e-05], "T": [271.0, 1, 0.006160475275913551], "DMB": [357.0, 3, 0.004703277983418233], "DPB2": [3.0, 2, 4.033825871596682e-05], "DRA": [8964.0, 6, 0.12226383846484663], "DOA": [29.0, 8, 0.0004018469119717208], "DQA1": [1182.0, 80, 0.016058828870904377]}