{"A": [228.0, 113, 0.13738726913419164], "B": [428.0, 186, 0.26003384243551364], "C": [230.0, 93, 0.13821478459434308], "DQA1": [50.0, 22, 0.04307475029392316], "DRA": [82.0, 5, 0.07091962024863019], "DRB1": [133.0, 20, 0.10985835940131053], "E": [122.0, 47, 0.0744636864121665], "F": [13.0, 4, 0.00826240743390065], "T": [8.0, 1, 0.011531645568882958], "DRB4": [26.0, 4, 0.021476070258902812], "DMB": [4.0, 2, 0.0033415563864376756], "DMA": [13.0, 1, 0.01094295946398292], "DPA1": [52.0, 14, 0.04393954604695058], "DQB1": [31.0, 20, 0.025321571728338828], "K": [2.0, 2, 0.0012106645279316738], "DPB1": [47.0, 34, 0.04002126606459332]}