{"A": [18925.0, 1425, 0.17115128049301695], "B": [28025.0, 1433, 0.25554321017921966], "C": [20815.0, 1335, 0.18773087350644066], "DMA": [1007.0, 2, 0.012721945453843982], "DOB": [43.0, 5, 0.0005194493925115661], "DPA1": [3737.0, 69, 0.04739231685552063], "DPB1": [2319.0, 161, 0.029636460509850426], "DQB1": [1298.0, 135, 0.015912421649054567], "DRA": [5434.0, 5, 0.0705350215869358], "DRB1": [7545.0, 87, 0.09353482384992039], "E": [5010.0, 233, 0.04589390880522144], "K": [10.0, 3, 9.08503161013016e-05], "L": [114.0, 4, 0.0010328586758078814], "T": [508.0, 1, 0.010989998456067778], "U": [1.0, 1, 5.0662956887103385e-05], "DRB3": [815.0, 17, 0.010103496545750181], "DRB4": [1674.0, 11, 0.020752457935688105], "DMB": [194.0, 3, 0.002432333677620226], "DPB2": [5.0, 2, 6.398156926464087e-05], "DQA1": [1366.0, 59, 0.017661845605632175], "DPA2": [1.0, 1, 1.3546984379089037e-05], "F": [639.0, 12, 0.0060953231242731765], "DOA": [10.0, 5, 0.0001318717071696184], "H": [1.0, 1, 9.060163822876153e-06]}