{"A": [758.0, 324, 0.2431879874562995], "B": [899.0, 414, 0.2908084791233129], "C": [500.0, 238, 0.15997714372579067], "DMA": [27.0, 2, 0.012100866543350077], "DRA": [59.0, 4, 0.027168510534074868], "DRB1": [137.0, 28, 0.06025086748606015], "DRB5": [42.0, 3, 0.018471068864339607], "E": [169.0, 51, 0.05492027150537666], "L": [3.0, 1, 0.0009642417987705961], "T": [23.0, 1, 0.017651857126658812], "Y": [3.0, 1, 0.0012825352080735113], "DRB4": [44.0, 5, 0.019350643572165305], "DMB": [8.0, 2, 0.0035582794998403142], "F": [49.0, 4, 0.016581377381100253], "DPA1": [58.0, 21, 0.026094049665495635], "DQA1": [40.0, 15, 0.01834737867105162], "DPB1": [55.0, 24, 0.024935433560657028], "DQB1": [10.0, 7, 0.004349008277582606]}