{"A": [14833.0, 1042, 0.1391323063740391], "B": [31070.0, 844, 0.29384256156729505], "C": [11213.0, 747, 0.10489042158964515], "DMA": [860.0, 2, 0.011268788634145276], "DMB": [221.0, 4, 0.0028738786094709293], "DOB": [24.0, 6, 0.0003007050710045217], "DPA1": [4053.0, 101, 0.05331091903928536], "DPB1": [4003.0, 214, 0.05305983548734259], "DQB1": [2506.0, 178, 0.03186378592204148], "DRA": [6303.0, 8, 0.08485690737522403], "DRB1": [7005.0, 108, 0.09006933397845644], "DRB3": [3136.0, 16, 0.04032226000805701], "DRB5": [13.0, 3, 0.00016715222579870577], "E": [4963.0, 269, 0.047153759140492496], "F": [599.0, 12, 0.005926215235793483], "K": [25.0, 6, 0.00023557064688711963], "L": [107.0, 1, 0.0010054825811713695], "T": [325.0, 1, 0.0072924255372964755], "Y": [81.0, 2, 0.0010124163146047263], "DQA1": [2301.0, 78, 0.030857214996175917], "DPB2": [1.0, 1, 1.3272098816887718e-05], "DPA2": [8.0, 2, 0.00011240544264016228], "DOA": [21.0, 7, 0.0002872272540770282], "H": [12.0, 5, 0.00011276440162669565], "DRB4": [1.0, 1, 1.2857863522977366e-05], "J": [1.0, 1, 9.405615234616318e-06], "G": [1.0, 1, 1.0126989854380404e-05]}