{"A": [203.0, 129, 0.14694717349732134], "B": [154.0, 111, 0.11239846499481632], "C": [295.0, 142, 0.21296205852949338], "DRA": [81.0, 5, 0.08415717000872382], "T": [9.0, 1, 0.015584661112726633], "DRB4": [26.0, 4, 0.025799326636049336], "DRB1": [154.0, 28, 0.15281139622890758], "DMA": [39.0, 1, 0.039437520296709], "E": [97.0, 27, 0.0711229875688733], "F": [5.0, 2, 0.0038175682840973025], "DPB1": [35.0, 19, 0.035802599853561184], "DQA1": [51.0, 15, 0.052780864002867155], "DQB1": [9.0, 6, 0.008831307963878425], "DMB": [1.0, 1, 0.0010035577231680029], "DPA1": [36.0, 12, 0.036543343298807276]}