{"A": [420.0, 173, 0.15825568649469032], "B": [620.0, 245, 0.23554624412550923], "C": [521.0, 184, 0.19577749990220916], "DPB1": [130.0, 51, 0.06922049607848287], "DRB5": [53.0, 4, 0.027375100825967568], "E": [140.0, 30, 0.053433193041565186], "L": [12.0, 1, 0.004529842121250522], "T": [10.0, 1, 0.009013629202778815], "DMB": [10.0, 2, 0.005223807833428631], "DMA": [31.0, 1, 0.01631742111022134], "DRA": [106.0, 4, 0.057326681729673264], "DOB": [11.0, 3, 0.005536473703750637], "F": [8.0, 4, 0.0031794473038044], "DRB1": [134.0, 18, 0.06921251906942744], "DPA1": [99.0, 27, 0.052310130856126714], "DQB1": [59.0, 32, 0.030135566967957172], "DOA": [6.0, 2, 0.0032966181705780685], "DQA1": [8.0, 4, 0.004309641462578621]}