{"A": [635.0, 234, 0.18380950630257642], "B": [1697.0, 256, 0.4952797205420395], "C": [252.0, 121, 0.07274611506489831], "DRA": [18.0, 3, 0.00747838213692372], "DRB5": [18.0, 2, 0.00714227507459007], "E": [262.0, 34, 0.07681898993971], "L": [25.0, 1, 0.007249800201169209], "T": [12.0, 1, 0.008309313485470801], "Y": [8.0, 2, 0.003085740202128719], "DRB4": [5.0, 2, 0.0019839652984972415], "DRB1": [70.0, 13, 0.027775514178961385], "DMA": [10.0, 1, 0.00404365446334934], "DPA1": [109.0, 21, 0.04424470657637182], "F": [6.0, 3, 0.0018318803505432745], "DPB1": [61.0, 29, 0.024952002174999675], "DQA1": [50.0, 13, 0.020692138074170453], "DQB1": [32.0, 19, 0.01255629593360032]}