{"A": [342.0, 176, 0.24244253601104865], "B": [459.0, 174, 0.3280725226317409], "C": [301.0, 150, 0.21279637667665108], "DQB1": [8.0, 8, 0.007687586586965025], "DRA": [21.0, 5, 0.021366968602005734], "DRB5": [8.0, 2, 0.007773963964346655], "E": [132.0, 38, 0.09478283647120624], "L": [3.0, 1, 0.002130569731560791], "T": [11.0, 1, 0.01865370274778278], "V": [3.0, 1, 0.004516642989923842], "DRB4": [1.0, 1, 0.0009717454955433318], "DRB1": [22.0, 10, 0.021378400901953303], "F": [26.0, 5, 0.019440510749457664], "DPB1": [12.0, 10, 0.01202112960509975], "DPA1": [6.0, 6, 0.0059645068347142435]}