{"A": [21856.0, 1672, 0.28627820442577845], "B": [13542.0, 1194, 0.17884420497226583], "C": [15874.0, 1368, 0.2073571426451038], "DMA": [306.0, 3, 0.005599107723641051], "DPA1": [1781.0, 63, 0.03271313004558679], "DPB1": [1333.0, 151, 0.02467340419475033], "DQB1": [552.0, 104, 0.009801081522922578], "DRA": [1433.0, 8, 0.026940440835705987], "DRB1": [2356.0, 96, 0.0423021764802252], "DRB3": [158.0, 14, 0.002836903176517649], "DRB5": [4.0, 3, 7.182033358272529e-05], "E": [8487.0, 303, 0.11260167805913011], "F": [1137.0, 17, 0.015708317758436716], "HFE": [3.0, 1, 4.120923151845484e-05], "K": [19.0, 5, 0.000250007698260635], "L": [190.0, 1, 0.0024932337061941063], "T": [741.0, 1, 0.023218035193368382], "DRB4": [344.0, 9, 0.006176548688114375], "DMB": [65.0, 3, 0.0011803426982274596], "V": [6.0, 1, 0.00016690934390646892], "H": [6.0, 5, 7.873369598507705e-05], "DOB": [6.0, 3, 0.00010497826131343604], "DQA1": [1091.0, 72, 0.0204307106559054], "Y": [1.0, 1, 1.745390995138439e-05], "DOA": [5.0, 3, 9.549815272205007e-05], "DQA2": [1.0, 1, 1.87265908853395e-05]}