{"A": [2717.0, 701, 0.23480145660514756], "B": [1576.0, 561, 0.1373225381189904], "C": [2882.0, 570, 0.24838201498947376], "DMB": [8.0, 3, 0.0009584694919472682], "DPA1": [343.0, 43, 0.04156672865651773], "DPB1": [195.0, 60, 0.023813711122319187], "DQA1": [120.0, 42, 0.014826324953559303], "DRA": [461.0, 5, 0.05718116227840701], "E": [1417.0, 159, 0.12403780049708359], "L": [21.0, 1, 0.0018181186804364694], "T": [90.0, 1, 0.018605584255446967], "DRB3": [1.0, 1, 0.00011846252147662863], "DRB4": [83.0, 9, 0.009832389282560177], "DRB1": [450.0, 67, 0.05330813466448289], "DMA": [62.0, 1, 0.007484841910397368], "V": [2.0, 1, 0.0003670734224478899], "F": [137.0, 8, 0.012487724994506049], "DOB": [7.0, 4, 0.000808052746860653], "DOA": [6.0, 5, 0.000756083503607805], "DQB1": [88.0, 47, 0.01030887186894395], "K": [10.0, 3, 0.000868147115304479], "H": [4.0, 2, 0.000346308320083137]}