{"A": [988.0, 357, 0.1998722746996563], "B": [2223.0, 468, 0.45342925128145173], "C": [462.0, 211, 0.0932078750827761], "DOB": [2.0, 2, 0.0005404507560808106], "DRA": [135.0, 5, 0.03919857542633174], "E": [491.0, 77, 0.10061208766408089], "F": [71.0, 9, 0.015149753614979956], "L": [9.0, 1, 0.001824021301772736], "T": [18.0, 1, 0.008710794539184831], "DRB3": [27.0, 10, 0.007487368339861119], "DMB": [3.0, 2, 0.0008413835634439894], "DMA": [61.0, 1, 0.01723872888766158], "DPA1": [69.0, 21, 0.019574256694375108], "DPB1": [20.0, 13, 0.005717509929194676], "DRB1": [129.0, 33, 0.035772982068225344], "DQB1": [3.0, 3, 0.0008226861509230118]}