{"A": [634.0, 303, 0.1511513700131563], "B": [947.0, 325, 0.22763931463748463], "C": [1097.0, 307, 0.2608221549223488], "DPB1": [116.0, 51, 0.03908068258942159], "DRA": [188.0, 4, 0.06433118987978757], "DRB1": [206.0, 24, 0.06732244410680614], "DRB5": [49.0, 5, 0.01601359107394903], "E": [190.0, 66, 0.04588275520642186], "F": [45.0, 7, 0.011315844071840126], "HFE": [1.0, 1, 0.000250022151730565], "T": [26.0, 1, 0.014828111142504227], "DRB4": [38.0, 5, 0.012418703281838027], "DMB": [10.0, 2, 0.003305217081589666], "DQA1": [46.0, 18, 0.01567912353079098], "DPB2": [3.0, 1, 0.0010120097662186917], "DMA": [26.0, 1, 0.008659164140470025], "DPA1": [119.0, 22, 0.03978417618207699], "DQB1": [58.0, 22, 0.018744253316037397], "H": [6.0, 5, 0.0014330649244264685], "DRB3": [1.0, 1, 0.0003268079811010007]}