{"A": [49.0, 40, 0.20725332335429067], "C": [45.0, 37, 0.18981606159401476], "DRA": [12.0, 3, 0.07284966756078788], "DRB5": [2.0, 2, 0.011595920866417548], "L": [2.0, 1, 0.008474756034671948], "DRB3": [5.0, 4, 0.028989802166043865], "DMA": [2.0, 1, 0.01181721706615834], "F": [2.0, 1, 0.008922509715658458], "E": [17.0, 12, 0.07283286643819545], "DRB1": [12.0, 8, 0.06957552519850528], "DPA1": [2.0, 2, 0.011862493759898412], "B": [61.0, 45, 0.2601415470404168], "DQB1": [8.0, 6, 0.04586830920494052]}