{"A": [241.0, 147, 0.1108375304717939], "B": [602.0, 218, 0.2791520039769017], "C": [363.0, 172, 0.16649126169821016], "DRA": [133.0, 5, 0.0877934961891788], "L": [1.0, 1, 0.00046074601136546965], "T": [8.0, 1, 0.008801353001421434], "Y": [1.0, 1, 0.0006128369277385373], "DRB4": [19.0, 5, 0.01197824586850754], "DQA1": [45.0, 13, 0.029588532917376256], "DRB1": [131.0, 25, 0.0825868530933941], "DMA": [6.0, 1, 0.003854791056920265], "DPA1": [93.0, 23, 0.05997818575537624], "DPB1": [65.0, 40, 0.04224394575247884], "E": [152.0, 42, 0.07080867114888958], "F": [12.0, 2, 0.00582106776318795], "DQB1": [32.0, 22, 0.019949733469888584], "DRB3": [26.0, 4, 0.01639128382006295], "DMB": [1.0, 1, 0.0006375980157279732], "DOA": [3.0, 3, 0.0020118630615798996]}