{"B": [121.0, 77, 0.1719489573539826], "C": [41.0, 29, 0.05762866963089881], "DMA": [13.0, 2, 0.02559545548398978], "DPA1": [22.0, 10, 0.04348134553778871], "DPB1": [34.0, 22, 0.06771735000041014], "DRA": [71.0, 6, 0.14362795261332667], "L": [2.0, 1, 0.002823979226616503], "T": [3.0, 1, 0.010114644550234272], "DMB": [1.0, 1, 0.0019539654244770752], "DQB1": [14.0, 10, 0.026747615588397295], "F": [9.0, 2, 0.013379313684603836], "E": [44.0, 15, 0.06281530176400103], "DRB3": [19.0, 5, 0.03670820437894011], "DRB1": [116.0, 25, 0.22411324778721328], "A": [79.0, 60, 0.1113439969751199]}