{"A": [703.0, 321, 0.23604023924913284], "B": [807.0, 288, 0.2731987552171229], "C": [589.0, 273, 0.19722457872602261], "DRB3": [22.0, 6, 0.010125657329657367], "E": [235.0, 52, 0.07992297498524215], "K": [2.0, 2, 0.0006745946536684315], "L": [4.0, 1, 0.0013454962709116708], "T": [18.0, 1, 0.01445748934234501], "DMB": [5.0, 2, 0.0023274367312487235], "DQA1": [6.0, 3, 0.0028802029549202953], "DMA": [15.0, 1, 0.007035610271561027], "DRA": [68.0, 3, 0.032770309175982025], "F": [42.0, 5, 0.01487413168650481], "DPA1": [61.0, 18, 0.02872110430653597], "DPB1": [65.0, 41, 0.030840783249596986], "DQB1": [19.0, 13, 0.008647720476995257], "DRB1": [128.0, 39, 0.05891291537255196]}