{"A": [2089.0, 525, 0.1325581371327111], "B": [3839.0, 640, 0.24561818890450293], "C": [2723.0, 458, 0.1723179878420222], "DMA": [172.0, 2, 0.015246711872765795], "DPA1": [755.0, 44, 0.06718239498244234], "DPB1": [406.0, 123, 0.03640619635740871], "DQB1": [184.0, 61, 0.01582716378041114], "DRA": [1058.0, 5, 0.0963594971336796], "DRB1": [1081.0, 88, 0.0940293578527235], "DRB3": [77.0, 10, 0.006697743343811017], "DRB5": [2.0, 1, 0.00017396735957950693], "L": [10.0, 2, 0.0006357110174415375], "T": [77.0, 1, 0.011688218776454519], "DRB4": [83.0, 7, 0.007219645422549537], "DMB": [25.0, 2, 0.0021993032674113805], "E": [1158.0, 154, 0.07443026573655365], "F": [91.0, 8, 0.0060906122992842645], "DOB": [4.0, 2, 0.00033904587596882005], "DQA1": [159.0, 30, 0.01442468030513439], "DOA": [6.0, 3, 0.0005551707371441635]}