{"A": [251.0, 105, 0.2762113751455409], "B": [396.0, 133, 0.43937716756219325], "C": [63.0, 46, 0.06913905020903721], "DRB1": [17.0, 7, 0.025644048169204164], "F": [13.0, 7, 0.015089081402832284], "T": [1.0, 1, 0.0026324340104488704], "DRB4": [3.0, 2, 0.0045254202651536755], "DMA": [6.0, 1, 0.009223566494626193], "DRA": [1.0, 1, 0.001579460406269322], "E": [80.0, 20, 0.08917248788162593], "DQA1": [33.0, 9, 0.05191859108889198], "DQB1": [1.0, 1, 0.0014917126059210263], "DPB1": [9.0, 7, 0.01399560475825519]}