{"A": [6749.0, 1045, 0.165996639162638], "B": [4206.0, 882, 0.10430463214850655], "C": [5571.0, 846, 0.13664949991568862], "DMA": [521.0, 3, 0.017901003787593517], "DPA1": [1856.0, 87, 0.06401450874607978], "DPB1": [1525.0, 153, 0.05300429129705267], "DQA1": [1424.0, 57, 0.05007384912657218], "DQB1": [546.0, 141, 0.01820412592466644], "DRA": [3664.0, 9, 0.12934696326046122], "DRB1": [3686.0, 69, 0.12427535774475953], "DRB3": [458.0, 7, 0.01544170207463371], "DRB5": [6.0, 2, 0.00020229304027904427], "E": [3211.0, 237, 0.07999691341038513], "F": [386.0, 13, 0.010013796982343353], "HFE": [1.0, 1, 2.5793811726124554e-05], "L": [33.0, 1, 0.0008131405008661766], "T": [137.0, 1, 0.008060650457916298], "Y": [1.0, 1, 3.277441854035486e-05], "DRB4": [400.0, 10, 0.013486202685269618], "DMB": [128.0, 3, 0.004364625596323622], "K": [15.0, 9, 0.00037062379977931026], "DOB": [49.0, 8, 0.0016098539209067736], "DOA": [47.0, 11, 0.0016856410109307614], "G": [1.0, 1, 2.6554691128075133e-05], "H": [4.0, 4, 9.856248495347595e-05]}