{"A": [477.0, 217, 0.0792896123536229], "B": [847.0, 146, 0.14195666446539615], "C": [190.0, 85, 0.031496807608126044], "DPB1": [382.0, 90, 0.08973101901673688], "DQA1": [178.0, 33, 0.04230181854046961], "DRA": [792.0, 5, 0.18895744244805673], "DRB1": [659.0, 35, 0.15015961778923925], "E": [192.0, 52, 0.03232750608806069], "L": [1.0, 1, 0.00016652893380977128], "T": [25.0, 1, 0.009940942889733625], "DMB": [20.0, 2, 0.004608982612512862], "DPB2": [6.0, 2, 0.0014112039545529072], "DMA": [59.0, 1, 0.013700288773377927], "DOB": [24.0, 5, 0.005328925881912681], "F": [11.0, 4, 0.0019286002171091281], "DPA1": [754.0, 38, 0.17575587029049045], "DQB1": [133.0, 26, 0.029968629164916962], "DOA": [4.0, 3, 0.0009695389718752154]}