{"A": [77.0, 69, 0.15778995886046354], "B": [206.0, 127, 0.4256281255856144], "C": [100.0, 74, 0.20436365385515998], "DRB5": [2.0, 2, 0.005618086963658705], "L": [2.0, 1, 0.004105919395885604], "T": [1.0, 1, 0.004902056272212007], "DRB3": [3.0, 3, 0.008427130445488058], "DMA": [1.0, 1, 0.002862651181864264], "DRA": [20.0, 3, 0.05882467526654409], "DRB1": [10.0, 8, 0.028090434818293524], "F": [4.0, 2, 0.008645701552143368], "E": [30.0, 9, 0.06227058567191821], "DPA1": [6.0, 4, 0.017241715164331886], "DQB1": [3.0, 3, 0.008333495662760412], "DPB1": [1.0, 1, 0.0028958093036619195]}