{"A": [1347.0, 499, 0.1590365604224259], "B": [2057.0, 500, 0.244871437502681], "C": [1196.0, 355, 0.1408236444557813], "DMA": [59.0, 2, 0.009731083169729354], "DPB1": [297.0, 56, 0.04955268017599109], "DRA": [516.0, 5, 0.08744198045078437], "DRB1": [599.0, 45, 0.09694513619570781], "E": [474.0, 95, 0.05668664816509861], "L": [8.0, 1, 0.0009462614587909527], "T": [35.0, 1, 0.009885236808066708], "DRB3": [2.0, 2, 0.00032368993721438335], "DRB4": [151.0, 8, 0.024438590259685943], "DMB": [18.0, 2, 0.002946314087599103], "DQA1": [274.0, 40, 0.04625099302095675], "DPB2": [4.0, 2, 0.0006682361848162914], "F": [50.0, 7, 0.006226600377250746], "DOA": [6.0, 3, 0.0010329706761303629], "DPA1": [278.0, 29, 0.04602722084228893], "DQB1": [101.0, 47, 0.016164715809000512]}