{"A": [67.0, 45, 0.2049810118437614], "C": [12.0, 10, 0.03661298157785189], "DRB5": [4.0, 2, 0.01677523625352265], "L": [2.0, 1, 0.0061300019338830485], "DMA": [7.0, 1, 0.029916905112436862], "F": [3.0, 1, 0.00968080997051271], "DRB1": [35.0, 15, 0.1467833172183232], "E": [3.0, 3, 0.0092967926008337], "B": [175.0, 96, 0.5398229434888745]}