{"A": [135.0, 81, 0.2151624755397452], "B": [264.0, 115, 0.4242395477308916], "C": [42.0, 33, 0.06675704054893458], "DMA": [9.0, 2, 0.020038032073167112], "DPB1": [5.0, 4, 0.01126118490598409], "DRA": [32.0, 5, 0.07320211803984011], "L": [5.0, 1, 0.007983522510902955], "T": [4.0, 1, 0.015250441258300025], "DRB4": [5.0, 2, 0.010923771126029512], "DRB1": [24.0, 9, 0.05243410140494166], "DPA1": [8.0, 6, 0.01787982768214486], "E": [39.0, 13, 0.06296082771329076], "DQA1": [6.0, 4, 0.01367178229992131], "DRB3": [3.0, 2, 0.0065542626756177075], "F": [1.0, 1, 0.0016810644902881151]}