{"A": [17291.0, 1247, 0.21936750248020398], "B": [16151.0, 1209, 0.20659797361358317], "C": [5622.0, 970, 0.07113085719782664], "DMA": [572.0, 2, 0.010137433139164676], "DMB": [136.0, 3, 0.002392038949027308], "DOB": [10.0, 4, 0.00016946604834242417], "DPA1": [3350.0, 70, 0.05959880680977438], "DPB1": [2446.0, 215, 0.04385205539123013], "DQB1": [982.0, 107, 0.016888107664962734], "DRA": [5520.0, 5, 0.10051529756743124], "DRB1": [5173.0, 125, 0.08996311455155381], "DRB5": [5.0, 3, 8.695448922438992e-05], "E": [7737.0, 242, 0.09942551169491014], "HFE": [4.0, 1, 5.321913724449767e-05], "K": [27.0, 9, 0.0003441106566250468], "L": [310.0, 3, 0.003940085623961362], "T": [325.0, 1, 0.009863367062021483], "DRB3": [320.0, 14, 0.005565087310360955], "DRB4": [747.0, 10, 0.012991000690123853], "DPB2": [10.0, 2, 0.00017951171615653691], "DPA2": [2.0, 1, 3.800848342086566e-05], "V": [10.0, 1, 0.00026944118324462795], "H": [8.0, 3, 0.00010167962900545449], "F": [827.0, 13, 0.011066474819105656], "DOA": [20.0, 8, 0.0003699896194886392], "DQA1": [1934.0, 80, 0.03507920721618126], "G": [1.0, 1, 1.369725582472691e-05]}