{"B": [131.0, 75, 0.23445261614995888], "C": [166.0, 101, 0.29385456130715776], "E": [62.0, 21, 0.11147412563880542], "T": [2.0, 1, 0.008492371367802733], "DRA": [10.0, 3, 0.025477114103408194], "F": [3.0, 3, 0.005616712475247051], "DPB1": [7.0, 5, 0.01755855161180835], "A": [168.0, 75, 0.29820753229235164], "DRB1": [2.0, 1, 0.004866415053459992]}