{"A": [2844.0, 751, 0.13171737492138785], "B": [6157.0, 1124, 0.28751273680911577], "C": [3453.0, 751, 0.1594869211638251], "DMA": [175.0, 2, 0.011322212913371784], "DPA1": [768.0, 64, 0.04987871688181755], "DPB1": [702.0, 153, 0.04594432846947583], "DRA": [1351.0, 8, 0.08980690481216591], "DRB1": [1436.0, 86, 0.09116701570516197], "DRB3": [105.0, 13, 0.006666111872591926], "DRB5": [308.0, 8, 0.019553928159602985], "E": [1069.0, 162, 0.050149226384048645], "F": [153.0, 10, 0.007474058902353583], "K": [18.0, 3, 0.0008374678776546019], "L": [19.0, 1, 0.000881574179605288], "T": [80.0, 1, 0.00886325238708768], "Y": [2.0, 2, 0.00012342939458960086], "DRB4": [20.0, 3, 0.0012697355947794147], "DMB": [48.0, 3, 0.0030819945800554882], "DQB1": [358.0, 83, 0.022475730844923172], "DOB": [7.0, 4, 0.0004330539829640011], "DOA": [1.0, 1, 6.75337457781083e-05], "DQA1": [169.0, 50, 0.011190288914693659], "G": [1.0, 1, 5.000286191830439e-05], "H": [1.0, 1, 4.639864103185726e-05]}