{"A": [7356.0, 1092, 0.18639637935154277], "B": [10852.0, 1311, 0.2772553894995472], "C": [2047.0, 759, 0.05172834876603894], "DMA": [623.0, 3, 0.022052792562222708], "DPA1": [1284.0, 57, 0.04562483988777708], "DPB1": [866.0, 123, 0.03100951436893246], "DQB1": [575.0, 109, 0.019750628378210875], "DRA": [2456.0, 6, 0.08932335338556996], "DRB1": [2730.0, 53, 0.09482617278996407], "DRB4": [895.0, 10, 0.031087701335903974], "DRB5": [845.0, 4, 0.029350958244512688], "DRB7": [1.0, 1, 7.419366486423562e-05], "E": [2576.0, 157, 0.06611723271111772], "F": [285.0, 12, 0.0076171449878628065], "K": [34.0, 10, 0.0008654796221582838], "L": [107.0, 2, 0.0027162598564575316], "T": [226.0, 1, 0.013699157074605598], "DMB": [100.0, 3, 0.0035129576166778235], "DPB2": [7.0, 2, 0.0002509772812739929], "DOB": [34.0, 6, 0.001150814144791976], "DQA1": [694.0, 59, 0.025141798542861096], "DOA": [8.0, 3, 0.00029559229029575945], "H": [6.0, 3, 0.0001523136368107027]}