{"A": [8870.0, 852, 0.16560559483434772], "B": [13829.0, 932, 0.2603254465862567], "C": [7981.0, 824, 0.14860167922627232], "DMA": [469.0, 2, 0.012232184469347368], "DOA": [20.0, 10, 0.0005444885415215913], "DPA1": [2078.0, 69, 0.05440483611297865], "DPB1": [1673.0, 174, 0.044139625834241546], "DQA1": [1230.0, 59, 0.03283202098124236], "DQB1": [492.0, 98, 0.012451847957330436], "DRA": [2765.0, 8, 0.074094748067472], "DRB1": [3511.0, 104, 0.0898570255786253], "DRB3": [583.0, 18, 0.014920719428179593], "DRB7": [1.0, 1, 5.466664956876777e-05], "E": [3340.0, 216, 0.06316418688642217], "F": [400.0, 13, 0.007877038842761927], "K": [11.0, 6, 0.00020631283574672194], "L": [27.0, 3, 0.0005050180902224213], "T": [298.0, 1, 0.013309364028997381], "Y": [48.0, 2, 0.001194174383783762], "DRB4": [10.0, 2, 0.0002559300073444184], "DMB": [103.0, 3, 0.002666034519688959], "DPB2": [14.0, 2, 0.0003698452451495242], "H": [6.0, 3, 0.00011222624227164917], "DOB": [10.0, 3, 0.0002493916494925537], "DRB5": [1.0, 1, 2.5593000734441842e-05]}