{"A": [472.0, 233, 0.25411758373325893], "B": [653.0, 236, 0.3544707141352747], "C": [299.0, 130, 0.16053839917254803], "DRA": [20.0, 2, 0.015454808183179259], "E": [236.0, 46, 0.12869977257339404], "F": [30.0, 4, 0.01703591968318751], "T": [9.0, 1, 0.011591106137384443], "Y": [1.0, 1, 0.0007174106953963671], "DRB4": [10.0, 2, 0.007380105031293466], "DMB": [5.0, 2, 0.003731984930597264], "DPA1": [23.0, 9, 0.01736445402190543], "V": [2.0, 1, 0.0022868333191744935], "DPB1": [9.0, 5, 0.006847255749111273], "DRB1": [8.0, 4, 0.005904084025034772], "DRB3": [2.0, 2, 0.001476021006258693], "K": [1.0, 1, 0.000540847587380244], "DOA": [3.0, 3, 0.0023551649920581937], "DQB1": [13.0, 11, 0.009487535023562824]}