{"A": [841.0, 305, 0.22875504443711323], "B": [1067.0, 311, 0.29262643993825505], "C": [1080.0, 312, 0.2929634630017532], "DRB5": [8.0, 2, 0.0029828711588748345], "E": [379.0, 75, 0.10442078454105896], "L": [5.0, 1, 0.0013624998849559432], "T": [15.0, 1, 0.009760129894847805], "Y": [6.0, 2, 0.0021747085542403602], "DMA": [9.0, 1, 0.0034197707036146122], "DRA": [1.0, 1, 0.00039040519579391214], "DQB1": [4.0, 4, 0.0014748640729992236], "F": [37.0, 5, 0.010615196029727842], "DRB1": [78.0, 23, 0.029082993799029636], "DPA1": [23.0, 13, 0.008772898365254004], "DQA1": [19.0, 3, 0.007388723334459001], "DRB4": [3.0, 2, 0.0011185766845780629], "DPB1": [7.0, 7, 0.00269063040344453]}