{"A": [24232.0, 1433, 0.17605343175031443], "B": [50704.0, 1144, 0.3714256712737917], "C": [17743.0, 926, 0.1285574674686223], "DMA": [626.0, 2, 0.006353446277098896], "DOB": [16.0, 2, 0.00015527650237633553], "DPA1": [4114.0, 93, 0.04191409564959074], "DPA2": [8.0, 2, 8.706499655753602e-05], "DPB1": [3289.0, 198, 0.033767618260260694], "DQB1": [2035.0, 149, 0.020041811333338176], "DRB1": [4483.0, 94, 0.04464715577761066], "DRB3": [1751.0, 17, 0.017438583485745316], "E": [9970.0, 327, 0.07337083319792882], "F": [1114.0, 12, 0.008536739639651144], "H": [13.0, 8, 9.462161863557945e-05], "K": [17.0, 10, 0.00012407558578493325], "L": [216.0, 1, 0.0015721745865603972], "T": [542.0, 1, 0.009419854091055897], "Y": [149.0, 2, 0.0014425026894757905], "DMB": [185.0, 3, 0.0018633915495872271], "DQA1": [1662.0, 60, 0.017263441373084637], "DPB2": [4.0, 2, 4.11202593277538e-05], "DRA": [4384.0, 6, 0.04571583800943438], "DOA": [10.0, 6, 0.00010594064156154366], "G": [1.0, 1, 7.843982605294236e-06]}