{"A": [234.0, 128, 0.1714452865526441], "B": [279.0, 148, 0.20610491854485058], "C": [136.0, 83, 0.09937190646550238], "DPA1": [48.0, 15, 0.04931641605522565], "DRA": [134.0, 3, 0.14091440646368153], "L": [2.0, 1, 0.0014680183155125336], "T": [11.0, 1, 0.019279334217667872], "DRB4": [10.0, 3, 0.010043371247201853], "DRB1": [79.0, 20, 0.07934263285289464], "DMA": [3.0, 1, 0.0030705115912246887], "DQB1": [15.0, 9, 0.014897667350016082], "F": [8.0, 2, 0.006182317286462006], "DPB1": [84.0, 22, 0.08697016615144525], "DQA1": [62.0, 20, 0.06494451860397636], "DMB": [2.0, 1, 0.0020315000931840116], "E": [52.0, 18, 0.038591005460189266], "DRB3": [6.0, 2, 0.006026022748321112]}