{"A": [1067.0, 320, 0.17684803474791708], "B": [1132.0, 332, 0.1891719348356506], "C": [840.0, 287, 0.13884496194453785], "DMA": [46.0, 2, 0.010650584549017121], "DRA": [571.0, 8, 0.13583535803086608], "DRB1": [408.0, 51, 0.0926970270274983], "DRB3": [54.0, 10, 0.012268724165404185], "DRB5": [160.0, 4, 0.03635177530490129], "E": [390.0, 72, 0.06547469492330556], "L": [7.0, 1, 0.0011623198228477506], "T": [11.0, 1, 0.004361322061703231], "DMB": [12.0, 2, 0.0027573647745479106], "DQB1": [108.0, 40, 0.024264810016021612], "F": [59.0, 7, 0.010314292441968841], "DPA1": [213.0, 40, 0.04950579054992916], "DPB1": [185.0, 53, 0.04333001788575288], "DQA1": [26.0, 13, 0.006160986918130487]}