{"A": [4704.0, 724, 0.19283556145450118], "B": [5839.0, 755, 0.24134191208221864], "C": [2627.0, 566, 0.10739768189539928], "DMA": [207.0, 2, 0.011854137299842197], "DPA1": [1132.0, 48, 0.06507389743899158], "DPB1": [776.0, 102, 0.04495343224041775], "DQB1": [344.0, 76, 0.0191159364208298], "DRA": [1703.0, 5, 0.10020176385843309], "DRB1": [1607.0, 98, 0.09030369364203729], "E": [1719.0, 128, 0.07137871876608815], "F": [264.0, 10, 0.011414985155793414], "HFE": [3.0, 1, 0.00012897238372819466], "K": [19.0, 8, 0.0007824481944205478], "L": [66.0, 1, 0.002710538217878865], "T": [115.0, 1, 0.011277356472616759], "DMB": [64.0, 2, 0.003637281771405248], "H": [4.0, 1, 0.00016427504350780998], "DOA": [5.0, 4, 0.00029888022523997306], "DRB3": [116.0, 6, 0.006518499354372325], "DQA1": [313.0, 46, 0.01834447432463125], "G": [6.0, 3, 0.0002655537576468433]}