{"A": [1163.0, 275, 0.20763130337763888], "B": [1278.0, 304, 0.23004798289851655], "C": [1183.0, 261, 0.2106264370165557], "DPA2": [1.0, 1, 0.0002674308353738303], "E": [736.0, 78, 0.13309568866619648], "L": [7.0, 1, 0.0012519960002765724], "T": [26.0, 1, 0.011103914728876814], "Y": [5.0, 2, 0.0011894830238411262], "DRB4": [53.0, 7, 0.012970562451233373], "DMB": [4.0, 2, 0.0009900343551970587], "DQA1": [37.0, 9, 0.009443999591371943], "DRB1": [156.0, 23, 0.038177504573441635], "DMA": [1.0, 1, 0.00024939796733971706], "DRA": [86.0, 3, 0.022037000000386293], "DPA1": [185.0, 28, 0.04631540029485091], "F": [77.0, 8, 0.014499580959975366], "DPB1": [191.0, 51, 0.04818676865488078], "DRB5": [21.0, 4, 0.005139279461809451], "DQB1": [28.0, 9, 0.0067762351422376455]}