{"A": [4232.0, 804, 0.16304731041501266], "B": [7994.0, 897, 0.31053216019198193], "C": [4519.0, 725, 0.1736302308415394], "DMA": [115.0, 2, 0.00618935815755628], "DPB1": [777.0, 100, 0.04230291749425423], "DRA": [1194.0, 8, 0.06602573004985562], "DRB1": [1006.0, 86, 0.053129506865442884], "DRB5": [29.0, 2, 0.0015315663012901032], "E": [2108.0, 156, 0.0822643450903025], "L": [32.0, 2, 0.001235121678664357], "T": [91.0, 1, 0.00838685292369746], "Y": [1.0, 1, 5.133849210467746e-05], "DRB3": [93.0, 6, 0.004911574690344124], "DRB4": [43.0, 6, 0.00227094313639567], "DPA1": [746.0, 51, 0.04030392905582842], "DOB": [17.0, 5, 0.0008748778557205862], "DOA": [4.0, 3, 0.00022471669319656958], "F": [157.0, 6, 0.006379978911237189], "DQA1": [348.0, 46, 0.019168509489583947], "DQB1": [331.0, 67, 0.017286747766170556], "DMB": [4.0, 1, 0.00021365109845582946], "J": [1.0, 1, 3.863280136461573e-05]}