{"A": [132.0, 86, 0.10832628440667474], "B": [229.0, 113, 0.18948282830914595], "C": [33.0, 26, 0.027007779354797652], "DRA": [131.0, 2, 0.15430219941064846], "DRB1": [140.0, 23, 0.15749173796952712], "L": [2.0, 1, 0.0016443024258810117], "T": [4.0, 1, 0.00785252923209407], "DMA": [2.0, 1, 0.002292818649828994], "DPA1": [89.0, 27, 0.10242135110481317], "DPB1": [47.0, 27, 0.054505345277981135], "F": [27.0, 6, 0.02337089211655663], "DOB": [5.0, 3, 0.00548100808627004], "DRB3": [52.0, 7, 0.05849693124582436], "E": [24.0, 9, 0.019950060429139358], "DQA1": [28.0, 14, 0.03285179221708105], "DQB1": [48.0, 26, 0.053397198778239674], "DRB4": [1.0, 1, 0.0011249409854966223]}