{"A": [3619.0, 947, 0.1637302893216108], "B": [3854.0, 1107, 0.17580313559873287], "C": [1613.0, 694, 0.07277627699352983], "DMB": [84.0, 3, 0.0052686201768691356], "DPA1": [1024.0, 62, 0.06496523007362227], "DPB1": [810.0, 137, 0.05178533455698179], "DRA": [1940.0, 5, 0.12597462697410347], "DRB1": [2000.0, 100, 0.124033861841756], "DRB3": [20.0, 12, 0.00124033861841756], "E": [1387.0, 161, 0.06356088932932978], "F": [187.0, 12, 0.008923467849995727], "L": [33.0, 1, 0.0014957057801382922], "T": [129.0, 1, 0.013961105566717653], "Y": [4.0, 2, 0.00024114350324088967], "DRB4": [395.0, 9, 0.024496687713746808], "DQA1": [960.0, 52, 0.0620944520845291], "K": [10.0, 5, 0.00045448821287852955], "DMA": [240.0, 1, 0.01516811043286207], "DQB1": [376.0, 96, 0.023059273070402904], "DOB": [13.0, 4, 0.0007856232380524363], "H": [3.0, 3, 0.00013597325273984474], "J": [1.0, 1, 4.536580974212171e-05]}