{"A": [6022.0, 1129, 0.13236082806864333], "B": [8456.0, 1190, 0.18739506901980704], "C": [9460.0, 1142, 0.20735995114722308], "DMA": [455.0, 2, 0.013970434550586256], "DOA": [13.0, 8, 0.0004166481334380875], "DPA1": [1606.0, 51, 0.04949995946881631], "DPB1": [1657.0, 154, 0.05146625341070231], "DQA1": [1024.0, 67, 0.03217805584398768], "DQB1": [1116.0, 84, 0.03325065770545394], "DRA": [2676.0, 6, 0.08442007592010886], "DRB1": [2842.0, 82, 0.08562737332267134], "DRB5": [967.0, 6, 0.029135000001063754], "DRB7": [1.0, 1, 6.435611168797536e-05], "E": [2207.0, 238, 0.04913535695180868], "F": [379.0, 13, 0.008786371156247356], "L": [13.0, 2, 0.00028625551503547435], "T": [246.0, 1, 0.012934316564740147], "DRB4": [547.0, 10, 0.016480708377023656], "DMB": [115.0, 3, 0.003504239036040325], "K": [5.0, 3, 0.00011040046607040605], "DPB2": [13.0, 2, 0.00040429902639030915], "DOB": [12.0, 4, 0.00035231448004366075], "H": [35.0, 13, 0.0007706879250955079], "DRB3": [3.0, 3, 9.038779731457214e-05]}