{"A": [1049.0, 357, 0.1125889507418322], "B": [829.0, 356, 0.08971173884713048], "C": [1289.0, 316, 0.1379711302766022], "DMA": [71.0, 2, 0.010645312780537087], "DPB1": [330.0, 68, 0.05005132106178892], "DRA": [1188.0, 5, 0.1830111833647529], "DRB1": [1113.0, 56, 0.1637514943652106], "DRB5": [11.0, 4, 0.001618388533708281], "F": [57.0, 6, 0.0064527783847278825], "L": [11.0, 1, 0.0011827821309309608], "T": [28.0, 1, 0.007188991490197925], "DRB4": [58.0, 4, 0.008533321359552754], "DMB": [26.0, 2, 0.0038687511022737217], "DQB1": [250.0, 69, 0.03637287361112045], "E": [642.0, 98, 0.06979565215961202], "DOB": [1.0, 1, 0.00014336753102193463], "DOA": [3.0, 3, 0.000469514384462272], "DPA1": [639.0, 44, 0.09617489477588678], "DQA1": [128.0, 34, 0.019641351750005046], "W": [4.0, 2, 0.0005036244038462833], "H": [3.0, 3, 0.00032257694479935294]}