{"A": [224.0, 132, 0.20009234281205218], "B": [504.0, 104, 0.45392849670998614], "C": [77.0, 43, 0.06859432664861394], "E": [108.0, 27, 0.09771905632258333], "T": [1.0, 1, 0.002136840495716944], "DMA": [13.0, 1, 0.016222044831988552], "DRA": [46.0, 2, 0.05897679768178765], "DRB1": [22.0, 9, 0.026938595912296755], "DPA1": [13.0, 9, 0.016284198260463605], "DPB1": [23.0, 11, 0.029032979553775776], "DQB1": [6.0, 5, 0.007265257685437609], "F": [4.0, 2, 0.0037687215659330535], "DMB": [3.0, 1, 0.003715188589144232], "DQA1": [12.0, 8, 0.015325152930219956]}