{"A": [363.0, 174, 0.24331021147986287], "B": [591.0, 235, 0.3994069819484342], "C": [167.0, 109, 0.11163109979712042], "DRB1": [26.0, 15, 0.02388894019296515], "E": [146.0, 54, 0.09912418392728153], "L": [3.0, 1, 0.0020144975885631406], "T": [9.0, 1, 0.01443064939258302], "DRB4": [10.0, 3, 0.009188053920371211], "DRA": [10.0, 1, 0.00962043292838868], "F": [13.0, 2, 0.009190701774526938], "DQA1": [30.0, 11, 0.028748559336786488], "DRB3": [9.0, 4, 0.00826924852833409], "DQB1": [9.0, 6, 0.008177367989130378], "DPA1": [21.0, 13, 0.019738474456521604], "DPB1": [14.0, 11, 0.013260596739130343]}