{"A": [286.0, 158, 0.1961465587278261], "B": [447.0, 182, 0.3090983191834731], "C": [61.0, 49, 0.04172146176861575], "DRB1": [89.0, 23, 0.08367090966711464], "F": [17.0, 4, 0.012297453582198406], "L": [4.0, 1, 0.002748314551109605], "T": [6.0, 1, 0.009843636431425253], "Y": [2.0, 2, 0.001827762589815611], "DRB3": [25.0, 7, 0.02350306451323445], "DMA": [17.0, 1, 0.016287085469552848], "DRA": [74.0, 4, 0.07284290959254687], "DPA1": [35.0, 18, 0.033660710785620836], "DPB1": [58.0, 33, 0.05621134471844767], "E": [145.0, 23, 0.10072927778190462], "DMB": [7.0, 1, 0.006655640541702301], "K": [1.0, 1, 0.0006889644894821883], "DQA1": [9.0, 6, 0.008824666253953497], "DQB1": [25.0, 13, 0.023241919351976288]}