{"A": [353.0, 201, 0.19685881620797074], "B": [917.0, 309, 0.5156131202315576], "C": [128.0, 101, 0.0711877316401341], "DPA1": [14.0, 8, 0.01094835264508528], "DRA": [39.0, 6, 0.03121660548300366], "DRB5": [3.0, 2, 0.0022933547675499663], "K": [2.0, 1, 0.0011204496302577146], "T": [13.0, 1, 0.0173425586016687], "DMA": [7.0, 1, 0.005453282519784843], "DRB1": [19.0, 13, 0.01452458019448312], "F": [24.0, 5, 0.014117019548953107], "E": [189.0, 52, 0.10676158822405346], "DPB1": [13.0, 11, 0.01024483191527147], "DRB3": [1.0, 1, 0.0007644515891833221], "DQA1": [1.0, 1, 0.0007972991184060429], "DQB1": [1.0, 1, 0.0007559576826368407]}