{"A": [226.0, 136, 0.25805460004223635], "B": [168.0, 110, 0.19341355527191095], "C": [94.0, 51, 0.10703998528915507], "HFE": [4.0, 1, 0.004789815838702666], "T": [6.0, 1, 0.016388683604972847], "DRB4": [18.0, 4, 0.02817380439956006], "DRB1": [75.0, 20, 0.1173908516648336], "DMA": [1.0, 1, 0.0015950818012473572], "DRA": [29.0, 1, 0.04752718245442125], "DPA1": [59.0, 18, 0.09447040032061933], "F": [21.0, 4, 0.025291469943697287], "DRB3": [5.0, 3, 0.007826056777655572], "E": [75.0, 29, 0.08674360902539825], "DPB1": [7.0, 5, 0.011294903565589393]}