{"A": [502.0, 237, 0.17506528959038453], "B": [731.0, 311, 0.25703257476292635], "C": [499.0, 216, 0.17354491624266033], "DRA": [136.0, 4, 0.06807319627100211], "DRB5": [57.0, 5, 0.02724840019274663], "E": [227.0, 61, 0.08018538974957179], "F": [39.0, 6, 0.014345396188233514], "L": [4.0, 2, 0.0013974880621327988], "T": [5.0, 1, 0.004171151732291796], "DMA": [10.0, 1, 0.004871650496493471], "DPA1": [109.0, 30, 0.05330444248232205], "DPB1": [93.0, 37, 0.045831133589791476], "DRB1": [130.0, 24, 0.06214547412380811], "DOB": [2.0, 1, 0.0009316587080885325], "DQB1": [40.0, 31, 0.018909221186389474], "DQA1": [25.0, 16, 0.012464574512512594], "DRB3": [1.0, 1, 0.00047804210864467776]}