{"A": [4464.0, 775, 0.09398348476113512], "B": [7240.0, 1048, 0.1536881506039416], "C": [11491.0, 1001, 0.24126826648355754], "DMA": [826.0, 2, 0.024293338377116443], "DMB": [167.0, 4, 0.00487439800862294], "DPB1": [1441.0, 182, 0.04287189300238997], "DQB1": [740.0, 94, 0.021119148258251886], "DRA": [3897.0, 8, 0.11776023638500292], "DRB1": [4745.0, 77, 0.1369409696885282], "E": [1862.0, 166, 0.03970819011925384], "F": [605.0, 16, 0.013434897063577561], "HFE": [6.0, 1, 0.00013247510330042614], "K": [20.0, 7, 0.0004229991862017267], "L": [22.0, 1, 0.00046402547588534303], "T": [205.0, 1, 0.010324543862340945], "DRB3": [1028.0, 17, 0.029668138427778084], "DOB": [6.0, 3, 0.00016873653668557928], "DPA1": [2265.0, 68, 0.06687074203859346], "DQA1": [57.0, 15, 0.0017157078320021988], "DOA": [6.0, 4, 0.00018419845040577182], "H": [5.0, 3, 0.00010546033542848704]}