{"A": [1721.0, 545, 0.12096863260721581], "B": [2251.0, 623, 0.15952981316771828], "C": [2614.0, 648, 0.18323671850138765], "DMA": [141.0, 3, 0.013844931391583933], "DPB1": [516.0, 107, 0.05125342875464868], "DQA1": [308.0, 48, 0.03095164515667268], "DQB1": [361.0, 99, 0.03439667194323067], "DRA": [1205.0, 5, 0.12156816269328226], "DRB1": [1105.0, 87, 0.10646920304878117], "DRB5": [2.0, 2, 0.00019270443990729622], "E": [968.0, 161, 0.06891921409688213], "F": [116.0, 8, 0.008600060393096224], "K": [2.0, 2, 0.00014122255843160503], "L": [11.0, 1, 0.0007745980018353956], "T": [64.0, 1, 0.010761220487372151], "DMB": [39.0, 2, 0.0038004381302171888], "DOB": [6.0, 5, 0.0005633440013348331], "DPA1": [786.0, 53, 0.07747382982341955], "DRB3": [61.0, 9, 0.005877485417172535], "Y": [1.0, 1, 9.366277692096133e-05], "DOA": [2.0, 2, 0.00020498838826792069], "H": [4.0, 2, 0.00028167200066741654], "DRB4": [1.0, 1, 9.635221995364811e-05]}