{"A": [272.0, 159, 0.06711285083660802], "B": [403.0, 232, 0.10025736583108501], "C": [229.0, 144, 0.05634913928533683], "DPA1": [232.0, 44, 0.08027223335358998], "DPB1": [254.0, 74, 0.08856289838142214], "DQA1": [252.0, 50, 0.08889522717087014], "DQB1": [195.0, 52, 0.06522118959979185], "DRA": [525.0, 8, 0.18592465813515324], "DRB1": [429.0, 88, 0.14509882630066054], "T": [3.0, 1, 0.0017707110298586025], "DRB4": [72.0, 6, 0.024352250567943025], "DMB": [30.0, 3, 0.010262075286680538], "DMA": [90.0, 1, 0.03102123521775185], "E": [109.0, 45, 0.027241833805306193], "DRB3": [67.0, 5, 0.022661122056280316], "F": [14.0, 3, 0.003643480332331533], "DRB5": [4.0, 2, 0.0013529028093301682]}