{"A": [9676.0, 1038, 0.16810368225193414], "B": [11153.0, 1152, 0.1953653453846872], "C": [5147.0, 821, 0.08917652734245073], "DMA": [755.0, 3, 0.018323486503427446], "DPA1": [2823.0, 61, 0.0687753522041259], "DPB1": [1936.0, 172, 0.04753002483370329], "DQA1": [1180.0, 72, 0.02930923575848318], "DQB1": [1185.0, 173, 0.027907249716551973], "DRA": [5420.0, 8, 0.13515171418946686], "DRB1": [4633.0, 124, 0.11033504873001161], "DRB5": [1449.0, 5, 0.03450798308003169], "E": [2747.0, 207, 0.04834071661980809], "K": [21.0, 8, 0.0003665074777186229], "L": [93.0, 2, 0.0016186617397732142], "T": [331.0, 1, 0.01375621691165853], "V": [3.0, 2, 0.00011069153720543102], "DRB4": [7.0, 3, 0.00016670523227068452], "DMB": [153.0, 3, 0.003685105759464141], "DPB2": [6.0, 2, 0.0001474936204515666], "H": [4.0, 3, 6.961985977519201e-05], "F": [293.0, 11, 0.005369088936092186], "DOB": [13.0, 3, 0.0003016860590258321], "DOA": [48.0, 11, 0.0012159899014121188], "DRB3": [13.0, 8, 0.00030959543135984267], "G": [3.0, 1, 5.627091911033219e-05]}