{"A": [2256.0, 629, 0.11192120507677997], "B": [5260.0, 783, 0.2631076567971955], "C": [2845.0, 582, 0.1407571854531406], "DMA": [168.0, 2, 0.01164293192328692], "DQB1": [141.0, 59, 0.009482213207893858], "DRA": [1454.0, 8, 0.10353295122110891], "DRB1": [1483.0, 102, 0.10085194014324593], "DRB3": [287.0, 15, 0.01951753662920538], "DRB5": [1.0, 1, 6.800535410872956e-05], "E": [975.0, 153, 0.048994909063713156], "F": [132.0, 9, 0.006907148991954076], "L": [18.0, 1, 0.0008946178791420281], "T": [87.0, 1, 0.010324812879684175], "DRB4": [20.0, 3, 0.001360107082174591], "DMB": [44.0, 2, 0.003026238257838465], "K": [6.0, 3, 0.0002990244573161521], "DPB2": [8.0, 2, 0.000561569985990643], "DPA1": [1169.0, 63, 0.08132580513593485], "DPA2": [1.0, 1, 7.431417277093094e-05], "DPB1": [696.0, 129, 0.048793710288546066], "DQA1": [514.0, 63, 0.036456714012397765], "H": [2.0, 2, 9.940198657133645e-05]}