{"A": [258.0, 168, 0.18925809982862957], "B": [398.0, 254, 0.29436915546412123], "C": [180.0, 126, 0.13168075129068832], "DQB1": [25.0, 18, 0.024859483396956077], "E": [108.0, 38, 0.08024751319430692], "L": [5.0, 1, 0.0036744856845865735], "T": [17.0, 1, 0.029831380076347294], "DRB4": [19.0, 5, 0.019105490610694335], "DMB": [10.0, 2, 0.010169788662391124], "DRB1": [48.0, 24, 0.04826650259543832], "DMA": [11.0, 1, 0.011272162700604512], "DRA": [52.0, 3, 0.05474935637541385], "F": [22.0, 4, 0.017021940216474823], "DPA1": [20.0, 14, 0.020573365569894687], "DQA1": [14.0, 7, 0.014682632381327184], "Y": [1.0, 1, 0.0009774845413366225], "DRB3": [16.0, 6, 0.01608883419847944], "DPB1": [32.0, 27, 0.03317157321230896]}