{"A": [1788.0, 488, 0.11284718721034577], "B": [4352.0, 637, 0.2769405631954528], "C": [1013.0, 352, 0.0637599092888914], "DMA": [118.0, 2, 0.010403633043958051], "DPA1": [801.0, 57, 0.07089185134979949], "DQB1": [324.0, 79, 0.027719510415427216], "DRA": [1282.0, 7, 0.11613206651169179], "DRB3": [198.0, 10, 0.017130034526387602], "DRB5": [306.0, 5, 0.026473689722599024], "E": [895.0, 111, 0.05721624036394685], "L": [8.0, 1, 0.0005058304820333433], "T": [30.0, 1, 0.0045293317672266695], "DRB4": [6.0, 3, 0.0005190919553450789], "DMB": [40.0, 2, 0.0034999381837660624], "DRB1": [1182.0, 51, 0.10226111520298055], "DOB": [6.0, 3, 0.0005058304820333433], "DOA": [11.0, 6, 0.001012332717694885], "F": [114.0, 8, 0.007588914955232235], "DPB1": [782.0, 109, 0.0697447141083143], "DQA1": [336.0, 53, 0.030318214516873516]}