{"A": [4428.0, 773, 0.16397642823042854], "B": [8245.0, 936, 0.3078498387285751], "C": [3416.0, 598, 0.12615564641509855], "DMA": [192.0, 3, 0.00993241444503806], "DPA1": [673.0, 64, 0.03494857338433471], "DPB1": [648.0, 98, 0.03391018329353245], "DQB1": [398.0, 66, 0.01997902100059392], "DRA": [1346.0, 8, 0.07154178551616752], "DRB1": [1553.0, 66, 0.0788342771512905], "DRB5": [4.0, 2, 0.00020305029530274436], "E": [2343.0, 187, 0.08788589030381881], "F": [303.0, 9, 0.011834994193290578], "L": [79.0, 3, 0.002930843895178458], "T": [71.0, 1, 0.006289582431460989], "Y": [4.0, 2, 0.00019738262929308036], "DRB3": [164.0, 6, 0.00832506210741252], "DRB4": [130.0, 7, 0.006599134597339192], "DMB": [87.0, 3, 0.004466529649230539], "K": [17.0, 7, 0.0006324190007176282], "DPB2": [11.0, 2, 0.0005763776262604642], "H": [1.0, 1, 3.709928981238555e-05], "DOB": [12.0, 4, 0.0005935886369981688], "DQA1": [411.0, 50, 0.02175989282777076], "DOA": [10.0, 4, 0.000539984351054111]}