{"A": [830.0, 254, 0.21432864485694594], "B": [1149.0, 244, 0.29915524025447543], "C": [623.0, 213, 0.16043724415807462], "DPB1": [80.0, 39, 0.029192644189474704], "DRA": [95.0, 7, 0.03521004952362868], "DRB1": [152.0, 36, 0.053804120620376414], "DRB3": [4.0, 3, 0.0014158979110625372], "E": [362.0, 80, 0.09468556044453769], "L": [7.0, 2, 0.0018108895044086784], "T": [20.0, 1, 0.0123544033416241], "Y": [4.0, 2, 0.0013763764887877333], "DPA1": [125.0, 28, 0.04526397776026071], "DMB": [11.0, 3, 0.003937966065142681], "K": [2.0, 2, 0.0005188171211166937], "DMA": [4.0, 1, 0.0014429188635637308], "F": [42.0, 5, 0.011439394218051364], "DQB1": [37.0, 25, 0.012951532836469264], "DQA1": [56.0, 22, 0.02067432184199908]}