{"A": [937.0, 396, 0.1503484856158708], "B": [915.0, 385, 0.14803180053537895], "C": [708.0, 282, 0.11329421796814974], "DMA": [73.0, 2, 0.01636296951731951], "DMB": [19.0, 4, 0.004226591026215054], "DOB": [3.0, 1, 0.0006430004019904578], "DPB1": [221.0, 85, 0.05011099915332069], "DQB1": [86.0, 33, 0.018705754904324873], "DRA": [730.0, 8, 0.1681214907269691], "DRB1": [680.0, 47, 0.1495678338312885], "DRB5": [2.0, 2, 0.00043990539362143675], "E": [237.0, 59, 0.03851952039156489], "K": [1.0, 1, 0.00016119131760785493], "L": [12.0, 3, 0.0019290012059713733], "T": [12.0, 1, 0.004606068239095044], "DRB4": [101.0, 7, 0.02221522237788256], "F": [54.0, 8, 0.009139129632901838], "DPA1": [339.0, 38, 0.07627807833880672], "DQA1": [116.0, 15, 0.026610839553209253], "DOA": [2.0, 2, 0.00046794717170089083], "DRB3": [1.0, 1, 0.00021995269681071838]}