{"A": [2433.0, 463, 0.12027918337020915], "B": [6789.0, 763, 0.33839865710068745], "C": [2841.0, 505, 0.14006660971075915], "DMA": [182.0, 2, 0.012568965783229278], "DOB": [2.0, 2, 0.00013207142998339903], "DPB1": [624.0, 117, 0.04359275060394137], "DQB1": [418.0, 64, 0.028011861146034548], "DRB3": [394.0, 14, 0.026700193436868584], "E": [933.0, 116, 0.04672002468240234], "K": [5.0, 4, 0.00024831362178946476], "L": [39.0, 2, 0.0019315446635072106], "T": [80.0, 1, 0.009460803089006885], "DPA1": [581.0, 56, 0.04027773797850043], "DRB1": [1475.0, 64, 0.09995630791721108], "DMB": [35.0, 3, 0.0023987973741302964], "DRA": [1048.0, 6, 0.07436191227959411], "F": [137.0, 9, 0.007143656107661141], "DQA1": [108.0, 30, 0.0076333159298217655], "DRB4": [1.0, 1, 6.776698841844819e-05], "H": [1.0, 1, 4.952678624377463e-05]}