{"A": [385.0, 175, 0.3227732034851972], "B": [376.0, 154, 0.3178330447627555], "C": [178.0, 98, 0.14882358654342778], "DMB": [2.0, 1, 0.0023245767901531322], "DPB1": [14.0, 7, 0.016586169529741266], "T": [3.0, 1, 0.006016551692161048], "Y": [3.0, 2, 0.0033514529450266034], "DRB1": [7.0, 3, 0.008044602824350166], "F": [8.0, 3, 0.0070742163988521825], "E": [179.0, 45, 0.15200673541809467], "DPA1": [10.0, 4, 0.01175648031801584], "DQB1": [3.0, 2, 0.003409379292224594]}