{"A": [84.0, 60, 0.07715767808503728], "B": [358.0, 213, 0.33155635065349154], "C": [173.0, 90, 0.15847508307345237], "DRA": [74.0, 4, 0.09756015654785946], "F": [5.0, 4, 0.004844193457376775], "T": [9.0, 1, 0.01977570740834989], "DRB4": [23.0, 2, 0.02895993107365096], "DMB": [5.0, 2, 0.0063671785216278046], "DRB1": [69.0, 15, 0.08687979322095288], "DMA": [8.0, 1, 0.0102652527005175], "DPA1": [28.0, 17, 0.03606604109722049], "E": [86.0, 25, 0.08001499325924595], "DQA1": [7.0, 4, 0.009192613990600144], "DRB5": [27.0, 6, 0.03399644082559026], "DQB1": [11.0, 5, 0.01369650846430159], "DPB1": [4.0, 4, 0.0051920776207250675]}