{"A": [619.0, 226, 0.26390204971165093], "B": [805.0, 272, 0.3460369337665554], "C": [336.0, 143, 0.1428586076045128], "DRB1": [78.0, 24, 0.04558443130558658], "T": [10.0, 1, 0.010198628421812985], "DPA1": [44.0, 14, 0.026305427791434872], "K": [1.0, 1, 0.000428286408564699], "DMA": [7.0, 1, 0.004168981312886147], "DRA": [30.0, 2, 0.018357531159263373], "E": [198.0, 49, 0.08550477382206713], "F": [32.0, 3, 0.014389765058558032], "DPB1": [46.0, 23, 0.027713492985606096], "DQB1": [13.0, 7, 0.007512989604068899], "DRB3": [11.0, 3, 0.0064285736456596455], "DQA1": [1.0, 1, 0.0006095274017724167]}