{"A": [879.0, 336, 0.181045728060236], "B": [1445.0, 357, 0.3000832219157665], "C": [1135.0, 353, 0.23313650914155803], "E": [266.0, 62, 0.05549503136226697], "L": [10.0, 1, 0.002063436899617796], "T": [27.0, 1, 0.013303099070477088], "DRB3": [20.0, 5, 0.005646758656631972], "DMB": [5.0, 2, 0.0014277315921597884], "DMA": [33.0, 1, 0.009494960023584792], "DRA": [208.0, 4, 0.06148988014798298], "DOB": [4.0, 2, 0.0011004996797961582], "F": [36.0, 6, 0.007820842104833792], "DPA1": [61.0, 18, 0.017618536061410908], "DRB1": [244.0, 37, 0.06889045561091006], "DRB5": [1.0, 1, 0.0002823379328315986], "DQA1": [44.0, 18, 0.01295666419885008], "DQB1": [32.0, 16, 0.008934427030048809], "DPB1": [66.0, 29, 0.019209880511036413]}