{"A": [823.0, 338, 0.222965267055708], "B": [1090.0, 339, 0.29774079123011005], "C": [569.0, 244, 0.15373213810515596], "DRA": [234.0, 5, 0.09099009997721895], "E": [249.0, 60, 0.06832974262055914], "L": [12.0, 1, 0.0032569449037325704], "T": [6.0, 1, 0.0038884658109922627], "Y": [3.0, 2, 0.0010830132325518498], "DRB3": [20.0, 8, 0.0074274066052661195], "DMA": [21.0, 1, 0.007947608556436475], "DPA1": [133.0, 29, 0.05052770803823854], "F": [29.0, 6, 0.008286802499218381], "DRB1": [101.0, 34, 0.0375084033565939], "DQA1": [16.0, 8, 0.006197242386268918], "DQB1": [55.0, 27, 0.02019841962932092], "DOA": [1.0, 1, 0.00039504333936375577], "DPB1": [51.0, 30, 0.019524902653264235]}