{"A": [705.0, 254, 0.2462337100829532], "B": [909.0, 283, 0.3201081528723913], "C": [155.0, 100, 0.05398897858042373], "DRA": [109.0, 3, 0.05464190032011867], "DRB1": [233.0, 31, 0.11155374042263172], "E": [222.0, 63, 0.07853882944044953], "L": [14.0, 1, 0.004898670331049278], "T": [11.0, 1, 0.00919053369298632], "DRB4": [25.0, 4, 0.011969285453072073], "DMB": [6.0, 2, 0.0029052720145184034], "DMA": [18.0, 1, 0.008782348990452576], "F": [15.0, 5, 0.005525877606864974], "DPA1": [89.0, 22, 0.0435902115281765], "DQA1": [48.0, 14, 0.023968494119776824], "DPB1": [45.0, 21, 0.0222101876013376], "DQB1": [4.0, 3, 0.0018938069427971813]}