{"A": [7815.0, 1498, 0.15049108854829393], "B": [12336.0, 1986, 0.23951384478511234], "C": [5623.0, 1410, 0.10798536632096202], "DMA": [408.0, 3, 0.010975435412784984], "DOB": [17.0, 4, 0.0004372816420543895], "DPA1": [2603.0, 94, 0.07029048620899613], "DPB1": [2100.0, 246, 0.0571455500427199], "DQB1": [715.0, 179, 0.018664018844199447], "DRA": [3298.0, 9, 0.09115350182369855], "DRB1": [3834.0, 185, 0.10120541121048889], "DRB3": [75.0, 12, 0.0019797615651504087], "DRB5": [96.0, 7, 0.0025340948033925233], "DRB7": [1.0, 1, 5.638360937548364e-05], "E": [3482.0, 271, 0.06791780252955514], "F": [543.0, 14, 0.011028926473662687], "H": [15.0, 5, 0.0002893775572418754], "L": [128.0, 1, 0.0024693551551306704], "T": [279.0, 1, 0.01285214625470583], "Y": [26.0, 3, 0.0006671604264696183], "DRB4": [369.0, 9, 0.00974042690054001], "DMB": [97.0, 2, 0.002589588119991436], "DQA1": [1423.0, 94, 0.039176697334625595], "DPB2": [11.0, 1, 0.0002997195730333376], "DPA2": [4.0, 1, 0.00011538255670289967], "DOA": [15.0, 5, 0.0004211923011116806]}