{"A": [396.0, 153, 0.12036330605908928], "B": [626.0, 248, 0.19184377682495962], "C": [254.0, 140, 0.07699236496076002], "DPB1": [131.0, 48, 0.056266712221725884], "DRA": [344.0, 8, 0.15007151600379853], "DRB1": [365.0, 44, 0.15207632558197837], "DRB3": [32.0, 10, 0.013332718955132349], "L": [5.0, 1, 0.0015225119586936887], "T": [21.0, 1, 0.015268904244572524], "DMB": [22.0, 2, 0.009270406148490461], "DMA": [59.0, 1, 0.025051326538668883], "E": [170.0, 55, 0.052338455377086375], "F": [27.0, 5, 0.008655941187639508], "DOB": [5.0, 3, 0.0020300159449249187], "DPA1": [169.0, 28, 0.072032121337696], "DQA1": [53.0, 11, 0.02303116527515599], "DOA": [6.0, 4, 0.0026592400107223633], "DQB1": [66.0, 39, 0.027193191368905356]}