{"A": [963.0, 308, 0.2025169178367402], "B": [1165.0, 345, 0.24702187149434776], "C": [475.0, 212, 0.09961933831299578], "DMA": [27.0, 3, 0.007931924655230817], "DQB1": [106.0, 64, 0.030217477575455454], "DRA": [330.0, 6, 0.09960700155283318], "DRB5": [77.0, 3, 0.02219706588911451], "E": [323.0, 71, 0.06880351126215285], "HFE": [2.0, 1, 0.0004410833619166877], "L": [5.0, 1, 0.0010534084852344252], "T": [17.0, 1, 0.008552116294940222], "DRB4": [7.0, 2, 0.002017915080828592], "DMB": [4.0, 2, 0.0011661976765827578], "DPB1": [87.0, 39, 0.025854467409027776], "DRB1": [326.0, 47, 0.09397718805001729], "F": [51.0, 7, 0.01131245354287482], "DOB": [7.0, 4, 0.001966362505770927], "DPA1": [147.0, 23, 0.0433503825984901], "DQA1": [105.0, 32, 0.031569335541869185], "DOA": [2.0, 2, 0.0006132991765295777], "H": [1.0, 1, 0.00021068169704688505]}