{"A": [364.0, 197, 0.23454205437132816], "B": [474.0, 173, 0.30794428117757616], "C": [259.0, 129, 0.16643096312599698], "DRA": [10.0, 2, 0.009248264587363296], "DRB5": [11.0, 3, 0.009715873470994025], "E": [280.0, 55, 0.18274707330380238], "L": [8.0, 1, 0.00516417694111892], "T": [5.0, 1, 0.00770688715613608], "F": [14.0, 4, 0.009514785180659067], "DPA1": [37.0, 18, 0.03343194497385927], "DRB1": [5.0, 3, 0.0044163061231791015], "DPB1": [32.0, 19, 0.029137389587986288]}