{"A": [2951.0, 694, 0.09524307708776264], "B": [7239.0, 730, 0.2355685157144497], "C": [1057.0, 374, 0.034021559484593525], "DMA": [247.0, 2, 0.01113630087211725], "DPA1": [2146.0, 66, 0.09712577656707569], "DPB1": [1476.0, 163, 0.06731810580804724], "DQA1": [1092.0, 79, 0.05038809818946473], "DQB1": [731.0, 152, 0.03198150570744699], "DRA": [3236.0, 8, 0.14990413973182365], "DRB1": [2518.0, 72, 0.11140117160456875], "DRB5": [722.0, 5, 0.031942671127283016], "E": [1378.0, 169, 0.04504913786469804], "F": [175.0, 9, 0.005957360312062629], "L": [18.0, 2, 0.0005820073906539602], "T": [73.0, 1, 0.005636074474878001], "DRB4": [368.0, 9, 0.016281029051025138], "DMB": [167.0, 3, 0.007472360881465743], "K": [13.0, 4, 0.000421492391076427], "DPB2": [21.0, 2, 0.0009590121780707007], "DOB": [13.0, 3, 0.0005604515613704802], "DRB3": [1.0, 1, 4.424192676909005e-05], "DOA": [20.0, 9, 0.0009412425854459796], "H": [2.0, 1, 6.466748785044001e-05]}