{"A": [248.0, 139, 0.16302065018820283], "B": [551.0, 300, 0.36518842131936047], "C": [251.0, 162, 0.16454310286311682], "DRA": [27.0, 5, 0.02547390994876376], "DRB5": [3.0, 2, 0.0027032239021784264], "L": [3.0, 1, 0.001975622578143175], "T": [22.0, 1, 0.03459419869585202], "Y": [1.0, 1, 0.0008759232789825726], "DRB4": [10.0, 3, 0.009010746340594754], "DMB": [4.0, 2, 0.003645256474149697], "DRB1": [34.0, 16, 0.03063653755802217], "E": [164.0, 55, 0.10919628065367984], "F": [43.0, 3, 0.029813365630077342], "DPB1": [36.0, 24, 0.033440653986794126], "DQA1": [4.0, 3, 0.0037591707389668743], "DPA1": [24.0, 13, 0.022122935843115397]}