{"A": [30.0, 26, 0.09204665172527872], "B": [146.0, 95, 0.4516625235621666], "C": [64.0, 45, 0.19583113260789542], "DRA": [11.0, 2, 0.04844180651581335], "T": [1.0, 1, 0.007339667653911114], "DRB1": [7.0, 3, 0.029441138791531096], "E": [12.0, 8, 0.03729417844810185], "DPA1": [13.0, 8, 0.055933329362564004], "K": [2.0, 1, 0.006164515010329737], "DPB1": [16.0, 8, 0.06937261164777762], "F": [2.0, 1, 0.006472444674630549]}