{"A": [5116.0, 909, 0.20649481639797054], "B": [7307.0, 1100, 0.2973665991270886], "C": [1485.0, 633, 0.059775069962942025], "DMA": [240.0, 2, 0.013532238831922106], "DPA1": [714.0, 55, 0.04041265730858883], "DPB1": [498.0, 130, 0.028404639540441902], "DRA": [1174.0, 6, 0.06801232480119701], "DRB1": [1568.0, 55, 0.08675499731546366], "DRB3": [11.0, 5, 0.0006086128638202171], "DRB4": [585.0, 10, 0.03236713866680245], "DRB5": [586.0, 6, 0.03242246710896793], "DRB7": [2.0, 1, 0.0002363631049309061], "E": [1645.0, 147, 0.06725391621506122], "F": [202.0, 13, 0.00859966628170804], "HFE": [1.0, 1, 4.232863626986141e-05], "L": [66.0, 1, 0.0026687896199999663], "T": [173.0, 1, 0.016703765176898186], "DMB": [17.0, 3, 0.0009512719658677565], "DQB1": [296.0, 76, 0.016195249782302825], "K": [16.0, 3, 0.0006487550913016636], "DOB": [17.0, 3, 0.0009165540109090793], "DQA1": [336.0, 51, 0.01938916095136339], "H": [6.0, 3, 0.00024261723818181513]}