{"A": [1475.0, 393, 0.11002465710116897], "B": [2475.0, 347, 0.18614341062724737], "C": [2532.0, 333, 0.18835481463360923], "DMA": [113.0, 2, 0.011774873252400432], "DRA": [1058.0, 8, 0.11327252354927607], "DRB5": [257.0, 5, 0.026278522938488307], "E": [667.0, 96, 0.05039609608015181], "L": [4.0, 1, 0.0002989164258247768], "T": [24.0, 1, 0.004282515068025561], "DRB4": [218.0, 7, 0.0222907315198072], "DMB": [52.0, 2, 0.005377476307009369], "DRB1": [889.0, 48, 0.0909011941335257], "DPA2": [5.0, 1, 0.0005586841792359403], "F": [65.0, 6, 0.005114026459115537], "DOB": [3.0, 1, 0.0002989164258247768], "DPA1": [580.0, 34, 0.060668963463695436], "DPB1": [579.0, 106, 0.0610320402720689], "DQA1": [376.0, 55, 0.0400983930392862], "DQB1": [224.0, 77, 0.022649746359779628], "DOA": [1.0, 1, 0.00010876905800264121], "H": [1.0, 1, 7.47291064561942e-05]}