{"A": [397.0, 212, 0.1883244910921797], "B": [559.0, 251, 0.26736377466337347], "C": [455.0, 170, 0.21524977866409986], "DPA1": [74.0, 26, 0.049225325156495504], "DRB3": [15.0, 5, 0.009753879339390623], "F": [39.0, 7, 0.019513380511253516], "T": [17.0, 1, 0.019291005804572565], "DMB": [3.0, 2, 0.001972943775467649], "DMA": [3.0, 1, 0.001988004414975035], "DRA": [77.0, 3, 0.052426145186544267], "E": [138.0, 41, 0.06630838342051418], "DQA1": [3.0, 3, 0.0020345982684510126], "DRB1": [103.0, 23, 0.06697663813048228], "DPB1": [58.0, 25, 0.03887994220072154], "DOA": [1.0, 1, 0.0006917093714786975]}