{"A": [1318.0, 429, 0.279141227193722], "B": [715.0, 308, 0.1526824342423931], "C": [894.0, 299, 0.18882570425567308], "DQA1": [43.0, 16, 0.01302021479506946], "DRA": [195.0, 3, 0.05927670976469379], "DRB1": [191.0, 20, 0.055451304121567485], "E": [458.0, 108, 0.09825329170335777], "L": [3.0, 1, 0.000636534011369887], "T": [20.0, 1, 0.010132770899947657], "DRB4": [49.0, 4, 0.014225727235375952], "DMA": [47.0, 1, 0.013905487698764046], "DPA1": [121.0, 27, 0.03593639610550402], "DPB1": [128.0, 45, 0.03830891608196427], "DRB3": [13.0, 3, 0.0037741725318344364], "F": [85.0, 5, 0.018987995036573384], "DQB1": [59.0, 38, 0.0169386153544125], "DRB5": [1.0, 1, 0.0002903209639872643], "H": [1.0, 1, 0.00021217800378996234]}