{"A": [545.0, 251, 0.21956198915450525], "B": [1001.0, 303, 0.40660170201723395], "C": [223.0, 117, 0.08959433257911861], "DRB1": [95.0, 34, 0.05246311626225576], "E": [207.0, 57, 0.08447030411823502], "F": [11.0, 3, 0.004674174805467774], "L": [7.0, 1, 0.0028252083450102583], "T": [13.0, 1, 0.012528343759634658], "DMB": [9.0, 2, 0.0050266693930702], "DMA": [28.0, 1, 0.015757905069370193], "DRA": [95.0, 6, 0.054931968792244275], "DPA1": [46.0, 19, 0.025987174588950408], "DRB3": [23.0, 7, 0.01270159656875666], "G": [5.0, 2, 0.002174763552557412], "DQB1": [5.0, 4, 0.0027305364604331946], "DPB1": [14.0, 12, 0.007970214533156352]}