{"A": [220.0, 106, 0.1336776199636866], "B": [589.0, 207, 0.3608492267224114], "C": [343.0, 144, 0.20784767221948586], "DRA": [67.0, 2, 0.05843213184936761], "F": [12.0, 4, 0.007690753299456531], "T": [8.0, 1, 0.011628284945147784], "DMB": [3.0, 2, 0.002527169881544902], "DMA": [8.0, 1, 0.006790563345830576], "E": [119.0, 41, 0.07324129981422015], "DRB3": [12.0, 3, 0.009995098857346129], "DPA1": [32.0, 14, 0.027266323319656872], "DQA1": [8.0, 4, 0.00694971717424848], "DRB1": [64.0, 16, 0.05330719390584602], "DPB1": [31.0, 15, 0.026618221763916955], "DQB1": [16.0, 9, 0.013178722937834154]}