{"A": [448.0, 194, 0.16502134296726864], "B": [644.0, 190, 0.23917866134615487], "C": [443.0, 196, 0.16273495588037054], "DPB1": [94.0, 42, 0.0489295563589864], "DQB1": [40.0, 27, 0.019972821271832114], "DRA": [150.0, 4, 0.07930384916756869], "DRB5": [8.0, 3, 0.004039446998797507], "E": [221.0, 56, 0.08245698191583642], "F": [34.0, 7, 0.013209690149525851], "L": [4.0, 2, 0.0014760935429000014], "T": [11.0, 1, 0.009692692676036174], "DRB4": [22.0, 6, 0.011108479246693144], "DMB": [4.0, 2, 0.0020426749028010123], "DMA": [28.0, 1, 0.014407874886932329], "DOB": [20.0, 5, 0.009840623619333343], "DRB1": [146.0, 11, 0.07371990772805449], "DPA1": [85.0, 20, 0.043905770899286115], "DQA1": [36.0, 17, 0.018958576441621893]}