{"A": [542.0, 240, 0.12412738978972347], "B": [971.0, 336, 0.2242136386397216], "C": [709.0, 246, 0.1619308489402179], "DPB1": [123.0, 63, 0.0398065710692115], "DRA": [350.0, 5, 0.11504752646019518], "DRB5": [79.0, 5, 0.024800774965656847], "E": [339.0, 85, 0.07863956319070828], "L": [3.0, 1, 0.0006883057174821376], "T": [24.0, 1, 0.013148288738308023], "DRB4": [29.0, 5, 0.009104081949418336], "DMB": [15.0, 2, 0.004762519358336002], "DRB1": [209.0, 33, 0.06561217680787698], "DMA": [46.0, 1, 0.014716548368354305], "F": [34.0, 6, 0.008212944046190962], "DPA1": [98.0, 23, 0.03147277160635225], "DQA1": [195.0, 43, 0.06384752514769203], "DQB1": [64.0, 28, 0.019868525204554344]}