{"B": [75.0, 58, 0.28021553611192196], "C": [63.0, 52, 0.23281558929495164], "E": [26.0, 13, 0.09758945497506714], "T": [1.0, 1, 0.008864334606416356], "DRA": [5.0, 1, 0.02659300381924907], "DRB1": [12.0, 7, 0.06095475032726752], "F": [6.0, 4, 0.023450890976052487], "DPB1": [15.0, 11, 0.07854690317268546], "A": [42.0, 38, 0.15563446497494945], "DPA1": [1.0, 1, 0.005196334079623381], "DQB1": [6.0, 6, 0.030138737661815608]}