{"A": [1919.0, 434, 0.1741527450260127], "B": [1999.0, 460, 0.18291217081664402], "C": [2741.0, 468, 0.2480729471761179], "DQB1": [243.0, 63, 0.02989364992786273], "DRA": [524.0, 6, 0.06825391094640554], "DRB1": [550.0, 42, 0.06842075514075947], "E": [954.0, 115, 0.08769539369981871], "F": [106.0, 6, 0.010146419764180114], "L": [12.0, 1, 0.0010910091214548442], "T": [55.0, 1, 0.011940092563779595], "DRB3": [55.0, 8, 0.006842075514075948], "DMB": [17.0, 2, 0.0021388554241315925], "DMA": [62.0, 1, 0.007860077589175103], "H": [1.0, 1, 9.091742678790368e-05], "DPA1": [465.0, 42, 0.05917644621735279], "DQA1": [50.0, 13, 0.006487337223928544], "DPB1": [268.0, 81, 0.034369361564423904], "K": [5.0, 2, 0.00045583485708848326]}