{"A": [113.0, 82, 0.16668606312368656], "B": [229.0, 150, 0.34058913417315545], "C": [45.0, 33, 0.0661985353535511], "DRB4": [16.0, 4, 0.032352709079987683], "T": [6.0, 1, 0.021171993442050764], "Y": [3.0, 1, 0.005896811280279916], "DMB": [2.0, 1, 0.004090044187668898], "DMA": [8.0, 1, 0.016485063596100597], "DRA": [58.0, 3, 0.12279756196389442], "F": [9.0, 5, 0.014002802579108504], "DRB1": [39.0, 14, 0.07885972838246998], "E": [35.0, 19, 0.05229521442905066], "DPB1": [16.0, 13, 0.03335202055736182], "DPA1": [7.0, 5, 0.014479696664391039], "DRB3": [9.0, 3, 0.01819839885749307], "DQA1": [5.0, 4, 0.010544645171333878], "DQB1": [1.0, 1, 0.0019995771584159056]}