{"A": [1881.0, 479, 0.3103269918224242], "B": [1106.0, 355, 0.18397564887932535], "C": [1368.0, 384, 0.22507739213674954], "DPB1": [101.0, 38, 0.02354688436838971], "DRA": [80.0, 5, 0.018943562186489415], "DRB5": [4.0, 2, 0.0009046083066582023], "E": [736.0, 118, 0.12299334932519602], "L": [17.0, 1, 0.0028097744780485267], "T": [36.0, 1, 0.01420767163986706], "Y": [1.0, 1, 0.0002198395793790109], "DRB3": [11.0, 4, 0.0024876728433100566], "DRB4": [29.0, 5, 0.006558410223271967], "DRB1": [107.0, 30, 0.02419827220310691], "F": [111.0, 9, 0.019315472899444627], "DQA1": [46.0, 14, 0.010849999240601602], "DPA1": [121.0, 26, 0.027993467972420062], "DQB1": [25.0, 17, 0.005590981895318056]}