{"A": [13908.0, 1439, 0.11803120575222995], "B": [24540.0, 1157, 0.20998157091197064], "C": [27289.0, 1178, 0.23095895409239947], "DMA": [948.0, 2, 0.011238809065198271], "DPA1": [4809.0, 76, 0.057230496920999574], "DPB1": [4474.0, 263, 0.053654909016000486], "DQA1": [2352.0, 98, 0.02853715007496349], "DQB1": [1666.0, 202, 0.01916569091454338], "DRA": [6864.0, 8, 0.0836084825885765], "DRB1": [6011.0, 101, 0.0699276146044406], "DRB4": [1876.0, 11, 0.02182402345665123], "DRB5": [2097.0, 5, 0.02439497717942304], "DRB7": [1.0, 1, 2.4848674895206303e-05], "E": [6029.0, 254, 0.051826335658394417], "F": [832.0, 14, 0.007447441467151168], "K": [27.0, 6, 0.00023018557485266592], "L": [81.0, 3, 0.0006886665145455215], "S": [1.0, 1, 3.489982429102009e-05], "T": [333.0, 2, 0.006760301258254656], "DMB": [272.0, 3, 0.003200208130443236], "J": [2.0, 2, 1.70196403391824e-05], "DPB2": [3.0, 1, 3.602417430039574e-05], "DPA2": [1.0, 1, 1.2712487156483443e-05], "V": [4.0, 1, 7.209480143676877e-05], "DOB": [61.0, 6, 0.0006915005331238982], "DOA": [26.0, 12, 0.0003217457904757788], "H": [5.0, 3, 4.251027867564947e-05], "G": [3.0, 2, 2.748747222921051e-05], "DQA2": [1.0, 1, 1.2133142038674952e-05]}