{"A": [18003.0, 1299, 0.19515277836980882], "B": [25231.0, 1301, 0.2757647690618758], "C": [6254.0, 887, 0.0676087264578627], "DMA": [582.0, 2, 0.008813179912361876], "DOB": [23.0, 6, 0.0003330337255869056], "DPA1": [3337.0, 93, 0.05072553566311512], "DPB1": [3008.0, 218, 0.04607751088785007], "DQA1": [1717.0, 80, 0.026609779292147494], "DQB1": [1681.0, 135, 0.02470102025812805], "DRA": [6282.0, 8, 0.09773918069454761], "DRB1": [5550.0, 114, 0.08246936761113945], "DRB3": [1027.0, 7, 0.015260547844439677], "DRB5": [4.0, 3, 5.9437382062082486e-05], "E": [7589.0, 302, 0.08332733032006095], "F": [1135.0, 14, 0.012977090379685724], "H": [3.0, 2, 3.257938619871903e-05], "HFE": [4.0, 1, 4.547215189276797e-05], "K": [9.0, 5, 9.800642435625631e-05], "L": [242.0, 2, 0.0026280704866966684], "T": [267.0, 1, 0.006923580931084638], "V": [3.0, 2, 6.906577809244885e-05], "DMB": [154.0, 3, 0.002314343064042337], "G": [1.0, 1, 1.17033783263835e-05], "DOA": [14.0, 6, 0.00022129176707974535], "DRB4": [1.0, 1, 1.4859345515520621e-05], "J": [2.0, 1, 2.173942604188496e-05]}