{"A": [337.0, 179, 0.08608302099650811], "B": [371.0, 183, 0.09555116110415061], "C": [329.0, 145, 0.08381051666227514], "DMA": [22.0, 2, 0.00785036905184818], "DPB1": [204.0, 66, 0.07363750878960713], "DQB1": [143.0, 54, 0.04951547590850908], "DRA": [451.0, 6, 0.16535032226461402], "DRB5": [81.0, 3, 0.028362365001416763], "E": [101.0, 33, 0.0261325644729126], "L": [1.0, 1, 0.0002559053614280304], "T": [8.0, 1, 0.0048884056840979755], "DRB4": [56.0, 6, 0.0196085486429548], "DMB": [17.0, 2, 0.006020238250160433], "DRB1": [375.0, 44, 0.13130724537692945], "F": [26.0, 4, 0.007005071257687948], "DPA1": [338.0, 39, 0.12107232353804727], "DQA1": [248.0, 48, 0.0905691724987371], "DOA": [8.0, 4, 0.0029797851381154986]}