{"A": [981.0, 309, 0.13613865841981096], "B": [1294.0, 274, 0.1810594496037836], "C": [1276.0, 247, 0.17659489899531547], "DMA": [41.0, 2, 0.007948334026844719], "DOB": [16.0, 4, 0.0029659441196842676], "DRA": [428.0, 5, 0.08525053892245427], "E": [359.0, 73, 0.0504638017660625], "L": [4.0, 1, 0.0005561145224408002], "T": [28.0, 1, 0.009295230100579126], "DRB3": [44.0, 5, 0.008370183124277512], "DRB4": [79.0, 6, 0.015028283336770988], "DQB1": [228.0, 61, 0.04289084746410083], "DOA": [6.0, 4, 0.0012141464474006314], "DPA1": [441.0, 41, 0.08582061584241589], "F": [49.0, 7, 0.007172328125158678], "DRB1": [501.0, 32, 0.09530594875597803], "DQA1": [166.0, 17, 0.03293530330559551], "DPB1": [311.0, 47, 0.06098937312132605]}