{"A": [221.0, 125, 0.05231601543117717], "B": [646.0, 209, 0.1541875699548235], "C": [205.0, 104, 0.04839620054744008], "DPB1": [296.0, 60, 0.09901828906430946], "DQB1": [166.0, 31, 0.053268172172559074], "DRA": [608.0, 7, 0.20657933247926522], "DRB1": [420.0, 30, 0.1362892180941338], "L": [1.0, 1, 0.00023715602992136162], "T": [5.0, 1, 0.002831405324551333], "DQA1": [237.0, 37, 0.08021061599496553], "DMA": [44.0, 1, 0.014550397438839367], "F": [14.0, 5, 0.0034956024237400313], "E": [49.0, 16, 0.01174928729787528], "DPA1": [248.0, 32, 0.0823255506779891], "DRB5": [160.0, 4, 0.051919702131098595], "DMB": [8.0, 1, 0.002625484937311236]}