{"A": [5293.0, 750, 0.17529763764815245], "B": [6975.0, 787, 0.23291252403641693], "C": [3445.0, 585, 0.11378327160875476], "DMA": [171.0, 2, 0.007911340449540349], "DMB": [62.0, 4, 0.0028467086271117626], "DOA": [8.0, 5, 0.00038634164120678846], "DPB1": [861.0, 127, 0.0402956942195175], "DQB1": [643.0, 75, 0.028867053934855193], "DRA": [1813.0, 5, 0.0861812677806298], "DRB1": [1977.0, 40, 0.0897533490595136], "E": [2947.0, 179, 0.09886153816042591], "F": [356.0, 12, 0.012435858678556842], "L": [29.0, 1, 0.0009621968999809124], "T": [112.0, 1, 0.008873232203925848], "Y": [19.0, 2, 0.0008384996754771728], "DRB3": [158.0, 9, 0.007173004123117424], "DRB4": [249.0, 7, 0.011304291307950878], "K": [6.0, 4, 0.00019962163025757896], "V": [1.0, 1, 7.033734425258988e-05], "DPA2": [3.0, 1, 0.00014883113360950463], "DOB": [3.0, 3, 0.00013271681379047067], "DPA1": [1174.0, 45, 0.05452338926291628], "DQA1": [550.0, 42, 0.02604221853935408], "H": [6.0, 5, 0.00019907522068570604]}