{"A": [129.0, 93, 0.1319087715898373], "B": [241.0, 144, 0.24847086311002603], "C": [70.0, 55, 0.0713833666673348], "DRA": [45.0, 4, 0.06604461067288707], "DRB5": [54.0, 3, 0.07569157627679192], "K": [3.0, 2, 0.0030816789975455085], "T": [12.0, 1, 0.02935316029906092], "DRB4": [50.0, 6, 0.07008479284888142], "DMA": [5.0, 1, 0.0071422288895615785], "E": [84.0, 26, 0.08700341701188445], "DRB1": [71.0, 11, 0.0995204058454116], "F": [23.0, 2, 0.024806381146108402], "DMB": [1.0, 1, 0.0014176242189887379], "DPB1": [23.0, 18, 0.0332348040837823], "DQB1": [16.0, 7, 0.02217794333706825], "DPA1": [20.0, 12, 0.02867837500482964]}