{"A": [103.0, 78, 0.06765567577729861], "B": [490.0, 201, 0.3245170743775103], "C": [52.0, 39, 0.03406319466134619], "DRA": [128.0, 6, 0.12067516081533926], "DRB5": [38.0, 2, 0.03421530630561322], "L": [2.0, 1, 0.0013160997095080767], "T": [4.0, 1, 0.006285164625798921], "DPB1": [62.0, 34, 0.05754929695012409], "DMA": [11.0, 1, 0.010093446627117923], "E": [58.0, 23, 0.03858940329059475], "DRB1": [141.0, 30, 0.1269567944497754], "F": [11.0, 3, 0.007620988519610649], "DPA1": [117.0, 23, 0.10776890035098322], "DQA1": [19.0, 9, 0.017842747624216268], "DRB3": [27.0, 5, 0.02431087553293571], "DQB1": [20.0, 16, 0.017807966439763605], "DMB": [3.0, 1, 0.002731903942463735]}