{"A": [5636.0, 957, 0.16707040860715508], "B": [9419.0, 1006, 0.2815190625169906], "C": [7106.0, 886, 0.21007229237881742], "DPA1": [753.0, 51, 0.031301424661463885], "DPA2": [3.0, 2, 0.0001332134790166821], "DPB1": [688.0, 103, 0.028820287568437943], "DQA1": [463.0, 50, 0.019622333895487218], "DRA": [1450.0, 8, 0.06169322273328129], "DRB3": [509.0, 11, 0.02068312500236664], "DRB5": [18.0, 2, 0.0007314268173724941], "E": [1681.0, 189, 0.0504741857565874], "F": [264.0, 11, 0.008254372959166246], "L": [53.0, 1, 0.0015739691138440032], "T": [116.0, 1, 0.008225763031104172], "Y": [1.0, 1, 3.9500598753732994e-05], "DRB4": [1.0, 1, 4.063482318736079e-05], "DMB": [68.0, 3, 0.002794567612839858], "DQB1": [565.0, 79, 0.0227035787108493], "DMA": [226.0, 1, 0.009358727102182156], "K": [5.0, 3, 0.00014889521213666968], "H": [4.0, 2, 0.00011879012179954741], "DRB1": [1812.0, 84, 0.07363029961549775], "DOB": [25.0, 5, 0.000989917681662895]}