{"A": [3838.0, 968, 0.0834195316418005], "B": [9251.0, 1411, 0.20273368670974504], "C": [4944.0, 1022, 0.1071658122517579], "DMA": [555.0, 2, 0.016851383177464943], "DPA1": [2399.0, 89, 0.0731195656318212], "DPB1": [2536.0, 229, 0.07789208826303097], "DQA1": [1759.0, 90, 0.05466001371340188], "DQB1": [1200.0, 150, 0.03535585499496148], "DRA": [4159.0, 8, 0.12974558905062777], "DRB1": [4099.0, 149, 0.12212667103175318], "DRB3": [686.0, 18, 0.020438862241469305], "DRB5": [8.0, 2, 0.00023835407861771786], "E": [1913.0, 196, 0.04211635761865211], "F": [252.0, 10, 0.005777167084191112], "K": [4.0, 3, 8.73383426225032e-05], "L": [56.0, 3, 0.0012193898894247665], "T": [121.0, 1, 0.006291262432926969], "DRB4": [529.0, 10, 0.015761163448596592], "DMB": [142.0, 3, 0.004278861996549315], "DPB2": [11.0, 2, 0.0003382953908989549], "H": [12.0, 6, 0.00026129783344816423], "DOB": [2.0, 2, 5.806618521070316e-05], "DOA": [2.0, 2, 6.338699102682337e-05]}