{"A": [284.0, 156, 0.1940754396157015], "B": [791.0, 228, 0.5450083830111287], "C": [145.0, 96, 0.09881781844039297], "DRB1": [26.0, 13, 0.02435540807331086], "E": [146.0, 36, 0.10105973433655306], "L": [15.0, 1, 0.010269168585093696], "T": [5.0, 1, 0.008173572090967822], "F": [16.0, 3, 0.011532509785988026], "DPA1": [7.0, 3, 0.006707966060863246]}