{"A": [649.0, 195, 0.30686759337053526], "B": [724.0, 241, 0.3451591232185898], "C": [132.0, 91, 0.06224368309626338], "L": [16.0, 1, 0.0075791080611574855], "T": [13.0, 1, 0.014704130127365447], "DRB4": [18.0, 3, 0.011666716903130061], "DMB": [7.0, 3, 0.004588614034501281], "DRB1": [76.0, 14, 0.04925947136877137], "DMA": [1.0, 1, 0.000660520231792987], "DRA": [22.0, 3, 0.0149303475139403], "E": [185.0, 45, 0.08860354880536737], "F": [14.0, 3, 0.00698209858852068], "DPA1": [62.0, 18, 0.04110915956032675], "DQA1": [35.0, 12, 0.023660041115397226], "DPB1": [31.0, 20, 0.020713302403948416], "DOB": [1.0, 1, 0.0006315923384297904], "DQB1": [1.0, 1, 0.0006409492619620837]}