{"A": [315.0, 148, 0.21959529684338874], "B": [483.0, 181, 0.33949553881132166], "C": [194.0, 98, 0.1348743086983087], "E": [217.0, 44, 0.15323051894127238], "L": [1.0, 1, 0.0006984000577396619], "T": [4.0, 1, 0.006670557414228056], "Y": [4.0, 2, 0.0037157595304983947], "DRB4": [10.0, 2, 0.009556135621506484], "DMB": [6.0, 2, 0.005798836843050526], "DMA": [3.0, 1, 0.0029215513865750737], "DRA": [39.0, 2, 0.03902276087323413], "DQB1": [8.0, 3, 0.007559965069458463], "F": [4.0, 3, 0.002941196784947817], "DQA1": [17.0, 10, 0.016943476400788256], "DRB1": [32.0, 14, 0.03057963398882075], "DPA1": [19.0, 10, 0.01857405211030743], "DRB3": [2.0, 1, 0.0019112271243012968], "DPB1": [6.0, 5, 0.005910783500252274]}