{"A": [187.0, 126, 0.27552211109145996], "B": [299.0, 153, 0.4441815339370785], "C": [62.0, 51, 0.09110066801042428], "E": [67.0, 24, 0.09999141437217249], "L": [1.0, 1, 0.0014760689233499697], "T": [2.0, 1, 0.007049113464015542], "DMA": [1.0, 1, 0.0020582335114396524], "DRA": [1.0, 1, 0.002114734039204662], "F": [15.0, 4, 0.023310829106506725], "DRB1": [12.0, 9, 0.02423627775268265], "DRB3": [1.0, 1, 0.002019689812723554], "DPA1": [8.0, 8, 0.0165289557087261], "DPB1": [5.0, 5, 0.010410370270216001]}