{"A": [143.0, 86, 0.216074615092699], "B": [207.0, 91, 0.315364291137434], "C": [24.0, 20, 0.036165458336812714], "DRB1": [36.0, 12, 0.07456586072814757], "DRB5": [25.0, 3, 0.051781847727880255], "T": [3.0, 1, 0.01084372811242669], "DRB4": [12.0, 3, 0.02485528690938252], "DMB": [2.0, 1, 0.004189622225255767], "DMA": [9.0, 1, 0.01899721833436584], "DRA": [25.0, 1, 0.05421864056213345], "F": [9.0, 4, 0.014343721047849714], "E": [46.0, 23, 0.07040420521702863], "DPA1": [21.0, 10, 0.04449667742685434], "DQA1": [10.0, 8, 0.021602739598975046], "DQB1": [7.0, 7, 0.014337818281986398], "DPB1": [13.0, 11, 0.027758269260767934]}