{"A": [18117.0, 1236, 0.16746350817446906], "B": [32533.0, 1578, 0.3032022879728415], "C": [14209.0, 1252, 0.13098224686378945], "DMA": [589.0, 2, 0.007605521344341297], "DPB1": [4269.0, 227, 0.0557623896413407], "DQA1": [1690.0, 70, 0.022333753852182194], "DQB1": [1926.0, 169, 0.0241327883833915], "DRA": [5082.0, 8, 0.06742321636305422], "DRB1": [4616.0, 75, 0.05848837087983575], "DRB3": [1003.0, 7, 0.012708803291264137], "DRB5": [1509.0, 5, 0.019120223496029494], "E": [7276.0, 232, 0.06812392292728597], "H": [29.0, 15, 0.00026854908964054426], "HFE": [3.0, 1, 2.9081098927579936e-05], "L": [181.0, 2, 0.0016761167318944316], "T": [367.0, 1, 0.008115020466102877], "Y": [116.0, 3, 0.0014287854477962939], "DPA1": [2946.0, 46, 0.03818626843778675], "DMB": [252.0, 3, 0.0032293238490944446], "F": [918.0, 10, 0.008950106279169949], "DRB4": [1.0, 1, 1.2670790918508611e-05], "DOB": [7.0, 3, 8.642959206822115e-05], "DOA": [47.0, 6, 0.0006334890646867114], "K": [3.0, 3, 2.7857191744900452e-05], "J": [1.0, 1, 9.268770343128217e-06]}