{"A": [2187.0, 542, 0.12675620530237405], "B": [4977.0, 512, 0.29084563299425115], "C": [4603.0, 456, 0.2660580736062352], "DMA": [117.0, 2, 0.009472968693316616], "DPB1": [477.0, 97, 0.0390679071206993], "DRA": [730.0, 8, 0.06072733340987887], "DRB1": [494.0, 41, 0.03924797183131928], "DRB3": [1.0, 1, 7.944933569092972e-05], "DRB4": [186.0, 7, 0.014777576438512928], "DRB5": [137.0, 5, 0.01088455898965737], "E": [1035.0, 123, 0.060762250935913205], "K": [3.0, 2, 0.00017467223574135784], "L": [13.0, 1, 0.0007548411793336233], "T": [55.0, 1, 0.0076255783962176655], "DMB": [24.0, 3, 0.001928452057225294], "DPA1": [411.0, 40, 0.03340433620963814], "F": [147.0, 9, 0.00898647543669539], "DOB": [4.0, 2, 0.00030967843254712754], "DQA1": [185.0, 43, 0.01532968725177138], "DQB1": [163.0, 67, 0.012806350142981303]}