{"A": [325.0, 191, 0.1589055484740013], "B": [433.0, 192, 0.21346076296726235], "C": [117.0, 73, 0.0570501227981864], "DMA": [19.0, 2, 0.012977441974024721], "DRA": [152.0, 8, 0.1066694838335522], "DRB5": [74.0, 3, 0.04959720973632787], "L": [4.0, 1, 0.0019593295028012734], "T": [2.0, 1, 0.002339243066525268], "DRB3": [24.0, 9, 0.016085581536106335], "DMB": [10.0, 2, 0.006778488431408446], "DQA1": [61.0, 14, 0.042640928788828754], "E": [69.0, 32, 0.03417258632837719], "DRB1": [176.0, 36, 0.1179609312647798], "F": [15.0, 4, 0.007735681322298976], "DPA1": [101.0, 30, 0.06924966112454974], "DPB1": [83.0, 35, 0.057347582435915784], "DQB1": [68.0, 44, 0.04506941641505349]}