{"A": [357.0, 139, 0.22842309704618524], "B": [521.0, 195, 0.3361119729251945], "C": [90.0, 67, 0.057428745576606], "L": [4.0, 1, 0.0025640328012912898], "T": [7.0, 1, 0.010714193709971011], "DRB4": [25.0, 5, 0.02192712195860841], "DRB1": [70.0, 8, 0.06139594148410355], "DMA": [8.0, 1, 0.007150585115051537], "DRA": [29.0, 2, 0.026632424364785082], "E": [133.0, 27, 0.08619786286407491], "F": [23.0, 5, 0.01552212748677974], "DPA1": [43.0, 13, 0.038581653211767535], "DQA1": [69.0, 16, 0.06311927622553792], "DPB1": [47.0, 28, 0.042496286248428876], "DQB1": [2.0, 2, 0.0017346789816143542]}