{"A": [375.0, 219, 0.13123328639104745], "B": [898.0, 339, 0.31685716636600764], "C": [376.0, 199, 0.13122470437776848], "DOB": [1.0, 1, 0.0004674587135681107], "DRA": [161.0, 7, 0.08086852427585739], "E": [175.0, 53, 0.06203315124241026], "HFE": [1.0, 1, 0.00036700196996464847], "L": [2.0, 1, 0.000701188070352166], "T": [12.0, 1, 0.010045779413149986], "DRB3": [53.0, 13, 0.0254248518293487], "DMB": [11.0, 2, 0.00533682031323593], "DPB2": [2.0, 2, 0.000990337790085018], "DMA": [16.0, 1, 0.007821904581231288], "DQB1": [53.0, 32, 0.025142353475689272], "F": [52.0, 8, 0.01919409726489464], "DPA1": [64.0, 19, 0.03140749425720456], "DPB1": [61.0, 38, 0.030166428334275686], "DQA1": [15.0, 8, 0.0075049035654880265], "DRB1": [236.0, 47, 0.11321254776842063]}