{"A": [220.0, 139, 0.15878498862924018], "B": [307.0, 179, 0.22340845094363496], "C": [310.0, 175, 0.2231328314326677], "DRA": [58.0, 3, 0.06008356040323548], "E": [120.0, 49, 0.0877285730534581], "L": [6.0, 1, 0.0043384020615852455], "T": [11.0, 1, 0.018991930012516964], "DRB4": [17.0, 5, 0.016819206660727486], "DRB1": [77.0, 24, 0.07618111252211861], "DMA": [10.0, 1, 0.010082461110045439], "H": [5.0, 3, 0.0036153350513210376], "F": [8.0, 3, 0.0060901551834741325], "DPA1": [32.0, 14, 0.03238749193357125], "DQA1": [30.0, 14, 0.030956306376936388], "DMB": [2.0, 1, 0.0020012157657817464], "DQB1": [12.0, 10, 0.011740465825919578], "DPB1": [33.0, 20, 0.03365751303376559]}