{"A": [1303.0, 403, 0.20683923290001038], "B": [1567.0, 367, 0.25080255678521013], "C": [949.0, 284, 0.15023452088157951], "DMA": [39.0, 2, 0.008648342961968997], "DPB1": [125.0, 39, 0.02804011800856199], "DRA": [393.0, 7, 0.08954100366235292], "DRB5": [160.0, 4, 0.03481595476478828], "L": [1.0, 1, 0.00015903045031133333], "T": [10.0, 1, 0.003797328399590879], "DRB3": [127.0, 6, 0.027635164094550697], "DMB": [11.0, 2, 0.002420796854739185], "DRB1": [380.0, 44, 0.08268789256637217], "F": [31.0, 6, 0.005190411700074795], "E": [240.0, 53, 0.03858982440027041], "DPA1": [188.0, 33, 0.041849177810663614], "DQB1": [122.0, 44, 0.026252197002504946], "DQA1": [11.0, 5, 0.0024964467564497846]}