{"A": [4655.0, 1104, 0.17537925048456623], "B": [9107.0, 1293, 0.3459460062811324], "C": [3113.0, 822, 0.11696412229889305], "DMA": [131.0, 2, 0.006894608558254698], "DOA": [15.0, 9, 0.0008240567997913981], "DPB1": [748.0, 139, 0.039823684954243356], "DQB1": [280.0, 75, 0.0142999288615653], "DRA": [1095.0, 6, 0.05921252055912859], "DRB1": [1084.0, 77, 0.05598318859286961], "DRB3": [18.0, 7, 0.0009296101426860267], "DRB5": [4.0, 1, 0.00020658003170800595], "E": [2096.0, 206, 0.07998763581975192], "F": [257.0, 10, 0.010212763109345576], "L": [36.0, 1, 0.0013587914676852326], "T": [113.0, 1, 0.010184193033761842], "V": [3.0, 2, 0.00024004439854658524], "DPA1": [804.0, 64, 0.04247712858878756], "DRB4": [150.0, 8, 0.007746751189050223], "DMB": [87.0, 3, 0.004544173822486051], "K": [1.0, 1, 3.784780544330118e-05], "DPB2": [1.0, 1, 5.3308829058670347e-05], "H": [6.0, 2, 0.00022646524461420543], "DOB": [40.0, 5, 0.002013024396570715], "DQA1": [454.0, 56, 0.024454314730059636]}