{"A": [1300.0, 323, 0.2563848199231672], "B": [1488.0, 394, 0.2958873151276038], "C": [990.0, 287, 0.1947148934205835], "DMA": [27.0, 2, 0.0074386224030556026], "DRA": [47.0, 4, 0.013304167940628421], "E": [553.0, 78, 0.11047070986973288], "L": [3.0, 1, 0.0005927369433091752], "T": [33.0, 1, 0.015568707164565173], "DRB4": [23.0, 6, 0.006217941267972404], "K": [1.0, 1, 0.00019812128388742176], "DRB1": [72.0, 16, 0.019464859621478828], "F": [56.0, 5, 0.01164899860151903], "DPA1": [100.0, 23, 0.02765601063715862], "DQA1": [7.0, 6, 0.001973731696644094], "DMB": [2.0, 1, 0.0005468347557801818], "DRB3": [11.0, 5, 0.0029737979977259325], "DPB1": [65.0, 31, 0.018115220867158145], "DQB1": [63.0, 30, 0.0168425104780296]}