{"A": [698.0, 239, 0.19259506810344884], "B": [378.0, 226, 0.10516131284968444], "C": [520.0, 210, 0.14308961127334768], "DMA": [47.0, 2, 0.018116211867689185], "DRA": [321.0, 5, 0.12712637884825997], "DRB1": [216.0, 24, 0.08169835540810155], "DRB5": [244.0, 5, 0.09228888296100361], "T": [17.0, 1, 0.01122091609771765], "Y": [4.0, 2, 0.001470702595331925], "DMB": [5.0, 2, 0.001912656153020054], "E": [186.0, 54, 0.05198472384016425], "F": [39.0, 5, 0.011350263833714395], "DQA1": [69.0, 23, 0.027219487877666645], "DPA1": [156.0, 21, 0.06036079004289495], "DPB1": [116.0, 50, 0.04523025639388891], "DQB1": [78.0, 24, 0.029174381854065894]}