{"A": [285.0, 184, 0.14935948165986698], "B": [637.0, 293, 0.33659048159242866], "C": [221.0, 147, 0.11550352343362494], "DRB1": [78.0, 23, 0.05603409530752195], "DRB3": [10.0, 6, 0.007183858372759224], "DRB5": [3.0, 1, 0.0021551575118277672], "E": [191.0, 43, 0.10138982253752828], "T": [14.0, 1, 0.01755115202442744], "Y": [2.0, 1, 0.001396667610820422], "DRB4": [8.0, 3, 0.005747086698207379], "DMB": [3.0, 2, 0.0021796479380985375], "DMA": [9.0, 1, 0.006588859415931457], "DRA": [105.0, 5, 0.07898018410992348], "DOB": [6.0, 2, 0.004200197486554846], "F": [17.0, 3, 0.009396983617854213], "DPB1": [46.0, 32, 0.03406646661553235], "DPA1": [57.0, 19, 0.041889325890813275], "DQB1": [24.0, 16, 0.017049690538015225], "DQA1": [17.0, 13, 0.012737317638263329]}