{"A": [420.0, 227, 0.11815268339891805], "B": [679.0, 255, 0.19259212883509588], "C": [446.0, 237, 0.12512502547882307], "DPB1": [145.0, 61, 0.057642608089543856], "DRA": [311.0, 7, 0.1255728043003291], "DRB5": [67.0, 3, 0.025836812041272233], "DRB7": [1.0, 1, 0.0008236929928381715], "E": [242.0, 54, 0.06895769289673807], "T": [15.0, 1, 0.01009427687301681], "DMA": [40.0, 1, 0.015719331924392586], "DPA1": [212.0, 41, 0.08363166402379904], "DRB1": [280.0, 35, 0.1079747368888989], "DRB3": [15.0, 4, 0.005784360904762441], "F": [28.0, 4, 0.008308142579059367], "DQA1": [52.0, 20, 0.020914079896281697], "DQB1": [80.0, 48, 0.03050714788289524], "DMB": [1.0, 1, 0.00039000615191201306], "H": [7.0, 5, 0.0019728048414235405]}