{"A": [5711.0, 793, 0.24824870012276173], "B": [6652.0, 761, 0.291542265241974], "C": [3001.0, 544, 0.13009357235405325], "DMA": [109.0, 2, 0.006618828297538469], "DMB": [55.0, 4, 0.003314474415051757], "DOA": [4.0, 4, 0.00025353748513543315], "DPB1": [371.0, 93, 0.022789251113220728], "DRA": [712.0, 5, 0.04442175592502307], "DRB1": [715.0, 35, 0.0426040306833619], "E": [2875.0, 188, 0.12658601548260398], "F": [258.0, 10, 0.011828948459942637], "L": [23.0, 2, 0.0010016002976871731], "T": [115.0, 1, 0.011958103771951435], "Y": [67.0, 2, 0.003880831208303319], "DRB3": [26.0, 9, 0.0015492374793949785], "DRB4": [105.0, 6, 0.00625653597447972], "K": [3.0, 3, 0.00013100209947871535], "V": [1.0, 1, 9.231804947146092e-05], "H": [3.0, 3, 0.0001306435170896313], "DQB1": [170.0, 47, 0.01001707823215642], "DPA1": [447.0, 37, 0.027247265536149614], "DQA1": [149.0, 24, 0.009259812897050844], "DOB": [3.0, 2, 0.00017419135611950837]}