{"A": [68.0, 43, 0.14124085977021594], "B": [199.0, 122, 0.4167532320735662], "C": [43.0, 35, 0.08907071049301404], "L": [1.0, 1, 0.0020808617436090743], "T": [8.0, 1, 0.03974944611756943], "DRB1": [15.0, 10, 0.042708323426882876], "DMA": [6.0, 1, 0.017409347106836226], "DRA": [21.0, 1, 0.06260537763517184], "E": [29.0, 17, 0.061013016290471234], "DPA1": [15.0, 8, 0.043690123965431905], "DPB1": [23.0, 16, 0.06750883247477163], "DMB": [1.0, 1, 0.002879576352267103], "F": [2.0, 1, 0.004381603210366082], "DQA1": [3.0, 3, 0.00890868933982635]}