{"A": [164.0, 119, 0.21048508230679835], "B": [179.0, 110, 0.23163541762829384], "C": [126.0, 70, 0.16127351059447587], "DRA": [51.0, 3, 0.0939482196637661], "L": [3.0, 1, 0.0038573630336400317], "T": [2.0, 1, 0.006140406513971641], "DRB4": [5.0, 2, 0.008796649781251506], "DQA1": [14.0, 5, 0.025688966314311043], "DRB1": [33.0, 5, 0.05805788855625994], "DMA": [11.0, 1, 0.01972195450956922], "E": [34.0, 14, 0.04420073065361689], "DPB1": [31.0, 18, 0.05622383802271716], "DQB1": [17.0, 15, 0.029576291375630066], "DPA1": [28.0, 9, 0.05039368104569829]}