{"A": [875.0, 242, 0.14556323603763888], "B": [2177.0, 191, 0.3651544001150475], "C": [676.0, 184, 0.11215157215255261], "DRB3": [210.0, 12, 0.04788866911440523], "L": [5.0, 1, 0.0008333077850329899], "T": [29.0, 1, 0.011540677402827257], "DMB": [9.0, 2, 0.0020756939372639934], "DQA1": [47.0, 15, 0.011178476724640464], "DMA": [39.0, 1, 0.00906333535965652], "DRA": [301.0, 6, 0.07187056341208974], "DPA1": [171.0, 35, 0.03989149727707353], "E": [243.0, 58, 0.04094708409082401], "DRB1": [295.0, 41, 0.06727217804166451], "F": [39.0, 5, 0.006843209983371781], "DPB1": [172.0, 52, 0.04043462475473334], "DQB1": [119.0, 34, 0.02683539124818338], "DRB5": [2.0, 2, 0.0004560825629943356]}