{"A": [593.0, 265, 0.21839370302136504], "B": [951.0, 321, 0.35313470115458334], "C": [176.0, 137, 0.0646417503656384], "DMA": [19.0, 2, 0.009775046089946143], "DRA": [110.0, 4, 0.05814588819654238], "DRB1": [115.0, 16, 0.05805679848020447], "DRB5": [104.0, 3, 0.052503539495141444], "E": [184.0, 48, 0.06863984587844102], "L": [6.0, 1, 0.002213749393017], "T": [23.0, 1, 0.020262961038189014], "DRB4": [47.0, 5, 0.02372756111799661], "DMB": [8.0, 2, 0.004084628509674466], "DQB1": [28.0, 21, 0.01397850645533039], "F": [24.0, 7, 0.009322840863579759], "DPA1": [21.0, 14, 0.010845392939480477], "DPB1": [61.0, 32, 0.03174655285704517], "DQA1": [1.0, 1, 0.000526534143825224]}