{"A": [521.0, 286, 0.19103001736178524], "B": [1082.0, 406, 0.4000051777704208], "C": [296.0, 208, 0.10823572338306842], "DPB1": [79.0, 38, 0.04093288020511978], "DRA": [41.0, 4, 0.021576880362281805], "DRB1": [113.0, 44, 0.05679526880781495], "DRB5": [19.0, 2, 0.009549646967685697], "E": [222.0, 62, 0.08244986031694534], "L": [11.0, 1, 0.004040623291984186], "T": [10.0, 1, 0.008771089578163336], "DMA": [8.0, 1, 0.004097638795294627], "F": [21.0, 2, 0.00812147285724461], "DPA1": [57.0, 20, 0.02930753724565611], "DRB3": [20.0, 7, 0.010052259965984946], "DQB1": [24.0, 20, 0.011928681826302136], "DQA1": [25.0, 15, 0.013105241264247953]}