{"A": [1376.0, 475, 0.22486263252492822], "B": [1639.0, 505, 0.27005502999723474], "C": [436.0, 236, 0.07105593642631555], "DMA": [131.0, 2, 0.02990542278492868], "DMB": [31.0, 3, 0.007023243229793857], "DRA": [323.0, 8, 0.07576040438848598], "DRB1": [549.0, 54, 0.12298185100318985], "DRB3": [171.0, 10, 0.03830582244361651], "E": [269.0, 72, 0.044527077836600454], "L": [4.0, 1, 0.0006548632726626718], "T": [40.0, 1, 0.015636822371204537], "DRB4": [122.0, 8, 0.02732930022293108], "F": [63.0, 8, 0.010859029599138368], "DPA1": [80.0, 22, 0.01833282622830877], "DQA1": [16.0, 9, 0.003738177848116085], "DQB1": [55.0, 34, 0.012183690764230202], "DPB1": [116.0, 50, 0.02678786905831449]}