{"A": [407.0, 212, 0.23969669981172634], "B": [638.0, 238, 0.37884606831980694], "C": [161.0, 100, 0.09456023494236278], "DRA": [55.0, 3, 0.046491251791781575], "DRB5": [3.0, 1, 0.0024219140361397963], "E": [162.0, 41, 0.0966397322132756], "L": [2.0, 1, 0.0011800201599440248], "T": [13.0, 1, 0.018314735554338196], "DMA": [4.0, 1, 0.0032908450262052196], "DPA1": [42.0, 19, 0.03468626309230099], "DRB1": [33.0, 19, 0.026641054397537757], "F": [15.0, 4, 0.009317738438751088], "DQA1": [15.0, 9, 0.01262990327440089], "DQB1": [8.0, 8, 0.0063866770138205], "DOB": [2.0, 2, 0.0015733602132586998], "DMB": [1.0, 1, 0.0008164785955168253], "DRB3": [5.0, 3, 0.004036523393566327], "DPB1": [27.0, 17, 0.02247049972526614]}