{"A": [29014.0, 2005, 0.20874841198257416], "B": [51051.0, 2013, 0.37033459822329484], "C": [18967.0, 1736, 0.13609094788280307], "DMA": [855.0, 2, 0.00859332985361988], "DMB": [203.0, 4, 0.00202483094805346], "DPA1": [3158.0, 55, 0.03186165108362203], "DPB1": [2130.0, 154, 0.021655913017277924], "DQA1": [954.0, 37, 0.009813073877250465], "DQB1": [914.0, 111, 0.00891413261159474], "DRA": [5522.0, 8, 0.05702337012884996], "DRB1": [6235.0, 95, 0.06149245832611792], "E": [7818.0, 388, 0.05697499524971599], "F": [780.0, 13, 0.005919183271435222], "HFE": [14.0, 1, 0.00010563291577632911], "K": [28.0, 11, 0.00020237449737935326], "L": [64.0, 3, 0.00046130412019944344], "T": [604.0, 1, 0.010395423022402926], "Y": [96.0, 3, 0.0009203689000095692], "DRB3": [742.0, 15, 0.007317947727021571], "J": [4.0, 3, 2.8857837656312215e-05], "V": [2.0, 1, 3.0560282624431215e-05], "DPB2": [1.0, 1, 1.018019724022612e-05], "DOB": [70.0, 6, 0.000672735175290855], "DOA": [21.0, 6, 0.00022031406935820033], "H": [26.0, 14, 0.0001874047988310239]}