{"A": [4468.0, 772, 0.14433543138104862], "B": [6489.0, 810, 0.21135475583258395], "C": [4416.0, 745, 0.14226690250391408], "DMA": [261.0, 2, 0.011778231647360067], "DOB": [9.0, 5, 0.0003883585063690332], "DPA1": [1221.0, 54, 0.05531157587900618], "DPB1": [1029.0, 111, 0.046973885644239995], "DQB1": [299.0, 35, 0.013093275305674654], "DRA": [2411.0, 8, 0.11178869992438888], "DRB1": [2314.0, 52, 0.1024691110878886], "DRB3": [367.0, 12, 0.016251583305641797], "E": [2641.0, 164, 0.08641741063894494], "F": [243.0, 12, 0.008279758588236619], "H": [1.0, 1, 3.2363208864086096e-05], "HFE": [2.0, 1, 6.775563880618597e-05], "K": [4.0, 3, 0.0001298081497348156], "L": [18.0, 1, 0.0005825377595535498], "T": [128.0, 1, 0.009891437571078236], "V": [5.0, 2, 0.0003430374943427308], "DRB4": [170.0, 9, 0.007527981367735981], "DMB": [101.0, 3, 0.004523330515680397], "DPB2": [7.0, 2, 0.00031996203402740787], "J": [1.0, 1, 3.2392764305971103e-05], "DOA": [25.0, 11, 0.001177625395585603], "DQA1": [534.0, 39, 0.02466278785498761]}