{"A": [157.0, 92, 0.21832134807286036], "B": [183.0, 123, 0.25657958714926987], "C": [103.0, 66, 0.14283965670439766], "DPB1": [33.0, 20, 0.06484728726419613], "DRB1": [66.0, 29, 0.1258085947672419], "E": [63.0, 30, 0.08873810686765247], "L": [4.0, 1, 0.005572477571807165], "T": [5.0, 1, 0.016632449397332934], "DRB4": [7.0, 3, 0.013343335808646871], "DMB": [4.0, 2, 0.00771140835694527], "DMA": [3.0, 1, 0.00582770555219528], "DRA": [5.0, 1, 0.00997946963839976], "DQB1": [3.0, 3, 0.005655032795093198], "F": [10.0, 3, 0.014667232033382934], "DPA1": [10.0, 7, 0.019500113086528267], "DQA1": [2.0, 2, 0.003976194934049904]}