{"C": [16.0, 12, 0.26598117984334163], "T": [2.0, 1, 0.07975089297590392], "F": [2.0, 1, 0.035163938401479244], "B": [17.0, 11, 0.2857191083062342], "A": [20.0, 15, 0.33338488047304093]}