{"A": [389.0, 167, 0.2344693583281506], "B": [516.0, 203, 0.31358888112077454], "C": [116.0, 92, 0.06972836853512439], "DRA": [53.0, 4, 0.0458514704657439], "L": [3.0, 1, 0.0018115467001597963], "T": [10.0, 1, 0.01441870140432198], "DRB4": [5.0, 3, 0.004131200964159668], "DRB1": [97.0, 12, 0.08014529870469757], "DMA": [10.0, 1, 0.0084200813544323], "E": [129.0, 45, 0.07875883107484398], "DPA1": [67.0, 18, 0.056630692756974944], "DQA1": [55.0, 15, 0.04739584856147244], "F": [1.0, 1, 0.0006357525403058394], "DPB1": [44.0, 22, 0.037477489518878596], "DQB1": [8.0, 8, 0.0065364779699592975]}