{"A": [1276.0, 402, 0.19362975581728553], "B": [1703.0, 464, 0.26056167159210175], "C": [1220.0, 333, 0.18462745160612254], "DMA": [72.0, 2, 0.015262782446628025], "DPB1": [170.0, 51, 0.03645454366006071], "DRA": [265.0, 8, 0.057717591790271444], "DRB1": [209.0, 40, 0.043474794070560624], "DRB5": [161.0, 4, 0.033490152370144785], "L": [10.0, 1, 0.0015202436895592087], "T": [38.0, 1, 0.013794141434152925], "V": [5.0, 2, 0.0016113995007320048], "DMB": [10.0, 2, 0.0021037715704001173], "DQA1": [111.0, 30, 0.02408161019492384], "F": [45.0, 8, 0.007202537826038442], "DRB3": [4.0, 2, 0.000832053475034653], "E": [459.0, 85, 0.07055164865723373], "Y": [8.0, 2, 0.0016176573628707694], "DQB1": [81.0, 16, 0.01666187083756893], "DOA": [14.0, 7, 0.003097824591314276], "DPA1": [149.0, 25, 0.031706497506995786]}