{"A": [16606.0, 1493, 0.13419613584793244], "B": [27414.0, 1602, 0.22336845783735282], "C": [16907.0, 1430, 0.13625628719172836], "DMA": [971.0, 2, 0.010961601282359387], "DOB": [50.0, 5, 0.0005397286896603997], "DPA1": [5396.0, 83, 0.06114873766878617], "DPB1": [4635.0, 234, 0.052930504909792356], "DQB1": [1642.0, 86, 0.017987278170943043], "DRA": [10347.0, 8, 0.12001356345294326], "DRB1": [8685.0, 83, 0.09620876146052108], "DRB3": [1205.0, 14, 0.013348481008627277], "DRB5": [11.0, 4, 0.00012185335360572619], "E": [8404.0, 272, 0.06879138900920168], "F": [890.0, 14, 0.007586065605797409], "H": [2.0, 2, 1.6191860689811988e-05], "HFE": [6.0, 1, 5.0848937868292093e-05], "K": [7.0, 5, 5.68270609388095e-05], "L": [252.0, 2, 0.0020401744469163105], "T": [399.0, 1, 0.007713252121021288], "V": [2.0, 2, 3.432549190722232e-05], "DRB4": [903.0, 11, 0.010003052573270069], "DMB": [286.0, 3, 0.0032041893209505726], "DPB2": [9.0, 2, 0.00010291012489968135], "DQA1": [2839.0, 89, 0.03280057745977888], "DPA2": [1.0, 1, 1.2105238278331474e-05], "DOA": [43.0, 10, 0.0005066998742293887]}