{"A": [176.0, 120, 0.11215096943677329], "B": [430.0, 211, 0.27626971528235944], "C": [255.0, 148, 0.1620487053742577], "DPA1": [85.0, 28, 0.07595386318308119], "DRA": [89.0, 5, 0.08139941351233185], "DRB1": [111.0, 30, 0.09695789249953933], "DRB5": [36.0, 3, 0.03144580297282357], "T": [3.0, 1, 0.004573000759119767], "DMA": [16.0, 1, 0.014242628318479885], "E": [38.0, 19, 0.02452714613793572], "DPB1": [72.0, 33, 0.06483420381269414], "DQA1": [20.0, 14, 0.01822054989961782], "DRB3": [12.0, 5, 0.010481934324274522], "F": [4.0, 4, 0.0026884500140070097], "DQB1": [27.0, 12, 0.02332230387151081], "DMB": [1.0, 1, 0.0008834206011935914]}