{"A": [1976.0, 401, 0.1685205426843029], "B": [4416.0, 709, 0.3797252125182084], "C": [2228.0, 360, 0.18949428494912993], "DMA": [51.0, 2, 0.006075973610318473], "DPB1": [236.0, 57, 0.0284419411214484], "DRA": [276.0, 6, 0.033784375525517066], "DRB1": [247.0, 42, 0.02887571096556875], "DRB5": [14.0, 4, 0.0016366799737569334], "E": [1134.0, 114, 0.09796073189789999], "L": [35.0, 1, 0.002990375590737463], "T": [39.0, 1, 0.007956465250574671], "DRB3": [31.0, 5, 0.003624077084747495], "DMB": [19.0, 2, 0.0022464495419017645], "H": [4.0, 3, 0.0003417572103699957], "DQB1": [51.0, 26, 0.005895944762605333], "F": [143.0, 9, 0.01286333431000689], "DOA": [15.0, 7, 0.0018653680406649168], "DPA1": [199.0, 36, 0.02379904681051646], "DQA1": [32.0, 17, 0.003901728151724118]}