{"A": [2093.0, 572, 0.13338928699166955], "B": [4251.0, 807, 0.2731601157664219], "C": [1766.0, 497, 0.11224252892122251], "DMA": [143.0, 3, 0.012731147632365977], "DPA1": [684.0, 54, 0.06112915641564296], "DPB1": [519.0, 119, 0.04674125854561279], "DQB1": [283.0, 82, 0.024448683562533224], "DRA": [1169.0, 8, 0.1069318643780553], "DRB3": [301.0, 16, 0.026295900175051613], "E": [821.0, 137, 0.05299903203656207], "HFE": [1.0, 1, 6.683552767507336e-05], "L": [11.0, 1, 0.000702321872476113], "T": [51.0, 1, 0.0077751997195335334], "DMB": [28.0, 3, 0.0024739271834879426], "DPB2": [7.0, 2, 0.0006312339978487276], "DQA1": [257.0, 31, 0.023416714780313888], "V": [1.0, 1, 0.0001353516392181853], "DRB1": [1208.0, 73, 0.10553304787861245], "F": [121.0, 8, 0.008133710369425569], "DOB": [3.0, 1, 0.0002553897718094956], "DOA": [8.0, 6, 0.0007434453915091825], "H": [1.0, 1, 6.38474429523739e-05]}