{"A": [3918.0, 859, 0.16780215252453803], "B": [4033.0, 1039, 0.17415493209564323], "C": [2408.0, 644, 0.10285007189631731], "DMA": [282.0, 2, 0.01687182252041139], "DPB1": [1002.0, 178, 0.060643204021858216], "DQA1": [569.0, 46, 0.034840668740274396], "DQB1": [325.0, 77, 0.018868343677607435], "DRA": [1911.0, 8, 0.11747208793164533], "DRB1": [2372.0, 77, 0.1392571826549917], "E": [1118.0, 192, 0.0485006944864256], "H": [1.0, 1, 4.290667708832684e-05], "HFE": [1.0, 1, 4.491472596829629e-05], "L": [17.0, 3, 0.0007294135105015563], "T": [134.0, 1, 0.013728641010675453], "DRB4": [312.0, 9, 0.01831713363758744], "DMB": [74.0, 3, 0.004393817094156137], "DPB2": [7.0, 2, 0.0004242010652340767], "V": [1.0, 1, 9.095883576171415e-05], "F": [240.0, 9, 0.010841664112693076], "DOB": [7.0, 4, 0.0004004623194910505], "DOA": [7.0, 6, 0.00043715806988266074], "DPA1": [1151.0, 64, 0.0691272050066615], "DRB5": [2.0, 1, 0.00011741752331786821], "J": [1.0, 1, 4.2945861268316183e-05]}