{"A": [2241.0, 367, 0.21432205714845726], "B": [4289.0, 338, 0.41357618160202775], "C": [1782.0, 281, 0.1699603956691551], "DRB3": [37.0, 8, 0.0048506122666352606], "E": [847.0, 125, 0.08205054703455403], "L": [23.0, 1, 0.002203660233483463], "T": [35.0, 1, 0.00800723752547368], "Y": [16.0, 3, 0.0020390136056546017], "DMB": [7.0, 2, 0.000928111622270813], "DQA1": [18.0, 8, 0.0024611531412002813], "K": [14.0, 5, 0.0013450400820466312], "DMA": [35.0, 1, 0.004675982219074326], "DRA": [80.0, 4, 0.01098135432064962], "DPA1": [161.0, 28, 0.021591930154897996], "F": [78.0, 8, 0.007868124547468333], "DPB1": [167.0, 36, 0.02256954506490657], "DQB1": [74.0, 30, 0.009593433149567515], "DRB5": [1.0, 1, 0.00013109762882798003], "DRB1": [159.0, 27, 0.020844522983648826]}