{"A": [92.0, 68, 0.12566090676062344], "B": [248.0, 124, 0.34153758488586256], "C": [38.0, 32, 0.05176199180271149], "DRA": [58.0, 5, 0.11370544453173546], "DRB3": [13.0, 4, 0.024340278226960037], "T": [6.0, 1, 0.019604386988230253], "DRB4": [21.0, 5, 0.039318910982012366], "DRB1": [60.0, 17, 0.11233974566289247], "DMA": [6.0, 1, 0.011448363393890186], "DPA1": [30.0, 11, 0.05746113427584729], "F": [4.0, 3, 0.005762672832275175], "E": [31.0, 10, 0.042889117843715914], "DPB1": [18.0, 11, 0.034742909759064425], "DQA1": [9.0, 6, 0.017575026616401732], "DQB1": [1.0, 1, 0.0018515254377773017]}