{"A": [21955.0, 1790, 0.19719081514980427], "B": [27159.0, 1856, 0.24594696986726458], "C": [13247.0, 1243, 0.11865493296654492], "DMA": [708.0, 3, 0.008883135620594253], "DPA1": [3498.0, 99, 0.04405686841688714], "DPB1": [3923.0, 188, 0.04979123177133319], "DQA1": [2121.0, 86, 0.027235479732937568], "DQB1": [1728.0, 129, 0.021038477130808537], "DRA": [5458.0, 8, 0.07036029912987317], "DRB1": [5094.0, 87, 0.06271652768278248], "DRB3": [921.0, 8, 0.011339207301892945], "DRB5": [18.0, 3, 0.00022161317202396634], "E": [10923.0, 322, 0.0993729614130917], "F": [1432.0, 12, 0.01356587682426055], "HFE": [3.0, 1, 2.8257266919961324e-05], "K": [66.0, 14, 0.0005954966937185628], "L": [351.0, 3, 0.0031582910040404586], "T": [581.0, 1, 0.012483001647262829], "W": [3.0, 2, 3.160828895854648e-05], "Y": [118.0, 2, 0.0014122460756041835], "DRB4": [638.0, 9, 0.007854955763960584], "DMB": [197.0, 3, 0.0024529947885708345], "DPB2": [23.0, 2, 0.00029229520820429065], "V": [1.0, 1, 1.9075021576530953e-05], "H": [24.0, 11, 0.00021595152164379205], "DOB": [17.0, 6, 0.00020395421488580357], "DOA": [67.0, 11, 0.0008774763245543901]}