{"A": [9104.0, 1386, 0.21955602916261896], "B": [10627.0, 1226, 0.2584034213216246], "C": [3621.0, 680, 0.08708766864306454], "DMA": [250.0, 3, 0.008422342946469145], "DPA1": [1849.0, 87, 0.06253031375174897], "DPB1": [1346.0, 199, 0.04587113644414266], "DQB1": [935.0, 172, 0.030566242245874765], "DRA": [1997.0, 8, 0.06912451360617894], "DRB1": [2201.0, 93, 0.07276172476699311], "DRB5": [721.0, 5, 0.023835167449796472], "E": [2737.0, 205, 0.06685916892459792], "F": [507.0, 11, 0.01289652452969778], "HFE": [1.0, 1, 2.5291161627219667e-05], "L": [38.0, 2, 0.0009180968581209505], "T": [261.0, 1, 0.015057167460534721], "Y": [1.0, 1, 3.213573570837256e-05], "DRB3": [169.0, 13, 0.005586883909869076], "DMB": [85.0, 3, 0.002841902688149513], "DQA1": [488.0, 55, 0.016825735621308735], "K": [14.0, 7, 0.000339174608537773], "DPB2": [2.0, 1, 6.824702634973968e-05], "DPA2": [1.0, 1, 3.612530180586493e-05], "W": [1.0, 1, 2.8290433999678415e-05], "DOB": [1.0, 1, 3.221392484634914e-05], "DOA": [7.0, 6, 0.0002461605890649309], "H": [2.0, 2, 4.8320887269523706e-05]}