{"A": [471.0, 224, 0.22233338853182105], "B": [695.0, 257, 0.33078289578377473], "C": [578.0, 208, 0.27209880813117016], "E": [261.0, 66, 0.12479504590741261], "L": [2.0, 1, 0.000945813615261594], "T": [10.0, 1, 0.01129206669201206], "Y": [6.0, 1, 0.003774071804587526], "DMA": [1.0, 1, 0.0006594222152205517], "DRA": [2.0, 1, 0.001355048003041447], "F": [12.0, 3, 0.005974707333295142], "DRB4": [9.0, 1, 0.005823661361385995], "H": [2.0, 1, 0.000945813615261594], "DPB1": [19.0, 8, 0.01267414589717338], "DRB1": [5.0, 4, 0.0032353674229922192], "DPA1": [5.0, 5, 0.003309743685589742]}