{"A": [226.0, 124, 0.17700038475477683], "B": [383.0, 150, 0.3024398441472867], "C": [181.0, 103, 0.14137068660588056], "E": [78.0, 27, 0.06187759589172397], "L": [1.0, 1, 0.0007846167175115664], "T": [2.0, 1, 0.0037470149123863916], "DPA1": [75.0, 20, 0.08236972436711464], "DMB": [6.0, 2, 0.006514696381762703], "DRA": [94.0, 4, 0.10566582052929623], "DRB1": [26.0, 10, 0.027913156032721098], "F": [24.0, 4, 0.019825704262655373], "DRB3": [6.0, 4, 0.006441497546012561], "DPB1": [43.0, 17, 0.047589982835115965], "DQA1": [9.0, 6, 0.010077420965539182], "DRB5": [1.0, 1, 0.0010735829243354268], "DQB1": [5.0, 5, 0.005308271125880721]}