{"A": [438.0, 110, 0.06894120326230548], "B": [168.0, 97, 0.02666174010461174], "C": [477.0, 165, 0.0748752264313875], "DMA": [143.0, 2, 0.031442754159630375], "DMB": [26.0, 3, 0.005673554813927796], "DPB1": [346.0, 81, 0.07695948781161575], "DQB1": [196.0, 39, 0.041819433090011376], "DRA": [1044.0, 5, 0.23585557821953596], "DRB1": [837.0, 8, 0.1805926332647648], "L": [2.0, 1, 0.00031537446747829966], "T": [13.0, 1, 0.0048948316041729995], "DRB4": [236.0, 9, 0.05091978667919294], "DPB2": [2.0, 1, 0.00044542579427347484], "DPA1": [468.0, 55, 0.10329782557771987], "DOB": [3.0, 2, 0.0006307489349565993], "DOA": [14.0, 7, 0.003213217681930299], "F": [9.0, 3, 0.001494166064940417], "E": [104.0, 22, 0.016581016282770533], "DQA1": [335.0, 16, 0.07538599575477378]}