{"A": [1596.0, 606, 0.12487759547366013], "B": [3148.0, 867, 0.24834809030443886], "C": [950.0, 459, 0.07412936282496367], "DMA": [115.0, 3, 0.012569826267688195], "DOB": [24.0, 4, 0.0025083804370429506], "DPB1": [462.0, 123, 0.05108282863005036], "DQA1": [275.0, 62, 0.03076277114765403], "DRA": [1074.0, 9, 0.12061375187765544], "DRB1": [1088.0, 118, 0.11669449264165857], "DRB3": [81.0, 11, 0.008687733367623478], "DRB5": [129.0, 4, 0.01383601980769665], "E": [862.0, 135, 0.0683174998459756], "F": [161.0, 12, 0.01328706707489346], "L": [25.0, 1, 0.0019596722164398053], "S": [1.0, 1, 0.0003217679025045733], "T": [57.0, 1, 0.010668814179122224], "Y": [2.0, 2, 0.00020852434458427442], "DRB4": [81.0, 7, 0.008687733367623478], "DMB": [33.0, 3, 0.0035796679153633775], "K": [3.0, 3, 0.00023580612068267446], "DPA1": [593.0, 62, 0.06506492180262016], "H": [4.0, 3, 0.0003135475546303688], "DQB1": [217.0, 103, 0.0230159388928549], "DOA": [2.0, 2, 0.0002281860025729643]}