{"A": [9646.0, 1372, 0.11042450322920588], "B": [16463.0, 1588, 0.19002101568484245], "C": [8090.0, 1195, 0.0923595353416912], "DMA": [1069.0, 2, 0.017095259430575074], "DMB": [365.0, 4, 0.0057927957994794565], "DPA1": [4957.0, 104, 0.07957519170101499], "DPB1": [4207.0, 267, 0.06805687913577257], "DQA1": [1786.0, 94, 0.029230804694325364], "DQB1": [2962.0, 239, 0.04596429168673112], "DRA": [9035.0, 9, 0.14845241206285661], "DRB1": [6429.0, 117, 0.10088612618584275], "DRB5": [2078.0, 5, 0.03260870589736837], "DRB7": [1.0, 1, 3.351886226986469e-05], "E": [4112.0, 272, 0.04768089079347911], "F": [638.0, 13, 0.007703542553376683], "H": [40.0, 12, 0.00045874355296347656], "L": [91.0, 4, 0.0010436415829919092], "T": [232.0, 1, 0.006353248404092001], "DRB3": [944.0, 16, 0.0148135795799402], "K": [16.0, 5, 0.00018400107375955], "DPB2": [14.0, 2, 0.00022677065324328558], "V": [3.0, 1, 7.293756296634e-05], "DOB": [39.0, 7, 0.0005963666188525196], "DOA": [20.0, 8, 0.0003338532098592101], "DRB4": [2.0, 2, 3.1384702499873306e-05]}