{"A": [3915.0, 895, 0.13831674215696255], "B": [5178.0, 864, 0.1844503532470531], "C": [5376.0, 801, 0.1894162638186212], "DMA": [267.0, 3, 0.013177530809338417], "DPB1": [1047.0, 114, 0.052272225159181215], "DQA1": [787.0, 58, 0.03975198659440434], "DQA2": [1.0, 1, 5.051078347446549e-05], "DQB1": [698.0, 76, 0.03342841065735292], "DRA": [1790.0, 5, 0.0907688683111336], "DRB1": [1805.0, 55, 0.08741581583476035], "DRB5": [543.0, 6, 0.02629738947272846], "DRB7": [1.0, 1, 0.00010344608455570532], "E": [1496.0, 192, 0.053536211656596576], "F": [231.0, 11, 0.008608085566414962], "HFE": [2.0, 1, 7.410177976769722e-05], "L": [4.0, 1, 0.0001415776704685748], "T": [118.0, 1, 0.009972743445729763], "V": [3.0, 2, 0.00022510028070632203], "DPA1": [1058.0, 44, 0.052416646293072904], "DRB4": [299.0, 9, 0.01448051464520407], "DMB": [62.0, 3, 0.003036769527676956], "DPB2": [7.0, 2, 0.0003499303762354722], "H": [6.0, 6, 0.00021236650570286223], "DOB": [13.0, 4, 0.0006135032386971576], "DOA": [12.0, 8, 0.000618203692563976], "DRB3": [4.0, 1, 0.00019371925946761297], "K": [2.0, 2, 7.098313212880054e-05]}