{"A": [245.0, 122, 0.25746285338215225], "B": [383.0, 168, 0.40580904999610207], "C": [141.0, 93, 0.1477687595133109], "DRB5": [1.0, 1, 0.0014405167673754906], "E": [120.0, 32, 0.12773290745399646], "T": [1.0, 1, 0.002513842986204288], "DRB1": [21.0, 8, 0.030250852114885304], "F": [15.0, 2, 0.016626137329506744], "DPB1": [7.0, 6, 0.010395080456466378]}