{"A": [139.0, 98, 0.20312124273585574], "B": [266.0, 147, 0.3919192918285267], "C": [66.0, 47, 0.0961832619043642], "DPB1": [8.0, 6, 0.01652006885171483], "L": [1.0, 1, 0.0014639705175390537], "T": [3.0, 1, 0.010487004491652307], "DRA": [16.0, 2, 0.03355841437328738], "DRB1": [14.0, 6, 0.02804389965183426], "F": [10.0, 3, 0.015413176630382355], "E": [94.0, 32, 0.1391366223237486], "DQA1": [18.0, 7, 0.037605742669284445], "DPA1": [11.0, 11, 0.022541032642976796], "DRB4": [2.0, 1, 0.004006271378833466]}