{"A": [484.0, 169, 0.07628250091930644], "B": [983.0, 324, 0.15620953495746098], "C": [612.0, 193, 0.0961935615213665], "DMA": [97.0, 2, 0.02135654964700348], "DPB1": [192.0, 68, 0.042762403910474985], "DRA": [707.0, 5, 0.15993366150446908], "DRB1": [926.0, 40, 0.20006004953700174], "E": [218.0, 73, 0.03480239347314977], "F": [39.0, 8, 0.00648329493725546], "K": [5.0, 5, 0.0007916473162177652], "L": [5.0, 1, 0.0007894803983814026], "T": [11.0, 1, 0.004147266092760867], "Y": [1.0, 1, 0.0002100171156859265], "DRB4": [124.0, 7, 0.026789898642103904], "DMB": [36.0, 2, 0.007866095605691067], "DPA1": [367.0, 36, 0.08111220424054875], "DQA1": [190.0, 38, 0.042812864103891485], "DQB1": [191.0, 61, 0.04080658485816526], "H": [1.0, 1, 0.00015789607967628053], "DRB3": [2.0, 1, 0.0004320951393887727]}