{"A": [5834.0, 985, 0.16168299406259], "B": [6457.0, 959, 0.18042768000745352], "C": [6464.0, 868, 0.17865463460235123], "DMA": [236.0, 2, 0.009136707361132736], "DPA1": [1445.0, 82, 0.056157316057069334], "DPB1": [1163.0, 174, 0.04554691370298592], "DQB1": [914.0, 150, 0.034336927783360546], "DRA": [2499.0, 7, 0.09940427890018819], "DRB1": [2123.0, 85, 0.0806524818868377], "DRB5": [585.0, 5, 0.02222407060942066], "E": [2725.0, 215, 0.07649578093314995], "F": [501.0, 13, 0.014644928462328496], "L": [26.0, 2, 0.0007218767460724228], "T": [144.0, 1, 0.009546629426188542], "Y": [1.0, 1, 3.692946759220385e-05], "DRB3": [146.0, 12, 0.005546520186282762], "DMB": [19.0, 2, 0.0007300097785650802], "DPB2": [9.0, 2, 0.00035292388101003066], "DOA": [23.0, 6, 0.0009294651657469422], "DQA1": [574.0, 55, 0.02274316648944038], "H": [1.0, 1, 2.7764490233554723e-05]}