{"A": [53.0, 38, 0.2618990304029359], "B": [51.0, 38, 0.2540988253807995], "C": [43.0, 22, 0.21190514320504883], "T": [1.0, 1, 0.011820821941974908], "E": [52.0, 20, 0.2602761790692409]}