{"A": [1166.0, 416, 0.1960665743559216], "B": [1767.0, 476, 0.2995822101427742], "C": [358.0, 212, 0.0600347986425276], "DMA": [99.0, 2, 0.023255195734135304], "DPA1": [161.0, 39, 0.037963956285355295], "DQB1": [62.0, 28, 0.014132338178275118], "DRA": [413.0, 8, 0.09967723151546226], "DRB3": [91.0, 9, 0.02097568859733114], "E": [319.0, 86, 0.05433363382163593], "HFE": [2.0, 1, 0.00035268798485389426], "L": [7.0, 2, 0.0011792200004535542], "T": [58.0, 1, 0.023330425455596496], "DMB": [24.0, 3, 0.005594913941545868], "F": [47.0, 8, 0.008335938062764304], "DRB1": [472.0, 48, 0.10879697821912414], "DOB": [2.0, 2, 0.00044922666683944927], "DPB1": [165.0, 58, 0.03920760155948166], "DQA1": [28.0, 16, 0.0067313808359223725]}