{"A": [1626.0, 354, 0.18510737881111397], "B": [2930.0, 445, 0.33631425101308693], "C": [954.0, 326, 0.10830950865734906], "DQA1": [55.0, 16, 0.008951730510713896], "DRA": [277.0, 5, 0.04526097069345767], "DRB1": [373.0, 20, 0.058207888526186496], "DRB5": [310.0, 5, 0.04837652933811746], "E": [612.0, 99, 0.07057122723454719], "L": [9.0, 1, 0.0010264492582955284], "T": [20.0, 1, 0.005446566870452188], "Y": [7.0, 3, 0.00106188224240066], "DPA1": [228.0, 28, 0.03639809170667703], "DMB": [6.0, 2, 0.000946959921794528], "DQB1": [168.0, 34, 0.02592565830335241], "DMA": [51.0, 1, 0.008110603299644735], "F": [68.0, 7, 0.00816514145823985], "DOB": [8.0, 4, 0.001216532454276182], "DOA": [6.0, 3, 0.000996005654795838], "DRB3": [2.0, 2, 0.00031210664089108037], "DPB1": [305.0, 56, 0.049066417569430754], "H": [2.0, 1, 0.0002280998351767841]}