{"A": [12935.0, 1288, 0.16583568139430277], "B": [17678.0, 1557, 0.22851732753659912], "C": [11231.0, 1066, 0.1435968770308524], "DMA": [1026.0, 2, 0.01837548037736038], "DPB1": [3265.0, 187, 0.05915290169570092], "DQA1": [1419.0, 84, 0.026009683173939625], "DQB1": [1212.0, 71, 0.0210635461011787], "DRA": [5553.0, 8, 0.10218334726253232], "DRB1": [4128.0, 118, 0.0725472674705187], "DRB5": [1433.0, 5, 0.025184165282280353], "E": [4272.0, 263, 0.05547736796002969], "F": [590.0, 16, 0.007978388292668339], "HFE": [7.0, 1, 9.411638659070174e-05], "L": [50.0, 2, 0.0006422044887934354], "T": [418.0, 1, 0.012819688803571197], "V": [19.0, 2, 0.000517341055111586], "Y": [147.0, 3, 0.0025113313009341737], "DPA1": [2818.0, 71, 0.050663257863709094], "DMB": [226.0, 3, 0.004016956642832797], "K": [11.0, 5, 0.0001416727779852453], "DPB2": [16.0, 1, 0.0002902499462753011], "H": [15.0, 7, 0.0001926613466380306], "DOB": [65.0, 7, 0.0011131544472419545], "DOA": [50.0, 12, 0.0009347358827591037], "DRB3": [8.0, 4, 0.00014059547959402848]}