{"A": [691.0, 269, 0.13795120045675419], "B": [1164.0, 374, 0.23430139663994867], "C": [505.0, 236, 0.10054346218773044], "DMA": [35.0, 2, 0.009761021629517025], "DPA1": [305.0, 42, 0.08538623299558899], "DPB1": [162.0, 62, 0.0457029014940122], "DRA": [391.0, 7, 0.11203793588470398], "DRB1": [489.0, 45, 0.13382156973038656], "E": [372.0, 89, 0.07522521445170643], "L": [9.0, 3, 0.0018000382431492034], "T": [11.0, 1, 0.005253270651030451], "DRB3": [37.0, 6, 0.010125558445857469], "DMB": [21.0, 2, 0.005812244697576047], "F": [40.0, 5, 0.00842284945881749], "DQB1": [83.0, 43, 0.022461711783648385], "DRB4": [2.0, 1, 0.0005473274835598632], "DQA1": [38.0, 16, 0.010846063766012444]}