{"A": [1054.0, 293, 0.19179148093232237], "B": [1037.0, 323, 0.19025755813094417], "C": [1810.0, 414, 0.32845985569034086], "DRA": [184.0, 7, 0.0480559790598144], "E": [473.0, 86, 0.0871812116100721], "F": [65.0, 5, 0.01247537672153276], "L": [2.0, 1, 0.0003645948109802247], "T": [30.0, 1, 0.013058689961906088], "DRB3": [31.0, 5, 0.0077325051796904585], "DMB": [16.0, 2, 0.004036322351861882], "DMA": [19.0, 1, 0.0048297215927812975], "DQB1": [102.0, 32, 0.02515974265993906], "DPA1": [93.0, 19, 0.023730791758360376], "DQA1": [21.0, 6, 0.005463225370781805], "DRB1": [159.0, 34, 0.039660268502283325], "DPB1": [69.0, 30, 0.017742675666389006]}