{"A": [212.0, 126, 0.16512820001850256], "B": [485.0, 211, 0.38089176653262113], "C": [260.0, 128, 0.20196390306103418], "E": [82.0, 26, 0.06469523522621448], "T": [3.0, 1, 0.0055898003335897095], "DQA1": [17.0, 9, 0.018931081598524524], "DMA": [14.0, 1, 0.01523327266482081], "DRA": [39.0, 4, 0.04360044260199973], "DPA1": [3.0, 3, 0.0032767795058974156], "DQB1": [9.0, 7, 0.009502660567102507], "F": [2.0, 2, 0.0016431113372511537], "DRB1": [41.0, 21, 0.04377630148889918], "DRB4": [4.0, 1, 0.0042708586818438225], "DRB3": [10.0, 3, 0.010677146704609557], "DPB1": [28.0, 24, 0.030819439677089208]}