{"B": [162.0, 115, 0.3636654558697511], "C": [57.0, 43, 0.12656174433008746], "DMA": [8.0, 2, 0.024881832151676497], "DRB5": [2.0, 2, 0.006103970059680938], "T": [8.0, 1, 0.042608104730321845], "DRB1": [1.0, 1, 0.003051985029840469], "DRA": [1.0, 1, 0.003195607854774138], "E": [63.0, 17, 0.14207778649523947], "DPA1": [9.0, 7, 0.028099310447151905], "DQA1": [10.0, 7, 0.03183125011591427], "A": [84.0, 60, 0.1870216400253061], "DPB1": [13.0, 10, 0.040901312890255864]}