{"A": [141.0, 107, 0.11968307915004243], "B": [222.0, 149, 0.18999452058494515], "C": [281.0, 187, 0.23786743112190586], "DRA": [64.0, 3, 0.07797125423475437], "E": [108.0, 37, 0.0928561033336515], "L": [1.0, 1, 0.0008503650987908745], "T": [4.0, 1, 0.008122005649453583], "DMB": [5.0, 2, 0.005883839319916657], "DQA1": [23.0, 11, 0.02791146277385464], "DMA": [8.0, 1, 0.009486006598216778], "DRB1": [61.0, 21, 0.07097629094227555], "F": [6.0, 3, 0.0053717587796818355], "DPA1": [54.0, 17, 0.06427587229481369], "DQB1": [40.0, 27, 0.04602469868023696], "DRB3": [3.0, 3, 0.003490637259456174], "J": [1.0, 1, 0.0008511416879221904], "DPB1": [32.0, 20, 0.038383532490081786]}