{"A": [209.0, 127, 0.23820712056087623], "B": [334.0, 122, 0.38382157256572363], "C": [46.0, 31, 0.052285504892415055], "DRA": [55.0, 2, 0.08997296813754457], "DRB1": [42.0, 15, 0.06561869177753507], "DRB5": [11.0, 2, 0.01718584784649728], "L": [4.0, 1, 0.004567307274400903], "T": [1.0, 1, 0.002726453579925594], "DRB4": [14.0, 4, 0.021872897259178358], "F": [23.0, 4, 0.027649539330715168], "E": [54.0, 18, 0.06234121626571564], "DQA1": [6.0, 5, 0.009776892134264433], "DPA1": [15.0, 7, 0.023973988375207804]}