{"A": [953.0, 308, 0.1329607648111909], "B": [2650.0, 503, 0.37277857018252947], "C": [1420.0, 318, 0.19757590024809688], "DPA1": [132.0, 43, 0.025825284419671916], "DPB1": [148.0, 62, 0.029179217461187748], "DRA": [258.0, 7, 0.05166437915186772], "DRB1": [223.0, 57, 0.04264865024055625], "DRB3": [19.0, 6, 0.0036337415003164517], "E": [688.0, 109, 0.09722816740757394], "F": [56.0, 4, 0.008240816458779249], "L": [15.0, 1, 0.0020965906706829703], "T": [16.0, 1, 0.005339987509236975], "Y": [5.0, 2, 0.0009295563815002165], "DRB4": [6.0, 3, 0.001147497315889406], "DMB": [15.0, 2, 0.0029013426452885547], "DMA": [41.0, 1, 0.007990873484122982], "DQB1": [40.0, 27, 0.007564982304752379], "DOB": [3.0, 2, 0.0005590908455154587], "DQA1": [46.0, 19, 0.009175496115725055], "H": [4.0, 2, 0.0005590908455154587]}