{"A": [3389.0, 764, 0.14151099864933395], "B": [7550.0, 1048, 0.31786304464834336], "C": [4187.0, 685, 0.17435588435432042], "DPB1": [602.0, 136, 0.035521920629432546], "DQA1": [181.0, 43, 0.010805337139140161], "DRA": [1250.0, 8, 0.07491513128642295], "DRB1": [1134.0, 98, 0.06490848992987243], "DRB3": [38.0, 5, 0.0021750640364507517], "E": [2103.0, 199, 0.08894692888408916], "F": [195.0, 11, 0.00858825337917552], "L": [30.0, 1, 0.0012549651554915379], "T": [85.0, 1, 0.0084903815457946], "Y": [1.0, 1, 5.564084993603258e-05], "DPA1": [681.0, 57, 0.03987551608749051], "DRB4": [108.0, 8, 0.006181760945702137], "DMB": [40.0, 2, 0.002315558603398528], "DMA": [121.0, 1, 0.007058034735397191], "DPA2": [5.0, 3, 0.00031274256717115175], "DQB1": [243.0, 92, 0.013754418104187253], "DOA": [7.0, 5, 0.00042621038835462943], "DOB": [4.0, 2, 0.00022310491653182896], "H": [7.0, 4, 0.0002928252029480255], "K": [4.0, 3, 0.00016778796101478812]}