{"A": [2718.0, 627, 0.18764561653023368], "B": [3764.0, 712, 0.26200709161335073], "C": [650.0, 391, 0.04475250491981261], "DMA": [178.0, 2, 0.01716677707804861], "DMB": [33.0, 3, 0.0031584940972252356], "DPB1": [490.0, 130, 0.0478042349850306], "DQA1": [267.0, 42, 0.02635368512372306], "DQB1": [146.0, 75, 0.013663411502070651], "DRA": [1021.0, 5, 0.10117090112210089], "DRB1": [1201.0, 63, 0.11365846923647967], "DRB5": [422.0, 3, 0.03993661450274306], "E": [689.0, 119, 0.048181603682395296], "L": [27.0, 1, 0.0018674308166076214], "T": [59.0, 1, 0.009743851071178505], "DRB4": [227.0, 9, 0.02148249168749449], "V": [1.0, 1, 0.00014662254996790263], "F": [119.0, 10, 0.00866537861832399], "DOB": [7.0, 2, 0.0006455316403088074], "DPA1": [527.0, 48, 0.051019965953645954], "DPB2": [1.0, 1, 9.768538445026502e-05], "DRB3": [3.0, 2, 0.0002839095817730549], "H": [2.0, 2, 0.00013832820863760156], "K": [3.0, 1, 0.00020806182525179962], "DOA": [2.0, 1, 0.00020133826914583175]}