{"A": [4822.0, 502, 0.14441665702701115], "B": [7484.0, 581, 0.22599473464458436], "C": [1503.0, 358, 0.044891496511360166], "DMA": [264.0, 2, 0.01104520555325142], "DPA1": [2189.0, 54, 0.09193405605610193], "DPB1": [1886.0, 138, 0.07982025141042515], "DQB1": [763.0, 53, 0.030976471118522423], "DRA": [3349.0, 5, 0.14396142409735324], "DRB1": [3347.0, 41, 0.1374091388963216], "DRB5": [1.0, 1, 4.105441855282987e-05], "E": [1220.0, 116, 0.03701033108689705], "HFE": [16.0, 1, 0.000502534315351545], "L": [99.0, 2, 0.0029704145408949415], "T": [77.0, 1, 0.00551658686946163], "DMB": [63.0, 3, 0.0026158196002922397], "DPA2": [5.0, 1, 0.00022431506999192856], "F": [162.0, 8, 0.005117486513210672], "DRB3": [3.0, 2, 0.0001231632556584896], "DQA1": [811.0, 53, 0.03472578371161766], "K": [2.0, 1, 6.0173081904513683e-05], "H": [20.0, 5, 0.0006000837456353416], "DQA2": [1.0, 1, 4.281847560002178e-05]}