{"A": [123.0, 99, 0.16047029329763107], "B": [281.0, 155, 0.3696326409211442], "C": [175.0, 117, 0.22768929101511418], "DRA": [26.0, 5, 0.048685965599243014], "DRB7": [1.0, 1, 0.003819975762402144], "L": [1.0, 1, 0.0013070172544715367], "T": [5.0, 1, 0.015604476153603532], "DMA": [3.0, 1, 0.005467522560690092], "F": [17.0, 3, 0.023393223328831574], "E": [31.0, 15, 0.0409660684851706], "DPA1": [17.0, 13, 0.03110133523028566], "DRB1": [26.0, 13, 0.04649783231388378], "DRB3": [4.0, 1, 0.007153512663674428], "DQB1": [3.0, 2, 0.0053055218922252005], "DPB1": [7.0, 5, 0.012905323521628867]}