{"A": [21836.0, 1693, 0.20990015443299087], "B": [30885.0, 1729, 0.29933792134108533], "C": [6295.0, 1107, 0.0603462695168015], "DMA": [716.0, 2, 0.009614628072363842], "DMB": [179.0, 4, 0.0023854474952266355], "DOB": [46.0, 6, 0.0005906470330308743], "DPA1": [2747.0, 85, 0.037028737925005197], "DPB1": [3008.0, 184, 0.04086004359978029], "DQA1": [2223.0, 94, 0.030550635964094054], "DQB1": [1015.0, 144, 0.013225833039953014], "DRA": [6648.0, 8, 0.09172159286542668], "DRB1": [6196.0, 107, 0.08164336676149221], "DRB3": [731.0, 12, 0.009632230649233506], "E": [8470.0, 353, 0.08247002775453588], "F": [930.0, 14, 0.009429186628049578], "HFE": [14.0, 1, 0.00014113130800463646], "L": [199.0, 3, 0.0019163928191273472], "T": [403.0, 1, 0.009266897795017789], "DRB4": [650.0, 10, 0.008564910974010641], "J": [5.0, 3, 4.819454647125061e-05], "DPB2": [7.0, 2, 9.52090718304474e-05], "V": [8.0, 1, 0.00016332078417336763], "H": [19.0, 11, 0.00018297217871065125], "K": [5.0, 3, 4.828273411346699e-05], "DOA": [54.0, 12, 0.0007569039927875296], "DRB5": [6.0, 2, 7.906071668317516e-05]}