{"A": [445.0, 215, 0.2168509081152846], "B": [637.0, 226, 0.3129789483382157], "C": [327.0, 164, 0.158914676453807], "DQB1": [58.0, 30, 0.03831303435265303], "DRA": [44.0, 3, 0.030774769987120885], "E": [187.0, 52, 0.09230301745445275], "L": [18.0, 1, 0.008787503789039787], "T": [6.0, 1, 0.006994265906163839], "DRB4": [35.0, 2, 0.023379709068356652], "DMB": [3.0, 2, 0.0020267475068997485], "DMA": [9.0, 1, 0.0061266565857427515], "DPA1": [34.0, 19, 0.023233825826222406], "DPB1": [26.0, 21, 0.017904240524272683], "F": [34.0, 4, 0.017475586572461232], "DRB1": [47.0, 8, 0.03139560932036464], "DQA1": [18.0, 4, 0.012540500198942194]}