{"A": [4113.0, 1211, 0.15866227822544948], "B": [7345.0, 1568, 0.28568092079546814], "C": [3104.0, 1045, 0.11941302777590097], "DMA": [208.0, 2, 0.011208773815983779], "DPA1": [1007.0, 73, 0.05447346800335737], "DPB1": [703.0, 139, 0.038322304983493996], "DQB1": [295.0, 108, 0.015426035046962008], "DRA": [1512.0, 9, 0.08371584642833858], "DRB1": [1878.0, 172, 0.09930712030613287], "DRB5": [40.0, 2, 0.0021151676316535223], "E": [1532.0, 188, 0.05986139036361278], "F": [259.0, 13, 0.010538197927358503], "L": [29.0, 1, 0.0011207397106678756], "T": [154.0, 1, 0.014211023313452538], "V": [11.0, 2, 0.0009011964217842932], "Y": [6.0, 2, 0.0003084191637659839], "DRB4": [196.0, 7, 0.01036432139510226], "DMB": [105.0, 2, 0.005615409522102888], "K": [1.0, 1, 3.875227065312149e-05], "H": [5.0, 3, 0.00019323098459790957], "DOB": [21.0, 5, 0.0010820935137482938], "DOA": [8.0, 4, 0.00044999980689361787], "DRB3": [112.0, 14, 0.005922469368629862], "DQA1": [382.0, 63, 0.021067813224889584]}