{"A": [16157.0, 1125, 0.14019836628273075], "B": [30432.0, 1308, 0.2662485084587647], "C": [10503.0, 1222, 0.09088885127876052], "DMA": [1455.0, 2, 0.017637012198655322], "DPB1": [4217.0, 159, 0.05170912039627202], "DQA1": [2406.0, 74, 0.029848256694831276], "DQB1": [3341.0, 130, 0.03929850459970815], "DRA": [8097.0, 6, 0.10084335178599335], "DRB1": [7099.0, 66, 0.08444019510339545], "DRB5": [5052.0, 6, 0.06009182499821861], "DRB6": [1.0, 1, 2.4941421687524665e-05], "E": [5113.0, 263, 0.04493979412521752], "F": [736.0, 13, 0.006736148501720399], "HFE": [1.0, 1, 9.099926537377672e-06], "K": [11.0, 7, 9.588641713721742e-05], "L": [148.0, 2, 0.0012865768398958892], "T": [377.0, 1, 0.007825520485636553], "V": [10.0, 2, 0.0001842867134358689], "Y": [66.0, 4, 0.0007631348587207183], "DPA1": [4350.0, 56, 0.05293123935908012], "DMB": [267.0, 3, 0.003211963842925998], "DPB2": [15.0, 2, 0.0001841679719967994], "J": [1.0, 1, 8.701025648067964e-06], "DOB": [24.0, 5, 0.00027817877619370574], "DOA": [16.0, 8, 0.00020244617444110325], "DRB3": [3.0, 2, 3.568398159039109e-05], "H": [9.0, 5, 7.823778080447975e-05]}