{"A": [58.0, 50, 0.1780635412468233], "B": [130.0, 76, 0.40240634998213415], "L": [2.0, 1, 0.006151326714353511], "T": [1.0, 1, 0.007344067624108332], "DMB": [1.0, 1, 0.00425622100942642], "DMA": [1.0, 1, 0.004288711246139598], "DRA": [7.0, 1, 0.030845084021254993], "DRB1": [7.0, 5, 0.029458788110187352], "F": [8.0, 3, 0.025905299054491633], "E": [30.0, 13, 0.09329133873060122], "DPB1": [7.0, 6, 0.030368712067258774], "DPA1": [7.0, 5, 0.03013600162996177], "DQB1": [4.0, 4, 0.016646553281312218], "C": [46.0, 39, 0.14083800528194668]}