{"A": [1852.0, 700, 0.12313011040073749], "B": [4712.0, 1138, 0.31586610760495487], "C": [2224.0, 726, 0.14745961326798027], "DMA": [123.0, 2, 0.011423736892693685], "DMB": [23.0, 3, 0.0021199629993647493], "DPA1": [581.0, 60, 0.05416765029061515], "DPB1": [341.0, 105, 0.0320375271201632], "DQB1": [219.0, 57, 0.01973716276510022], "DRA": [862.0, 8, 0.08225673313545392], "DRB1": [928.0, 77, 0.08457482089893643], "DRB5": [285.0, 7, 0.025973948228660435], "E": [843.0, 138, 0.056770656838756255], "L": [7.0, 1, 0.0004662438459408985], "T": [49.0, 1, 0.007793077965269224], "Y": [2.0, 1, 0.00017718559471262995], "DRB4": [4.0, 2, 0.0003645466418057605], "DPB2": [1.0, 1, 9.407276420309735e-05], "F": [133.0, 7, 0.009326668441761067], "DRB3": [42.0, 7, 0.0038277397389604854], "DQA1": [236.0, 53, 0.022432434563930258]}