{"C": [30.0, 27, 0.10603325329610165], "DRA": [9.0, 2, 0.04578141642314036], "DRB5": [7.0, 1, 0.03400741919072224], "L": [2.0, 1, 0.007101132109428705], "T": [8.0, 1, 0.06782432062687462], "DMB": [3.0, 2, 0.014740228772602011], "DMA": [3.0, 1, 0.014852749602927215], "F": [11.0, 2, 0.041119715999650565], "E": [28.0, 15, 0.10051639399176573], "DPA1": [6.0, 4, 0.02981931337905694], "A": [72.0, 61, 0.2551751079322578], "B": [75.0, 54, 0.26800415950185474], "DPB1": [3.0, 3, 0.015024789173617494]}