{"A": [2686.0, 909, 0.173612754811868], "B": [3948.0, 1094, 0.2572925577732875], "C": [1493.0, 641, 0.0962388553361638], "DMA": [123.0, 2, 0.011106073045023777], "DPB1": [548.0, 160, 0.05005385138312879], "DRA": [1056.0, 8, 0.09796714304201556], "DRB1": [1129.0, 137, 0.10003209995347105], "DRB3": [101.0, 14, 0.008948841537024426], "DRB5": [24.0, 2, 0.0021264573949364976], "DRB7": [1.0, 1, 0.00018925470814934824], "E": [964.0, 147, 0.06311400091880941], "F": [154.0, 11, 0.010499000380043096], "L": [8.0, 2, 0.0005180329602628146], "T": [79.0, 1, 0.01221496890833212], "Y": [4.0, 3, 0.0003445170658058524], "DRB4": [102.0, 9, 0.009037443928480115], "DMB": [40.0, 2, 0.003584369472525535], "DQB1": [235.0, 92, 0.020590211303285574], "DPA1": [623.0, 53, 0.056468239069465506], "DQA1": [281.0, 62, 0.025967076655257257], "DOA": [1.0, 1, 9.425035266401805e-05]}