{"A": [292.0, 180, 0.14060634842736697], "B": [468.0, 201, 0.22721782151615944], "C": [497.0, 205, 0.238667612179789], "DMA": [8.0, 2, 0.005381357683197356], "DRA": [78.0, 4, 0.05390854196755939], "DRB1": [69.0, 23, 0.045545030054701216], "DRB5": [12.0, 2, 0.007920874792121951], "E": [152.0, 56, 0.07413763435504549], "F": [29.0, 7, 0.014728946569500544], "L": [1.0, 1, 0.00048240729231217166], "S": [1.0, 1, 0.0019802186980304877], "T": [14.0, 1, 0.016126486913372467], "DRB4": [17.0, 3, 0.011221239288839429], "DMB": [3.0, 1, 0.0020027211832353794], "DQA1": [57.0, 18, 0.039240818184018214], "DQB1": [41.0, 21, 0.02676228899671574], "DPB1": [67.0, 28, 0.04559090384693358], "DOA": [2.0, 2, 0.001404298518922019], "DPA1": [69.0, 12, 0.04659204223986676], "H": [1.0, 1, 0.00048240729231217166]}