{"B": [72.0, 49, 0.2623959336257449], "C": [55.0, 41, 0.19825669144860725], "DPA1": [11.0, 6, 0.055754946943784564], "T": [1.0, 1, 0.00864648909823397], "DRA": [3.0, 1, 0.015563680376821145], "F": [8.0, 3, 0.030499431285989562], "E": [24.0, 17, 0.08786874899090905], "DRB1": [14.0, 4, 0.06936621591167477], "DRB3": [2.0, 2, 0.009909459415953538], "A": [71.0, 45, 0.25663063135004266], "DPB1": [1.0, 1, 0.0051077715522386]}