{"A": [648.0, 259, 0.16515206155063344], "B": [1021.0, 284, 0.2623669917721406], "C": [315.0, 143, 0.08006349941203507], "DRA": [303.0, 7, 0.11083898161366586], "E": [236.0, 60, 0.060924791873793537], "F": [72.0, 5, 0.019354996646664055], "L": [4.0, 1, 0.001021317493368678], "T": [3.0, 1, 0.0018290260992354103], "DRB4": [22.0, 5, 0.007686019787798242], "DMB": [15.0, 2, 0.005300018810284428], "DMA": [60.0, 1, 0.021361907876566243], "DPA1": [86.0, 34, 0.030736047782553677], "DPA2": [1.0, 1, 0.00038177488838065185], "DPB1": [118.0, 35, 0.04249837476910695], "DQB1": [90.0, 31, 0.031093443687001975], "DRB3": [16.0, 3, 0.005589832572944176], "DRB1": [289.0, 27, 0.10096635084880418], "DQA1": [145.0, 28, 0.052834562515022894]}