{"A": [546.0, 181, 0.14766072675468708], "B": [531.0, 196, 0.14479092423670478], "C": [630.0, 192, 0.16991351705789817], "DRB1": [268.0, 16, 0.09935208301377225], "L": [6.0, 1, 0.001625606380611278], "T": [7.0, 1, 0.004528559241848121], "Y": [11.0, 1, 0.003964059572137858], "DRB4": [16.0, 2, 0.005931467642613269], "DMB": [9.0, 2, 0.0033743647597537134], "DQA1": [108.0, 17, 0.041757763901952204], "DMA": [69.0, 1, 0.026067611731837845], "DRA": [270.0, 2, 0.10480379959705652], "DQB1": [106.0, 27, 0.038859351208620545], "DOB": [7.0, 3, 0.0025287210365064323], "DPA1": [191.0, 29, 0.07243463969596477], "F": [36.0, 5, 0.010268960191066056], "E": [280.0, 48, 0.07670142774938331], "DPB1": [83.0, 34, 0.03171989730404263], "DRB5": [37.0, 3, 0.013716518923543185]}