{"A": [2026.0, 556, 0.1965216289919692], "B": [2519.0, 508, 0.24636189853619475], "C": [415.0, 236, 0.04014523756235721], "DMA": [294.0, 2, 0.039838046928200296], "DMB": [22.0, 3, 0.002958494414735963], "DPA1": [593.0, 56, 0.080661479905215], "DRA": [696.0, 8, 0.09689939353676377], "DRB1": [842.0, 62, 0.11195740661607553], "DRB3": [197.0, 11, 0.026194310099010548], "DRB5": [2.0, 2, 0.00026593208222345735], "E": [614.0, 110, 0.06032708537206986], "F": [79.0, 6, 0.008082572637376636], "L": [21.0, 1, 0.0020407133006755365], "T": [59.0, 1, 0.013690287879954653], "DPB1": [249.0, 68, 0.03413120197386509], "DRB4": [2.0, 2, 0.00026593208222345735], "DOB": [6.0, 3, 0.0007774145907335378], "DQA1": [138.0, 38, 0.01913776074532326], "DQB1": [148.0, 48, 0.01946031881692989], "DOA": [2.0, 1, 0.00028288392810224344]}