{"A": [2111.0, 429, 0.14967396906757777], "B": [3982.0, 730, 0.28466479350159357], "C": [2238.0, 431, 0.15824614734420261], "DMA": [108.0, 2, 0.010696990047232081], "DPA1": [405.0, 41, 0.0402674050628564], "DPB1": [302.0, 97, 0.030258424156198744], "DRA": [723.0, 5, 0.0735761814338048], "DRB1": [930.0, 47, 0.09038800786893358], "E": [1126.0, 176, 0.08086665712930584], "F": [145.0, 9, 0.010843704021089412], "K": [25.0, 7, 0.0017806568265063061], "L": [11.0, 1, 0.0007813444169739167], "T": [66.0, 1, 0.011194163150371406], "Y": [13.0, 3, 0.0012282210120304904], "DRB4": [144.0, 9, 0.013995562508738103], "DMB": [26.0, 3, 0.002555692206851324], "DQB1": [153.0, 67, 0.014705059774806076], "DOB": [4.0, 2, 0.0003788336567146263], "DQA1": [223.0, 54, 0.02260497469978232], "H": [4.0, 2, 0.0002841252425359697], "DOA": [6.0, 3, 0.0006203212466522367], "DRB3": [4.0, 3, 0.0003887656252427251]}