{"A": [2706.0, 700, 0.16978146965161053], "B": [4824.0, 858, 0.3051716991659888], "C": [1481.0, 541, 0.09266859446338531], "DMA": [176.0, 2, 0.01542605793892868], "DPA1": [496.0, 58, 0.043640000898634186], "DPB1": [497.0, 109, 0.04406565260748638], "DRA": [1084.0, 5, 0.09761862440105296], "DRB1": [1005.0, 87, 0.08643674063456143], "DRB5": [15.0, 3, 0.0012901006064859916], "E": [1097.0, 163, 0.06971756043157572], "F": [97.0, 6, 0.006419272931293121], "L": [58.0, 1, 0.003645711312416435], "T": [80.0, 1, 0.012007210873438248], "Y": [5.0, 1, 0.0004180301722472812], "DRB4": [91.0, 7, 0.007826610346015015], "DMB": [26.0, 2, 0.0022615854571277154], "K": [2.0, 2, 0.0001260592358396193], "DQB1": [171.0, 71, 0.014543734170452077], "DOB": [24.0, 4, 0.0020114269309883777], "DOA": [5.0, 4, 0.0004574460317818854], "DQA1": [258.0, 61, 0.023143195411040107], "DRB3": [11.0, 5, 0.0009460737780897272], "H": [6.0, 4, 0.0003771425495603209]}