{"A": [3419.0, 636, 0.09084376151789651], "B": [8910.0, 1056, 0.2386976658033591], "C": [5208.0, 804, 0.1380009272231591], "DMA": [313.0, 2, 0.011617699510333127], "DPA1": [1806.0, 89, 0.06729058931246676], "DPB1": [1519.0, 221, 0.05703416699425608], "DQB1": [847.0, 156, 0.030506805929902563], "DRA": [2753.0, 8, 0.10498883679772149], "DRB1": [3035.0, 85, 0.11054128967741912], "DRB3": [639.0, 13, 0.02327376741478445], "DRB5": [1.0, 1, 3.6422171228144684e-05], "DRB6": [1.0, 1, 7.637214438152852e-05], "E": [1835.0, 234, 0.049386145799926236], "F": [302.0, 14, 0.008463588918761436], "K": [15.0, 8, 0.00040037729854177343], "L": [21.0, 2, 0.0005589939253910783], "T": [128.0, 1, 0.0081357132280593], "V": [2.0, 2, 0.00011285941645548895], "Y": [20.0, 2, 0.0007081106590714537], "DRB4": [409.0, 9, 0.014896668032311176], "DMB": [92.0, 2, 0.0033889174774550984], "DQA1": [1043.0, 63, 0.0396206354132225], "H": [1.0, 1, 2.6618758351956106e-05], "DOB": [24.0, 4, 0.0008518002672625954], "DOA": [13.0, 8, 0.0005036707423621123], "DPB2": [1.0, 1, 3.7595565919773054e-05]}