{"A": [252.0, 141, 0.12572432311341047], "B": [365.0, 167, 0.18360567061000158], "C": [275.0, 142, 0.13682532244890752], "DPA1": [149.0, 29, 0.10424269045591933], "DPB1": [63.0, 27, 0.0444161218721122], "DRA": [250.0, 5, 0.17901922758912323], "DRB1": [145.0, 23, 0.09916458337240196], "L": [2.0, 1, 0.0009996329131801405], "T": [3.0, 1, 0.0035803845517824646], "DMA": [9.0, 1, 0.0062725057605654624], "DQB1": [17.0, 8, 0.011497012616279247], "F": [25.0, 3, 0.013155591652803004], "E": [73.0, 33, 0.0368905120469173], "DQA1": [23.0, 8, 0.016405433903284496], "DRB3": [49.0, 9, 0.033510790243087556], "DMB": [1.0, 1, 0.0006916651975034307], "H": [8.0, 3, 0.003998531652720562]}