{"A": [24105.0, 1714, 0.2000690841322538], "B": [24100.0, 1364, 0.20168070516752729], "C": [18709.0, 1371, 0.15485971096944773], "DMA": [865.0, 2, 0.010029256757637979], "DMB": [271.0, 4, 0.0031183100731555953], "DPB1": [3848.0, 244, 0.04513248358911968], "DQA1": [2620.0, 97, 0.031089608962757472], "DQB1": [1729.0, 162, 0.019452936213643714], "DRA": [6018.0, 8, 0.07169121431656318], "DRB1": [5848.0, 129, 0.06653498084861002], "DRB3": [1010.0, 7, 0.011491164613046532], "DRB5": [8.0, 3, 9.101912564789333e-05], "E": [12345.0, 319, 0.1037855761075551], "F": [1381.0, 14, 0.012089772745954887], "HFE": [1.0, 1, 8.704192889680343e-06], "K": [33.0, 9, 0.0002751496509893372], "L": [215.0, 3, 0.0017877347996637716], "T": [531.0, 1, 0.010542825634788703], "Y": [1.0, 1, 1.1059817907154513e-05], "DRB4": [670.0, 10, 0.0076228517730110665], "DPB2": [4.0, 2, 4.6975721420078966e-05], "G": [1.0, 1, 8.960953741883303e-06], "V": [1.0, 1, 1.7627253298830406e-05], "DOB": [30.0, 5, 0.0003326018231932598], "DPA1": [4070.0, 70, 0.04737048546470747], "DOA": [60.0, 10, 0.0007261585621908621], "H": [16.0, 8, 0.00013304072927730392]}