{"A": [4837.0, 888, 0.11837263389991465], "B": [7144.0, 1013, 0.1762751650635183], "C": [3775.0, 684, 0.09213130035214312], "DMA": [358.0, 2, 0.012238777643260378], "DPB1": [2221.0, 214, 0.07680776070585729], "DQA1": [1456.0, 88, 0.05094220261358483], "DRA": [3739.0, 9, 0.1313323132581383], "DRB1": [2791.0, 93, 0.09362781412982031], "DRB5": [617.0, 6, 0.020698087179541073], "E": [3000.0, 271, 0.07436516337898114], "F": [312.0, 9, 0.008053440017956597], "K": [7.0, 4, 0.0001720899236717624], "L": [34.0, 1, 0.0008335773909658543], "T": [98.0, 1, 0.005737080636220715], "DRB4": [415.0, 9, 0.013921728005688081], "DMB": [90.0, 3, 0.003053478678136953], "DPB2": [12.0, 2, 0.00041552493351966783], "H": [8.0, 6, 0.00019613585669784806], "DOB": [28.0, 6, 0.0009153006645899577], "DOA": [21.0, 8, 0.000749379627781818], "DRB3": [4.0, 3, 0.0001341853301753068], "DPA1": [2726.0, 72, 0.09354953935388471], "DQB1": [768.0, 157, 0.025477321355951585]}