{"A": [441.0, 193, 0.09048809514653927], "B": [586.0, 212, 0.12123413913188258], "C": [305.0, 148, 0.06241194499254345], "DPB1": [223.0, 57, 0.06466049737495726], "DQA1": [231.0, 53, 0.06776508018228555], "DQB1": [197.0, 52, 0.05479442879193563], "DRA": [552.0, 6, 0.1625671676550231], "DRB1": [584.0, 44, 0.16426140291474], "J": [5.0, 3, 0.0010287529221766649], "L": [9.0, 2, 0.0018500657021990937], "T": [15.0, 1, 0.007362643462636916], "DMB": [38.0, 3, 0.010809699265598743], "DPB2": [4.0, 1, 0.0011613241750344826], "DMA": [77.0, 1, 0.022071069372347457], "DPA1": [459.0, 34, 0.13207059066426632], "E": [109.0, 33, 0.022654392071290747], "F": [2.0, 2, 0.0004328470508293749], "DRB3": [44.0, 5, 0.012375859123713289]}