{"C": [26.0, 22, 0.1533367209328767], "DRA": [5.0, 1, 0.04243934885547945], "E": [42.0, 17, 0.25158233924844187], "DPA1": [6.0, 5, 0.04975647796849315], "DPB1": [4.0, 4, 0.03342713191705717], "DRB4": [3.0, 2, 0.024319177434038785], "A": [42.0, 33, 0.24837454985911744], "B": [33.0, 27, 0.19676425378449564]}