{"A": [646.0, 285, 0.14131057883624312], "B": [1096.0, 269, 0.24172811858546867], "C": [243.0, 148, 0.05301068938400128], "DPA1": [305.0, 41, 0.09355835448020723], "DQA1": [72.0, 30, 0.02251727199528758], "DRA": [384.0, 6, 0.12056306678784043], "DRB3": [52.0, 5, 0.015592484644260732], "E": [287.0, 64, 0.06359121340858584], "L": [2.0, 1, 0.00043829239893503806], "T": [22.0, 1, 0.011512098391200041], "DMB": [13.0, 2, 0.003942417992440924], "DMA": [43.0, 1, 0.013139849985375622], "DRB1": [364.0, 45, 0.10914739250982511], "DQB1": [49.0, 21, 0.014529663575560053], "F": [37.0, 6, 0.008536807570419627], "DPB1": [279.0, 54, 0.08624375992017483], "DOA": [2.0, 2, 0.0006379395341737075]}