{"A": [1815.0, 507, 0.29475363701297336], "B": [1139.0, 338, 0.1865008122944642], "C": [1518.0, 423, 0.24584950372803663], "DPB1": [98.0, 48, 0.02249002510690902], "DRA": [38.0, 5, 0.008857416050508146], "DRB1": [87.0, 22, 0.0193674132742483], "E": [741.0, 130, 0.12189160879470046], "L": [20.0, 1, 0.0032539009213593604], "T": [76.0, 1, 0.029524720168360493], "DRB4": [8.0, 2, 0.0017809115654481196], "DMB": [5.0, 1, 0.0011257182480460416], "K": [6.0, 2, 0.0009788496092799249], "DMA": [17.0, 1, 0.0038566591581913235], "H": [4.0, 2, 0.0006507801842718722], "F": [129.0, 9, 0.022096519109772905], "DPA1": [77.0, 20, 0.017535326089103395], "DQA1": [45.0, 13, 0.010448072489677322], "DQB1": [36.0, 26, 0.007925056466244132], "DRB3": [5.0, 3, 0.0011130697284050747]}