{"A": [128.0, 92, 0.15506385822066476], "B": [234.0, 151, 0.28581889362626145], "C": [46.0, 36, 0.05557423188443273], "DQB1": [12.0, 10, 0.01970603198220948], "DRA": [112.0, 6, 0.19474196311830547], "DRB5": [26.0, 2, 0.043176137489110665], "L": [3.0, 1, 0.003640941128099836], "T": [6.0, 1, 0.01738767527842013], "F": [11.0, 2, 0.014055455088175349], "E": [22.0, 10, 0.026995809495923503], "DPA1": [39.0, 17, 0.06625303856087669], "DPB1": [22.0, 17, 0.03766210745634631], "DRB3": [11.0, 3, 0.018266827399239127], "DRB1": [34.0, 16, 0.05646110287037548], "DQA1": [3.0, 3, 0.00519592640155914]}