{"A": [12896.0, 1425, 0.16827438203964903], "B": [21142.0, 1461, 0.2781528465358185], "C": [4361.0, 948, 0.05674976764597114], "DMA": [683.0, 3, 0.012449831616380068], "DOB": [25.0, 6, 0.0004357461023569773], "DPB1": [2844.0, 215, 0.05244135362753493], "DQB1": [948.0, 111, 0.016768284678434008], "DRA": [5654.0, 8, 0.10589115588815998], "DRB1": [5910.0, 102, 0.1057110252270783], "DRB3": [798.0, 12, 0.01427367142660042], "DRB5": [2.0, 2, 3.577361259799604e-05], "DRB7": [1.0, 1, 3.820621825465977e-05], "E": [5740.0, 305, 0.07586612988298447], "F": [801.0, 13, 0.011024200584287635], "HFE": [5.0, 1, 6.842087796321592e-05], "L": [103.0, 3, 0.0013464554562830598], "T": [308.0, 1, 0.009613983024865368], "V": [3.0, 2, 8.313732212087475e-05], "Y": [1.0, 1, 1.7387538647448315e-05], "DRB4": [2.0, 2, 3.577361259799604e-05], "DMB": [215.0, 3, 0.0038893640742196263], "K": [12.0, 5, 0.0001572991602433385], "DPB2": [3.0, 2, 5.538916950578897e-05], "J": [2.0, 1, 2.6168642640177924e-05], "DPA1": [3839.0, 72, 0.07024601143660865], "DOA": [26.0, 9, 0.0004947020291938017], "DQA1": [840.0, 72, 0.015670519206012798], "H": [14.0, 6, 0.00018301336298993048]}