{"A": [100.0, 73, 0.10573188337152338], "B": [336.0, 151, 0.35819515398061874], "C": [151.0, 96, 0.15922011625097035], "DRB1": [48.0, 17, 0.06956920326108326], "DRB3": [4.0, 3, 0.0057974336050902716], "L": [3.0, 2, 0.003177744742936114], "T": [3.0, 1, 0.00758781751254462], "Y": [3.0, 2, 0.0042267090270121125], "DRB4": [4.0, 3, 0.0057974336050902716], "DQA1": [17.0, 9, 0.025697803841313226], "DRA": [58.0, 3, 0.08801868314551758], "DPA1": [24.0, 18, 0.035584247645036836], "DPB1": [28.0, 20, 0.041835534393489256], "DQB1": [13.0, 12, 0.01863230744747068], "F": [10.0, 3, 0.011152123721607368], "E": [49.0, 19, 0.05247773790733119], "DMB": [2.0, 1, 0.0029316567662104214], "DOA": [1.0, 1, 0.001541747781433369], "DOB": [2.0, 2, 0.00282466199372099]}