{"A": [6411.0, 1282, 0.1808964387036663], "B": [8076.0, 1108, 0.2297603111831791], "C": [5100.0, 979, 0.14351240331746887], "DMA": [332.0, 2, 0.013086458067515102], "DPB1": [1274.0, 192, 0.05079897968832547], "DQA1": [574.0, 45, 0.02315566471970846], "DQB1": [544.0, 115, 0.020807526722967342], "DRB1": [2397.0, 103, 0.09271331254018804], "DRB3": [470.0, 12, 0.01817908089023295], "E": [2201.0, 180, 0.06290676334411868], "F": [404.0, 13, 0.012023674642636874], "K": [8.0, 4, 0.00022676519893444306], "L": [27.0, 2, 0.0007632376580468008], "T": [178.0, 1, 0.012014726719360467], "Y": [1.0, 1, 3.759926614613869e-05], "DMB": [84.0, 3, 0.0032859479868322422], "DPB2": [1.0, 1, 3.992499394899263e-05], "DRA": [2016.0, 6, 0.08164614291987876], "V": [1.0, 1, 5.992610310332356e-05], "J": [6.0, 3, 0.00016976326194201798], "H": [4.0, 3, 0.00011307224563656307], "DOB": [8.0, 4, 0.0003015259883641682], "DPA1": [1349.0, 59, 0.05337732039037071], "DOA": [3.0, 2, 0.0001234334474279613]}