{"A": [11741.0, 905, 0.13592603450289786], "B": [16302.0, 978, 0.190288660113061], "C": [6459.0, 802, 0.07457235607879223], "DMA": [930.0, 2, 0.015040431691416188], "DOA": [30.0, 7, 0.0005064378747141809], "DPA1": [7314.0, 88, 0.11873891960798712], "DPB1": [4560.0, 204, 0.07460084091156535], "DQA1": [1008.0, 58, 0.016683962735115295], "DQB1": [1545.0, 119, 0.024246182175899477], "DRA": [7058.0, 8, 0.11727896319645813], "DRB1": [8699.0, 74, 0.1380500962680154], "DRB3": [2542.0, 18, 0.04034065349043513], "DRB5": [23.0, 3, 0.00036500197886703696], "DRB6": [1.0, 1, 3.327641532807838e-05], "E": [2562.0, 166, 0.030043445810834922], "F": [590.0, 13, 0.0072044557988879005], "H": [11.0, 5, 0.00012757983321951216], "HFE": [5.0, 1, 6.0704826434221296e-05], "L": [56.0, 2, 0.0006494973327538801], "T": [428.0, 1, 0.011853073639388893], "DMB": [169.0, 3, 0.00271244800599758], "DPB2": [2.0, 1, 3.276183158589159e-05], "DPA2": [1.0, 1, 1.734186992541056e-05], "DOB": [27.0, 5, 0.0004175339996274944], "K": [18.0, 3, 0.00020934001079219293]}