{"A": [120.0, 81, 0.09892816017862167], "B": [364.0, 202, 0.30256210311379006], "C": [89.0, 69, 0.0731717958596372], "DMA": [9.0, 2, 0.010364801514897578], "DRB5": [38.0, 2, 0.04294297290150657], "E": [153.0, 57, 0.127762433433636], "T": [11.0, 1, 0.021693070418253316], "DRA": [55.0, 4, 0.06507921125475995], "DRB1": [94.0, 24, 0.10622735401951623], "DQB1": [36.0, 23, 0.040230785139306155], "DOA": [4.0, 3, 0.0048084603752158745], "F": [12.0, 3, 0.010434497586563554], "DPA1": [46.0, 18, 0.05317862403471502], "DRB3": [14.0, 3, 0.01582109527950242], "DPB1": [23.0, 16, 0.026794634890078422]}