{"A": [167.0, 108, 0.14356577056601616], "B": [383.0, 140, 0.33197675040667446], "C": [238.0, 105, 0.20404521435273107], "DMA": [17.0, 2, 0.02041564712853116], "DQB1": [29.0, 24, 0.033794790170496684], "DRB1": [53.0, 14, 0.06245685746349057], "L": [5.0, 1, 0.004306220116741491], "T": [6.0, 1, 0.012338868622088038], "DRA": [41.0, 3, 0.050589361350560955], "DPA1": [33.0, 13, 0.03978221435052523], "E": [109.0, 29, 0.09491481181298995], "F": [2.0, 1, 0.0018134936591541497]}