{"B": [47.0, 35, 0.343489286075194], "T": [1.0, 1, 0.017339258913265952], "E": [21.0, 8, 0.1541818419418547], "C": [33.0, 25, 0.23854473638441356], "A": [34.0, 25, 0.2464448766852718]}