{"A": [134.0, 91, 0.12043399628248905], "B": [295.0, 137, 0.2673257386336981], "C": [290.0, 137, 0.25993054547609473], "DRB1": [41.0, 26, 0.05051239723335654], "E": [79.0, 32, 0.07191913384325373], "T": [5.0, 1, 0.010749888459513947], "DMA": [5.0, 1, 0.0062776066194871515], "DRA": [23.0, 3, 0.029669692148258493], "DOA": [8.0, 3, 0.01048435336609169], "F": [19.0, 3, 0.01801148458317409], "DPA1": [61.0, 20, 0.07688023677597215], "DRB3": [7.0, 4, 0.008624067820329167], "DPB1": [42.0, 27, 0.05334268976126381], "DQB1": [13.0, 8, 0.015838168997017215]}