{"A": [1369.0, 368, 0.1993084579768536], "B": [2466.0, 439, 0.3619843657326779], "C": [837.0, 318, 0.12152419700838792], "DRA": [224.0, 3, 0.046807042835830835], "DRB1": [174.0, 18, 0.034724927946525784], "DRB5": [137.0, 4, 0.027340891544103633], "E": [552.0, 96, 0.08140187651849402], "L": [13.0, 1, 0.0018960833265540993], "T": [43.0, 1, 0.014975467573963733], "Y": [6.0, 3, 0.0011639884200354516], "DQB1": [80.0, 25, 0.01578808984541913], "DMA": [35.0, 1, 0.007118198904542499], "F": [60.0, 5, 0.00921351064466102], "DQA1": [58.0, 23, 0.012072338231409354], "DPA1": [134.0, 17, 0.027356948783872802], "DPB1": [180.0, 31, 0.037031909579506264], "H": [2.0, 2, 0.00029170512716216915]}