{"A": [327.0, 197, 0.1549330911649069], "B": [487.0, 254, 0.23264828464305554], "C": [305.0, 172, 0.14411569937870122], "DMA": [13.0, 2, 0.008604379949140078], "DRA": [154.0, 7, 0.10472685435532546], "L": [2.0, 1, 0.0009493322066288744], "T": [7.0, 1, 0.007933852602676171], "DRB4": [12.0, 3, 0.007793768527829561], "DQB1": [6.0, 5, 0.0038535855498712827], "DRB1": [191.0, 52, 0.12405081573462051], "E": [66.0, 30, 0.03167476683519661], "DPA1": [77.0, 24, 0.05115967023104979], "DPB1": [120.0, 47, 0.08034502690851322], "DQA1": [26.0, 19, 0.017612090208396096], "DRB3": [41.0, 7, 0.026628709136751], "DMB": [3.0, 1, 0.0019705835198205422], "F": [2.0, 1, 0.0009994890475170473]}