{"A": [767.0, 340, 0.1871259396694954], "B": [648.0, 297, 0.1593999190417924], "C": [597.0, 284, 0.14525396043775807], "DMA": [75.0, 2, 0.025561108730991416], "DRA": [282.0, 8, 0.09874807620813436], "DRB1": [447.0, 41, 0.14949132024575923], "DRB3": [105.0, 7, 0.0351154107959837], "E": [268.0, 59, 0.06622873840056433], "F": [47.0, 7, 0.012094505011082737], "L": [2.0, 1, 0.0004888328823007117], "T": [34.0, 1, 0.019842994037095555], "DRB4": [76.0, 5, 0.02541686876661678], "DMB": [2.0, 2, 0.0006764657058100759], "DQB1": [51.0, 25, 0.01686654493153122], "DPA1": [95.0, 31, 0.03250145575041514], "DPB1": [68.0, 39, 0.023443846236877373], "DQA1": [5.0, 4, 0.0017440131477916016]}