{"A": [932.0, 312, 0.22132326933338112], "B": [1816.0, 367, 0.434811947711748], "C": [238.0, 154, 0.05636417345456188], "DRB3": [27.0, 7, 0.00878910702107534], "E": [631.0, 95, 0.15177966211456645], "L": [15.0, 1, 0.0035685699127541303], "T": [25.0, 1, 0.014201716137903149], "DRB4": [21.0, 4, 0.006835972127503044], "DMB": [4.0, 2, 0.0013168864055146557], "DQA1": [32.0, 14, 0.010864312845495907], "DRB1": [103.0, 22, 0.03352881567299112], "DMA": [18.0, 1, 0.005971225380730575], "DRA": [47.0, 3, 0.01601953580355475], "F": [21.0, 4, 0.005259955498683897], "DPB1": [58.0, 24, 0.019463479383436684], "DPA1": [22.0, 14, 0.007326126669759693], "DQB1": [8.0, 8, 0.002575244526339771]}