{"A": [555.0, 293, 0.22680057714021382], "B": [1047.0, 376, 0.43139222575278197], "C": [274.0, 168, 0.11166491925242017], "DRA": [36.0, 3, 0.021115169789079364], "E": [173.0, 45, 0.07160944920396957], "L": [11.0, 1, 0.004503349396165421], "T": [22.0, 1, 0.021506191451840094], "DPA1": [46.0, 16, 0.02636025347231811], "DPB1": [30.0, 20, 0.017324222317294847], "DRB1": [72.0, 30, 0.04033234678812912], "F": [28.0, 4, 0.012068708957254776], "DRB3": [15.0, 5, 0.0084025722475269], "DQA1": [9.0, 4, 0.005258172164272694], "DQB1": [3.0, 3, 0.0016618420667330982]}