{"A": [329.0, 208, 0.1628835689627697], "B": [713.0, 274, 0.3559142437588356], "C": [308.0, 186, 0.15207125019284848], "DRA": [43.0, 5, 0.030555594592479526], "HFE": [6.0, 1, 0.003115216880555319], "L": [2.0, 1, 0.0009919805577680715], "T": [19.0, 1, 0.022502182064229107], "DRB4": [11.0, 4, 0.007465241950344488], "DPB1": [36.0, 25, 0.025186348061323697], "DQB1": [10.0, 4, 0.006711177106875348], "F": [49.0, 6, 0.025587571505464222], "DRB1": [65.0, 12, 0.044112793342944705], "E": [230.0, 57, 0.11534061762092965], "DPA1": [42.0, 19, 0.0291589074298722], "DQA1": [26.0, 9, 0.018403305972759743]}