{"A": [9720.0, 1171, 0.15095820684227362], "B": [13154.0, 1136, 0.20597891273169286], "C": [8524.0, 1049, 0.13202279588006857], "DMA": [519.0, 2, 0.011259979903919378], "DPA1": [2760.0, 65, 0.06010908590881507], "DPB1": [2488.0, 195, 0.05460371117793552], "DQA1": [1267.0, 65, 0.02813249163825907], "DQB1": [1309.0, 166, 0.027557983214788997], "DRA": [4854.0, 8, 0.1082009665861926], "DRB1": [4098.0, 41, 0.08724333155319249], "DRB5": [1183.0, 6, 0.025185178435194414], "E": [4666.0, 263, 0.07340206126262296], "F": [625.0, 11, 0.010238164222189637], "HFE": [1.0, 1, 1.628718847037159e-05], "K": [3.0, 2, 4.680517747981443e-05], "L": [95.0, 2, 0.0014781069354064878], "T": [245.0, 1, 0.009102196406268777], "DRB4": [460.0, 10, 0.00979305332222268], "DMB": [176.0, 3, 0.003789485850773124], "DPB2": [11.0, 2, 0.00024172622372844026], "H": [4.0, 4, 6.223608149079948e-05], "DOB": [18.0, 5, 0.0003734164889447969], "DOA": [9.0, 5, 0.0002038169680694708]}