{"A": [124.0, 91, 0.0703636652062439], "B": [322.0, 185, 0.18422862063197054], "C": [114.0, 89, 0.06451291129175794], "DMA": [15.0, 2, 0.011890437145477686], "DRA": [206.0, 4, 0.16777795388646316], "DRB3": [39.0, 7, 0.03033620143632734], "E": [52.0, 21, 0.02988843462545904], "T": [6.0, 1, 0.00814456086827491], "DMB": [10.0, 2, 0.007866905384129175], "DPB2": [2.0, 1, 0.0016058219237706976], "DQB1": [45.0, 32, 0.03461438369016837], "DRB1": [214.0, 52, 0.16646018224036024], "F": [6.0, 4, 0.00359111761627107], "DPA1": [134.0, 26, 0.10662821642488647], "DQA1": [67.0, 13, 0.05435539938846752], "DPB1": [72.0, 38, 0.05773518823997195]}