{"A": [7575.0, 988, 0.1892539090839967], "B": [9947.0, 1076, 0.2505698424093379], "C": [1703.0, 732, 0.042431842528120066], "DMA": [607.0, 2, 0.021185109187977162], "DMB": [98.0, 3, 0.0033944190474171384], "DPA1": [1407.0, 60, 0.049294321929978936], "DPB1": [1309.0, 190, 0.04621502469191652], "DQB1": [447.0, 116, 0.0151386471257597], "DRA": [3064.0, 5, 0.10987322888273444], "DRB1": [3133.0, 80, 0.10729820099164122], "DRB5": [1324.0, 4, 0.04534402110211713], "E": [1853.0, 172, 0.04689328947899178], "F": [290.0, 13, 0.007642084404818448], "L": [66.0, 2, 0.0016519539740670031], "T": [185.0, 1, 0.011056651078821731], "Y": [8.0, 1, 0.0002663344447745565], "DRB4": [592.0, 10, 0.020274668045659625], "DPB2": [2.0, 1, 7.070218508190546e-05], "V": [1.0, 1, 5.306082748893486e-05], "DPA2": [1.0, 1, 3.742489469546974e-05], "K": [15.0, 7, 0.0003764745811314637], "DOB": [27.0, 6, 0.0009010658040365471], "DOA": [12.0, 7, 0.00043717048305624417], "DQA1": [843.0, 61, 0.030111397793398397], "G": [2.0, 2, 5.394778330733397e-05], "H": [7.0, 2, 0.00017520723967377305]}