{"A": [905.0, 328, 0.26359649793702594], "B": [1427.0, 346, 0.41907281596135887], "C": [372.0, 207, 0.10805603259855769], "DOB": [1.0, 1, 0.0003890644765292233], "E": [430.0, 88, 0.1268622969317521], "K": [2.0, 1, 0.0005851985356029671], "L": [7.0, 1, 0.0020425885017784223], "T": [15.0, 1, 0.010451339859706588], "DRB4": [4.0, 2, 0.0015970586751911189], "DRB1": [26.0, 13, 0.010380881388742274], "DMA": [5.0, 1, 0.0020344211177291444], "DRA": [23.0, 1, 0.00961523267093006], "F": [56.0, 5, 0.01720404993620865], "DPA1": [27.0, 12, 0.011027965507138674], "DQA1": [7.0, 5, 0.00291494400774629], "DPB1": [19.0, 15, 0.007820346196181993], "DRB5": [1.0, 1, 0.0003992646687977797], "DMB": [5.0, 1, 0.002019008836534227], "H": [4.0, 4, 0.0011671934295876699], "DQB1": [7.0, 4, 0.0027637987629001858]}