{"A": [142.0, 93, 0.08314753104426628], "B": [446.0, 206, 0.2633118064940413], "C": [355.0, 172, 0.2073024275354323], "DPB1": [49.0, 23, 0.040545103642065136], "DRA": [90.0, 3, 0.07563876477763412], "E": [138.0, 36, 0.0818489585647277], "L": [4.0, 1, 0.0023464580314229563], "T": [11.0, 1, 0.015407896528777321], "DRB4": [16.0, 3, 0.012842536841146368], "DRB1": [134.0, 26, 0.10755624604460082], "DMA": [11.0, 1, 0.008997741102682939], "DRB3": [9.0, 3, 0.0072239269731448315], "F": [12.0, 2, 0.007411291073312853], "DQA1": [28.0, 15, 0.02344013804306891], "DQB1": [9.0, 7, 0.0071436611178876674], "DPA1": [68.0, 21, 0.055835512185788666]}