{"A": [1663.0, 313, 0.2421031475774015], "B": [1513.0, 308, 0.222086200875259], "C": [487.0, 226, 0.07070533248977373], "DMA": [39.0, 2, 0.007931449942208344], "DRA": [499.0, 5, 0.10426766239763043], "E": [592.0, 82, 0.08729773004799057], "K": [13.0, 3, 0.0019012258781871787], "L": [23.0, 1, 0.003354500094872788], "T": [29.0, 1, 0.010099406177459193], "DRB4": [83.0, 7, 0.01656365220813048], "DMB": [15.0, 2, 0.003027447384700738], "DRB1": [395.0, 53, 0.07882701954471732], "F": [50.0, 8, 0.007677676364658931], "DPB1": [212.0, 67, 0.043613944717356724], "DPA1": [219.0, 35, 0.04470878620532767], "DRB3": [38.0, 8, 0.007583358842276604], "DQA1": [137.0, 25, 0.02851477005465007], "DRB5": [1.0, 1, 0.00019956207479675275], "DQB1": [99.0, 38, 0.019537127122602093]}