{"A": [1347.0, 436, 0.08981435282118011], "B": [2402.0, 611, 0.1614825551002835], "C": [1797.0, 511, 0.11949266505888716], "DMA": [123.0, 2, 0.011456792689731455], "DQB1": [319.0, 74, 0.028832755779053764], "DRA": [1709.0, 8, 0.1635539799511805], "DRB3": [72.0, 9, 0.006580826932769835], "DRB5": [93.0, 2, 0.008500234788161037], "E": [614.0, 108, 0.041468619530458994], "F": [58.0, 6, 0.00407903801956747], "L": [16.0, 3, 0.0010687839361615244], "T": [61.0, 2, 0.009729659427561939], "DRB4": [151.0, 7, 0.013801456484003403], "DMB": [42.0, 2, 0.0038824386165867493], "DPB2": [2.0, 1, 0.00018868994749243406], "DRB1": [1280.0, 77, 0.11699247880479706], "K": [2.0, 2, 0.000133964683672579], "DPA1": [1068.0, 77, 0.09985963627293078], "DPB1": [864.0, 139, 0.08140914862005619], "H": [1.0, 1, 6.679899601009528e-05], "DOA": [7.0, 4, 0.0006805868491227768], "DQA1": [378.0, 72, 0.03603388341019577], "DOB": [10.0, 3, 0.0008906532801346037]}