{"A": [430.0, 170, 0.15498011736649964], "B": [1204.0, 306, 0.4375306453917047], "C": [487.0, 149, 0.17504572637754023], "F": [20.0, 5, 0.00760307257638749], "L": [2.0, 1, 0.0007221531525565124], "T": [24.0, 1, 0.02069228379612909], "DMB": [7.0, 3, 0.0034977013803115927], "DMA": [15.0, 1, 0.007552288694674977], "DRA": [51.0, 4, 0.026382661840064586], "DRB3": [32.0, 8, 0.015809834810525596], "E": [161.0, 42, 0.05877687116582654], "DPA1": [36.0, 18, 0.018194939200044544], "DPB1": [35.0, 21, 0.017826122864908502], "DRB1": [94.0, 23, 0.04644138975591893], "DQB1": [3.0, 3, 0.0014657034355591437], "DQA1": [11.0, 7, 0.005668150004701376], "K": [5.0, 2, 0.001810338186646701]}