{"A": [2486.0, 450, 0.2772367097341063], "B": [1515.0, 422, 0.17034786892600168], "C": [1445.0, 322, 0.1607061436985284], "DMA": [41.0, 2, 0.006387240403158448], "DQB1": [104.0, 41, 0.015721727778253064], "DRA": [310.0, 7, 0.049619480205119956], "E": [1028.0, 107, 0.11612234145610772], "F": [163.0, 7, 0.019172945010001035], "K": [3.0, 2, 0.00033608802960407967], "L": [32.0, 1, 0.0035751261932579956], "T": [54.0, 1, 0.014405655543421924], "DRB4": [39.0, 4, 0.005961891151865628], "DMB": [12.0, 2, 0.0018552738199861568], "DQA1": [60.0, 15, 0.009566255634303621], "DPA1": [258.0, 35, 0.040346874338089755], "DOB": [5.0, 4, 0.0007448179569287492], "DOA": [7.0, 6, 0.0011382954911468852], "DRB1": [307.0, 28, 0.046930784195455065], "DPB1": [376.0, 60, 0.05925415072944205], "DRB3": [3.0, 2, 0.00045860701168197134], "H": [1.0, 1, 0.00011172269353931236]}