{"B": [20.0, 18, 0.18269124574471143], "C": [19.0, 17, 0.17166505747973773], "T": [3.0, 1, 0.06501659039738261], "DRB4": [2.0, 1, 0.024837798578775376], "DMA": [1.0, 1, 0.012655901184223333], "DRA": [1.0, 1, 0.01300331807947652], "F": [5.0, 3, 0.047778762395771085], "DPA1": [6.0, 5, 0.07622634736244857], "DQA1": [2.0, 2, 0.025905047736457132], "E": [11.0, 7, 0.1009436546483348], "A": [28.0, 26, 0.2536712871242141], "DPB1": [2.0, 2, 0.02560498926846728]}