{"A": [113.0, 69, 0.21158941225966924], "B": [164.0, 101, 0.3096234155263265], "C": [28.0, 22, 0.05228637594553038], "T": [2.0, 1, 0.008958496718958753], "DRB4": [3.0, 2, 0.007700280887644321], "DMB": [3.0, 1, 0.00778778407954937], "DRB1": [36.0, 10, 0.09240337065173185], "DMA": [8.0, 1, 0.020925954167949457], "DRA": [24.0, 2, 0.06450117637650302], "E": [35.0, 18, 0.06638295654523634], "DQA1": [34.0, 16, 0.09101972642973327], "F": [2.0, 1, 0.003949999994238298], "DPA1": [10.0, 6, 0.02625766279694807], "DQB1": [4.0, 4, 0.010152962948153254], "DPB1": [10.0, 9, 0.026460424671827975]}