{"C": [74.0, 51, 0.09770441217269168], "DQB1": [10.0, 8, 0.017946706340028953], "DRB1": [24.0, 4, 0.04355605134209274], "DRB5": [31.0, 2, 0.05625989965020312], "F": [4.0, 3, 0.005585718399778464], "T": [1.0, 1, 0.0031670658247109924], "DMA": [17.0, 1, 0.03144098553463088], "DRA": [82.0, 1, 0.1558196385757808], "E": [102.0, 22, 0.13678568983516534], "DPB1": [45.0, 16, 0.08419014750245243], "DPA1": [60.0, 16, 0.11139334969673143], "DQA1": [49.0, 16, 0.0927480175306965], "B": [51.0, 38, 0.06807882818242389], "A": [72.0, 48, 0.09532348941261282]}