{"A": [442.0, 222, 0.27917270281592166], "B": [302.0, 177, 0.1923233809982764], "C": [541.0, 241, 0.34077126631344634], "DRB1": [36.0, 8, 0.03116900988274767], "T": [10.0, 1, 0.015109160564077032], "DRB4": [18.0, 5, 0.015584504941373836], "DMA": [2.0, 1, 0.0017646576842013633], "DRA": [22.0, 3, 0.01994409194458168], "F": [24.0, 4, 0.01598871400325385], "E": [102.0, 38, 0.06525652022960872], "DQB1": [3.0, 2, 0.0025685572958930956], "DRB5": [5.0, 2, 0.004329029150381621], "DPA1": [10.0, 8, 0.008857094123769295], "DQA1": [2.0, 2, 0.0018060168486748326], "DPB1": [6.0, 5, 0.005355293203792554]}