{"A": [425.0, 232, 0.15772538856733087], "B": [413.0, 211, 0.1545386762927279], "C": [413.0, 207, 0.1528543310470306], "DMA": [18.0, 2, 0.009331790389596549], "DPB1": [138.0, 47, 0.07237241813089937], "DRB1": [212.0, 36, 0.10784955584680622], "E": [212.0, 61, 0.0796932603628153], "T": [6.0, 1, 0.005326642880336157], "DRB3": [23.0, 6, 0.011700659360738412], "DMB": [14.0, 2, 0.00720307389500003], "DRA": [178.0, 4, 0.09481424326998358], "F": [23.0, 4, 0.009003101006677682], "DPA1": [132.0, 30, 0.06869532542226629], "DQA1": [45.0, 23, 0.023876260567131796], "H": [6.0, 2, 0.002230774709921803], "DQB1": [82.0, 41, 0.0412518898621589], "DOA": [1.0, 1, 0.0005411529619465019], "DOB": [2.0, 1, 0.0009914554266319123]}