{"A": [923.0, 264, 0.18996139965055073], "B": [1448.0, 306, 0.3004738502428095], "C": [574.0, 241, 0.11781228337929658], "DMA": [44.0, 2, 0.012650163257765787], "DQB1": [130.0, 38, 0.03626806065315679], "DRA": [209.0, 5, 0.06173775754623341], "DRB1": [240.0, 17, 0.06770873898947162], "DRB5": [174.0, 5, 0.049088835767366924], "E": [262.0, 58, 0.054618278681613217], "L": [4.0, 1, 0.0008247369210852611], "T": [31.0, 1, 0.015262125071237927], "Y": [16.0, 3, 0.004387920706356534], "DMB": [28.0, 3, 0.007989118255765306], "F": [37.0, 8, 0.008031875990357712], "DQA1": [43.0, 20, 0.012652409380503316], "DPA1": [113.0, 15, 0.032612394062122414], "DPB1": [96.0, 27, 0.027920051444307217]}