{"A": [6801.0, 969, 0.1998117432394245], "B": [4732.0, 959, 0.1401739882918199], "C": [10051.0, 1210, 0.29449133993181836], "DMA": [334.0, 2, 0.013708012596127092], "DMB": [52.0, 4, 0.002118013559354422], "DPB1": [502.0, 112, 0.020841706340519957], "DQA1": [380.0, 60, 0.015961472376384886], "DQB1": [439.0, 120, 0.017483568338670943], "DRA": [1678.0, 5, 0.0707589036716089], "DRB1": [1622.0, 32, 0.06532341905963975], "DRB5": [586.0, 7, 0.023600199487638033], "E": [1902.0, 174, 0.05660200357640064], "F": [298.0, 11, 0.009234557899663659], "H": [1.0, 1, 2.943337203482422e-05], "HFE": [2.0, 1, 6.162173018179053e-05], "L": [39.0, 2, 0.0011479015093581446], "T": [154.0, 1, 0.010823272909642204], "Y": [1.0, 1, 3.914924241525163e-05], "DRB4": [485.0, 10, 0.019532588313147522], "V": [2.0, 1, 0.00012479294294068607], "DOB": [6.0, 3, 0.00023546697627859376], "K": [7.0, 4, 0.00020659911276410924], "DPA1": [908.0, 61, 0.037408876093425227], "J": [1.0, 1, 2.9460251826636844e-05], "DOA": [4.0, 3, 0.00017136242098362466], "DRB3": [2.0, 1, 8.054675593050523e-05]}