{"A": [9043.0, 911, 0.2258343588592047], "B": [11625.0, 1082, 0.2927149527574564], "C": [2069.0, 619, 0.05152915229524582], "DMA": [421.0, 2, 0.014687212419027419], "DMB": [90.0, 3, 0.003115997884192278], "DPA1": [1323.0, 54, 0.04633166509185208], "DPB1": [1115.0, 113, 0.03934899773448473], "DQB1": [333.0, 66, 0.011272987901033397], "DRA": [1896.0, 6, 0.06796052483421088], "DRB1": [2470.0, 71, 0.08455596755406161], "DRB5": [4.0, 2, 0.00013693274097823744], "E": [3004.0, 241, 0.07598895504446468], "F": [284.0, 11, 0.007480789540992642], "L": [118.0, 2, 0.0029522374114464064], "T": [189.0, 1, 0.011290909980367313], "DRB4": [580.0, 9, 0.01985524744184443], "DPB2": [10.0, 2, 0.00035336058480530985], "DOB": [44.0, 7, 0.0014677790520185522], "DOA": [35.0, 9, 0.0012745383111968415], "DQA1": [1169.0, 43, 0.041738142492529696], "DRB3": [1.0, 1, 3.423318524455936e-05], "H": [3.0, 1, 7.50568833418578e-05]}