{"A": [1426.0, 292, 0.1124467882924993], "B": [2152.0, 272, 0.17109773385338364], "C": [1057.0, 257, 0.08312229748885597], "DMA": [169.0, 2, 0.018616328284541857], "DPA2": [1.0, 1, 0.00011812066833754367], "DPB1": [638.0, 83, 0.0710934401939841], "DRA": [1344.0, 8, 0.15211348059355273], "DRB1": [1214.0, 67, 0.1312248366643986], "DRB3": [274.0, 12, 0.029617467253744006], "E": [513.0, 99, 0.04097490479178802], "L": [1.0, 1, 7.899858566735357e-05], "T": [14.0, 1, 0.0026408590380825126], "Y": [17.0, 3, 0.0017862884079540436], "DPA1": [855.0, 40, 0.09454405447913626], "DMB": [21.0, 2, 0.0022957467774240023], "DOB": [2.0, 1, 0.00021066289511294286], "F": [52.0, 6, 0.0043249638754599565], "DQA1": [548.0, 40, 0.06178018559960663], "DQB1": [205.0, 40, 0.02191284225647037]}