{"A": [2247.0, 539, 0.1553159165818395], "B": [1091.0, 446, 0.07603474652659377], "C": [2401.0, 399, 0.16550841236811875], "DMA": [99.0, 2, 0.009559339376040608], "DMB": [43.0, 4, 0.004120581474229932], "DPA1": [1106.0, 58, 0.107203409175047], "DPB1": [811.0, 111, 0.07921639363908821], "DQA1": [418.0, 66, 0.04130763143570326], "DRA": [1106.0, 6, 0.10972584233210693], "DRB1": [1061.0, 72, 0.10053055946848714], "DRB5": [1.0, 1, 9.475076292977112e-05], "E": [1190.0, 117, 0.08331686320759088], "F": [138.0, 11, 0.010061056515591775], "L": [15.0, 1, 0.001038713883760219], "T": [61.0, 1, 0.010086311606778968], "DRB4": [218.0, 9, 0.0206556663186901], "DOB": [17.0, 5, 0.0015696120910154417], "DOA": [18.0, 7, 0.0018142317396035057], "DRB3": [2.0, 2, 0.00018950152585954223], "DQB1": [241.0, 77, 0.02258121237867401], "H": [1.0, 1, 6.924759225068126e-05]}