{"A": [452.0, 224, 0.19888390261558275], "B": [399.0, 214, 0.17701438257005295], "C": [254.0, 142, 0.11145766392632823], "DMA": [40.0, 2, 0.02458674199733273], "DRA": [209.0, 6, 0.13199223708724955], "E": [125.0, 50, 0.05571142530530307], "K": [1.0, 1, 0.00044202148238571656], "L": [1.0, 1, 0.0004408115695689673], "T": [13.0, 1, 0.013683405758646287], "DRB4": [32.0, 4, 0.019301052893786294], "DMB": [7.0, 2, 0.004270083790067067], "F": [23.0, 5, 0.010674330495383792], "DRB1": [206.0, 30, 0.12425052800374928], "DPA1": [79.0, 21, 0.04874486454605296], "DPB1": [79.0, 44, 0.0491212727664858], "DQA1": [23.0, 10, 0.01446872141366475], "DOA": [1.0, 1, 0.0006416062154682446], "DQB1": [24.0, 15, 0.014314947562891502]}