{"A": [244.0, 148, 0.07295034113775502], "B": [482.0, 216, 0.14529778689420628], "C": [162.0, 106, 0.04830226947268248], "DPA1": [315.0, 45, 0.1320652727493841], "DPB1": [165.0, 55, 0.06971123332661917], "DQB1": [117.0, 61, 0.04741772173954076], "DRA": [379.0, 8, 0.16263634877181854], "DRB5": [101.0, 4, 0.0413931710950183], "E": [126.0, 41, 0.03815760463570765], "L": [5.0, 1, 0.0014976119302915034], "T": [8.0, 1, 0.0057215953833533355], "DMB": [11.0, 3, 0.004559396321109689], "DMA": [61.0, 1, 0.025476932114902994], "DRB1": [356.0, 51, 0.14590068227551004], "DOB": [5.0, 4, 0.0019968159070553383], "F": [28.0, 5, 0.00882972428756689], "DQA1": [76.0, 30, 0.03248569878790653], "DRB3": [37.0, 6, 0.015163834955600763], "DOA": [1.0, 1, 0.0004359582139706475]}