{"A": [17906.0, 1903, 0.2106813677625927], "B": [21091.0, 1856, 0.2502068417681052], "C": [8567.0, 1331, 0.10052436469009675], "DMA": [607.0, 3, 0.009976909531981926], "DOB": [16.0, 5, 0.0002514652939433389], "DPA1": [3210.0, 87, 0.052963071033267306], "DPB1": [2616.0, 251, 0.043495728584431036], "DQA1": [965.0, 92, 0.01623289511024371], "DQB1": [1206.0, 126, 0.01923499944254923], "DRA": [5048.0, 8, 0.08524870692360711], "DRB1": [4890.0, 120, 0.0788689814473132], "DRB3": [505.0, 13, 0.008144956161736844], "DRB5": [608.0, 5, 0.009806204646209904], "E": [7102.0, 363, 0.08464109533298876], "F": [885.0, 13, 0.010983036586513013], "L": [135.0, 4, 0.0015913038132351913], "T": [430.0, 1, 0.012102794498531123], "Y": [49.0, 3, 0.0007682432576949183], "DMB": [180.0, 3, 0.002936143062804326], "K": [11.0, 7, 0.0001300176799997524], "DPB2": [13.0, 2, 0.00021642704019640135], "DPA2": [4.0, 1, 7.049947872490606e-05], "V": [1.0, 1, 2.498845159833469e-05], "H": [27.0, 14, 0.0003182607626470383], "DOA": [22.0, 10, 0.0003774484043551909], "G": [16.0, 4, 0.0002032492346326692]}