{"A": [688.0, 308, 0.19608545203066607], "B": [800.0, 285, 0.22989068948434807], "C": [187.0, 135, 0.05315125985315747], "DMB": [5.0, 3, 0.001975623112756116], "DPA1": [95.0, 25, 0.037968297063542836], "DRA": [320.0, 8, 0.1309024631887347], "DRB3": [13.0, 4, 0.005078905260658421], "E": [317.0, 81, 0.09151436184151321], "L": [10.0, 1, 0.0028552801191657736], "T": [24.0, 1, 0.016362807898591836], "DRB4": [27.0, 4, 0.010548495541367489], "DRB1": [226.0, 32, 0.0882948145314464], "DMA": [17.0, 1, 0.006768394297747672], "DQB1": [40.0, 24, 0.01545376301533673], "F": [72.0, 9, 0.021644175289491793], "DOA": [7.0, 4, 0.002909124711054425], "DQA1": [108.0, 22, 0.044007004836642494], "DPB1": [110.0, 38, 0.04430277621192095], "K": [1.0, 1, 0.000286311711857794]}