{"A": [321.0, 176, 0.15204117820844826], "B": [445.0, 231, 0.21251552650386593], "C": [560.0, 230, 0.2645204434847127], "DMA": [43.0, 2, 0.028451452553382307], "DRA": [101.0, 7, 0.06866231987848632], "F": [21.0, 7, 0.010491246695845415], "K": [1.0, 1, 0.0004758152664303175], "L": [4.0, 1, 0.0018980514095194782], "T": [10.0, 1, 0.011330415821532398], "DMB": [3.0, 2, 0.001969947296243701], "DRB3": [25.0, 8, 0.0162317754746672], "E": [107.0, 32, 0.05133493655377496], "DRB1": [218.0, 35, 0.14154108213909797], "DQB1": [5.0, 5, 0.0032102844827675125], "DPA1": [29.0, 15, 0.019261706896605075], "DPB1": [24.0, 18, 0.01606381733462045]}