{"A": [847.0, 252, 0.09896582146744518], "B": [2337.0, 373, 0.2753182474057116], "C": [2068.0, 353, 0.24097244217884453], "DPA1": [312.0, 53, 0.051120723966084934], "DPB1": [304.0, 88, 0.05019456888383629], "DRA": [425.0, 4, 0.07127408629886843], "E": [612.0, 92, 0.07243130393619322], "F": [88.0, 5, 0.010845163563631851], "L": [4.0, 1, 0.0004682239245911064], "T": [29.0, 1, 0.00810568040261641], "DRB4": [55.0, 5, 0.008809156733568007], "DMB": [7.0, 2, 0.0011339059183910886], "DRB1": [500.0, 31, 0.08008324303243643], "DMA": [57.0, 1, 0.009303716608478244], "DQB1": [31.0, 15, 0.004909992611699825], "DOA": [3.0, 3, 0.0005111289057289369], "DQA1": [91.0, 20, 0.015201426218430531], "H": [3.0, 1, 0.00035116794344332986]}