{"A": [1865.0, 533, 0.09061929966532858], "B": [2130.0, 467, 0.10435083513629621], "C": [1139.0, 368, 0.05519256916624788], "DMA": [197.0, 2, 0.013371738829931689], "DPB1": [1433.0, 172, 0.09839417236819735], "DQA1": [808.0, 64, 0.056129910044043836], "DRA": [2633.0, 8, 0.18362576977949752], "DRB1": [2688.0, 81, 0.17903624216073258], "DRB5": [1.0, 1, 6.660574485146301e-05], "E": [444.0, 87, 0.021852337197374273], "L": [11.0, 1, 0.0005354591404071537], "T": [25.0, 1, 0.0029058388685197097], "DRB3": [181.0, 10, 0.012055639818114805], "DMB": [105.0, 3, 0.007073075973146838], "DQB1": [841.0, 70, 0.055393037737635056], "DPA1": [1729.0, 58, 0.11780871981020666], "F": [31.0, 4, 0.0015887485594684708]}