{"A": [1926.0, 571, 0.10063063190064134], "B": [4014.0, 744, 0.21145879134076223], "C": [2011.0, 499, 0.10478545626222188], "DMA": [205.0, 2, 0.014962617439746024], "DMB": [72.0, 4, 0.005215351355938082], "DPB1": [1044.0, 151, 0.07708249031093041], "DQB1": [385.0, 89, 0.027267917274565154], "DRA": [1863.0, 8, 0.13971005926436483], "DRB1": [1311.0, 57, 0.0938958575580313], "DRB3": [208.0, 8, 0.014897283273890552], "DRB5": [398.0, 5, 0.028505378572155956], "DRB7": [1.0, 1, 0.00015298363977418373], "F": [86.0, 10, 0.004739406707701657], "L": [23.0, 1, 0.0012039086615441008], "T": [74.0, 1, 0.009249010901380389], "Y": [3.0, 2, 0.0002088672266334426], "DRB4": [6.0, 4, 0.0004297293252083812], "K": [9.0, 4, 0.0004723877257437054], "DPB2": [14.0, 2, 0.0010350052948640007], "DPA1": [1123.0, 66, 0.082279993997322], "DQA1": [469.0, 62, 0.03503385110063094], "E": [856.0, 117, 0.045302350892539645], "DOB": [8.0, 4, 0.0005583344517305975], "DOA": [1.0, 1, 7.61870716006891e-05], "G": [15.0, 3, 0.0008461484500784498]}