{"A": [12077.0, 1518, 0.21035191639962025], "B": [7474.0, 1294, 0.13125472927970652], "C": [8905.0, 1151, 0.15468077936942184], "DMA": [618.0, 3, 0.015036808742691553], "DPA1": [2266.0, 87, 0.05534621046799113], "DPB1": [1672.0, 197, 0.04115333174056573], "DQA1": [1173.0, 65, 0.029209662492771692], "DQB1": [636.0, 123, 0.01501626222229521], "DRA": [3823.0, 8, 0.0955724258754183], "DRB1": [4764.0, 74, 0.11374412745444305], "DRB3": [631.0, 8, 0.015065605462584713], "E": [4185.0, 269, 0.0738339200466584], "F": [829.0, 12, 0.015229777124754576], "K": [19.0, 9, 0.00033244758756570294], "L": [39.0, 1, 0.000680524554128084], "T": [272.0, 1, 0.011333028092298272], "Y": [3.0, 2, 6.962797902580097e-05], "DRB4": [710.0, 9, 0.0169517906155866], "DMB": [166.0, 3, 0.0040084147655998145], "DPB2": [7.0, 2, 0.00017251468342818727], "H": [5.0, 4, 8.724673770872871e-05], "DOB": [25.0, 3, 0.0005816449180581914], "DOA": [8.0, 5, 0.00020318177854718015], "DRB5": [2.0, 1, 4.775152286080733e-05], "J": [1.0, 1, 1.7465283018952817e-05], "G": [1.0, 1, 1.8804803250494922e-05]}