{"A": [3122.0, 605, 0.1686934260586327], "B": [2064.0, 604, 0.11244739870334279], "C": [4609.0, 691, 0.24836305262447145], "DMB": [32.0, 3, 0.002397134468482114], "DPB1": [608.0, 98, 0.046424812717784876], "DRA": [1149.0, 5, 0.08910994866807481], "DRB1": [1121.0, 36, 0.08303108182823861], "DRB5": [204.0, 4, 0.015110027379982762], "E": [1298.0, 134, 0.07104164517271416], "F": [143.0, 8, 0.008149911784414335], "H": [1.0, 1, 5.413237052457328e-05], "K": [7.0, 6, 0.00037996664836644666], "L": [20.0, 3, 0.0010826474104914656], "T": [61.0, 1, 0.007884692295840679], "Y": [1.0, 1, 7.20013083676363e-05], "DRB4": [119.0, 7, 0.008814182638323278], "DPB2": [4.0, 2, 0.00030581999018006347], "DMA": [142.0, 1, 0.010718484846667162], "DQB1": [282.0, 76, 0.02065530867008755], "DOB": [8.0, 3, 0.000577411952262115], "DPA1": [934.0, 45, 0.0707705733597277], "DQA1": [434.0, 58, 0.03352710923593831], "DOA": [4.0, 4, 0.0003151611054179671], "DRB3": [1.0, 1, 7.406876166658216e-05]}