{"A": [1128.0, 466, 0.16334810058792576], "B": [1948.0, 644, 0.284425416104889], "C": [662.0, 308, 0.09560442631372279], "DMA": [69.0, 2, 0.013958343255127893], "DOA": [14.0, 5, 0.002956244763543456], "DPB1": [194.0, 73, 0.03969977454936156], "DRA": [524.0, 8, 0.10891236310372256], "DRB3": [33.0, 7, 0.0065507157240316865], "DRB5": [47.0, 4, 0.009329807243317856], "E": [432.0, 96, 0.06336680262266949], "F": [64.0, 7, 0.009775445838114877], "L": [16.0, 1, 0.0023212224264319314], "T": [46.0, 1, 0.015935014957923783], "Y": [7.0, 2, 0.0013507598949928533], "DRB4": [20.0, 5, 0.0039701307418373855], "DMB": [12.0, 2, 0.002409147518342232], "DRB1": [460.0, 85, 0.09131300706225987], "DPA1": [194.0, 31, 0.03939556171756569], "DQA1": [131.0, 42, 0.027121731046337156], "DQB1": [93.0, 60, 0.018255984527882248]}