{"A": [555.0, 259, 0.13746475192629787], "B": [1263.0, 342, 0.3154105243885866], "C": [820.0, 259, 0.20254766599465113], "DPB1": [59.0, 24, 0.020650553779933047], "DRA": [170.0, 5, 0.060434954000030044], "DRB5": [54.0, 2, 0.018334199528099004], "F": [30.0, 7, 0.007837385965421764], "L": [9.0, 1, 0.0022332259461689936], "T": [8.0, 1, 0.00473999639215922], "DRB4": [4.0, 1, 0.0013580888539332595], "DRB1": [149.0, 14, 0.05058880980901392], "DMA": [17.0, 1, 0.005882027965651779], "DQB1": [48.0, 24, 0.016115987733341348], "DOB": [10.0, 4, 0.003308482883213324], "E": [385.0, 53, 0.09658999797514028], "DPA1": [124.0, 24, 0.04306858790806739], "DQA1": [36.0, 14, 0.012747998109381339], "DMB": [2.0, 1, 0.0006867608409094324]}