{"A": [20082.0, 1401, 0.15993089632265514], "B": [20840.0, 1711, 0.167339159562498], "C": [15678.0, 1411, 0.12451769989257275], "DMA": [1188.0, 2, 0.013216657727793346], "DMB": [325.0, 4, 0.003588276724063882], "DPA1": [5906.0, 84, 0.06595677755063742], "DPB1": [3994.0, 188, 0.044948457264990097], "DQA1": [2685.0, 90, 0.030571082609200023], "DQB1": [3244.0, 207, 0.03502059941784494], "DRA": [8571.0, 5, 0.09797106036458766], "DRB1": [10604.0, 160, 0.11576171483539012], "DRB5": [19.0, 3, 0.00020741914200984648], "DRB7": [1.0, 1, 2.3318278280685902e-05], "E": [11675.0, 333, 0.09417927776533945], "F": [1074.0, 16, 0.009021552908305712], "HFE": [12.0, 1, 0.0001002218264212861], "K": [38.0, 7, 0.00030401231976191594], "L": [120.0, 3, 0.0009574110607945854], "T": [592.0, 1, 0.011278121521377495], "DRB3": [695.0, 18, 0.0075871738787812275], "DRB4": [1444.0, 10, 0.015763854792748333], "DPA2": [1.0, 1, 1.1929542094484602e-05], "V": [1.0, 1, 1.6913644787731554e-05], "DOB": [97.0, 8, 0.0010318763655230532], "DOA": [45.0, 12, 0.0005225709774058096], "G": [20.0, 7, 0.00017196370413485176]}