{"A": [5370.0, 877, 0.20115082445654756], "B": [6171.0, 880, 0.23306525694015623], "C": [2896.0, 658, 0.10818352045178595], "DMA": [246.0, 2, 0.012872486126465747], "DOB": [19.0, 4, 0.0009506740836975028], "DPA1": [1089.0, 78, 0.05720262898531218], "DPB1": [856.0, 143, 0.04531089255979417], "DQA1": [612.0, 64, 0.03277480175720947], "DQB1": [333.0, 87, 0.016908655895658393], "DRA": [1590.0, 6, 0.08548414268393274], "DRB1": [1920.0, 63, 0.09858675772749503], "DRB5": [2.0, 2, 0.00010269453929947399], "E": [1698.0, 199, 0.0644255708081808], "HFE": [3.0, 1, 0.00011784860455426743], "L": [35.0, 1, 0.0013134312998452342], "T": [134.0, 1, 0.01200720662436791], "Y": [15.0, 2, 0.0007487104913126092], "DRB4": [307.0, 10, 0.015763611782469256], "DMB": [61.0, 2, 0.0031677764423684333], "K": [8.0, 6, 0.0003010368745796109], "F": [221.0, 9, 0.008731551412743606], "DOA": [11.0, 7, 0.000600824426140548], "H": [2.0, 2, 7.505321713401338e-05], "DRB3": [3.0, 2, 0.000154041808949211]}