{"A": [1200.0, 435, 0.1276521568460207], "B": [3298.0, 724, 0.35373010482050615], "C": [1685.0, 460, 0.1787564978394855], "DMA": [71.0, 2, 0.010550791818704495], "DPA1": [234.0, 42, 0.03490626219961876], "DRA": [510.0, 7, 0.07786781567607261], "DRB1": [493.0, 45, 0.07188920061480111], "DRB3": [77.0, 8, 0.01122813072482695], "DRB5": [224.0, 5, 0.0326636530176784], "E": [423.0, 102, 0.0455785323306901], "F": [58.0, 8, 0.006507684883591083], "L": [11.0, 1, 0.0011722800717656916], "T": [35.0, 1, 0.008906449505433142], "DMB": [12.0, 2, 0.0017697230835471047], "DQB1": [82.0, 32, 0.011824372010070286], "DPB1": [116.0, 50, 0.017437580344448693], "DQA1": [49.0, 21, 0.007452193297124136], "H": [1.0, 1, 0.00010657091561506287]}