{"A": [12110.0, 1401, 0.1836712485176497], "B": [16325.0, 1378, 0.24964604220961914], "C": [3980.0, 907, 0.06019981106224053], "DMA": [569.0, 2, 0.012055607374132355], "DOB": [8.0, 3, 0.0001620755651237375], "DPA1": [2707.0, 80, 0.05757392912473579], "DPB1": [3182.0, 170, 0.06819908243885267], "DQA1": [820.0, 83, 0.017780829087891276], "DQB1": [912.0, 106, 0.01875034204520394], "DRA": [5386.0, 9, 0.11724768837709182], "DRB1": [4676.0, 113, 0.097216808918584], "DRB3": [702.0, 14, 0.014594995693080832], "DRB5": [12.0, 4, 0.0002494871058646296], "DRB7": [2.0, 1, 8.881740968780813e-05], "E": [5050.0, 257, 0.07758208929718019], "F": [580.0, 11, 0.009278475795916558], "HFE": [2.0, 1, 3.1811393154659074e-05], "L": [177.0, 2, 0.002689441408772019], "T": [218.0, 1, 0.0079093935097803], "DRB4": [5.0, 3, 0.000103952960776929], "DMB": [173.0, 3, 0.0036376448570053996], "K": [10.0, 4, 0.0001523628940207139], "DPB2": [14.0, 2, 0.000300445490245485], "DPA2": [9.0, 1, 0.0002044739138447152], "J": [3.0, 2, 4.5625381688942535e-05], "DOA": [27.0, 10, 0.0005971289993951245], "H": [2.0, 2, 3.0389168460700776e-05]}