{"A": [290.0, 134, 0.23434825477818488], "B": [482.0, 171, 0.39272199412870856], "C": [136.0, 81, 0.10960179206839173], "DRB1": [59.0, 26, 0.06535601464135508], "T": [2.0, 1, 0.003866191627172219], "Y": [1.0, 1, 0.001076809439849544], "DRA": [24.0, 2, 0.027836579715639975], "F": [5.0, 2, 0.004261724199980904], "E": [72.0, 22, 0.05893445613228205], "DPB1": [30.0, 14, 0.03425833893575383], "DPA1": [51.0, 15, 0.057792898978591606], "DRB3": [7.0, 3, 0.00775410343202518], "DQB1": [2.0, 2, 0.002190841922064257]}