{"A": [3092.0, 713, 0.178741906955549], "B": [5907.0, 736, 0.3442931110280441], "C": [3263.0, 623, 0.18811308106083732], "DMA": [95.0, 2, 0.007671676852409614], "DPB1": [430.0, 62, 0.03512664556766784], "DRA": [482.0, 6, 0.03999215849864585], "DRB1": [506.0, 53, 0.04009657179884279], "DRB5": [3.0, 3, 0.00023772671026981893], "DRB7": [1.0, 1, 0.00016926141771211105], "E": [1469.0, 123, 0.08601649767726863], "F": [169.0, 11, 0.010304459507689758], "L": [32.0, 2, 0.0018532272012274935], "T": [78.0, 1, 0.01078626681498747], "DRB3": [104.0, 13, 0.008241192622687056], "DMB": [26.0, 2, 0.0020837106347134887], "DPA1": [359.0, 42, 0.029101939156440552], "DOB": [5.0, 3, 0.00038608900025572784], "DQA1": [118.0, 28, 0.009752366840834525], "DQB1": [89.0, 43, 0.00697419730387865], "H": [1.0, 1, 5.791335003835917e-05]}