{"A": [12967.0, 1199, 0.23462291253342976], "B": [17952.0, 1254, 0.32750520816517453], "C": [3696.0, 750, 0.06669263775827124], "DMA": [287.0, 2, 0.00725425139044578], "DOB": [6.0, 2, 0.0001450149188150864], "DPA1": [1253.0, 59, 0.03179234480040428], "DPB1": [1141.0, 111, 0.02917412749603329], "DQA1": [929.0, 59, 0.024031879898896477], "DRA": [2649.0, 9, 0.06879450879992086], "DRB1": [2412.0, 79, 0.05982435684510913], "DRB3": [286.0, 12, 0.007093601184784914], "DRB5": [6.0, 3, 0.0001488168080724108], "E": [5415.0, 294, 0.0992435817320719], "F": [543.0, 11, 0.010362924904489043], "H": [4.0, 2, 7.25074594075432e-05], "L": [130.0, 2, 0.002356492430745154], "T": [243.0, 1, 0.010517846758764797], "DRB4": [333.0, 8, 0.008259332848018799], "DMB": [83.0, 3, 0.0020820260629373076], "K": [20.0, 9, 0.0003635323673864015], "J": [2.0, 2, 3.628683813272482e-05], "DQB1": [386.0, 95, 0.00946750486022148], "DOA": [6.0, 4, 0.00015830313846746484]}