{"A": [236.0, 142, 0.08390471083034978], "B": [520.0, 187, 0.18640267737349034], "C": [74.0, 58, 0.026237417310871394], "DMA": [48.0, 2, 0.023839402896034173], "DMB": [13.0, 3, 0.006407592034713731], "DRA": [320.0, 7, 0.1632921191832929], "DRB1": [361.0, 53, 0.1759346445624769], "E": [65.0, 29, 0.023407808540098128], "L": [3.0, 1, 0.0010685316307186851], "T": [15.0, 1, 0.012757196811194757], "DRB4": [46.0, 5, 0.02241826495809955], "DPB2": [1.0, 1, 0.00050305441033835], "DPA1": [189.0, 35, 0.09422729506751439], "DOA": [2.0, 2, 0.0010368399001927213], "F": [12.0, 2, 0.004499944927061205], "DQA1": [111.0, 29, 0.05642069620951056], "DRB3": [42.0, 6, 0.020468850613916983], "DPB1": [109.0, 48, 0.054762360674464605], "DQB1": [88.0, 56, 0.04241059206566079]}