{"A": [5574.0, 627, 0.13088453417035156], "B": [10129.0, 967, 0.23980729966254466], "C": [5327.0, 658, 0.12474383320687982], "DMA": [492.0, 2, 0.01613861510579623], "DPA1": [1395.0, 53, 0.04593419956871215], "DPB1": [1045.0, 167, 0.03467520034698771], "DQB1": [641.0, 119, 0.02040312630305353], "DRA": [3185.0, 5, 0.10734250077581525], "DRB1": [4094.0, 76, 0.13177682198852045], "DRB5": [5.0, 2, 0.0001609389618814368], "E": [2658.0, 236, 0.06321925909693138], "F": [489.0, 12, 0.012111051112464572], "K": [43.0, 13, 0.001014313021789996], "L": [107.0, 2, 0.0025170794901409315], "T": [248.0, 1, 0.013930371633910092], "Y": [53.0, 3, 0.001658335375910834], "DRB4": [598.0, 10, 0.01924829984101984], "W": [1.0, 1, 2.7545322322015146e-05], "DMB": [106.0, 3, 0.00345067765088517], "DOB": [14.0, 6, 0.0004391166711772341], "DOA": [6.0, 3, 0.00020543762305502927], "DRB3": [7.0, 5, 0.00022531454663401153], "DQA1": [892.0, 78, 0.02994520852932071], "H": [3.0, 1, 7.057232215348405e-05], "DPA2": [2.0, 1, 7.034767174189953e-05]}