{"A": [1114.0, 322, 0.1406449409165954], "B": [2362.0, 455, 0.3006722016876849], "C": [785.0, 341, 0.09883792107080805], "DMA": [90.0, 2, 0.01587308082349779], "DRA": [422.0, 5, 0.07647020950628364], "DRB1": [480.0, 27, 0.0830711046343355], "DRB5": [328.0, 5, 0.056765254833462585], "E": [464.0, 86, 0.0593375980796734], "L": [4.0, 1, 0.0005059303133523625], "T": [25.0, 1, 0.007550376136086457], "Y": [2.0, 1, 0.00033646821810327023], "DMB": [34.0, 3, 0.0059510691908972345], "DQB1": [286.0, 50, 0.048946571698203135], "DPA1": [217.0, 31, 0.03841839664279026], "F": [45.0, 8, 0.005992431088986197], "DOB": [7.0, 2, 0.001180504064488846], "DPB1": [275.0, 50, 0.04906286886885524], "DQA1": [53.0, 20, 0.009566562513675795], "DOA": [1.0, 1, 0.00018409682052927934], "H": [5.0, 5, 0.0006324128916904532]}