{"A": [3426.0, 502, 0.17236161846091147], "B": [7191.0, 529, 0.3647681863990837], "C": [1068.0, 353, 0.05358453651985598], "DMA": [156.0, 2, 0.01096371145622407], "DPB1": [489.0, 68, 0.034765092177717935], "DQB1": [131.0, 37, 0.008933915113972521], "DRA": [808.0, 6, 0.05834524536040249], "DRB1": [1410.0, 61, 0.09723937112643562], "E": [1376.0, 126, 0.07012045033540754], "L": [29.0, 1, 0.001461648646202809], "T": [67.0, 1, 0.008063389932233841], "DRB4": [309.0, 8, 0.021309904736218868], "DMB": [38.0, 3, 0.002650415483152847], "DPA1": [564.0, 54, 0.03978990358736906], "DOA": [11.0, 5, 0.000806962315273209], "F": [153.0, 6, 0.008118882314235538], "DQA1": [627.0, 40, 0.04509847595552266], "DRB5": [22.0, 5, 0.0015172100459443856], "K": [2.0, 1, 0.00010108003383527013]}