{"A": [317.0, 168, 0.23295094221672782], "B": [305.0, 115, 0.22598494563924296], "C": [270.0, 127, 0.19787184099792024], "E": [166.0, 34, 0.1235624056711285], "L": [7.0, 1, 0.005153414025990035], "T": [16.0, 1, 0.02812644517888617], "DRB1": [52.0, 12, 0.05238155380225149], "DMA": [7.0, 1, 0.007185931008250736], "DRA": [23.0, 1, 0.02425905896678932], "DPA1": [31.0, 17, 0.031945337519984934], "DPB1": [47.0, 20, 0.04880725561809132], "F": [6.0, 3, 0.004650590179073757], "DQB1": [12.0, 8, 0.01195373920102662], "DRB5": [1.0, 1, 0.0010073375731202208], "DRB3": [1.0, 1, 0.0010073375731202208], "DQA1": [3.0, 3, 0.003151864828395691]}