{"A": [3969.0, 810, 0.1939418403291916], "B": [8511.0, 850, 0.4193198910796138], "C": [1369.0, 387, 0.06671275605582416], "DMA": [154.0, 2, 0.010512134969981627], "DPB1": [312.0, 71, 0.02154399942301003], "DQA1": [250.0, 44, 0.01746511872295547], "DRA": [600.0, 8, 0.042080662523073895], "DRB1": [593.0, 52, 0.03972052049579662], "DRB5": [97.0, 4, 0.006497285814658133], "E": [2396.0, 140, 0.11859060511230483], "H": [6.0, 2, 0.00029371995282984975], "L": [114.0, 2, 0.005580679103767145], "T": [103.0, 1, 0.012039745110768364], "DRB4": [54.0, 4, 0.0036170457112529807], "DMB": [6.0, 2, 0.00040646094482514557], "K": [16.0, 6, 0.0007854030333675274], "DPA1": [258.0, 37, 0.01767871511745231], "F": [185.0, 8, 0.009534847524140303], "DOB": [15.0, 4, 0.0009790665094328323], "DOA": [36.0, 9, 0.002565076241446337], "DQB1": [153.0, 61, 0.010134426224306962]}