{"A": [115.0, 88, 0.1879312330820844], "C": [85.0, 68, 0.13852720438771818], "DMB": [4.0, 2, 0.009062296615025415], "DRA": [68.0, 5, 0.15949642042444728], "L": [2.0, 1, 0.003274333448494584], "T": [5.0, 1, 0.019546129953976383], "DRB4": [5.0, 3, 0.011200591321941521], "DMA": [7.0, 1, 0.015980080290617333], "DQB1": [5.0, 5, 0.011076140307253284], "DOB": [1.0, 1, 0.002182888965663056], "F": [10.0, 5, 0.01723664485854978], "DRB1": [50.0, 21, 0.11200591321941522], "E": [32.0, 10, 0.0529692909158681], "DPA1": [18.0, 14, 0.04124907424770188], "B": [103.0, 79, 0.16971210024502137], "DQA1": [2.0, 2, 0.0046727466921224784], "DPB1": [19.0, 14, 0.04387691102409988]}