{"A": [3646.0, 1082, 0.14946021034718746], "B": [7344.0, 1582, 0.30354008637190727], "C": [2964.0, 928, 0.12117196347434407], "DMA": [179.0, 3, 0.010250422109229438], "DPA1": [945.0, 66, 0.05432269547773104], "DPB1": [727.0, 168, 0.04211382198040094], "DQB1": [380.0, 126, 0.021115911963477813], "DRA": [1283.0, 9, 0.07548775091092208], "DRB1": [1484.0, 139, 0.08338974576706377], "DRB3": [119.0, 13, 0.006686913575660774], "DRB5": [338.0, 9, 0.01899308225691884], "E": [1343.0, 165, 0.05576452347841831], "F": [172.0, 11, 0.007436849321886165], "K": [7.0, 3, 0.0002882631599001281], "L": [24.0, 1, 0.0009856255488138895], "T": [170.0, 1, 0.016670456813271957], "Y": [3.0, 3, 0.00016387220896541612], "DRB4": [19.0, 3, 0.0010676584700634849], "DMB": [69.0, 3, 0.003921346091303745], "DPA2": [4.0, 1, 0.00024562201034561686], "H": [2.0, 2, 8.213546240115746e-05], "DOB": [17.0, 4, 0.0009308685738797845], "DQA1": [421.0, 82, 0.024673578463081037], "J": [1.0, 1, 4.1105235977930854e-05], "DOA": [20.0, 6, 0.0011954909268481883]}