{"A": [304.0, 181, 0.14979951828322793], "B": [700.0, 266, 0.3477837880977508], "C": [188.0, 127, 0.0923867529581273], "DMA": [19.0, 2, 0.013078870155453583], "DPA1": [88.0, 24, 0.060807910930457315], "DQB1": [42.0, 26, 0.028054558906551896], "DRA": [101.0, 5, 0.07143303654357332], "DRB5": [31.0, 2, 0.020939598541808397], "L": [2.0, 1, 0.0009873215465027387], "T": [11.0, 1, 0.01296639277193575], "K": [3.0, 2, 0.0014850472300553545], "DRB1": [89.0, 24, 0.060116911942611206], "F": [11.0, 2, 0.00571717030001778], "E": [127.0, 35, 0.06338895788782713], "DQA1": [29.0, 15, 0.020430356792996776], "DPB1": [63.0, 38, 0.04386909790406764], "DRB3": [10.0, 4, 0.006754709207034967]}