{"A": [168.0, 104, 0.2266678843373766], "B": [245.0, 108, 0.33328921009662466], "C": [129.0, 76, 0.1735743073035049], "DRA": [29.0, 3, 0.05615903184773378], "E": [70.0, 25, 0.09566472055751826], "L": [1.0, 1, 0.001351675665854403], "T": [3.0, 1, 0.009682591697885136], "DRB4": [3.0, 2, 0.005548451422383617], "DMB": [1.0, 1, 0.0018705006689096284], "DRB1": [33.0, 12, 0.06103296564621978], "DMA": [6.0, 1, 0.011308675799820042], "F": [5.0, 2, 0.007115449230434322], "DQB1": [4.0, 3, 0.007315735949513213], "DPB1": [3.0, 2, 0.0057198321612989406], "DRB3": [2.0, 1, 0.0036989676149224112]}