{"A": [3873.0, 904, 0.13670557973232705], "B": [6087.0, 1189, 0.21662895568033474], "C": [3683.0, 920, 0.12964491400073785], "DMA": [239.0, 2, 0.011784643225368796], "DMB": [64.0, 4, 0.0031318133891686316], "DOA": [8.0, 4, 0.00041175235793850526], "DPA2": [6.0, 2, 0.00031724030579232044], "DPB1": [1015.0, 165, 0.05062745630801318], "DQA1": [707.0, 88, 0.03567789950326823], "DQB1": [526.0, 118, 0.025167600374624583], "DRA": [1952.0, 7, 0.09889161337092478], "DRB1": [2441.0, 154, 0.11810719285472883], "DRB3": [285.0, 18, 0.013789655863825363], "DRB5": [5.0, 2, 0.0002419237870846555], "E": [1397.0, 189, 0.04994686198825983], "F": [270.0, 12, 0.010052037931373381], "K": [4.0, 2, 0.0001418341836814705], "L": [16.0, 1, 0.0005657838057074717], "T": [161.0, 1, 0.013594219392690308], "Y": [17.0, 4, 0.0007995816040611054], "DPA1": [1324.0, 71, 0.06553409511472981], "DRB4": [374.0, 9, 0.01809589927393223], "DOB": [3.0, 1, 0.00014144595142686793]}