{"A": [451.0, 242, 0.15783565100948505], "B": [1254.0, 247, 0.4424870458052647], "C": [209.0, 117, 0.07294404978533656], "DRA": [133.0, 5, 0.06680686770001056], "DRB5": [73.0, 4, 0.0350204117663737], "E": [237.0, 64, 0.08401367219952843], "L": [13.0, 1, 0.004557888557684848], "T": [7.0, 1, 0.005860251552632504], "DMB": [16.0, 2, 0.00776293062816254], "DMA": [2.0, 1, 0.0009777737050739076], "DRB1": [124.0, 15, 0.05948672683603203], "F": [23.0, 5, 0.008490006263365083], "DPA1": [21.0, 11, 0.01030595962704337], "DQB1": [28.0, 17, 0.013283236852633676], "DPB1": [61.0, 28, 0.030167527711372957]}