{"A": [2368.0, 612, 0.19785889114564428], "B": [2787.0, 631, 0.234793084843349], "C": [2033.0, 455, 0.16940501878574996], "DMA": [102.0, 2, 0.011905669944439203], "DPA1": [431.0, 51, 0.05050003987175883], "DPB1": [350.0, 87, 0.04132598735351181], "DRA": [805.0, 8, 0.09654074771171367], "DRB1": [601.0, 40, 0.06883640305468479], "DRB3": [186.0, 12, 0.021303778649203617], "DRB5": [3.0, 1, 0.00034360933305167124], "E": [787.0, 107, 0.06660727448783636], "H": [2.0, 2, 0.00016741549621313178], "L": [16.0, 1, 0.0013393239697050542], "T": [54.0, 1, 0.010793375520564261], "DMB": [56.0, 3, 0.006486927711854278], "DQB1": [62.0, 23, 0.0070223566658486], "F": [70.0, 5, 0.0061691243369219355], "DQA1": [72.0, 15, 0.008600971117949646]}