{"A": [78.0, 64, 0.1257144985495868], "B": [88.0, 66, 0.1430039051100195], "C": [48.0, 38, 0.0771519706043157], "DRA": [82.0, 3, 0.18969047413123175], "DRB1": [64.0, 23, 0.14139711965934512], "T": [1.0, 1, 0.0038554974416917026], "DRB4": [6.0, 4, 0.013255979968063606], "DMB": [1.0, 1, 0.002234436017344055], "DMA": [9.0, 1, 0.020263435027517075], "DQB1": [13.0, 11, 0.028402164487128876], "F": [3.0, 1, 0.005099923128923606], "E": [22.0, 10, 0.035915879304615136], "DPA1": [35.0, 16, 0.07910417164850217], "DQA1": [20.0, 5, 0.04608524285772113], "DPB1": [39.0, 25, 0.08882530206399376]}