{"A": [185.0, 121, 0.18631249367251054], "B": [235.0, 153, 0.23862314914410887], "C": [103.0, 80, 0.10344809465301276], "DRB1": [105.0, 24, 0.1449537226811333], "T": [2.0, 1, 0.0048182563281497165], "DRB4": [17.0, 4, 0.023468697957897775], "DMB": [9.0, 2, 0.01256579349216318], "DMA": [16.0, 1, 0.02250971658647043], "DRA": [61.0, 6, 0.0881740908051398], "F": [12.0, 2, 0.012746856798966684], "E": [44.0, 25, 0.044884457935106856], "DPA1": [19.0, 12, 0.02683270334469583], "DPB1": [32.0, 21, 0.04554089378884365], "DQA1": [24.0, 9, 0.03455593210344875], "H": [1.0, 1, 0.0010089323241882844], "DQB1": [7.0, 5, 0.009556208384163602]}