{"A": [300.0, 165, 0.16086432908841894], "B": [488.0, 169, 0.26383522580187624], "C": [396.0, 193, 0.21176232879890175], "DPB1": [34.0, 22, 0.025763136565975352], "DRA": [69.0, 4, 0.05310415381436511], "E": [153.0, 51, 0.08310037546396017], "K": [10.0, 3, 0.005386673782832693], "L": [4.0, 1, 0.002148771695122676], "T": [6.0, 1, 0.007696254175994944], "DRB4": [13.0, 3, 0.00955546164547687], "DRB1": [51.0, 15, 0.03748681107071695], "DMA": [26.0, 1, 0.019475635567498654], "DQB1": [33.0, 21, 0.023986658848517577], "F": [31.0, 6, 0.01753282111274929], "DRB3": [15.0, 3, 0.011025532667857926], "DQA1": [27.0, 12, 0.020698714844423902], "DMB": [5.0, 1, 0.0037169409372702854], "DPA1": [57.0, 18, 0.042860174118040814]}