{"A": [56.0, 36, 0.22186410853275992], "B": [101.0, 72, 0.40345477351544684], "C": [30.0, 26, 0.11853191473772401], "L": [5.0, 1, 0.019845443753989375], "T": [3.0, 1, 0.028432165169114194], "F": [8.0, 3, 0.03343032676944838], "E": [35.0, 16, 0.14045594509281042], "DQA1": [6.0, 3, 0.033985322428706805]}