{"A": [226.0, 144, 0.10129395508526323], "B": [776.0, 282, 0.35068022072083815], "C": [462.0, 190, 0.2065057203018655], "DQB1": [29.0, 20, 0.017619371341772924], "DRA": [81.0, 3, 0.05210759313652114], "DRB3": [11.0, 5, 0.006758302064453776], "E": [150.0, 49, 0.06809879176820877], "F": [26.0, 6, 0.012291363094429686], "L": [3.0, 1, 0.0013470636911813558], "T": [9.0, 1, 0.009649554284540953], "DRB4": [12.0, 5, 0.007372693161222302], "DQA1": [8.0, 4, 0.005126325713662381], "DMA": [13.0, 1, 0.008139509530089887], "DPA1": [61.0, 31, 0.03833941683168187], "DPB1": [52.0, 32, 0.032935158253027806], "DRB1": [130.0, 21, 0.07987084257990827], "DMB": [3.0, 1, 0.001864118441331775]}