{"A": [679.0, 227, 0.23719219156212473], "B": [925.0, 244, 0.3257967942378288], "C": [391.0, 183, 0.136214202508455], "DRA": [47.0, 2, 0.023565104849990873], "E": [361.0, 48, 0.1277352826587448], "L": [9.0, 1, 0.0031496689488310914], "T": [32.0, 1, 0.026740544510627944], "DMA": [19.0, 1, 0.00927179900911205], "DRB1": [29.0, 18, 0.013886680242703205], "F": [46.0, 4, 0.016948842963418538], "DPA1": [85.0, 17, 0.04163802458820838], "DQA1": [23.0, 12, 0.011486813492785613], "DRB3": [5.0, 2, 0.002394255214259173], "DOB": [1.0, 1, 0.00046661762204905057], "H": [4.0, 3, 0.0013998528661471517], "DPB1": [40.0, 18, 0.019745672346168315], "DQB1": [5.0, 4, 0.0023676523785451822]}