{"A": [18320.0, 1751, 0.12714225132722445], "B": [40193.0, 2010, 0.2812479149042757], "C": [10083.0, 1312, 0.06978614625377186], "DMA": [1092.0, 2, 0.01058685245184307], "DOB": [53.0, 10, 0.0004913272143334833], "DPA1": [6917.0, 103, 0.06731669439624441], "DPB1": [6099.0, 300, 0.059814211581573296], "DQA1": [3230.0, 135, 0.03204852677103622], "DQB1": [3009.0, 215, 0.028307657798229885], "DRA": [11821.0, 9, 0.11774962975762435], "DRB1": [8444.0, 141, 0.08033087113320257], "DRB3": [1479.0, 14, 0.014070269825438964], "DRB4": [339.0, 8, 0.0032250314204353], "DRB5": [2621.0, 6, 0.024934534964486495], "DRB7": [1.0, 1, 2.032055195884897e-05], "E": [8760.0, 268, 0.061580270465700054], "F": [1042.0, 13, 0.007627527068127027], "K": [9.0, 4, 6.274644360577792e-05], "L": [137.0, 3, 0.0009525258730710454], "T": [412.0, 1, 0.006839924352161581], "V": [10.0, 2, 0.00014739278500132231], "DMB": [477.0, 3, 0.004589442842978674], "DPB2": [33.0, 2, 0.0003240551939313866], "H": [4.0, 2, 2.7810974396234902e-05], "DOA": [76.0, 12, 0.0007691045562114152], "J": [1.0, 1, 6.959093136592113e-06]}