{"A": [778.0, 295, 0.32076199242678927], "B": [492.0, 150, 0.20452333630867026], "C": [447.0, 188, 0.1837916809152497], "E": [227.0, 56, 0.09479866480948348], "L": [2.0, 1, 0.000826085667171614], "T": [7.0, 1, 0.006903844486427694], "U": [1.0, 1, 0.0023096680898471657], "DPA1": [57.0, 19, 0.03295480446969673], "DRB4": [22.0, 3, 0.01243356904297251], "DMB": [2.0, 1, 0.0011431690545708195], "DMA": [13.0, 1, 0.007487320983372237], "DRA": [56.0, 1, 0.03313845353485293], "DRB1": [135.0, 17, 0.07629690094551311], "DQB1": [14.0, 8, 0.007824357084618053], "DPB1": [6.0, 5, 0.0034957138657146294], "F": [6.0, 2, 0.0026091927700867116], "DRB5": [1.0, 1, 0.0005651622292260232], "DQA1": [11.0, 9, 0.0064839119813938665], "H": [4.0, 2, 0.001652171334343228]}