{"A": [1834.0, 435, 0.2147991291183313], "B": [1908.0, 326, 0.22531287832064983], "C": [1537.0, 411, 0.1795238169907267], "DMA": [51.0, 2, 0.008344170220106162], "DPA1": [221.0, 32, 0.03629660762411442], "DRA": [340.0, 3, 0.05715483915471411], "E": [966.0, 101, 0.1145996705745121], "F": [85.0, 5, 0.01050034869196837], "L": [14.0, 1, 0.0016426801399393198], "T": [35.0, 1, 0.009805977305955851], "DRB3": [48.0, 6, 0.007706270447826622], "DRB4": [27.0, 3, 0.004334777126902474], "DMB": [28.0, 2, 0.004546407660034077], "DRB1": [296.0, 39, 0.047522001094930835], "DOB": [2.0, 1, 0.0003128914552265371], "DOA": [8.0, 4, 0.0013662511351724487], "DPB1": [243.0, 64, 0.04021802871021871], "DQA1": [125.0, 31, 0.02093072722950956], "DQB1": [95.0, 39, 0.015082526999160666]}