{"A": [573.0, 250, 0.21518180890095223], "B": [640.0, 251, 0.24232898675935485], "C": [169.0, 110, 0.06329255939512152], "DMA": [34.0, 2, 0.017836500206249748], "DRA": [173.0, 5, 0.09324765955576425], "DRB3": [78.0, 11, 0.040152755917043384], "E": [140.0, 40, 0.05325397445994471], "F": [43.0, 8, 0.017032209808748065], "L": [3.0, 1, 0.0011286621802902776], "T": [15.0, 1, 0.013475095311526627], "DMB": [9.0, 2, 0.004685658142417213], "DQA1": [14.0, 6, 0.007516576603460947], "DQB1": [49.0, 28, 0.024943898654448175], "DPA1": [107.0, 25, 0.05634758246360214], "DPB1": [83.0, 46, 0.04404639262833375], "DRB1": [205.0, 36, 0.10552967901274224]}