{"A": [12.0, 11, 0.0152343958654347], "B": [114.0, 67, 0.14592284965321337], "C": [47.0, 27, 0.05950546722915706], "DRA": [137.0, 3, 0.24963499264203487], "DRB4": [15.0, 7, 0.02610388055594148], "DMB": [3.0, 2, 0.005280103112451799], "DMA": [27.0, 1, 0.04788368318773083], "DPA1": [35.0, 20, 0.0623092627829561], "DPB1": [68.0, 36, 0.1219928070459906], "DRB1": [110.0, 18, 0.19142845741023753], "DQA1": [31.0, 15, 0.05626609879206449], "E": [13.0, 8, 0.016717079226876916], "DQB1": [1.0, 1, 0.001720922495910216]}