{"A": [376.0, 201, 0.2166418544327571], "B": [396.0, 193, 0.23005102143826625], "C": [259.0, 136, 0.1488227429785696], "DPB1": [31.0, 21, 0.025240475646862544], "DQA1": [33.0, 13, 0.02718376327542013], "DRA": [101.0, 7, 0.08352506039801104], "E": [132.0, 42, 0.07703738079528658], "L": [3.0, 1, 0.0017316796777971683], "T": [10.0, 1, 0.013783013266998522], "DRB4": [12.0, 4, 0.009477757437531568], "DMA": [29.0, 1, 0.023341690788424595], "DQB1": [14.0, 12, 0.010934523858485493], "F": [18.0, 7, 0.010939025515076061], "DOB": [1.0, 1, 0.000769635412354297], "DRB1": [87.0, 26, 0.06871374142210386], "DPA1": [61.0, 21, 0.049286154337508506], "DOA": [3.0, 2, 0.0025204793185467415]}