{"A": [2977.0, 577, 0.020924760424904053], "B": [3018.0, 983, 0.021388255105694545], "C": [2872.0, 1032, 0.02013173089065098], "DMA": [3467.0, 2, 0.03404201787224971], "DPA1": [1527.0, 75, 0.015050858569326813], "DPA2": [22.0, 3, 0.0002316342128322516], "DPB1": [16450.0, 359, 0.16339128309344592], "DPB2": [2.0, 1, 1.989080107849583e-05], "DQA1": [11734.0, 79, 0.11791494794761352], "DQA2": [3.0, 3, 3.0146995384595243e-05], "DQB1": [426.0, 98, 0.004058902134151134], "DRA": [2196.0, 7, 0.022154140231804204], "DRB1": [1162.0, 50, 0.011195863933890531], "DRB3": [36.0, 10, 0.00034685981206545533], "DRB4": [756.0, 9, 0.007284056053374562], "DRB6": [1.0, 1, 2.020322203784393e-05], "E": [2063.0, 205, 0.014687705146195126], "F": [13523.0, 15, 0.10025506393658565], "H": [23.0, 12, 0.00016195758104424888], "K": [45.0, 8, 0.00031774326333992425], "L": [55.0, 1, 0.00038728986771450824], "S": [7.0, 2, 0.00020233489037151564], "T": [26096.0, 1, 0.4387784179486661], "G": [2.0, 2, 1.5177248413876858e-05], "W": [14.0, 2, 0.00011543464899400572], "DMB": [587.0, 3, 0.005720011730345829], "DOB": [112.0, 7, 0.0010515506711278769], "DOA": [10.0, 2, 0.00010249177713753495], "DRB5": [2.0, 1, 1.9269989559191965e-05]}