{"A": [6028.0, 835, 0.037291895356648], "B": [3479.0, 999, 0.021700518080068447], "C": [4805.0, 1275, 0.029644875201404287], "DMA": [5119.0, 3, 0.04423908510477143], "DMB": [1661.0, 4, 0.014245838094313401], "DOB": [117.0, 11, 0.0009668466517337466], "DPA1": [6966.0, 107, 0.06043176260332627], "DPA2": [159.0, 5, 0.001473454410376479], "DPB1": [34755.0, 866, 0.3038364179914775], "DQA1": [5495.0, 127, 0.04860153993889827], "DQA2": [1.0, 1, 8.844684247297227e-06], "DQB1": [2022.0, 240, 0.016956635541840587], "DRA": [9108.0, 6, 0.08087329543467485], "DRB1": [3357.0, 53, 0.028468355373233178], "DRB2": [1.0, 1, 6.119565317048893e-05], "DRB3": [8.0, 5, 6.784237205417499e-05], "DRB4": [1025.0, 8, 0.008692303919441171], "DRB5": [5.0, 2, 4.240148253385937e-05], "DRB6": [2.0, 1, 3.5563965978661106e-05], "DRB7": [1.0, 1, 1.811391333846472e-05], "E": [2037.0, 203, 0.012764543866623377], "F": [5296.0, 15, 0.03455737933735921], "HFE": [12.0, 1, 7.785349572406041e-05], "K": [51.0, 11, 0.00031695205178237674], "L": [41.0, 3, 0.00025410713282745905], "S": [4.0, 3, 0.00010176355808126249], "T": [17047.0, 1, 0.2522776802947779], "Y": [3.0, 2, 2.473076760409322e-05], "W": [11.0, 1, 7.982894500124677e-05], "J": [5.0, 3, 3.1016974894631374e-05], "DPB2": [36.0, 5, 0.00031512606967689917], "DOA": [142.0, 12, 0.0012809639910667284], "H": [40.0, 12, 0.0002479093978804478], "G": [2.0, 2, 1.3358343169959236e-05]}