{"A": [15577.0, 2216, 0.024097331649989825], "B": [27716.0, 2716, 0.04323048899142803], "C": [34157.0, 2849, 0.05269627002358244], "DMA": [25587.0, 2, 0.05529480084009014], "DMB": [3752.0, 4, 0.008046835499595078], "DOB": [548.0, 9, 0.001132390496744723], "DPA1": [19823.0, 185, 0.04300263758040354], "DPB1": [120020.0, 1046, 0.2623735664465284], "DPB2": [142.0, 9, 0.00031082368016317784], "DQA1": [55893.0, 214, 0.12361855866123596], "DQA2": [20.0, 8, 4.423400377909075e-05], "DQB1": [4909.0, 382, 0.0102942684231849], "DRA": [23462.0, 9, 0.05209440359730333], "DRB1": [9179.0, 121, 0.019464817171572685], "DRB2": [3.0, 1, 4.59077228410023e-05], "DRB3": [646.0, 13, 0.001369895619657474], "DRB5": [18.0, 4, 3.81704661824064e-05], "DRB6": [2.0, 1, 8.893119084382644e-06], "DRB7": [1.0, 1, 4.529561986978893e-06], "E": [14762.0, 555, 0.023131478569574176], "F": [40177.0, 16, 0.06555627231658898], "G": [5.0, 3, 8.350962365374065e-06], "H": [148.0, 26, 0.00022937106777128516], "HFE": [60.0, 1, 9.73401573133e-05], "K": [121.0, 13, 0.00018804105687023537], "L": [264.0, 4, 0.00040914839115958977], "S": [46.0, 7, 0.0002926402407317824], "T": [54684.0, 2, 0.20236484288885112], "Y": [35.0, 1, 7.21486663581286e-05], "DRB4": [4637.0, 8, 0.009833136204878804], "W": [27.0, 6, 4.899766572453129e-05], "DPA2": [70.0, 3, 0.0001622114626987666], "J": [7.0, 2, 1.0858539009880908e-05], "DOA": [189.0, 10, 0.00042633825475050336]}