{"A": [4869.0, 1163, 0.029156630077228605], "B": [5146.0, 1272, 0.031070038720332285], "C": [4956.0, 1314, 0.02959673957443307], "DMA": [3843.0, 2, 0.03214753892092281], "DMB": [1099.0, 4, 0.009123729549409662], "DOB": [101.0, 8, 0.0008078848213221683], "DPA1": [1847.0, 77, 0.01550975815049051], "DPA2": [55.0, 6, 0.0004933539471853799], "DPB1": [19343.0, 398, 0.16368267177952936], "DPB2": [13.0, 7, 0.00011014924467501136], "DQA1": [9310.0, 70, 0.07970551152937702], "DQA2": [2.0, 2, 1.7122558867750163e-05], "DQB1": [216.0, 69, 0.0017533500280576167], "DRA": [2043.0, 9, 0.017559284839812308], "DRB1": [2665.0, 58, 0.021875832512984777], "DRB2": [1.0, 1, 5.923479824518975e-05], "DRB5": [3.0, 2, 2.4625702641258662e-05], "DRB6": [1.0, 1, 1.7212205772816918e-05], "E": [2952.0, 307, 0.017905521042986917], "F": [17219.0, 17, 0.10875696733834331], "H": [17.0, 6, 0.00010198546011740244], "K": [48.0, 10, 0.00028874931843583806], "L": [154.0, 3, 0.0009238682857694103], "S": [6.0, 4, 0.00014775421584755196], "T": [30515.0, 1, 0.4371199028282531], "Y": [2.0, 1, 1.595888981848559e-05], "G": [3.0, 3, 1.9395464912141777e-05], "DRB4": [158.0, 7, 0.0012969536724396229], "W": [12.0, 2, 8.429567442584696e-05], "J": [2.0, 2, 1.2009246767517922e-05], "DOA": [32.0, 5, 0.00027941833116456043], "DRB3": [41.0, 8, 0.00033655126943053505]}