{"A": [6093.0, 841, 0.04558800312506459], "B": [2930.0, 780, 0.022103521582259537], "C": [1980.0, 800, 0.014774051298726151], "DMA": [2971.0, 2, 0.031052876574765114], "DMB": [569.0, 4, 0.005902130613624677], "DPA1": [1264.0, 68, 0.013261939527194313], "DPB1": [17639.0, 303, 0.18649821213090487], "DPB2": [14.0, 2, 0.00014821359647933255], "DQB1": [302.0, 98, 0.0030629764340497838], "DRA": [1340.0, 9, 0.01439014249888601], "DRB1": [1038.0, 68, 0.010646002621807083], "DRB3": [45.0, 7, 0.0004615319055696712], "DRB5": [532.0, 6, 0.0054563327502903354], "E": [2290.0, 211, 0.017355132412205664], "F": [12696.0, 15, 0.10019312344034902], "G": [14.0, 5, 0.0001130912004601397], "H": [17.0, 2, 0.000127426600935568], "L": [47.0, 2, 0.00035229707317480563], "S": [1.0, 1, 3.076879370464475e-05], "T": [28950.0, 1, 0.5181525190830224], "Y": [1.0, 1, 9.969985338762315e-06], "W": [10.0, 1, 8.776995640106996e-05], "DQA1": [719.0, 63, 0.007691116710757508], "K": [24.0, 6, 0.0001803901464404058], "DPA2": [101.0, 4, 0.0011319809820370464], "DRB4": [2.0, 1, 2.051252913642983e-05], "DOB": [83.0, 6, 0.000829522186482521], "DOA": [34.0, 4, 0.0003709417121524104], "J": [1.0, 1, 7.502527780036665e-06]}