{"A": [4779.0, 1030, 0.01719445863408961], "B": [8309.0, 1417, 0.030142182531459727], "C": [9460.0, 1457, 0.03394357911020028], "DMA": [9106.0, 2, 0.04576768188900495], "DMB": [932.0, 3, 0.004648839440855174], "DPA1": [7167.0, 131, 0.03616008633009712], "DPB1": [50114.0, 591, 0.2547955660227529], "DPB2": [22.0, 7, 0.00011199916267181284], "DQA1": [29450.0, 131, 0.15148788259774343], "DQA2": [5.0, 3, 2.5719504685525205e-05], "DQB1": [1064.0, 116, 0.005189319677231183], "DRA": [4324.0, 9, 0.022329452074207067], "DRB1": [2689.0, 80, 0.013262094017558488], "DRB2": [2.0, 1, 7.118046702156165e-05], "DRB3": [74.0, 7, 0.000364966514428906], "DRB5": [3.0, 2, 1.4795939774144836e-05], "DRB6": [1.0, 1, 1.034166471124783e-05], "E": [6805.0, 212, 0.024800056119498017], "F": [22044.0, 16, 0.0836553054119053], "H": [13.0, 7, 4.685830926647511e-05], "K": [139.0, 11, 0.0005023986393758804], "L": [132.0, 2, 0.000475792063321132], "S": [14.0, 5, 0.00020714315683802772], "T": [30878.0, 3, 0.26576041518168586], "Y": [10.0, 1, 4.7943154365250866e-05], "DRB4": [1237.0, 7, 0.006100859166872388], "W": [4.0, 3, 1.6882546665370393e-05], "J": [6.0, 3, 2.164666257368039e-05], "DPA2": [110.0, 5, 0.0005928468638016833], "DOB": [367.0, 7, 0.0017637948205944992], "DOA": [93.0, 5, 0.0004879123247434136]}