{"A": [4185.0, 1146, 0.02747523783968784], "B": [5664.0, 1249, 0.03749243984147835], "C": [5042.0, 1167, 0.03301139374937767], "DMA": [2662.0, 2, 0.024413713485371365], "DMB": [589.0, 4, 0.005360909201380169], "DOB": [74.0, 9, 0.0006489455228964284], "DPA1": [2336.0, 112, 0.021505988773282567], "DPA2": [29.0, 4, 0.0002851952983814214], "DPB1": [14037.0, 409, 0.1302271749734855], "DPB2": [23.0, 5, 0.0002136556850076601], "DQA1": [9923.0, 89, 0.09313868666037503], "DQB1": [318.0, 106, 0.0028300260911417216], "DRA": [1361.0, 8, 0.012824635438547888], "DRB1": [1104.0, 83, 0.009935389457135235], "DRB2": [1.0, 1, 6.494195517663307e-05], "DRB3": [55.0, 8, 0.0004949695834623532], "E": [3369.0, 273, 0.022403716435330744], "F": [11628.0, 14, 0.08051978970424757], "H": [32.0, 12, 0.00021046881823667945], "HFE": [7.0, 1, 4.819474610529503e-05], "K": [27.0, 7, 0.00017807048459686124], "L": [78.0, 2, 0.0005130177444519061], "S": [10.0, 4, 0.0002699834091612836], "T": [31235.0, 3, 0.49054309077032], "Y": [8.0, 1, 6.998599053015797e-05], "DRB4": [485.0, 8, 0.004364731781440752], "W": [20.0, 2, 0.00015402899625227077], "J": [2.0, 2, 1.3166314200194102e-05], "DOA": [79.0, 6, 0.0007562762349852529], "DRB5": [2.0, 1, 1.799889394408557e-05], "G": [2.0, 1, 1.4176120009058547e-05]}