{"A": [5819.0, 1237, 0.026310542950991774], "B": [8220.0, 2038, 0.037473799697162746], "C": [5649.0, 1704, 0.025472293435830025], "DMA": [3567.0, 3, 0.022530164186066362], "DMB": [1048.0, 4, 0.006569312088030598], "DPA1": [1430.0, 81, 0.009066884192745574], "DPA2": [58.0, 5, 0.00039283286305855574], "DPB1": [20248.0, 468, 0.12937337464200646], "DPB2": [19.0, 5, 0.00012155579638767564], "DRA": [1932.0, 6, 0.012538035069135723], "DRB1": [1176.0, 89, 0.007288843054358334], "DRB5": [2.0, 2, 1.2395991589044785e-05], "DRB7": [1.0, 1, 1.3238919017099832e-05], "E": [3218.0, 317, 0.014738067826462382], "F": [18335.0, 16, 0.08744077095768207], "HFE": [7.0, 1, 3.319213220619585e-05], "K": [18.0, 10, 8.175910646424873e-05], "L": [257.0, 3, 0.00116414308419069], "S": [5.0, 3, 9.29699369178359e-05], "T": [56537.0, 1, 0.6115104284883768], "Y": [1.0, 1, 6.024993484723831e-06], "DRB3": [72.0, 16, 0.0004462556972056123], "W": [16.0, 3, 8.48648654942297e-05], "DQB1": [367.0, 101, 0.002249390407072055], "DQA1": [672.0, 102, 0.004344020302485882], "J": [4.0, 1, 1.813550550287648e-05], "H": [10.0, 6, 4.529739627201128e-05], "DRB4": [6.0, 1, 3.718797476713436e-05], "DOB": [65.0, 5, 0.0003925774343574311], "DOA": [23.0, 10, 0.0001516410046779363]}