{"A": [3269.0, 412, 0.04165234617277172], "B": [2129.0, 649, 0.027351092001808578], "C": [2042.0, 668, 0.025947487264840925], "DMA": [1170.0, 2, 0.0208252490759883], "DMB": [306.0, 4, 0.00540534145597039], "DOA": [13.0, 3, 0.0002415323266006611], "DPA1": [1088.0, 74, 0.019439899795673843], "DPB1": [6186.0, 236, 0.11138219841409983], "DQA1": [1893.0, 65, 0.03448389250541404], "DQB1": [125.0, 37, 0.0021589962242438013], "DRA": [952.0, 8, 0.017410145552302015], "DRB1": [852.0, 46, 0.014881063413484465], "DRB3": [29.0, 5, 0.000506515069238321], "DRB6": [1.0, 1, 3.662381029607286e-05], "E": [1029.0, 108, 0.013280455815092], "F": [4471.0, 15, 0.06008704258260265], "HFE": [5.0, 1, 6.681134447516635e-05], "K": [37.0, 9, 0.00047359646360905193], "L": [43.0, 2, 0.0005488893320468], "S": [1.0, 1, 5.23981106108608e-05], "T": [19602.0, 1, 0.5974679151194399], "V": [1.0, 1, 2.7060532946034494e-05], "DPB2": [3.0, 3, 5.4086194071262245e-05], "DRB4": [129.0, 9, 0.0022531187562670144], "W": [3.0, 2, 4.484069081121741e-05], "DPA2": [42.0, 4, 0.0008016267563304133], "DOB": [179.0, 7, 0.003046548540662859], "H": [3.0, 2, 3.829460456140465e-05], "DRB5": [2.0, 2, 3.4932073740573865e-05]}