{"A": [940.0, 405, 0.014557304362669554], "B": [1008.0, 544, 0.01573939740903509], "C": [1044.0, 427, 0.016123845516242935], "DMA": [1212.0, 2, 0.026220171174457175], "DPA1": [452.0, 45, 0.009815945118305818], "DPB1": [6686.0, 219, 0.14631902624900994], "DQB1": [201.0, 58, 0.004219553399307126], "DRA": [297.0, 8, 0.0066016191023400336], "DRB1": [264.0, 43, 0.005604370773522125], "DRB3": [31.0, 5, 0.0006580889923454011], "DRB5": [259.0, 4, 0.0054982273876599645], "DRB6": [1.0, 1, 4.451353511811065e-05], "E": [1248.0, 191, 0.01957675708308819], "F": [5680.0, 13, 0.0927797194600113], "H": [14.0, 8, 0.00021720655639749612], "HFE": [5.0, 1, 8.120425222119517e-05], "K": [31.0, 11, 0.0004822774774644705], "L": [19.0, 2, 0.000294780326539459], "S": [1.0, 1, 6.368603151729688e-05], "T": [16614.0, 1, 0.6154842860060455], "W": [7.0, 1, 0.000127167941138705], "DMB": [465.0, 3, 0.009983509145239893], "DPB2": [1.0, 1, 2.1912590741131786e-05], "DPA2": [88.0, 4, 0.0020414283718013745], "V": [9.0, 1, 0.00029601070355138185], "J": [2.0, 1, 3.1057845507065326e-05], "DRB4": [4.0, 1, 8.491470868972917e-05], "DOB": [52.0, 4, 0.001075689612635219], "DOA": [1.0, 1, 2.2581899621671004e-05], "DQA1": [268.0, 60, 0.0059337469677756445]}