{"A": [1442.0, 607, 0.016359312921164524], "B": [1227.0, 548, 0.014035207003706985], "C": [1631.0, 716, 0.01845307647008106], "DMA": [1632.0, 2, 0.025864241563261968], "DPA1": [1299.0, 92, 0.020665671824894476], "DPA2": [24.0, 3, 0.0004078583955686523], "DPB1": [11423.0, 258, 0.1831307598531566], "DQA1": [314.0, 57, 0.005092963543884123], "DRA": [676.0, 5, 0.01100746720432635], "DRB1": [552.0, 57, 0.008584375394371922], "DRB5": [4.0, 2, 6.220561879979654e-05], "E": [1381.0, 160, 0.01586962029741184], "F": [6738.0, 13, 0.08062735567672821], "G": [3.0, 2, 3.6745354468021404e-05], "H": [11.0, 8, 0.00012502137482778451], "HFE": [22.0, 1, 0.00026174484586676563], "K": [15.0, 6, 0.0001709516262304564], "L": [86.0, 3, 0.000977439839562679], "S": [1.0, 1, 4.6654214099847407e-05], "T": [21521.0, 1, 0.5840525189948407], "Y": [1.0, 1, 1.5117324228955407e-05], "DPB2": [6.0, 3, 9.6314498695819e-05], "W": [4.0, 3, 5.323365454982589e-05], "DMB": [609.0, 3, 0.009578428251612989], "DQB1": [176.0, 62, 0.002706635591333369], "J": [1.0, 1, 1.137595905448334e-05], "DRB4": [5.0, 1, 7.775702349974567e-05], "DOB": [84.0, 7, 0.0012729449073374422], "DOA": [15.0, 3, 0.00024814093953504497], "DRB3": [7.0, 5, 0.00010885983289964394]}