{"A": [10339.0, 1116, 0.04714273967557891], "B": [9214.0, 1787, 0.042360292538511125], "C": [5542.0, 1116, 0.025201002938065344], "DMA": [8312.0, 2, 0.052944592622733884], "DMB": [1817.0, 4, 0.011485988264695327], "DOA": [52.0, 4, 0.0003457379001281334], "DPA1": [9078.0, 141, 0.058045297155773806], "DPA2": [136.0, 4, 0.000928909824649016], "DPB1": [42885.0, 710, 0.27632680662279074], "DPB2": [26.0, 8, 0.00016774525695649773], "DQA1": [3084.0, 112, 0.02010443033975256], "DQA2": [4.0, 3, 2.6075785135865834e-05], "DQB1": [2224.0, 253, 0.013746381307772592], "DRA": [10534.0, 9, 0.06893987654806857], "DRB1": [3932.0, 87, 0.02457647632161186], "DRB3": [387.0, 12, 0.002418895304288858], "DRB5": [2377.0, 8, 0.014857142476213475], "DRB7": [1.0, 1, 1.3350801989563307e-05], "E": [3268.0, 260, 0.015093549666245234], "F": [11455.0, 16, 0.055091295673792395], "HFE": [24.0, 1, 0.00011476334088449835], "K": [36.0, 9, 0.00016490011606505456], "L": [51.0, 2, 0.0002329690584401444], "S": [8.0, 4, 0.00015000901111868886], "T": [24592.0, 1, 0.26823768180338303], "Y": [9.0, 3, 5.468319989657301e-05], "W": [20.0, 2, 0.00010697758004457779], "H": [17.0, 9, 7.765635281338147e-05], "J": [1.0, 1, 4.572192462179215e-06], "DRB4": [31.0, 3, 0.00019376163936163975], "DOB": [138.0, 8, 0.0008405158186860111], "G": [1.0, 1, 4.922862090546943e-06]}