{"A": [6601.0, 748, 0.03810571580339436], "B": [2027.0, 805, 0.01179800566641494], "C": [3608.0, 1073, 0.020771216927509027], "DMA": [7626.0, 3, 0.06149743276828683], "DMB": [1880.0, 4, 0.015045803970243028], "DPA1": [3720.0, 78, 0.030113685422467337], "DPB1": [38160.0, 542, 0.31129351883098066], "DPB2": [18.0, 7, 0.00014702578786451566], "DQA1": [8672.0, 73, 0.07157160899249117], "DQA2": [3.0, 2, 2.4759551081350727e-05], "DQB1": [970.0, 117, 0.007590483610519769], "DRA": [4100.0, 7, 0.0339707513921382], "DRB1": [2095.0, 36, 0.01657808044438205], "DRB5": [5.0, 3, 3.9565824449599165e-05], "DRB6": [2.0, 1, 3.318557631845962e-05], "E": [3476.0, 159, 0.020325124619046522], "F": [16328.0, 13, 0.09941799348166323], "K": [7.0, 6, 4.0593884298060846e-05], "L": [29.0, 2, 0.0001677143314123611], "S": [6.0, 4, 0.00014243696801855699], "T": [18315.0, 1, 0.2529163868890289], "Y": [2.0, 1, 1.53845754291888e-05], "DRB4": [857.0, 5, 0.006781582310661297], "J": [6.0, 3, 3.4731205900415265e-05], "DPA2": [124.0, 4, 0.0010722608315503375], "DOB": [29.0, 5, 0.00022361910854981482], "DOA": [5.0, 3, 4.20879487173027e-05], "H": [40.0, 8, 0.0002313301122929119], "DRB3": [1.0, 1, 7.913164889919834e-06]}