{"A": [14120.0, 1237, 0.08261024247783542], "B": [9397.0, 2002, 0.055432298553622306], "C": [7524.0, 1776, 0.04389984715895353], "DMA": [2268.0, 2, 0.0185362570978152], "DMB": [367.0, 4, 0.0029767504158371458], "DPA1": [2080.0, 78, 0.01706487507015037], "DPB1": [13279.0, 356, 0.10978572960119075], "DQA1": [721.0, 70, 0.006030809148843086], "DQA2": [1.0, 1, 8.36450644777127e-06], "DQB1": [442.0, 103, 0.0035054097539933887], "DRA": [1772.0, 8, 0.014880030544766186], "DRB1": [533.0, 51, 0.004274607399945672], "DRB3": [1.0, 1, 8.019901313218896e-06], "DRB5": [562.0, 4, 0.00450718453802902], "DRB6": [1.0, 1, 1.6816599350493026e-05], "E": [3572.0, 329, 0.021168189188325772], "F": [22066.0, 16, 0.13616780119535835], "G": [2.0, 2, 1.263311888276959e-05], "K": [50.0, 12, 0.0002938673811476824], "L": [161.0, 3, 0.0009436628588084143], "S": [11.0, 5, 0.00026465674333622357], "T": [34053.0, 1, 0.4765892401626438], "Y": [2.0, 1, 1.559208968904936e-05], "DPB2": [11.0, 4, 9.106101864790166e-05], "W": [15.0, 2, 0.00010294777166487717], "J": [6.0, 3, 3.519967644870321e-05], "DPA2": [12.0, 3, 0.00010516683686583905], "H": [39.0, 17, 0.000228589139711355], "DRB4": [7.0, 1, 5.6139309192532274e-05], "DOB": [30.0, 4, 0.00023445039970395383], "DOA": [18.0, 8, 0.00015356034147940244]}