{"A": [8607.0, 1414, 0.027499136529342258], "B": [7177.0, 1849, 0.023119831302287015], "C": [4964.0, 1452, 0.015816633386545747], "DMA": [5196.0, 2, 0.023190824575933324], "DMB": [1353.0, 4, 0.005992971458686387], "DOA": [51.0, 7, 0.0002375991016562089], "DOB": [139.0, 10, 0.0005932156188409527], "DPA1": [4417.0, 119, 0.019789518686491186], "DPA2": [73.0, 4, 0.00034937230877511564], "DPB1": [34851.0, 451, 0.15734893930251762], "DPB2": [7.0, 5, 3.164505924878404e-05], "DQA1": [51035.0, 103, 0.23311836767839925], "DQA2": [5.0, 3, 2.2839068059018246e-05], "DQB1": [442.0, 111, 0.0019142860955659502], "DRA": [2386.0, 6, 0.010941543682774344], "DRB1": [2388.0, 53, 0.010458548163583152], "DRB2": [1.0, 1, 3.160433201680363e-05], "DRB5": [2.0, 2, 8.759253068327597e-06], "DRB6": [1.0, 1, 9.18345773263142e-06], "E": [4442.0, 425, 0.014375364532167187], "F": [28140.0, 18, 0.09482939022840231], "K": [51.0, 11, 0.00016368904258657395], "L": [170.0, 3, 0.0005441366287929603], "N": [1.0, 1, 2.178932207369691e-05], "T": [46405.0, 1, 0.35466773861353973], "Y": [6.0, 1, 2.554427806212526e-05], "DRB4": [1105.0, 11, 0.0048394873202509976], "W": [6.0, 3, 2.2487697781187194e-05], "J": [3.0, 3, 9.6111804215485e-06], "H": [4.0, 2, 1.2803214795128475e-05], "S": [1.0, 1, 1.3138879602491396e-05]}