{"A": [2142.0, 725, 0.013211469238715357], "B": [3311.0, 1129, 0.020590424131402482], "C": [2521.0, 1011, 0.015506704760369765], "DMA": [2859.0, 3, 0.024633470436020266], "DMB": [1008.0, 4, 0.008619247310819644], "DPA1": [2325.0, 106, 0.020109218206003688], "DPA2": [60.0, 5, 0.0005543464456383712], "DPB1": [18447.0, 469, 0.1607824790006977], "DQA1": [12298.0, 77, 0.10844443245099142], "DQA2": [4.0, 3, 3.527221741778872e-05], "DRA": [2501.0, 6, 0.022140440034356605], "DRB1": [450.0, 84, 0.003804643676525525], "DRB3": [1.0, 1, 8.454763725612278e-06], "DRB4": [456.0, 7, 0.0038553722588791986], "E": [1730.0, 228, 0.01080813628919991], "F": [8110.0, 13, 0.05275991852602034], "H": [14.0, 8, 8.650704417793439e-05], "HFE": [23.0, 1, 0.00014876992561313753], "K": [19.0, 6, 0.00011772465612085386], "L": [99.0, 2, 0.0006117283838296788], "S": [10.0, 4, 0.0002536429117683684], "T": [35863.0, 1, 0.5291367459363794], "Y": [1.0, 1, 8.218769107057565e-06], "G": [10.0, 3, 6.659061695393741e-05], "DPB2": [17.0, 4, 0.00014836149181915255], "W": [19.0, 3, 0.0001374712063462535], "DQB1": [270.0, 69, 0.002257421914738478], "DOB": [86.0, 7, 0.0007085338856478435], "DOA": [47.0, 3, 0.00042270450196298196], "DRB5": [3.0, 2, 2.5364291176836833e-05], "J": [1.0, 1, 6.184717574625967e-06]}