{"A": [7311.0, 1447, 0.05053185453270903], "B": [11517.0, 1756, 0.08026057754667382], "C": [10427.0, 1535, 0.07187251596910477], "DMA": [3406.0, 2, 0.03288613922399529], "DMB": [788.0, 3, 0.00755078021809682], "DOB": [110.0, 9, 0.0010155742039976085], "DPA1": [4649.0, 137, 0.04505972922262131], "DPB1": [17403.0, 633, 0.16997846181027323], "DQA1": [7995.0, 117, 0.07900381102639494], "DQA2": [1.0, 1, 9.881652411056276e-06], "DQB1": [819.0, 173, 0.0076734324855989005], "DRA": [4368.0, 9, 0.0433323246245585], "DRB1": [2138.0, 86, 0.020256573224114643], "DRB3": [217.0, 9, 0.0020559758604456863], "DRB5": [4.0, 3, 3.789817254277763e-05], "DRB6": [1.0, 1, 1.9866777622228327e-05], "E": [3576.0, 275, 0.02503565864284853], "F": [9763.0, 15, 0.07117432437239327], "G": [4.0, 3, 2.9849003153161145e-05], "H": [27.0, 16, 0.00018695797846319612], "HFE": [1.0, 1, 7.24843271412724e-06], "K": [48.0, 13, 0.00033328200775954123], "L": [47.0, 3, 0.0003254453699174155], "S": [14.0, 4, 0.00039793081169916514], "T": [17002.0, 3, 0.2811111810388979], "V": [3.0, 1, 4.4037383278672464e-05], "W": [12.0, 3, 9.729626989347718e-05], "Y": [13.0, 1, 0.00011973108940774984], "DPB2": [18.0, 5, 0.0001760360347041778], "DRB4": [899.0, 6, 0.008517614278989272], "J": [8.0, 3, 5.54455455831322e-05], "DPA2": [22.0, 4, 0.00022777680646276515], "DOA": [61.0, 6, 0.0006147883826735251]}