{"A": [7507.0, 1258, 0.03916116964810951], "B": [7404.0, 2212, 0.038943063178610765], "C": [5167.0, 1697, 0.026880832918258008], "DMA": [4854.0, 2, 0.035372748383810756], "DPA1": [3802.0, 103, 0.0278126217434727], "DPB1": [27079.0, 563, 0.1996196006105106], "DQA1": [1779.0, 111, 0.013268025787524966], "DQB1": [1136.0, 209, 0.008033131779037039], "DRA": [6056.0, 9, 0.04534360133436566], "DRB1": [1156.0, 79, 0.008266409145938968], "DRB2": [5.0, 1, 0.00025801122720070426], "DRB3": [1.0, 1, 7.150872963615025e-06], "DRB5": [1578.0, 7, 0.01128407753658451], "DRB6": [3.0, 1, 4.498310924493954e-05], "DRB7": [2.0, 1, 3.054852930056339e-05], "E": [2739.0, 269, 0.014472858928893528], "F": [13821.0, 14, 0.0760466901050228], "H": [10.0, 8, 5.226139821036163e-05], "K": [50.0, 12, 0.0002620242106063877], "L": [84.0, 3, 0.00043899574496703773], "S": [5.0, 3, 0.00010726309445422537], "T": [35025.0, 1, 0.43707607792166364], "Y": [15.0, 3, 0.00010426910031290597], "DPB2": [26.0, 5, 0.0001919124746652661], "W": [15.0, 3, 9.179245583101979e-05], "DMB": [1919.0, 3, 0.013878463003736066], "DPA2": [49.0, 4, 0.00038289851698352815], "J": [2.0, 1, 1.0461825102932666e-05], "DRB4": [11.0, 1, 7.865960259976527e-05], "DOB": [262.0, 8, 0.001825664844148633], "DOA": [83.0, 5, 0.0006313565567596516], "DQA2": [3.0, 2, 2.2374411108811073e-05]}