{"A": [4787.0, 744, 0.03571756615063757], "B": [2791.0, 906, 0.020996781416308972], "C": [3667.0, 1080, 0.02728628188470591], "DMA": [4456.0, 2, 0.04644547475495037], "DOB": [95.0, 9, 0.0009468311950840617], "DPA1": [5453.0, 112, 0.057055104612276204], "DPA2": [125.0, 5, 0.0013970977998834975], "DPB1": [29703.0, 751, 0.3131843606826839], "DQA1": [5228.0, 128, 0.055769291763341125], "DQA2": [1.0, 1, 1.0667423826193787e-05], "DQB1": [1611.0, 215, 0.016294134313716804], "DRA": [6591.0, 7, 0.0705847119695744], "DRB1": [2988.0, 45, 0.030561090533793113], "DRB5": [4.0, 3, 4.091176778285557e-05], "DRB6": [2.0, 1, 4.289309685087345e-05], "E": [1806.0, 181, 0.01364926400952158], "F": [5407.0, 15, 0.04255263031938568], "G": [1.0, 1, 8.055635691756962e-06], "HFE": [2.0, 1, 1.5649630369659654e-05], "K": [43.0, 14, 0.00032230649994165016], "L": [25.0, 4, 0.00018687457797711743], "S": [2.0, 2, 6.136765167428337e-05], "T": [13665.0, 1, 0.24390332500486375], "Y": [2.0, 2, 1.9884906549798125e-05], "DRB4": [732.0, 8, 0.00748685350426257], "W": [9.0, 2, 7.877482210112336e-05], "DMB": [1385.0, 3, 0.014326673453845716], "DPB2": [24.0, 4, 0.00025337880923247927], "DOA": [61.0, 11, 0.0006636752608360246], "DRB3": [4.0, 3, 4.091176778285557e-05], "H": [13.0, 6, 9.717478054810106e-05]}