{"A": [1073.0, 315, 0.019808513716099006], "B": [1013.0, 470, 0.018855414078992334], "C": [1519.0, 646, 0.027965652933967782], "DMA": [1869.0, 2, 0.04819935915408887], "DPA1": [1257.0, 77, 0.03254078491305553], "DPA2": [92.0, 5, 0.0025441245065796546], "DPB1": [11255.0, 247, 0.29361550736806963], "DPB2": [3.0, 2, 7.836353919162735e-05], "DQB1": [119.0, 36, 0.0029779434827619904], "DRA": [798.0, 7, 0.021144429157880982], "DRB1": [889.0, 60, 0.02249695572238569], "DRB3": [63.0, 13, 0.0015942724527674896], "E": [809.0, 124, 0.015127729424316293], "F": [3146.0, 10, 0.061257955419264515], "HFE": [1.0, 1, 1.936011028739345e-05], "K": [14.0, 7, 0.00025963448910577597], "L": [33.0, 3, 0.000610320411076397], "S": [1.0, 1, 7.591773584607094e-05], "T": [9341.0, 1, 0.4125106782868969], "DMB": [524.0, 3, 0.013410983064080926], "J": [1.0, 1, 1.8511447918630995e-05], "DRB4": [1.0, 1, 2.5305911948690312e-05], "DOB": [3.0, 1, 7.397823164562387e-05], "DQA1": [179.0, 26, 0.004724396288139672], "H": [2.0, 1, 3.6989115822811934e-05], "DOA": [1.0, 1, 2.6919037809961407e-05]}