{"A": [5032.0, 932, 0.03301481976412469], "B": [4512.0, 995, 0.029847767259192626], "C": [3608.0, 887, 0.023607491841576334], "DMA": [2611.0, 2, 0.023930675851581495], "DOA": [22.0, 5, 0.00021047394582301317], "DPA1": [3198.0, 117, 0.02942302601258116], "DPA2": [37.0, 4, 0.00036363726929027475], "DPB1": [20251.0, 393, 0.18775698088668336], "DQA1": [7614.0, 80, 0.07142040207698899], "DQA2": [6.0, 3, 5.628085270054294e-05], "DQB1": [357.0, 77, 0.0031750738827210005], "DRA": [1911.0, 8, 0.017995747473692036], "DRB1": [2481.0, 57, 0.02231335559351563], "DRB5": [1.0, 1, 8.993694314194128e-06], "DRB6": [2.0, 1, 3.7717011233871714e-05], "E": [2612.0, 217, 0.017358593328864136], "F": [15178.0, 15, 0.10503510099228781], "HFE": [2.0, 1, 1.3761125397649468e-05], "K": [31.0, 10, 0.00020432060705924464], "L": [46.0, 2, 0.00030235552983649345], "S": [7.0, 5, 0.0001888675805980767], "T": [26979.0, 1, 0.42343212200657376], "Y": [10.0, 3, 8.742656730181428e-05], "DPB2": [22.0, 5, 0.0002042356716555785], "DRB4": [277.0, 7, 0.0024912533250317738], "W": [13.0, 2, 0.00010005484924540967], "DMB": [611.0, 3, 0.00555759208081321], "V": [1.0, 1, 1.3934137612513533e-05], "J": [5.0, 3, 3.289474495739496e-05], "DOB": [51.0, 7, 0.0004469603484539469], "DRB3": [147.0, 10, 0.001322073064186537], "H": [7.0, 4, 4.601062410555335e-05]}