{"A": [1391.0, 381, 0.01694849684135062], "B": [983.0, 550, 0.012076248327178941], "C": [1746.0, 809, 0.0212159907453116], "DMA": [2695.0, 2, 0.04587146604782932], "DMB": [768.0, 4, 0.012973060257885008], "DOB": [349.0, 8, 0.005680152638004168], "DPA1": [1058.0, 75, 0.0180771641859753], "DPA2": [58.0, 4, 0.0010585964074689592], "DPB1": [15706.0, 432, 0.2704275734210619], "DQA1": [603.0, 75, 0.010504188072577057], "DQB1": [361.0, 99, 0.0059625025791737694], "DRA": [1476.0, 8, 0.025812574307232963], "DRB1": [1326.0, 80, 0.02214712744867869], "DRB3": [70.0, 15, 0.0011691545410313035], "DRB5": [2.0, 2, 3.3404415458037236e-05], "E": [1401.0, 167, 0.017290806472059432], "F": [6021.0, 13, 0.07737921054934996], "HFE": [5.0, 1, 6.388953386315145e-05], "K": [46.0, 10, 0.0005630462451815371], "L": [9.0, 2, 0.00010985968569205769], "S": [5.0, 2, 0.0002505331159352793], "T": [14838.0, 1, 0.4324830370039777], "U": [1.0, 1, 6.825749179053017e-05], "V": [10.0, 2, 0.00025877114876100415], "W": [9.0, 2, 0.0001286391191436915], "DPB2": [32.0, 5, 0.0005516894181832541], "J": [1.0, 1, 1.2217779352460195e-05], "DRB4": [2.0, 1, 3.3404415458037236e-05], "DOA": [44.0, 2, 0.0007817431729104013], "H": [3.0, 1, 3.66198952306859e-05], "DQA2": [1.0, 1, 1.7419880717374888e-05], "G": [1.0, 1, 1.3154836175952718e-05]}