{"A": [1964.0, 604, 0.014480745753249336], "B": [2784.0, 1011, 0.020696320267289018], "C": [1764.0, 831, 0.012970689018401874], "DMA": [1889.0, 2, 0.019456342241272306], "DMB": [220.0, 4, 0.002248791983065707], "DOA": [42.0, 2, 0.000451550262735106], "DPA1": [379.0, 47, 0.003918584650951277], "DPA2": [80.0, 5, 0.0008835635622413691], "DPB1": [10280.0, 279, 0.10710848611234965], "DQA1": [311.0, 56, 0.0032783170628129755], "DQB1": [114.0, 50, 0.0011393879380866248], "DRA": [696.0, 8, 0.007365455153946973], "DRB1": [412.0, 38, 0.004164055267519421], "DRB3": [50.0, 6, 0.0005053465130484734], "DRB5": [342.0, 6, 0.003456570149251558], "DRB6": [1.0, 1, 2.1192804028891476e-05], "E": [2257.0, 237, 0.01685598212251428], "F": [12623.0, 17, 0.09816657476278415], "K": [28.0, 6, 0.00020739088004851164], "L": [67.0, 2, 0.0004948983816746793], "S": [3.0, 3, 9.096237234872522e-05], "T": [38645.0, 2, 0.6816044406711704], "Y": [7.0, 2, 6.877373540443666e-05], "DRB4": [4.0, 2, 4.0427721043877875e-05], "W": [7.0, 2, 6.054439954407672e-05], "H": [23.0, 3, 0.0001698904892316063], "J": [2.0, 2, 1.4786577422897796e-05], "DOB": [2.0, 1, 1.9697448026852906e-05], "DPB2": [4.0, 2, 4.173016051049765e-05], "DQA2": [1.0, 1, 1.05412124206205e-05], "G": [1.0, 1, 7.960325603772414e-06]}