{"A": [10664.0, 1471, 0.04878865727543572], "B": [7238.0, 1427, 0.03338810485101001], "C": [6807.0, 1386, 0.031057715067487262], "DMA": [4431.0, 2, 0.028319153899331984], "DMB": [1113.0, 4, 0.007059453020359829], "DPA1": [6945.0, 124, 0.04455655015359867], "DPA2": [176.0, 5, 0.001206173444942503], "DPB1": [32720.0, 398, 0.21154041200036713], "DPB2": [14.0, 6, 9.062904091494819e-05], "DQA1": [11509.0, 122, 0.07527962373016628], "DQB1": [725.0, 127, 0.004496287338514097], "DRA": [4652.0, 9, 0.030547757937348187], "DRB1": [3400.0, 41, 0.02132295893971815], "DRB3": [4.0, 3, 2.5085834046727236e-05], "DRB5": [1493.0, 7, 0.00936328755794094], "E": [3313.0, 281, 0.015352999060341946], "F": [17949.0, 17, 0.08661449901034352], "H": [17.0, 8, 7.791829430070365e-05], "HFE": [13.0, 1, 6.237315900873225e-05], "K": [43.0, 12, 0.00019762840395046345], "L": [78.0, 3, 0.00035750746796793433], "N": [1.0, 1, 3.120147992457844e-05], "S": [7.0, 3, 0.000131700628745318], "T": [31515.0, 1, 0.3449099281296676], "Y": [6.0, 1, 3.657843398925094e-05], "DRB4": [690.0, 10, 0.004327306373060448], "W": [39.0, 4, 0.00020930992782738035], "J": [10.0, 3, 4.5876148564905284e-05], "G": [3.0, 2, 1.4818401970080026e-05], "DOB": [57.0, 5, 0.0003483406098149104], "DOA": [36.0, 3, 0.00024016437933978304]}