{"A": [13395.0, 1526, 0.04581372576393325], "B": [4965.0, 1358, 0.017121689113667852], "C": [8797.0, 1814, 0.030005613235567666], "DMA": [8703.0, 2, 0.041581645495044874], "DMB": [2404.0, 4, 0.01139894126187897], "DOA": [37.0, 4, 0.00018452787559584253], "DPA1": [10540.0, 133, 0.05055150419424514], "DPA2": [234.0, 3, 0.0011988562639924283], "DPB1": [46625.0, 389, 0.22534766379147406], "DPB2": [36.0, 6, 0.00017421919934703606], "DQA1": [1160.0, 47, 0.005672206108370515], "DQA2": [1.0, 1, 4.889832852043547e-06], "DQB1": [1416.0, 157, 0.006564980924201399], "DRA": [7951.0, 9, 0.03903152791250647], "DRB1": [1762.0, 90, 0.00826092391099995], "DRB3": [4.0, 4, 1.8753516256526564e-05], "DRB4": [20.0, 3, 9.376758128263281e-05], "DRB5": [8.0, 3, 3.750703251305313e-05], "DRB6": [2.0, 1, 1.9661736284656776e-05], "DRB7": [3.0, 1, 3.0043133042955555e-05], "E": [4178.0, 268, 0.01447419394066747], "F": [22568.0, 15, 0.0814137159598248], "H": [39.0, 16, 0.00013363163648212438], "HFE": [33.0, 1, 0.00011836477918069881], "K": [79.0, 17, 0.00027143269789495526], "L": [132.0, 3, 0.0004522916927087287], "S": [8.0, 4, 0.00011252109753915938], "T": [51057.0, 1, 0.4177320925310952], "Y": [30.0, 4, 0.00013672542343578072], "G": [5.0, 4, 1.846308569503168e-05], "W": [39.0, 2, 0.0001564746512653935], "J": [9.0, 3, 3.086623257837899e-05], "DOB": [402.0, 9, 0.0018365783885748376]}