{"A": [3463.0, 736, 0.17573322663314228], "B": [4031.0, 1022, 0.20624747963739457], "C": [3441.0, 739, 0.17414102058360764], "DMA": [129.0, 2, 0.00914473018172169], "DPB1": [856.0, 136, 0.0613841826738226], "DQB1": [194.0, 52, 0.01334505729763279], "DRA": [1113.0, 9, 0.08106576043079906], "DRB1": [1057.0, 103, 0.07352689104157345], "DRB5": [34.0, 4, 0.0023651034015264878], "E": [1563.0, 171, 0.08034029601381883], "HFE": [1.0, 1, 5.321781629930661e-05], "L": [22.0, 1, 0.0011184481575166319], "T": [80.0, 1, 0.009711381902461704], "Y": [15.0, 3, 0.0010143031613842359], "DRB4": [143.0, 9, 0.009947346659361405], "DMB": [43.0, 3, 0.003025150640923085], "DQA1": [512.0, 61, 0.03714603577691601], "K": [2.0, 2, 0.00010195618237030928], "G": [2.0, 2, 0.00010957532677556347], "DPA1": [699.0, 47, 0.04974153066678984], "F": [158.0, 10, 0.008456878462179726], "DOB": [11.0, 5, 0.0007456321050110878], "DRB3": [21.0, 6, 0.0014607991597663601], "DOA": [1.0, 1, 7.399608720501197e-05]}