{"B": [89.0, 79, 0.15025273943471146], "C": [132.0, 91, 0.2204179120948362], "DPB1": [22.0, 19, 0.052054938055859], "DRA": [46.0, 5, 0.11054947094429664], "F": [6.0, 4, 0.010596459750956888], "T": [2.0, 1, 0.008010831227847582], "DMB": [1.0, 1, 0.0023213204126149244], "DMA": [8.0, 1, 0.018712323326117254], "E": [28.0, 9, 0.04748856224183447], "DRB1": [67.0, 27, 0.15378095677278195], "DPA1": [32.0, 13, 0.0751360722060187], "DRB3": [11.0, 3, 0.025247619768665696], "A": [60.0, 56, 0.10046370310333443], "DQB1": [11.0, 9, 0.024967090660124966]}