{"A": [18.0, 18, 0.20321033269383587], "DRB5": [1.0, 1, 0.015475443563450672], "T": [1.0, 1, 0.02700616621857078], "DRB1": [3.0, 3, 0.04642633069035201], "DMA": [2.0, 1, 0.03154155291176587], "DRA": [3.0, 1, 0.048611099193427404], "DRB3": [1.0, 1, 0.015475443563450672], "DPA1": [3.0, 3, 0.04749360266024516], "B": [24.0, 22, 0.27318634257463337], "E": [3.0, 2, 0.03430580339757561], "DQA1": [1.0, 1, 0.016140404029067693], "C": [20.0, 19, 0.22517402896138036], "DPB1": [1.0, 1, 0.015953449542244515]}