{"A": [1374.0, 538, 0.1700648366567517], "B": [3209.0, 597, 0.40047182877672105], "C": [652.0, 357, 0.08048045266723378], "DMA": [48.0, 2, 0.008299440676872046], "DPA1": [221.0, 36, 0.03835841427779735], "DPB1": [174.0, 77, 0.0304339528295723], "DQB1": [86.0, 53, 0.014429243621240814], "DRA": [304.0, 8, 0.05400603358100528], "DRB1": [355.0, 52, 0.060231817833635216], "DRB3": [36.0, 11, 0.006108015329608078], "DRB5": [55.0, 3, 0.009331690086901231], "E": [591.0, 103, 0.07409490274955151], "F": [61.0, 7, 0.007963596355533684], "L": [15.0, 1, 0.0018599909819860367], "T": [51.0, 1, 0.015100371231531082], "DRB4": [30.0, 6, 0.005090012774673399], "DMB": [12.0, 2, 0.0020591415315724206], "DOB": [6.0, 3, 0.000991995190392553], "DQA1": [111.0, 36, 0.01964227976601504], "K": [3.0, 2, 0.0003730192344477029], "H": [2.0, 2, 0.00024799879759813823], "DOA": [2.0, 2, 0.0003609650493593087]}