{"B": [32.0, 30, 0.33553518484195677], "DRB1": [5.0, 4, 0.07127766391481175], "DRA": [3.0, 1, 0.044779144153540555], "E": [12.0, 8, 0.1264060711345333], "F": [1.0, 1, 0.010968954619743364], "DPA1": [3.0, 3, 0.043749738540815486], "C": [17.0, 15, 0.176310254228518], "DQB1": [2.0, 2, 0.028194275948525534], "A": [10.0, 9, 0.10399528013800403], "DPB1": [4.0, 4, 0.058783432479551305]}