{"A": [2919.0, 664, 0.21946472117532972], "B": [3410.0, 646, 0.2584993539148205], "C": [1409.0, 443, 0.10564687051927052], "DMA": [121.0, 2, 0.012708543710685522], "DOB": [7.0, 5, 0.000703006248579274], "DPA1": [442.0, 54, 0.04660081048327242], "DPB1": [352.0, 87, 0.03739853649364248], "DRA": [683.0, 7, 0.07370419908774369], "DRB1": [812.0, 47, 0.08368670638518218], "E": [1026.0, 165, 0.0781359759985239], "L": [17.0, 1, 0.0012804756670551061], "T": [73.0, 1, 0.013129347324073424], "Y": [7.0, 2, 0.0007012999227332077], "DQB1": [138.0, 65, 0.014064588503322489], "DRB4": [106.0, 8, 0.010924619306440038], "DMB": [22.0, 2, 0.0022931394298895363], "DQA1": [263.0, 57, 0.02827010953410694], "DPB2": [1.0, 1, 0.00010638275705673106], "F": [153.0, 10, 0.012133152718378065], "DOA": [5.0, 4, 0.0005481608198939131]}