{"A": [91.0, 71, 0.24351172178792554], "B": [115.0, 87, 0.310277854571301], "DRA": [21.0, 3, 0.08065637119853462], "L": [1.0, 1, 0.0026808361125686036], "T": [4.0, 1, 0.025605197205884007], "DMB": [1.0, 1, 0.0037098439133525125], "DRB1": [16.0, 5, 0.05869056438202626], "DMA": [1.0, 1, 0.0037381633325384096], "F": [6.0, 3, 0.016934849448848356], "E": [25.0, 12, 0.06776283162765659], "DQA1": [8.0, 4, 0.030606212285158224], "DRB4": [1.0, 1, 0.003668160273876641], "DPA1": [17.0, 11, 0.06379225855603861], "C": [19.0, 17, 0.050704569671324806], "DPB1": [9.0, 7, 0.03403316269546552], "DQB1": [1.0, 1, 0.003627402937500234]}