{"A": [162.0, 119, 0.18016077211297407], "B": [221.0, 118, 0.247806077834405], "C": [228.0, 138, 0.2528687070892364], "DMA": [8.0, 2, 0.012428393665695696], "DRB5": [1.0, 1, 0.0015244565264102398], "E": [79.0, 25, 0.08899085289180218], "T": [4.0, 1, 0.010641304380432263], "DRB4": [3.0, 2, 0.00457336957923072], "DRB1": [34.0, 21, 0.05183152189794815], "DRA": [17.0, 1, 0.02713532617010227], "DRB3": [4.0, 3, 0.006097826105640959], "F": [8.0, 4, 0.009383974468046894], "DPA1": [27.0, 13, 0.04210654060877938], "DPB1": [24.0, 16, 0.03771705568045103], "DQA1": [13.0, 9, 0.020669486731132586], "DMB": [1.0, 1, 0.001541779896028538], "DQB1": [3.0, 3, 0.0045225543616837114]}