{"A": [2019.0, 650, 0.16782869881036014], "B": [2714.0, 817, 0.22746480667420138], "C": [1807.0, 543, 0.14979698842281353], "DPA1": [445.0, 43, 0.05187170192603856], "DPB1": [246.0, 82, 0.0288965727635524], "DQB1": [154.0, 56, 0.0173527356405759], "DRA": [821.0, 5, 0.09795214946387723], "DRB1": [704.0, 64, 0.08021810376381795], "DRB5": [211.0, 5, 0.02404264189512157], "E": [1008.0, 119, 0.0848718167190864], "F": [121.0, 13, 0.010608815325753482], "HFE": [2.0, 1, 0.00017434743508188487], "L": [16.0, 1, 0.0013324216389104632], "T": [70.0, 1, 0.013919306663563554], "DRB3": [57.0, 10, 0.006494931696786397], "DRB4": [3.0, 2, 0.0003418385103571788], "DMB": [22.0, 2, 0.002535302285149076], "DMA": [124.0, 1, 0.01439896870344208], "DPA2": [1.0, 1, 0.00012451689258576634], "H": [5.0, 4, 0.00041638176215951975], "DOB": [19.0, 7, 0.002109667594941567], "K": [1.0, 1, 8.350492430500159e-05], "DOA": [8.0, 6, 0.0009696773680251445], "DQA1": [134.0, 37, 0.015924867478592633], "G": [3.0, 3, 0.0002692356409007868]}