{"A": [1.0, 1, 0.2972810657348766], "DQB1": [1.0, 1, 0.4029810002183883], "B": [1.0, 1, 0.2997379340467351]}