{"A": [30.0, 28, 0.11357327354943837], "B": [77.0, 57, 0.2939138654885466], "T": [1.0, 1, 0.009056169524857178], "DMA": [4.0, 1, 0.021154105913025165], "DRA": [19.0, 2, 0.10324033258337181], "E": [15.0, 10, 0.05752004352273216], "DRB1": [18.0, 10, 0.0934108272339201], "F": [2.0, 2, 0.007986132203476357], "DPA1": [10.0, 9, 0.053087890318128286], "DQB1": [3.0, 2, 0.015395488192257202], "DRB5": [3.0, 3, 0.01556847120565335], "DPB1": [6.0, 4, 0.03209870125026598], "DQA1": [4.0, 3, 0.02164990527036169], "C": [43.0, 34, 0.1623447937439656]}