{"C": [22.0, 22, 0.06433683862175563], "DRA": [42.0, 2, 0.1767714849404173], "L": [1.0, 1, 0.002937743004419083], "T": [1.0, 1, 0.007014741465889577], "DPA1": [9.0, 9, 0.03700880842348638], "DRB4": [3.0, 2, 0.012059049935742755], "DRB1": [28.0, 16, 0.11255113273359904], "DMA": [4.0, 1, 0.016385579302001605], "F": [3.0, 2, 0.009278865512516759], "E": [22.0, 12, 0.06534581118316692], "DQA1": [7.0, 7, 0.02934682855456147], "DRB3": [4.0, 2, 0.016078733247657007], "DPB1": [8.0, 7, 0.033150747313702086], "B": [90.0, 71, 0.2660963911440757], "A": [49.0, 44, 0.14368720428900042], "DQB1": [2.0, 2, 0.007950040328008185]}