{"A": [1086.0, 462, 0.18254749774881204], "B": [1211.0, 464, 0.20524125544042882], "C": [402.0, 241, 0.06738870850401747], "DMA": [99.0, 2, 0.02324668590327434], "DMB": [16.0, 3, 0.003728577720635371], "DRA": [470.0, 8, 0.11339262832755805], "DRB1": [617.0, 61, 0.1421677358986082], "DRB3": [100.0, 10, 0.02304177243089274], "E": [287.0, 86, 0.048865349989120295], "K": [4.0, 4, 0.00067544225863294], "L": [5.0, 1, 0.0008419917754172027], "T": [48.0, 1, 0.01930087290681839], "DRB4": [133.0, 7, 0.030645557333087343], "DPB2": [1.0, 1, 0.00023784097573640572], "F": [54.0, 8, 0.009573956049239525], "DOB": [3.0, 3, 0.0006735934203337622], "DPA1": [216.0, 40, 0.05091437163350368], "DQA1": [86.0, 20, 0.02066738978742809], "J": [1.0, 1, 0.00016855214353557154], "DPB1": [159.0, 52, 0.03776804498103049], "DQB1": [83.0, 48, 0.018912174771889407]}