{"A": [313.0, 206, 0.14709854942400769], "B": [357.0, 202, 0.16916352603736778], "C": [406.0, 201, 0.19028524214301126], "DPB1": [58.0, 27, 0.03851885486292616], "DRA": [153.0, 7, 0.10320396630515044], "DRB3": [22.0, 7, 0.014172829330295317], "DRB7": [1.0, 1, 0.0013760528840686724], "F": [25.0, 5, 0.012392407097160236], "L": [3.0, 1, 0.001412463042497497], "T": [8.0, 1, 0.008993809699795246], "DRB4": [17.0, 5, 0.010951731755228199], "DMB": [3.0, 2, 0.0019546205739611826], "DRB1": [163.0, 46, 0.10500778094718803], "DMA": [17.0, 1, 0.01116073426964095], "DPA1": [79.0, 28, 0.052063303563900924], "E": [123.0, 34, 0.05855206575430583], "DQB1": [41.0, 29, 0.026119522336488694], "DQA1": [68.0, 29, 0.045689255916342646], "DOB": [3.0, 2, 0.0018832840566633292]}