{"A": [108.0, 92, 0.14842111633006205], "B": [137.0, 100, 0.1898309257989484], "C": [146.0, 104, 0.20009664880949632], "E": [43.0, 18, 0.05985679399350442], "L": [2.0, 1, 0.002753554773763317], "T": [2.0, 1, 0.006574936888986047], "DQA1": [18.0, 6, 0.0353659691255226], "DMA": [5.0, 1, 0.009598905954340315], "DRA": [50.0, 3, 0.0986240533347907], "DPA1": [26.0, 16, 0.05010555353330746], "DPB1": [27.0, 19, 0.05243448704324587], "DRB1": [52.0, 24, 0.09795917207635392], "F": [5.0, 4, 0.007247588933824677], "DQB1": [15.0, 11, 0.027943481778190695], "DRB3": [7.0, 4, 0.013186811625663026]}