{"A": [549.0, 285, 0.27308503630402126], "B": [495.0, 252, 0.24825912391274657], "C": [152.0, 108, 0.0754022261911194], "DMA": [17.0, 2, 0.01181283872053018], "DRA": [90.0, 6, 0.0642553026597697], "DRB3": [34.0, 10, 0.023183249024561103], "F": [43.0, 7, 0.02256033921435718], "L": [3.0, 1, 0.0014949910746570507], "T": [16.0, 1, 0.019038608195487323], "DQA1": [11.0, 8, 0.007822748435792275], "K": [1.0, 1, 0.0004996981451125732], "E": [144.0, 55, 0.07255395798483222], "DPA1": [47.0, 21, 0.03278415506076372], "DPB1": [47.0, 36, 0.03303731455930244], "DQB1": [24.0, 14, 0.01618281696616422], "DMB": [3.0, 1, 0.0020688260326062217], "DRB1": [140.0, 32, 0.09546043715995749], "H": [1.0, 1, 0.0004983303582190168]}