{"DRA": [1.0, 1, 0.04685824548184198], "DRB1": [2.0, 2, 0.08950451384172065], "DMB": [1.0, 1, 0.045260805294961015], "DQA1": [1.0, 1, 0.04667520546042854], "E": [2.0, 2, 0.06613756050481387], "A": [6.0, 6, 0.19588282947327387], "B": [5.0, 5, 0.16458474652713095], "DPB1": [2.0, 2, 0.0922691320298819], "C": [5.0, 5, 0.16279090732792517], "DQB1": [1.0, 1, 0.04425500962173965], "DPA1": [1.0, 1, 0.045781044436282406]}