{"A": [665.0, 345, 0.18488284752534143], "B": [505.0, 291, 0.14156008495664307], "C": [501.0, 259, 0.13890814865227818], "DMA": [55.0, 2, 0.021360797340785873], "DPB1": [101.0, 44, 0.03968054891062659], "DQB1": [78.0, 38, 0.02939590939099664], "DRA": [250.0, 7, 0.09975987349885737], "DRB3": [59.0, 7, 0.022485202948169424], "E": [245.0, 70, 0.0689944438764699], "F": [42.0, 5, 0.012316175736861815], "HFE": [2.0, 1, 0.0005831236158672465], "T": [30.0, 1, 0.019951974699771474], "DRB4": [44.0, 6, 0.016768625927448384], "DMB": [7.0, 3, 0.002698051124173642], "DRB1": [306.0, 41, 0.11661817122270922], "DPA1": [156.0, 35, 0.06081912287792408], "DQA1": [55.0, 22, 0.02186144102846054], "DOB": [1.0, 1, 0.00037136887214903107], "DOA": [1.0, 1, 0.00040539868911886257], "H": [1.0, 1, 0.0002785266541117733], "G": [1.0, 1, 0.00030016245123550006]}