{"A": [971.0, 379, 0.11915464835381664], "B": [2671.0, 598, 0.3304761387840039], "C": [1349.0, 401, 0.16508922555281166], "DMA": [63.0, 2, 0.010799710229252538], "DPB1": [228.0, 72, 0.03953738372584603], "DRB1": [417.0, 84, 0.07014514840893864], "DRB3": [40.0, 5, 0.006728551406133202], "E": [681.0, 102, 0.0846470698701325], "F": [71.0, 8, 0.009189708141647487], "L": [15.0, 1, 0.0018440589677164788], "T": [39.0, 1, 0.011448432318964877], "Y": [9.0, 2, 0.0014716664771484908], "DRB4": [5.0, 3, 0.0008410689257666502], "DMB": [9.0, 2, 0.0015311277489524703], "DRA": [396.0, 6, 0.06974737228169371], "DPA1": [227.0, 44, 0.03906233449945664], "K": [4.0, 4, 0.0004930987809984167], "DQB1": [89.0, 50, 0.014804682135550305], "DOB": [11.0, 4, 0.0018030798795450013], "DQA1": [120.0, 38, 0.021053006548096467], "G": [1.0, 1, 0.00013248696352784404]}