{"A": [1101.0, 408, 0.16780771798049895], "B": [2212.0, 529, 0.33992585256895963], "C": [528.0, 268, 0.0802552692605322], "DMA": [49.0, 2, 0.010432790503644393], "DRA": [399.0, 7, 0.08728475819687695], "DRB1": [401.0, 61, 0.08377970158938218], "DRB3": [5.0, 3, 0.001044634683159379], "DRB5": [3.0, 3, 0.0006267808098956273], "F": [56.0, 7, 0.00900252321763633], "L": [25.0, 2, 0.0038173010091727302], "T": [26.0, 1, 0.009479547673846284], "DRB4": [47.0, 7, 0.00981956602169816], "DMB": [17.0, 2, 0.0035921188082275912], "DQB1": [67.0, 37, 0.01384257025706528], "DPA1": [189.0, 41, 0.0403949425412044], "DPB1": [230.0, 82, 0.04953746400989765], "E": [405.0, 87, 0.06252485505356425], "DOB": [5.0, 4, 0.0010179469357793948], "DOA": [1.0, 1, 0.00022224498836936584], "DQA1": [113.0, 35, 0.024623182051251264], "H": [1.0, 1, 0.0001526920403669092], "Y": [1.0, 1, 0.00020309523815792777], "K": [4.0, 3, 0.0006124445608129277]}