{"A": [719.0, 342, 0.2112180301163089], "B": [1334.0, 414, 0.39512306998205776], "C": [282.0, 172, 0.0826163924477475], "DPB1": [82.0, 38, 0.03404060508670163], "DRA": [87.0, 5, 0.03668278117736239], "DRB5": [46.0, 3, 0.01852378592321929], "E": [274.0, 53, 0.08153155366020838], "L": [7.0, 1, 0.0020601171785046527], "T": [10.0, 1, 0.0070273527159698075], "DRB4": [1.0, 1, 0.0004026909983308541], "DMB": [2.0, 1, 0.0008145340648055913], "DRB1": [131.0, 36, 0.0527525207813419], "DMA": [13.0, 1, 0.005334887233612193], "DPA1": [109.0, 30, 0.0449023606299726], "DRB3": [11.0, 6, 0.004429600981639395], "F": [35.0, 6, 0.010844805127959168], "DQA1": [7.0, 6, 0.0029399588901576814], "DQB1": [21.0, 17, 0.00836254973200407], "DOB": [1.0, 1, 0.00039240327209612427]}