{"A": [1639.0, 505, 0.18308714084701128], "B": [2902.0, 557, 0.32685170706810374], "C": [372.0, 194, 0.04144163201892939], "DMB": [34.0, 4, 0.005265443592499603], "DPB1": [318.0, 65, 0.05019810589115679], "DRA": [516.0, 8, 0.08273123275024982], "DRB5": [170.0, 5, 0.026031406524717138], "E": [637.0, 96, 0.07207611662118568], "L": [15.0, 2, 0.0016786568773855541], "T": [45.0, 1, 0.012024888481140961], "DRB3": [33.0, 8, 0.005053155384209797], "DPB2": [1.0, 1, 0.00015805910116963636], "DMA": [82.0, 1, 0.012795950032603436], "DRB1": [468.0, 48, 0.07166293090333894], "F": [72.0, 9, 0.008483264265657948], "DOB": [3.0, 2, 0.000447641833969481], "K": [1.0, 1, 0.00011221762352025417], "DPA1": [344.0, 47, 0.05388624355380256], "DQA1": [85.0, 33, 0.013574971761913038], "DQB1": [211.0, 66, 0.03195057406063158], "DOA": [3.0, 2, 0.0004886608068033379]}