{"A": [410.0, 225, 0.15555339564130663], "B": [677.0, 247, 0.2589755525014731], "C": [514.0, 184, 0.19447947764753884], "DRA": [160.0, 5, 0.08712775560741193], "DRB1": [168.0, 47, 0.0873724964939496], "DRB3": [9.0, 5, 0.004680669455033014], "E": [171.0, 56, 0.06571504468279284], "L": [3.0, 1, 0.0011402725770928968], "T": [10.0, 1, 0.009075807875772076], "DRB4": [1.0, 1, 0.0005200743838925571], "DMB": [6.0, 2, 0.003155905920438926], "DMA": [17.0, 1, 0.009009990948428689], "DPB2": [1.0, 1, 0.0005368293576004359], "DPB1": [76.0, 47, 0.040746522771999104], "F": [24.0, 6, 0.009604140207445261], "DPA1": [99.0, 28, 0.05267098156870484], "DQA1": [8.0, 6, 0.004339370640603523], "DQB1": [29.0, 23, 0.014914577609185443], "K": [1.0, 1, 0.00038113410933022715]}