{"A": [3859.0, 903, 0.1580021646370125], "B": [10169.0, 1213, 0.4197985807303334], "C": [1298.0, 519, 0.05300025655710968], "DMA": [146.0, 2, 0.008350662048609871], "DOB": [10.0, 5, 0.000546913672816665], "DPA1": [857.0, 64, 0.049205047825081845], "DPB1": [625.0, 114, 0.036161763115773696], "DQB1": [320.0, 98, 0.01776051512317229], "DRA": [1102.0, 8, 0.0647605841880966], "DRB1": [1052.0, 67, 0.05904373496706294], "DRB3": [167.0, 10, 0.009372912299904477], "DRB5": [313.0, 5, 0.017567194909401805], "E": [1693.0, 184, 0.07021312039858123], "F": [200.0, 11, 0.008637138118257417], "HFE": [1.0, 1, 4.293820812371524e-05], "L": [16.0, 1, 0.0006562964073799979], "T": [113.0, 1, 0.011067673946241556], "DMB": [52.0, 2, 0.0029516765190499405], "K": [3.0, 3, 0.0001233933318541533], "V": [1.0, 1, 8.695610039754325e-05], "DQA1": [206.0, 43, 0.012058591932993686], "DOA": [9.0, 6, 0.0005373263415003568], "Y": [1.0, 1, 5.4558621244575065e-05]}