{"A": [345.0, 121, 0.12750825895507237], "B": [205.0, 133, 0.07639194050703939], "C": [386.0, 161, 0.142272691167214], "DMA": [45.0, 2, 0.02323333360980243], "DMB": [6.0, 3, 0.003074309800893049], "DOA": [5.0, 4, 0.002694614168113429], "DPB1": [119.0, 52, 0.062150911650486494], "DQB1": [66.0, 24, 0.03306590985849413], "DRA": [317.0, 4, 0.16815871805041666], "DRB1": [262.0, 8, 0.13273649207750962], "E": [111.0, 33, 0.041554231736794234], "L": [1.0, 1, 0.00037026358915865184], "T": [6.0, 1, 0.00530469142114879], "DRB4": [83.0, 8, 0.042050110085623274], "DPB2": [3.0, 2, 0.0015688488159196485], "DPA1": [159.0, 35, 0.08240563742163896], "F": [12.0, 3, 0.004677912319514495], "DQA1": [94.0, 13, 0.04966931772067832], "H": [2.0, 2, 0.0007405271783173037], "K": [1.0, 1, 0.0003712798661645768]}