{"A": [6545.0, 890, 0.10784319991416332], "B": [14483.0, 1026, 0.24061134782280708], "C": [16195.0, 918, 0.2661209642217947], "DMA": [552.0, 2, 0.012705799173693712], "DPA1": [1713.0, 80, 0.0395804799263478], "DPB1": [1231.0, 146, 0.028663055796388313], "DQB1": [563.0, 88, 0.012575024241243056], "DRA": [3391.0, 8, 0.08019583425315993], "DRB1": [4011.0, 102, 0.09059528610466262], "DRB3": [701.0, 12, 0.015833282363342933], "DRB4": [868.0, 10, 0.01960526261252734], "E": [2701.0, 241, 0.04507967298479083], "F": [468.0, 14, 0.008133558198020446], "HFE": [7.0, 1, 0.00012095861719070154], "K": [16.0, 8, 0.000264841034528641], "L": [43.0, 3, 0.0007098120313533074], "T": [199.0, 1, 0.007843787976201132], "DMB": [151.0, 3, 0.0034493496576476087], "DPB2": [1.0, 1, 2.3314372643347665e-05], "H": [7.0, 6, 0.0001155507958017012], "DOB": [18.0, 6, 0.00039617415703440415], "DOA": [13.0, 7, 0.0003123444770598821], "DQA1": [815.0, 60, 0.019199143013748435], "Y": [1.0, 1, 2.1956253848589546e-05]}