{"A": [58.0, 56, 0.11524517605065064], "C": [25.0, 25, 0.049539291593697896], "DPA1": [23.0, 14, 0.06408600158504275], "DRA": [53.0, 5, 0.15115117816298318], "T": [6.0, 1, 0.02851909021943079], "DRB4": [8.0, 4, 0.021789866684508916], "DRB1": [61.0, 24, 0.1661477334693805], "DMB": [2.0, 2, 0.005509369701480948], "DMA": [8.0, 1, 0.022205703834976647], "E": [24.0, 13, 0.048303551331065425], "L": [1.0, 1, 0.001990611680462094], "F": [5.0, 4, 0.010478916435093447], "DQA1": [16.0, 8, 0.04545230003721782], "DPB1": [15.0, 10, 0.042117961424448944], "DRB3": [4.0, 2, 0.010894933342254458], "B": [96.0, 73, 0.19232708776078947], "DQB1": [9.0, 8, 0.02424122668651617]}