{"A": [307.0, 182, 0.116766399518649], "B": [783.0, 285, 0.3002726217573012], "C": [413.0, 169, 0.15665511736537954], "DMA": [25.0, 2, 0.013283096148340732], "DPB1": [81.0, 37, 0.04353573227182811], "DRB1": [151.0, 22, 0.078727468137926], "E": [140.0, 38, 0.053936232478354766], "F": [21.0, 8, 0.008424621902959159], "L": [5.0, 1, 0.0019052032066780684], "T": [6.0, 1, 0.005459092064102387], "DMB": [2.0, 2, 0.001054597330565234], "DQA1": [37.0, 12, 0.020119739697189856], "DQB1": [39.0, 18, 0.020107655769443792], "DRA": [181.0, 6, 0.0988095663602532], "DPA1": [104.0, 25, 0.05546939522605184], "DRB5": [45.0, 5, 0.023461828253024303], "H": [1.0, 1, 0.0003810406413356137], "DRB3": [1.0, 1, 0.0005213739611783179], "DOA": [2.0, 2, 0.0011092179094391304]}