{"A": [48.0, 44, 0.17601870721217677], "B": [65.0, 46, 0.24032857234720417], "C": [35.0, 31, 0.12799725473365034], "DRB4": [2.0, 2, 0.010053502940021334], "DRA": [17.0, 2, 0.08947617616618987], "DRB1": [12.0, 6, 0.060321017640128], "F": [4.0, 4, 0.015471384927871446], "E": [34.0, 14, 0.126290174847113], "DQA1": [4.0, 3, 0.02097097878895075], "DQB1": [6.0, 5, 0.029825392055396624], "DRB3": [1.0, 1, 0.005026751470010667], "DPA1": [6.0, 6, 0.030853853850410298], "DPB1": [13.0, 13, 0.06736623302087653]}