{"A": [1220.0, 468, 0.18464890750544538], "B": [2770.0, 549, 0.4227086560248625], "C": [565.0, 221, 0.08528062621845502], "DMA": [60.0, 2, 0.01268580280571762], "DRA": [317.0, 8, 0.06886318079908962], "DRB3": [92.0, 12, 0.019087302798315702], "HFE": [1.0, 1, 0.00015872398925969515], "L": [12.0, 1, 0.001819533030163148], "T": [20.0, 1, 0.007241133627664525], "DMB": [10.0, 3, 0.0020982830398346064], "K": [1.0, 1, 0.00015204393115727431], "DQB1": [21.0, 14, 0.0043084745084603915], "F": [53.0, 6, 0.00846085772143107], "E": [361.0, 80, 0.055343570155460514], "DPA1": [158.0, 33, 0.03353393952397744], "DPB1": [124.0, 49, 0.0265210013868825], "DQA1": [9.0, 6, 0.0019474689463464942], "DRB1": [313.0, 46, 0.06493832365079147], "DOB": [1.0, 1, 0.0002021703366847942]}