{"A": [959.0, 462, 0.12753340924674955], "B": [1806.0, 621, 0.24215730164991792], "C": [628.0, 374, 0.08328753853084614], "DMA": [72.0, 2, 0.013375734903845228], "DOB": [14.0, 5, 0.0024869320573451086], "DPB1": [276.0, 105, 0.051867553751976415], "DQB1": [156.0, 87, 0.0281220698040104], "DRA": [726.0, 9, 0.1385743620659155], "DRB1": [539.0, 110, 0.09825710214581852], "DRB3": [39.0, 9, 0.007109512029103753], "DRB5": [78.0, 5, 0.014219024058207507], "E": [420.0, 99, 0.05657541008683614], "F": [50.0, 9, 0.0070133736487500995], "HFE": [3.0, 1, 0.00041839094374492], "L": [14.0, 3, 0.0018651990430088312], "T": [38.0, 1, 0.012088672540185466], "Y": [1.0, 1, 0.00017720684389196245], "DRB4": [20.0, 5, 0.003645903604668591], "DMB": [17.0, 2, 0.0031342341783315787], "DPB2": [1.0, 1, 0.00018816809196775397], "V": [1.0, 1, 0.00028243411869821486], "DOA": [6.0, 3, 0.0011634935407727257], "DPA1": [375.0, 37, 0.0699322027619622], "DQA1": [190.0, 58, 0.0361243534892261], "K": [2.0, 2, 0.0002671883611472591], "H": [1.0, 1, 0.00013322850307205937]}