{"A": [30.0, 27, 0.15504881879226276], "C": [38.0, 31, 0.19586003376592104], "DRB3": [4.0, 4, 0.028338510700608322], "DRB1": [12.0, 9, 0.08501553210182497], "DMA": [1.0, 1, 0.007219830493380174], "DRA": [14.0, 1, 0.1038523068616411], "DPA1": [5.0, 5, 0.03623746339589283], "E": [14.0, 6, 0.07329060401213601], "DQB1": [5.0, 4, 0.03502954794936306], "DQA1": [8.0, 7, 0.059112362164550174], "B": [34.0, 30, 0.17717424252074543], "DPB1": [6.0, 5, 0.043820747241674264]}