{"A": [382.0, 219, 0.17997869278706502], "B": [389.0, 234, 0.18479141539285474], "C": [225.0, 149, 0.10571954114309316], "DMA": [29.0, 2, 0.019086905451839532], "DPA1": [90.0, 22, 0.059462178696575003], "DQA1": [51.0, 14, 0.03435334464540408], "DRA": [177.0, 9, 0.11969386794098805], "HFE": [1.0, 1, 0.0004940983330087894], "L": [2.0, 1, 0.0009440163406208075], "T": [9.0, 1, 0.010143548130592206], "DRB4": [46.0, 6, 0.029708818869374928], "DMB": [9.0, 3, 0.005878647212047757], "E": [99.0, 43, 0.04724610194774913], "DQB1": [24.0, 16, 0.015328028286228224], "F": [26.0, 6, 0.012920600212454626], "DRB1": [200.0, 34, 0.12916877769293447], "DPB1": [67.0, 38, 0.044608113207507814], "K": [1.0, 1, 0.0004733037096616675]}