{"A": [89.0, 74, 0.14296636376202124], "B": [180.0, 107, 0.2915350866574414], "C": [34.0, 32, 0.05446754525470998], "DPB1": [19.0, 16, 0.04312993334784155], "E": [79.0, 34, 0.12854169249808495], "F": [7.0, 4, 0.011860241037408877], "L": [2.0, 1, 0.003218589916564818], "T": [2.0, 1, 0.00768534760033778], "DRB4": [8.0, 4, 0.01761585292661693], "DMB": [3.0, 2, 0.006681012402566365], "DRB1": [51.0, 12, 0.11230106240718295], "DMA": [2.0, 1, 0.0044880083314949625], "DRA": [36.0, 3, 0.08300175408364802], "DPA1": [23.0, 19, 0.05180984330572537], "DQA1": [12.0, 8, 0.027559176160586254], "DRB3": [3.0, 2, 0.00660594484748135], "DQB1": [3.0, 2, 0.006532545460287112]}