{"A": [274.0, 134, 0.2073346209291266], "B": [158.0, 112, 0.12054600208209702], "C": [169.0, 101, 0.12753312161091307], "DRA": [101.0, 5, 0.1096941691321897], "DRB3": [15.0, 5, 0.015559023878467223], "L": [4.0, 1, 0.0030323061135406923], "T": [8.0, 1, 0.01448107843329237], "DRB4": [12.0, 3, 0.012447219102773778], "DMB": [3.0, 2, 0.003147166193599052], "DQA1": [29.0, 8, 0.03137331299244055], "DMA": [9.0, 1, 0.009513571089047516], "DPA1": [68.0, 28, 0.0721557184003706], "E": [97.0, 29, 0.07434744638900785], "DQB1": [28.0, 19, 0.028720805559363197], "DPB1": [56.0, 23, 0.05988121622415493], "F": [15.0, 6, 0.011971929036169303], "DRB1": [94.0, 24, 0.09750321630506126], "H": [1.0, 1, 0.0007580765283851731]}