{"B": [155.0, 106, 0.08422656592242693], "C": [340.0, 151, 0.1827413688344191], "DPA1": [103.0, 29, 0.07784321031451293], "DRA": [157.0, 6, 0.12144607763402991], "DRB5": [36.0, 4, 0.026595934842920742], "L": [6.0, 2, 0.0032395595816878827], "T": [6.0, 1, 0.007735418957581524], "DRB4": [19.0, 2, 0.01403674338931928], "DMB": [4.0, 2, 0.002988684597247407], "DRB1": [121.0, 30, 0.08939189211092806], "DMA": [21.0, 1, 0.015810369663301165], "F": [11.0, 2, 0.006252982759658839], "E": [120.0, 38, 0.06550843729759999], "DPB1": [93.0, 55, 0.07082836315793274], "DQA1": [57.0, 29, 0.04391965412048728], "A": [298.0, 154, 0.1606050509799508], "DQB1": [35.0, 28, 0.025569857109783368], "DOB": [1.0, 1, 0.0007199021292639739], "H": [1.0, 1, 0.0005399265969479803]}