{"B": [196.0, 105, 0.34593727821747733], "C": [62.0, 50, 0.10823645086418486], "DQA1": [9.0, 4, 0.022524256376285443], "T": [1.0, 1, 0.004187516072860621], "DMA": [3.0, 1, 0.007336144570393223], "DRA": [23.0, 2, 0.05778772180547656], "V": [1.0, 1, 0.003717736706853046], "F": [8.0, 5, 0.014770950066805184], "E": [45.0, 19, 0.0797907236945905], "DPB1": [22.0, 13, 0.05442154093146273], "DRB1": [21.0, 11, 0.05039134510150252], "DQB1": [7.0, 7, 0.016610480422347126], "DPA1": [17.0, 7, 0.04173076362264549], "A": [110.0, 73, 0.1925570915471154]}