{"A": [105.0, 84, 0.22126466447823961], "B": [116.0, 70, 0.24646497691428942], "C": [28.0, 28, 0.05884313692936291], "DRA": [26.0, 4, 0.07863882529131384], "DRB5": [6.0, 3, 0.017331806784170296], "T": [3.0, 1, 0.015122851017560356], "DQA1": [8.0, 4, 0.024102043809236817], "DMA": [3.0, 1, 0.008831283227811963], "F": [5.0, 3, 0.011113334321261933], "E": [30.0, 13, 0.06403495034188379], "DQB1": [14.0, 13, 0.03999153935754849], "DPA1": [21.0, 12, 0.06205583693412698], "DMB": [1.0, 1, 0.0029214598556650687], "DRB1": [28.0, 18, 0.08088176499279472], "DRB3": [1.0, 1, 0.0028886344640283827], "DPB1": [22.0, 18, 0.06551289128070548]}