{"A": [5378.0, 935, 0.1565576993776641], "B": [8761.0, 1060, 0.25714718445552776], "C": [1949.0, 625, 0.05658228646117376], "DMA": [378.0, 2, 0.01537181774880207], "DMB": [83.0, 4, 0.0033497229113100225], "DPA1": [1369.0, 77, 0.05588530931606994], "DPB1": [1196.0, 161, 0.04920011680274791], "DQB1": [473.0, 114, 0.018665176232981043], "DRA": [2382.0, 8, 0.09952594157011506], "DRB1": [3053.0, 88, 0.12182888266470773], "DRB3": [337.0, 13, 0.013447865528334916], "E": [2433.0, 227, 0.07174122691312952], "F": [336.0, 12, 0.010316788345017334], "HFE": [4.0, 1, 0.00012211507558060496], "K": [9.0, 6, 0.0002631954156441081], "L": [80.0, 2, 0.002333111024322872], "T": [201.0, 1, 0.013997141236771008], "DRB4": [468.0, 10, 0.018675374086827123], "DPB2": [1.0, 1, 4.1190233290236274e-05], "V": [1.0, 1, 6.182518575091557e-05], "DPA2": [1.0, 1, 4.36065771258163e-05], "DOB": [5.0, 4, 0.00019442591869357268], "DOA": [9.0, 5, 0.0003820353111540639], "DQA1": [820.0, 64, 0.034127824540681174], "DRB5": [2.0, 2, 7.980929096934669e-05], "H": [2.0, 2, 5.8327775608071806e-05]}