{"B": [50.0, 43, 0.2451278656205915], "C": [36.0, 32, 0.1745684440288768], "DPB1": [5.0, 5, 0.03435575877230684], "T": [2.0, 1, 0.0232631150902679], "DQA1": [5.0, 3, 0.034758365320419815], "DRA": [16.0, 3, 0.1116629524332859], "DPA1": [5.0, 5, 0.03409249625297882], "F": [2.0, 2, 0.010257223656515817], "E": [19.0, 14, 0.09357824109881288], "DRB1": [12.0, 5, 0.07998329458002222], "DRB3": [3.0, 2, 0.019995823645005555], "DRB4": [2.0, 1, 0.01333054909667037], "H": [1.0, 1, 0.004871245358774163], "A": [22.0, 20, 0.106972193160986], "DQB1": [2.0, 2, 0.013182431884485143]}