{"A": [2297.0, 616, 0.12224156712665199], "B": [4049.0, 728, 0.2172601879062136], "C": [2920.0, 524, 0.154972909362402], "DMA": [178.0, 3, 0.013232981644107852], "DPA1": [986.0, 58, 0.07358264699482694], "DPB1": [786.0, 153, 0.059110111837543236], "DRA": [1486.0, 7, 0.11350568868613788], "DRB1": [1600.0, 119, 0.1167206561715695], "DRB5": [3.0, 2, 0.0002188512303216928], "E": [1072.0, 173, 0.05778641563431384], "HFE": [1.0, 1, 5.5810199136477533e-05], "L": [15.0, 1, 0.0007997255268598355], "T": [64.0, 1, 0.00814755952883897], "DRB3": [110.0, 17, 0.008024545111795402], "DRB4": [25.0, 5, 0.0018237602526807734], "DMB": [44.0, 2, 0.0032462932497717765], "DPA2": [3.0, 1, 0.00023915393654526048], "F": [145.0, 11, 0.008139121404326934], "DOB": [6.0, 4, 0.00042652028099191225], "DQA1": [193.0, 42, 0.01468440462201452], "DOA": [9.0, 5, 0.0006984057190744061], "DQB1": [344.0, 82, 0.02481610839825536], "H": [5.0, 3, 0.00026657517561994514]}