{"B": [23.0, 20, 0.3399684059103222], "L": [1.0, 1, 0.014686829341333738], "DRA": [5.0, 2, 0.10520761410524038], "DRB3": [1.0, 1, 0.020095836402124565], "E": [5.0, 4, 0.07424707083995284], "K": [1.0, 1, 0.014727140858281591], "C": [6.0, 6, 0.08772078996240751], "A": [15.0, 14, 0.2199011606298057], "DPB1": [1.0, 1, 0.020716557217634206], "DPA1": [3.0, 2, 0.061673428958244354], "DRB1": [1.0, 1, 0.020095836402124565], "DQA1": [1.0, 1, 0.020959329372528354]}