{"DPA1": [8.0, 8, 0.061474575054054945], "DRA": [17.0, 3, 0.1337072007425695], "L": [1.0, 1, 0.00548980295019674], "DRB3": [2.0, 2, 0.015023280982311179], "DRB1": [10.0, 8, 0.07511640491155588], "DMA": [3.0, 1, 0.022964977226777202], "F": [2.0, 2, 0.01155970035238353], "E": [11.0, 8, 0.061056332442409496], "DPB1": [13.0, 12, 0.10066758357066043], "DQA1": [5.0, 5, 0.039172031467549655], "DMB": [2.0, 1, 0.015194000084382897], "C": [16.0, 15, 0.0874379514392825], "B": [37.0, 35, 0.20442836477169715], "A": [25.0, 21, 0.1369950827280425], "DQB1": [4.0, 4, 0.029712711276126555]}