{"A": [142.0, 105, 0.16141394542460277], "B": [214.0, 124, 0.2452680297488959], "C": [143.0, 94, 0.16210774601129946], "DPB1": [21.0, 17, 0.033732872492617784], "DRA": [48.0, 4, 0.0783131784926656], "E": [88.0, 35, 0.10132309302210656], "L": [1.0, 1, 0.001138792228309177], "T": [6.0, 1, 0.016315245519305334], "DMA": [9.0, 1, 0.014291407811757917], "DQB1": [8.0, 5, 0.012327074392364029], "DRB1": [53.0, 14, 0.08258447310614665], "DPA1": [26.0, 12, 0.04144447425018941], "DQA1": [14.0, 7, 0.022752119728093767], "F": [3.0, 2, 0.0035968768940255274], "DRB3": [9.0, 2, 0.014023778451987169], "DMB": [1.0, 1, 0.0015759043967510835], "DRB4": [5.0, 2, 0.00779098802888176]}