{"A": [21.0, 21, 0.1783932453892297], "DRA": [8.0, 2, 0.09754162885147796], "T": [1.0, 1, 0.020321172677391246], "F": [3.0, 2, 0.02688016789314865], "DRB1": [3.0, 3, 0.03493415078248158], "DPB1": [2.0, 2, 0.02400879860726533], "E": [6.0, 4, 0.05162777634089989], "DPA1": [9.0, 7, 0.10721170412554691], "DQB1": [1.0, 1, 0.011515331183855039], "B": [36.0, 28, 0.30834440525363904], "C": [15.0, 15, 0.1270765430370924], "DQA1": [1.0, 1, 0.01214507585797211]}