{"A": [16161.0, 1285, 0.21403983866237258], "B": [15450.0, 1221, 0.20631429908790017], "C": [5412.0, 1050, 0.071482411251718], "DMA": [557.0, 2, 0.010305317435431118], "DMB": [162.0, 4, 0.002974531399471182], "DOB": [26.0, 7, 0.0004599707922404748], "DPA1": [3441.0, 68, 0.06390747154896195], "DPB1": [2415.0, 196, 0.04519858522920174], "DQA1": [1820.0, 85, 0.034461874199891815], "DQB1": [990.0, 108, 0.017773743177087065], "DRA": [5088.0, 5, 0.09671957784494009], "DRB1": [5012.0, 131, 0.09099285066757953], "DRB4": [694.0, 10, 0.01259956870776141], "DRB5": [10.0, 3, 0.0001815499813798474], "DRB7": [2.0, 1, 7.755815204547081e-05], "E": [7583.0, 229, 0.10172799820585884], "F": [795.0, 15, 0.011105679192390003], "K": [37.0, 11, 0.0004922778406362797], "L": [313.0, 3, 0.004153005518401979], "T": [278.0, 1, 0.008807665959412127], "DRB3": [304.0, 15, 0.005519119433947361], "DPB2": [11.0, 2, 0.00020613877396106128], "V": [2.0, 1, 5.625591299236278e-05], "H": [5.0, 4, 6.634194118853e-05], "DOA": [16.0, 9, 0.00030899662169510286], "DQA2": [1.0, 1, 1.8935095714226273e-05], "DPA2": [1.0, 1, 1.9839227160335306e-05], "G": [2.0, 1, 2.8598138659834374e-05]}