{"A": [860.0, 362, 0.14360048300803002], "B": [429.0, 218, 0.07222527464611066], "C": [779.0, 290, 0.12972089256812455], "DMA": [71.0, 3, 0.01656134453864135], "DPB1": [317.0, 96, 0.0747993860086094], "DQB1": [140.0, 42, 0.03168858203846451], "DRA": [624.0, 8, 0.14954880397312326], "DRB1": [543.0, 47, 0.12428740001763727], "DRB3": [106.0, 7, 0.02426236538097523], "DRB5": [2.0, 2, 0.00045778047888632515], "E": [352.0, 66, 0.05953511143125329], "F": [60.0, 8, 0.01056720932530105], "HFE": [1.0, 1, 0.0001751108708633937], "L": [13.0, 2, 0.00217466611616939], "T": [26.0, 1, 0.01038533360924467], "DRB4": [49.0, 6, 0.011215621732714965], "DMB": [22.0, 3, 0.005092807827610367], "DPA1": [351.0, 42, 0.08218738149385006], "DQA1": [208.0, 41, 0.049654876319201076], "K": [2.0, 2, 0.00033548230886362897], "DOB": [2.0, 1, 0.00044608535716295187], "DOA": [3.0, 2, 0.0007304425569481005], "G": [1.0, 1, 0.0001802763832782431], "H": [1.0, 1, 0.00016728200893610694]}