{"B": [42.0, 36, 0.2561149151704602], "F": [2.0, 2, 0.012758297544514484], "T": [1.0, 1, 0.014467742640348126], "DMA": [1.0, 1, 0.008448719938829249], "DRA": [7.0, 1, 0.06076451908946213], "C": [31.0, 27, 0.1869768483465154], "DRB1": [11.0, 8, 0.09119554630601459], "E": [11.0, 8, 0.06738711493645543], "DRB3": [5.0, 3, 0.041452521048188445], "DQA1": [1.0, 1, 0.00864673681239556], "A": [29.0, 27, 0.17539173250061374], "DPA1": [8.0, 8, 0.06784872410646017], "DPB1": [1.0, 1, 0.008546581559742328]}