{"A": [431.0, 245, 0.18543464422520217], "B": [615.0, 354, 0.26678608955181915], "C": [381.0, 234, 0.16347584919822442], "DMA": [16.0, 2, 0.009616419090901544], "DPA1": [56.0, 24, 0.03378642262971921], "DPB1": [69.0, 35, 0.041951164171167496], "DRA": [113.0, 7, 0.06978031951108606], "DRB1": [112.0, 51, 0.06605435435473195], "DRB3": [6.0, 5, 0.0035386261261463542], "DRB5": [5.0, 3, 0.0029488551051219617], "E": [168.0, 55, 0.0732143051265779], "L": [3.0, 1, 0.0012930837258408896], "T": [22.0, 1, 0.022642581552269808], "Y": [1.0, 1, 0.000573308965825896], "DRB4": [7.0, 3, 0.004128397147170747], "DMB": [8.0, 2, 0.004771783715560993], "DQA1": [40.0, 23, 0.024604509783361372], "DOB": [1.0, 1, 0.0005747038781515065], "F": [29.0, 6, 0.013160221947527004], "DQB1": [20.0, 15, 0.011664360193593537]}