{"A": [303.0, 208, 0.1507592246133986], "B": [580.0, 276, 0.29096698943469124], "C": [189.0, 127, 0.09378169803695323], "DMA": [16.0, 2, 0.011120928366916865], "DPA1": [80.0, 26, 0.055817686439314534], "DPB1": [68.0, 39, 0.047811404388269994], "DRA": [118.0, 3, 0.08426828955676516], "DRB5": [2.0, 2, 0.0013640839101742596], "L": [3.0, 2, 0.0014953894325496105], "T": [6.0, 1, 0.007141380470912301], "DRB4": [13.0, 3, 0.008866545416132689], "DMB": [5.0, 2, 0.003448962159247418], "DPB2": [1.0, 1, 0.0007040149562175141], "DRB1": [141.0, 34, 0.09616791566728532], "DQB1": [41.0, 26, 0.02765301215681041], "DOB": [2.0, 1, 0.0013292350511552092], "F": [20.0, 4, 0.010495977060995025], "E": [147.0, 44, 0.07408523439635081], "DQA1": [46.0, 19, 0.03272202848585988]}