{"B": [37.0, 34, 0.2420756971691062], "C": [28.0, 23, 0.1811957718555708], "DRA": [13.0, 2, 0.12107633438696472], "DMB": [1.0, 1, 0.008996056313716786], "DMA": [4.0, 1, 0.03625891399727071], "DPA1": [5.0, 5, 0.045497296299257306], "DRB1": [13.0, 7, 0.11563470138080903], "F": [1.0, 1, 0.00684426186403813], "DQB1": [5.0, 5, 0.04398071975594873], "DQA1": [4.0, 4, 0.03710873229408174], "DRB4": [1.0, 1, 0.008894977029293002], "E": [1.0, 1, 0.0065727643915716736], "DPB1": [6.0, 5, 0.055018352127132776], "A": [14.0, 14, 0.09084542113523836]}