{"B": [75.0, 62, 0.17536460517048988], "C": [43.0, 39, 0.0994465439457285], "DRA": [45.0, 3, 0.1497820039456184], "DRB5": [4.0, 3, 0.012715575865545633], "E": [33.0, 15, 0.07751633230026932], "L": [1.0, 1, 0.0023232610101053953], "T": [3.0, 1, 0.016642444882846493], "DRB1": [23.0, 8, 0.07311456122688739], "DMA": [5.0, 1, 0.01619779940887731], "DPB1": [16.0, 12, 0.052433339862558825], "H": [1.0, 1, 0.0023232610101053953], "DPA1": [27.0, 17, 0.08780324369225907], "DQA1": [20.0, 16, 0.06630974133009149], "DMB": [2.0, 1, 0.006430035522917963], "DRB4": [4.0, 2, 0.012715575865545633], "DQB1": [9.0, 8, 0.028292156300839037], "A": [52.0, 46, 0.12058951865931393]}