{"A": [905.0, 416, 0.1781215921226953], "B": [1163.0, 410, 0.23079275119785167], "C": [330.0, 186, 0.06477343820006665], "DMA": [96.0, 2, 0.026394838938986215], "DRA": [414.0, 8, 0.11695242606347864], "DRB4": [157.0, 6, 0.04235819697707004], "DRB5": [127.0, 8, 0.03426427398782098], "E": [195.0, 49, 0.03887547051985718], "HFE": [1.0, 1, 0.0002064066321040589], "L": [6.0, 1, 0.0011830715902168777], "T": [27.0, 1, 0.012712220224291157], "DMB": [9.0, 2, 0.002455769816056246], "DPB2": [1.0, 1, 0.00027848936058369803], "DRB1": [391.0, 21, 0.10549079629321263], "F": [42.0, 8, 0.008719044418966268], "DOB": [3.0, 3, 0.0007887143934779185], "DPA1": [209.0, 41, 0.05768393161801594], "DQA1": [76.0, 30, 0.021385662148156476], "DQB1": [67.0, 40, 0.017875578809219292], "DOA": [4.0, 3, 0.0011479827028576342], "DPB1": [134.0, 59, 0.03726954655204023], "DRB3": [1.0, 1, 0.0002697974329749684]}