{"B": [67.0, 57, 0.2910258568847063], "T": [3.0, 1, 0.03091670648204518], "DRA": [9.0, 1, 0.05565007166768132], "E": [15.0, 8, 0.06545557322536318], "DQA1": [5.0, 5, 0.03079593809734969], "DMB": [1.0, 1, 0.0059725455703950915], "DRB1": [11.0, 9, 0.06495982148474662], "DRB4": [1.0, 1, 0.005905438316795146], "A": [43.0, 41, 0.18524682326536906], "DPB1": [10.0, 9, 0.060878456779316754], "DPA1": [5.0, 5, 0.030205977597400464], "C": [28.0, 27, 0.1202971576467589], "DQB1": [7.0, 7, 0.040878756348481954], "DRB3": [2.0, 2, 0.011810876633590293]}