{"A": [67.0, 57, 0.1202344507001363], "B": [181.0, 93, 0.32749687188360793], "DOB": [1.0, 1, 0.002397091674270067], "DRA": [39.0, 2, 0.10045224169117621], "DRB1": [31.0, 10, 0.07625804000468145], "DRB5": [8.0, 2, 0.019679494194756505], "L": [5.0, 1, 0.00898909377851275], "DRB4": [6.0, 2, 0.014759620646067378], "DMA": [3.0, 1, 0.007520646397900743], "F": [3.0, 2, 0.0056784131304034435], "E": [44.0, 19, 0.07997971556734296], "DPB1": [20.0, 18, 0.05071838754826241], "DQB1": [13.0, 9, 0.03162385386574066], "DQA1": [12.0, 9, 0.03078764619140617], "DPA1": [27.0, 13, 0.06794515021551706], "C": [31.0, 27, 0.05547928251021784]}