{"A": [61.0, 57, 0.28027658051404636], "B": [42.0, 39, 0.19457217159652807], "C": [39.0, 35, 0.17870495869287972], "T": [2.0, 1, 0.021982476903062462], "DRA": [10.0, 2, 0.06594743070918738], "E": [15.0, 9, 0.06981058739741007], "DPB1": [3.0, 2, 0.019478681271246467], "F": [1.0, 1, 0.0048462809310786115], "DRB1": [14.0, 11, 0.08817690173475616], "DRB3": [2.0, 1, 0.012596700247822308], "DQA1": [1.0, 1, 0.0065689823557979615], "DQB1": [3.0, 3, 0.01868510536760309], "DPA1": [5.0, 4, 0.0322156989096605], "DOB": [1.0, 1, 0.006137443368920723]}