{"A": [5717.0, 899, 0.10178574070628423], "B": [7735.0, 1048, 0.13885244375163425], "C": [7840.0, 933, 0.139203396825587], "DMA": [828.0, 3, 0.020593439113263393], "DOA": [20.0, 8, 0.0005192256142266691], "DPB1": [2489.0, 210, 0.06262171641049324], "DQA1": [1445.0, 85, 0.03678135432655112], "DQB1": [1791.0, 117, 0.04322466700834649], "DRA": [5652.0, 7, 0.14443146197527304], "DRB1": [5639.0, 94, 0.13762288818252263], "DRB5": [2044.0, 3, 0.04988494120324105], "E": [2004.0, 189, 0.03614011450993609], "F": [338.0, 12, 0.006347271276622788], "HFE": [2.0, 1, 3.734258715498393e-05], "K": [11.0, 8, 0.0001967404283000686], "L": [28.0, 3, 0.0004994230314943016], "T": [121.0, 1, 0.005153399061986329], "DMB": [190.0, 3, 0.004689748019407168], "DPB2": [5.0, 2, 0.00012595904881207532], "H": [3.0, 3, 5.35096105172466e-05], "DOB": [13.0, 6, 0.0003091666385440915], "DPA1": [2835.0, 66, 0.07078029860143377], "Y": [1.0, 1, 2.3724325698585057e-05], "DRB3": [5.0, 2, 0.00012202774266937633]}