{"B": [47.0, 44, 0.4215187453466289], "C": [16.0, 14, 0.141931756795943], "DPA1": [3.0, 3, 0.0374202261092752], "T": [1.0, 1, 0.02127816778762708], "DMA": [2.0, 1, 0.024851600545854526], "DRA": [5.0, 1, 0.06383450336288124], "F": [3.0, 2, 0.028146049033201233], "DRB1": [4.0, 4, 0.04877242953568454], "E": [6.0, 4, 0.054059108936462145], "DPB1": [1.0, 1, 0.012569728461416768], "DRB5": [1.0, 1, 0.012193107383921134], "A": [15.0, 14, 0.13342457670110422]}