{"A": [1234.0, 467, 0.15819602666187285], "B": [2765.0, 462, 0.35739626340362973], "C": [480.0, 239, 0.06136725114480682], "DMA": [64.0, 2, 0.011461466244348144], "DPA1": [326.0, 43, 0.05860552890698417], "DPB1": [234.0, 78, 0.042391383476622586], "DQA1": [95.0, 30, 0.017411858814808674], "DQB1": [152.0, 52, 0.026414434705724566], "DRA": [429.0, 4, 0.0789366349835933], "DRB5": [214.0, 5, 0.03760659465052152], "E": [542.0, 96, 0.07038056615670032], "F": [82.0, 8, 0.011087812535733769], "HFE": [1.0, 1, 0.00013444234222865392], "L": [34.0, 1, 0.004366677462277028], "T": [28.0, 1, 0.00858673574025102], "DRB4": [2.0, 1, 0.00035146350140674316], "DMB": [14.0, 2, 0.0024882018338227385], "DRB1": [292.0, 30, 0.051313671205384506], "DOB": [4.0, 3, 0.0006849690136905141], "K": [1.0, 1, 0.00012878420156761268], "DOA": [3.0, 2, 0.0005608013239577715], "H": [1.0, 1, 0.0001284316900669714]}