{"A": [430.0, 248, 0.2094501147621856], "B": [907.0, 279, 0.44544480105506223], "C": [145.0, 95, 0.07043607876832388], "DRA": [49.0, 2, 0.03425698457040617], "DRB5": [10.0, 2, 0.0066770091458026246], "E": [239.0, 54, 0.11791881493203955], "L": [13.0, 1, 0.006343767904675432], "T": [5.0, 1, 0.005826017784082683], "DRB4": [8.0, 3, 0.0053416073166421], "DRB1": [39.0, 16, 0.02604033566863024], "DMA": [10.0, 1, 0.00680443298446298], "V": [1.0, 1, 0.0010344843957036563], "DOB": [1.0, 1, 0.000650642862017993], "F": [19.0, 4, 0.009761517981745451], "DQA1": [18.0, 9, 0.012535041388565397], "DQB1": [15.0, 12, 0.00990423023294056], "DOA": [1.0, 1, 0.0007102635226809963], "DPB1": [24.0, 15, 0.01651979714529082], "DPA1": [21.0, 11, 0.014344057578741501]}