{"DRA": [2.0, 1, 0.10058929557277659], "DRB5": [1.0, 1, 0.0480342141780113], "B": [11.0, 9, 0.388640460167546], "A": [6.0, 6, 0.21024811779555763], "C": [3.0, 3, 0.10483761732040067], "DRB1": [1.0, 1, 0.0480342141780113], "DQA1": [1.0, 1, 0.05009818431847272], "DPB1": [1.0, 1, 0.049517896469224]}