{"A": [77.0, 56, 0.11006350860580583], "B": [194.0, 110, 0.2795946250598059], "DRA": [39.0, 3, 0.08001255522481651], "DRB1": [35.0, 12, 0.06857889708839791], "E": [54.0, 22, 0.07818428082924521], "T": [2.0, 1, 0.006838679933745002], "DRB4": [10.0, 3, 0.019593970596685117], "DMB": [3.0, 2, 0.005944988806039689], "DMA": [4.0, 1, 0.007987160533305232], "DPA1": [34.0, 15, 0.06815098278801053], "DPB1": [16.0, 14, 0.03231870362511151], "DQB1": [9.0, 8, 0.017438633831049755], "DOA": [1.0, 1, 0.002084298864268895], "F": [3.0, 3, 0.004522988601713193], "DRB3": [1.0, 1, 0.0019593970596685118], "DQA1": [7.0, 5, 0.014305129314533002], "C": [142.0, 72, 0.20242119923779822]}