{"A": [554.0, 226, 0.20646280738475997], "B": [373.0, 239, 0.14015718162202595], "C": [495.0, 225, 0.18397223469588014], "DMA": [21.0, 2, 0.01093279368340773], "DPB1": [91.0, 37, 0.04792418955686837], "DRA": [175.0, 6, 0.0936075799036871], "DRB1": [130.0, 19, 0.06641179826232696], "DRB5": [102.0, 5, 0.052107718636594996], "E": [214.0, 66, 0.08078279866121567], "L": [1.0, 1, 0.0003733566143186685], "T": [15.0, 1, 0.013372511414812441], "DMB": [8.0, 3, 0.004133321710032937], "DQB1": [51.0, 25, 0.025764371992538636], "DOB": [1.0, 1, 0.000497808819091558], "DPB2": [1.0, 1, 0.0005273181047593566], "F": [26.0, 5, 0.010220144170628989], "Y": [7.0, 2, 0.0034762038168116806], "DPA1": [81.0, 19, 0.04233091544413042], "H": [4.0, 4, 0.001493426457274674], "DQA1": [29.0, 16, 0.015451519048834062]}