{"A": [3168.0, 722, 0.29371358339099696], "B": [1892.0, 510, 0.1768619672255705], "C": [2319.0, 564, 0.21441473553436463], "DPB1": [233.0, 70, 0.03052643588931964], "DRA": [158.0, 5, 0.021025040973874247], "DRB3": [18.0, 6, 0.0022876057950524534], "E": [1232.0, 151, 0.11569714032099235], "HFE": [1.0, 1, 9.722870857672796e-05], "K": [1.0, 1, 9.313674096965615e-05], "L": [24.0, 1, 0.002229163311237245], "T": [97.0, 1, 0.02151296386567302], "DRB4": [68.0, 7, 0.008642066336864825], "DMB": [13.0, 3, 0.0016709342833811168], "DRB1": [259.0, 35, 0.03291610560658808], "DMA": [38.0, 1, 0.004921553943299872], "DPA2": [1.0, 1, 0.00013887920583879152], "F": [169.0, 10, 0.01652635867597692], "DOA": [2.0, 2, 0.00027038103022532315], "DPA1": [259.0, 35, 0.03367279768949815], "DQA1": [133.0, 40, 0.017629160023460867], "DQB1": [41.0, 29, 0.005152761448238521]}