{"A": [809.0, 351, 0.14242011932931867], "B": [1183.0, 291, 0.20998198104305127], "C": [805.0, 233, 0.14132979376428384], "DMB": [9.0, 3, 0.0021965570713506], "DPB1": [257.0, 69, 0.06393479372672481], "DQB1": [152.0, 58, 0.036273021464673615], "DRA": [483.0, 5, 0.12204243367409921], "DRB1": [406.0, 33, 0.09797576909514887], "DRB5": [2.0, 2, 0.00048263925662634906], "E": [353.0, 60, 0.06294635504099173], "F": [35.0, 8, 0.006498939269702063], "L": [20.0, 1, 0.003527317924796584], "T": [11.0, 1, 0.004632390512129369], "DMA": [69.0, 1, 0.016968822566464176], "DPA1": [277.0, 43, 0.06838221605522635], "DOA": [4.0, 4, 0.001026810211308647], "DQA1": [77.0, 23, 0.01938003999410373]}