{"A": [202.0, 135, 0.13306880081096703], "B": [227.0, 140, 0.1507735606602946], "C": [304.0, 174, 0.1997162847469641], "DMA": [17.0, 2, 0.015644208273105524], "L": [3.0, 2, 0.0019798756498487996], "T": [5.0, 1, 0.007879243690030081], "DRB3": [13.0, 7, 0.011739187789865041], "DMB": [5.0, 2, 0.004566379865812887], "DRA": [123.0, 4, 0.116297636864844], "DOB": [1.0, 1, 0.000879944733266133], "F": [13.0, 3, 0.009032746800847164], "E": [83.0, 30, 0.055382942224921766], "DPA1": [81.0, 20, 0.07482564524945808], "DQA1": [22.0, 9, 0.020719948641125977], "DRB1": [118.0, 29, 0.10655570455415961], "DPB1": [65.0, 39, 0.06050894092459394], "DOA": [1.0, 1, 0.00096057711918295], "DQB1": [33.0, 20, 0.0294683714007125]}