{"A": [178.0, 140, 0.23042929443906382], "B": [275.0, 117, 0.35894246580140177], "C": [68.0, 48, 0.08778930716712213], "DMA": [7.0, 2, 0.012658886961850961], "F": [11.0, 6, 0.015019725081949143], "K": [1.0, 1, 0.0013004685860691226], "L": [2.0, 1, 0.002593817818564874], "T": [8.0, 1, 0.024774068227861455], "DMB": [2.0, 2, 0.0035894246580140178], "DRA": [27.0, 2, 0.05016748816141944], "V": [1.0, 1, 0.0027493465465639284], "DRB1": [31.0, 21, 0.055010957680124935], "E": [74.0, 27, 0.09703367175133097], "DPA1": [13.0, 9, 0.02359943568257492], "DPB1": [8.0, 7, 0.01463487428132356], "DRB3": [4.0, 3, 0.007098188087758057], "DOA": [1.0, 1, 0.0018876655572025907], "DQA1": [2.0, 2, 0.003701594178576955], "DQB1": [4.0, 4, 0.007019319331227411]}