{"A": [119.0, 94, 0.1602984469784703], "B": [261.0, 124, 0.3544845578643274], "C": [46.0, 37, 0.06179526603003058], "DRA": [43.0, 3, 0.0831364955856703], "DRB5": [21.0, 3, 0.03877675584541978], "E": [59.0, 25, 0.08050213954044513], "L": [2.0, 1, 0.002699007771305287], "T": [3.0, 1, 0.00966703437042678], "DRB4": [1.0, 1, 0.0018465121831152274], "DMA": [6.0, 1, 0.011290505791414482], "DRB1": [29.0, 11, 0.05354885331034159], "F": [6.0, 3, 0.008524819934727937], "DPA1": [38.0, 20, 0.07178050808385861], "DPB1": [14.0, 12, 0.02664966231847382], "DMB": [2.0, 1, 0.0037349905522103466], "DQA1": [7.0, 7, 0.01348098152438422], "DQB1": [9.0, 7, 0.016433958429725525], "H": [1.0, 1, 0.0013495038856526434]}