{"A": [18669.0, 1331, 0.14475990328650623], "B": [33374.0, 1641, 0.2609215504637913], "C": [14736.0, 1371, 0.11395197653832058], "DMA": [853.0, 2, 0.009239661349496118], "DPA1": [4930.0, 64, 0.053606163411040395], "DPB1": [6080.0, 221, 0.06662115062121576], "DQA1": [2734.0, 95, 0.03030866858667417], "DQB1": [3312.0, 196, 0.03481247317987564], "DRA": [8392.0, 8, 0.09339714671531854], "DRB1": [6972.0, 96, 0.07410618069433714], "DRB3": [1514.0, 7, 0.016092478137008953], "DRB5": [2113.0, 5, 0.02245931724141342], "DRB7": [1.0, 1, 2.2703786856440637e-05], "E": [7528.0, 248, 0.05912619030971579], "F": [948.0, 13, 0.007753310497084194], "H": [12.0, 10, 9.321810296896247e-05], "HFE": [1.0, 1, 8.131728816776733e-06], "L": [146.0, 2, 0.0011341535861223767], "T": [369.0, 1, 0.006844523978779898], "V": [1.0, 1, 1.64679305051552e-05], "Y": [66.0, 3, 0.0006819401998748857], "DMB": [268.0, 3, 0.002880972953374096], "K": [11.0, 4, 8.568446549205639e-05], "DPB2": [11.0, 2, 0.00012068701131806395], "DPA2": [1.0, 1, 1.1615170629147665e-05], "DOB": [39.0, 4, 0.000403945112865504], "DOA": [47.0, 10, 0.000531413337775254], "G": [1.0, 1, 8.371602823171326e-06]}