{"A": [3032.0, 665, 0.20124008121756728], "B": [2494.0, 533, 0.1668999461171928], "C": [3114.0, 554, 0.20611942219019885], "DMA": [136.0, 2, 0.012609677791453035], "DOA": [12.0, 7, 0.0011613788076027755], "DOB": [11.0, 6, 0.0009752332383793379], "DPA1": [642.0, 43, 0.059753162137524414], "DPB1": [408.0, 79, 0.03826720750610844], "DRA": [732.0, 7, 0.06973282714982783], "DRB1": [940.0, 52, 0.0855230074487512], "DRB5": [2.0, 2, 0.00018196384563564085], "E": [1076.0, 141, 0.07233868607982638], "F": [158.0, 9, 0.011060989613811448], "L": [12.0, 1, 0.0007979181041285493], "T": [76.0, 1, 0.012066700508622302], "V": [2.0, 1, 0.00028192077437939715], "DRB3": [121.0, 13, 0.011008812660956272], "DMB": [31.0, 2, 0.002852490057435984], "K": [5.0, 4, 0.0003333784088612725], "DPB2": [2.0, 1, 0.0001878260829306035], "H": [4.0, 2, 0.00026597270137618305], "DQB1": [263.0, 103, 0.02366237630440803], "DQA1": [239.0, 47, 0.022679021253021778]}