{"A": [39.0, 37, 0.1501908386442627], "C": [24.0, 23, 0.09217329187809707], "DMA": [4.0, 2, 0.021518828320140987], "DRB1": [16.0, 12, 0.08446341602811892], "DRB5": [6.0, 4, 0.0316737810105446], "T": [4.0, 1, 0.036849235424032276], "DPA1": [8.0, 6, 0.04320255187645163], "DRA": [23.0, 3, 0.12712986221291134], "DRB3": [4.0, 3, 0.02111585400702973], "F": [2.0, 1, 0.008123822795211726], "DQB1": [3.0, 3, 0.015660925055213718], "DPB1": [5.0, 4, 0.027210101447282517], "E": [15.0, 8, 0.05851175873949774], "B": [67.0, 66, 0.26015255670231047], "DQA1": [4.0, 4, 0.022023175858894288]}