{"A": [2011.0, 600, 0.14830485747272548], "B": [3061.0, 625, 0.22760463148686172], "C": [1764.0, 458, 0.12973492562157576], "DMA": [114.0, 3, 0.011744322017438436], "DPB1": [540.0, 112, 0.056275373536110215], "DQB1": [268.0, 45, 0.026791400739975872], "DRA": [1057.0, 5, 0.11188173627716877], "DRB1": [812.0, 85, 0.08208601232925694], "DRB5": [1.0, 1, 0.00010109114818874007], "E": [991.0, 128, 0.07402697750174186], "K": [1.0, 1, 7.408418087756707e-05], "L": [9.0, 1, 0.0006649325613983826], "T": [74.0, 1, 0.013054633371981218], "DRB3": [66.0, 9, 0.006672015780456845], "DMB": [28.0, 3, 0.002862717514617503], "DQA1": [201.0, 40, 0.021192416600957477], "DPA1": [749.0, 62, 0.07745789688976555], "H": [3.0, 2, 0.00022164418713279419], "DOB": [8.0, 4, 0.0007880682209166015], "F": [106.0, 8, 0.008245192149964616], "DOA": [2.0, 2, 0.0002150704108875984]}