{"A": [2897.0, 903, 0.17661738245841144], "B": [5198.0, 1158, 0.3195182613826682], "C": [2272.0, 804, 0.13813645198881577], "DMA": [136.0, 3, 0.011582535802040394], "DPA1": [453.0, 51, 0.03872788044289402], "DPB1": [373.0, 117, 0.03213476305332159], "DRA": [683.0, 8, 0.05976494958569552], "DRB1": [833.0, 118, 0.06961451059297499], "DRB3": [97.0, 14, 0.008106371581654951], "DRB5": [7.0, 4, 0.0005849958873359243], "E": [1288.0, 185, 0.07953785411357736], "F": [181.0, 10, 0.011638985692582633], "HFE": [1.0, 1, 6.39352852716708e-05], "K": [7.0, 4, 0.0004287115331711577], "L": [34.0, 2, 0.002076613398814724], "T": [101.0, 1, 0.014729770395693622], "Y": [2.0, 2, 0.00016247631961028964], "DRB4": [44.0, 5, 0.003677117006111524], "DMB": [36.0, 3, 0.0030427383490654243], "DPB2": [2.0, 2, 0.00017252640123566838], "DPA2": [1.0, 1, 9.132366122706595e-05], "DQB1": [219.0, 86, 0.018098658476292856], "J": [1.0, 1, 6.113264262962497e-05], "DOB": [6.0, 3, 0.0004886149173681703], "DOA": [1.0, 1, 8.889806597535104e-05], "DQA1": [123.0, 45, 0.010720898401785205], "G": [2.0, 1, 0.00013164256377470862]}