{"A": [291.0, 193, 0.16767798678971252], "B": [664.0, 254, 0.38576746908241827], "C": [86.0, 68, 0.04941929372728626], "DPB1": [33.0, 22, 0.02687065934862009], "DRB5": [19.0, 2, 0.015007435552668195], "L": [7.0, 1, 0.0040408514763643185], "T": [5.0, 1, 0.006891959567530802], "DRB4": [9.0, 3, 0.0071087852617901974], "DMB": [2.0, 1, 0.0015976815361094133], "DRB1": [85.0, 24, 0.06713852747246297], "DMA": [9.0, 1, 0.007244449102664056], "DRA": [82.0, 2, 0.06781688214450309], "E": [160.0, 39, 0.09338478056078636], "F": [20.0, 7, 0.012155271629189772], "DOA": [1.0, 1, 0.0008402149911013646], "DPA1": [56.0, 22, 0.04524927936751257], "DQA1": [32.0, 16, 0.026361745345805314], "DQB1": [18.0, 16, 0.014059597517762836], "H": [1.0, 1, 0.0005772644966234741], "DRB3": [1.0, 1, 0.0007898650290877997]}