{"A": [12290.0, 1652, 0.19856602872734508], "B": [12459.0, 1596, 0.20296012113154352], "C": [13292.0, 1313, 0.21416989362585312], "DMA": [401.0, 2, 0.009050597137931765], "DMB": [91.0, 5, 0.002038316490615971], "DOA": [18.0, 8, 0.0004240654946546602], "DOB": [35.0, 7, 0.0007553559145460645], "DPA1": [2191.0, 69, 0.0496404857803062], "DPB1": [1600.0, 181, 0.03653039524953058], "DQB1": [934.0, 159, 0.020455837484335517], "DRA": [2924.0, 8, 0.06780650198233701], "DRB1": [2942.0, 96, 0.06515767207735677], "DRB5": [315.0, 5, 0.006976433278167023], "E": [4762.0, 253, 0.077931945152509], "F": [657.0, 14, 0.011196184522416915], "HFE": [2.0, 1, 3.3887436853969986e-05], "K": [11.0, 8, 0.00017853687568489127], "L": [89.0, 3, 0.0014405716370271373], "T": [349.0, 1, 0.01348863953023006], "DRB3": [282.0, 11, 0.006245568839501906], "DPB2": [4.0, 2, 9.144367625285199e-05], "V": [3.0, 1, 0.0001029404634026303], "DPA2": [1.0, 1, 2.420200981316956e-05], "H": [12.0, 9, 0.00019423437802613088], "DQA1": [627.0, 78, 0.01448310663026616], "DRB4": [1.0, 1, 2.2147407232276265e-05], "G": [2.0, 1, 3.488706625969182e-05]}