{"A": [510.0, 222, 0.18488007515191215], "B": [712.0, 224, 0.26024020171764217], "C": [331.0, 154, 0.11966384348107897], "DMA": [18.0, 2, 0.009115326561149509], "DMB": [8.0, 3, 0.004020564914177056], "DPB1": [73.0, 32, 0.037395910726843735], "DRA": [167.0, 5, 0.0868915029099206], "E": [210.0, 50, 0.07711028096470572], "L": [7.0, 2, 0.002542200260515237], "T": [15.0, 1, 0.013007710016455181], "Y": [3.0, 2, 0.0014491599265905165], "DRB4": [20.0, 5, 0.009938475068752272], "DPB2": [1.0, 1, 0.0005129328949787738], "DQB1": [43.0, 20, 0.02113030227117497], "F": [37.0, 5, 0.01414729037524549], "DOB": [4.0, 2, 0.0019369144842020854], "DRB1": [155.0, 20, 0.07702318178283012], "DPA1": [102.0, 22, 0.05185142337593858], "DQA1": [44.0, 15, 0.022804141622597987], "H": [1.0, 1, 0.000363171465787891], "DRB3": [8.0, 5, 0.003975390027500909]}