{"A": [216.0, 133, 0.10466733553287896], "B": [568.0, 218, 0.2775110071581872], "C": [324.0, 163, 0.15657320765000152], "DPB1": [60.0, 36, 0.04108563363903228], "DRA": [128.0, 7, 0.08902424355563388], "DRB1": [129.0, 23, 0.08568739734792183], "DRB3": [31.0, 5, 0.020591545099112995], "E": [105.0, 46, 0.05153707596003151], "L": [1.0, 1, 0.00048545525148309133], "T": [8.0, 1, 0.009273358703711864], "DRB4": [23.0, 6, 0.015277597976761257], "DMB": [4.0, 2, 0.0026871664425528693], "DQA1": [51.0, 14, 0.03533204002200374], "DMA": [24.0, 1, 0.016246074980930322], "DPA1": [100.0, 30, 0.06795133532892313], "DQB1": [31.0, 23, 0.0203627501535673], "F": [8.0, 4, 0.004088829630166902], "Y": [1.0, 1, 0.0006457026160503253], "H": [1.0, 1, 0.00048545525148309133], "K": [1.0, 1, 0.00048678769956584457]}