{"A": [998.0, 417, 0.2403987385102911], "B": [1013.0, 415, 0.24602857365584752], "C": [493.0, 255, 0.11843050564158263], "DRA": [198.0, 7, 0.0684554040723163], "DRB3": [71.0, 10, 0.023443897603928544], "DRB5": [3.0, 1, 0.0009905872227012062], "E": [337.0, 56, 0.08222513626515851], "L": [4.0, 1, 0.0009652802498584746], "T": [33.0, 1, 0.01901539002008786], "DPA1": [110.0, 34, 0.03715650923465444], "DMB": [14.0, 3, 0.00467527151320342], "DPB2": [1.0, 1, 0.00034083349028507997], "DMA": [30.0, 1, 0.01009491559012298], "DQB1": [53.0, 30, 0.01730592566474663], "F": [65.0, 7, 0.016514544908721836], "DPB1": [89.0, 45, 0.030295140505854263], "DQA1": [32.0, 22, 0.011020282852550918], "DRB1": [220.0, 42, 0.07264306299808845]}