{"A": [521.0, 240, 0.16069014755122993], "B": [760.0, 247, 0.23634127759632678], "C": [540.0, 249, 0.16609643350936462], "DPB1": [100.0, 46, 0.04358457821960304], "DRA": [191.0, 7, 0.08455237254688404], "DRB3": [29.0, 7, 0.012260815243724285], "E": [280.0, 68, 0.08747473097284905], "L": [3.0, 1, 0.0009269676261851706], "T": [12.0, 1, 0.008853651575589951], "DRB4": [19.0, 3, 0.008032947918302119], "DMB": [6.0, 2, 0.002565546763381179], "DRB1": [180.0, 22, 0.07610161185759902], "DMA": [15.0, 1, 0.006462827724548008], "DQB1": [29.0, 18, 0.01212458396323846], "DOB": [2.0, 1, 0.0008239712232757071], "DPA1": [135.0, 27, 0.05838830564936477], "F": [28.0, 4, 0.009108800035981593], "DQA1": [54.0, 14, 0.02381148089763157], "DOA": [4.0, 2, 0.0017989491249206673]}