{"A": [6070.0, 810, 0.16709410864163424], "B": [3886.0, 870, 0.10785733951574558], "C": [5408.0, 787, 0.14846502335128703], "DMA": [429.0, 3, 0.01649717316690617], "DPA1": [1406.0, 46, 0.05427481422393304], "DPB1": [1693.0, 129, 0.06585833187489899], "DQA1": [777.0, 72, 0.030579796130898132], "DQB1": [1314.0, 90, 0.04903262377470822], "DRA": [3164.0, 7, 0.12501145980916747], "DRB1": [2189.0, 58, 0.0826015187339051], "DRB5": [1463.0, 6, 0.0552060401588411], "E": [2469.0, 230, 0.06884407906395588], "HFE": [1.0, 1, 2.8868758355403826e-05], "L": [26.0, 2, 0.0007170304196631414], "T": [159.0, 1, 0.010470302417645188], "Y": [52.0, 3, 0.0019074401455116577], "DRB4": [9.0, 3, 0.00033961337076525623], "DMB": [90.0, 3, 0.0034347261361486144], "K": [9.0, 6, 0.0002488840896459014], "DPB2": [9.0, 2, 0.00035055452317393076], "DPA2": [1.0, 1, 4.1235457023339435e-05], "V": [2.0, 1, 0.00011692684718803794], "H": [20.0, 14, 0.0005515618612793395], "F": [286.0, 10, 0.008304052583533943], "DOB": [14.0, 4, 0.0005147910705273835], "DOA": [32.0, 9, 0.001284487224355179], "J": [1.0, 1, 2.7603278537084754e-05], "DRB3": [9.0, 4, 0.00033961337076525623]}