{"A": [4429.0, 1198, 0.1591565933663116], "B": [8406.0, 1353, 0.304566968474387], "C": [3221.0, 913, 0.11543159601858548], "DMA": [184.0, 3, 0.009236694326998918], "DMB": [43.0, 3, 0.002142222461461829], "DOA": [14.0, 6, 0.0007335916072975929], "DPA1": [1021.0, 71, 0.051449987628287196], "DPA2": [2.0, 1, 0.00010765824991134037], "DPB1": [962.0, 160, 0.04885121254310297], "DRA": [1518.0, 7, 0.07829456779532612], "DRB1": [1525.0, 124, 0.07512052634653187], "DRB3": [40.0, 11, 0.0019703744615483768], "DRB5": [3.0, 2, 0.00014777808461612825], "E": [2120.0, 209, 0.07716633488571331], "F": [239.0, 12, 0.009058753999624391], "K": [3.0, 3, 0.00010829848653020927], "L": [41.0, 2, 0.0014760280039167483], "T": [108.0, 1, 0.009283940845295586], "Y": [7.0, 2, 0.0003351908254217763], "DRB4": [109.0, 8, 0.005369270407719327], "DPB2": [5.0, 2, 0.0002542316275290351], "DQB1": [389.0, 114, 0.018948981731462873], "V": [1.0, 1, 7.631866265475096e-05], "DOB": [16.0, 5, 0.0007680145711436738], "DQA1": [580.0, 82, 0.02979806534329899], "H": [3.0, 3, 0.00010800204906707914], "G": [1.0, 1, 3.8797196256151665e-05]}