{"A": [966.0, 349, 0.1388694525904041], "B": [1090.0, 298, 0.15799034790712266], "C": [729.0, 256, 0.10451344098097179], "DMA": [59.0, 2, 0.011848446253683193], "DPA1": [391.0, 38, 0.07882190604063988], "DPB1": [235.0, 83, 0.04773960053918422], "DQB1": [132.0, 48, 0.025722954503288105], "DRA": [521.0, 8, 0.10749994087871473], "DRB3": [72.0, 7, 0.01418835079854502], "DRB4": [143.0, 8, 0.028179641169332473], "L": [20.0, 2, 0.0028803905590111924], "T": [27.0, 1, 0.009285023684341963], "DMB": [13.0, 2, 0.0025908967604035024], "DPB2": [2.0, 1, 0.00040681804802529216], "H": [1.0, 1, 0.00014401952795055963], "E": [706.0, 86, 0.10280337108807401], "DOB": [2.0, 2, 0.0003840520745348257], "DQA1": [178.0, 29, 0.03658396050627445], "DOA": [3.0, 3, 0.0006288661459514476], "F": [60.0, 7, 0.009097717731055525], "DRB1": [605.0, 38, 0.11922155879332968], "K": [2.0, 2, 0.00028882964800331815], "G": [2.0, 1, 0.00031041377115794175]}