{"A": [407.0, 196, 0.14506856768487947], "B": [745.0, 298, 0.26773777320199593], "C": [416.0, 191, 0.14787244904517677], "DPB1": [94.0, 37, 0.04734652274985622], "DRA": [180.0, 8, 0.09208572760109708], "DRB5": [35.0, 3, 0.017100813958381013], "L": [4.0, 1, 0.0014283370157104473], "T": [3.0, 1, 0.002557936877808252], "DRB4": [6.0, 3, 0.0029315681071510305], "DMB": [5.0, 2, 0.0024707344842466073], "DRB1": [153.0, 19, 0.07475498673235127], "DMA": [11.0, 1, 0.005477109116223013], "F": [19.0, 5, 0.007143057160219585], "E": [184.0, 40, 0.06643084777127115], "DPA1": [136.0, 27, 0.0679764374884216], "DQB1": [53.0, 31, 0.025607790298947056], "DQA1": [49.0, 16, 0.024969860381417273], "DOA": [2.0, 2, 0.0010394803248463813]}