{"A": [62.0, 54, 0.22894264758066904], "B": [68.0, 56, 0.2531735809556425], "DMA": [2.0, 2, 0.01031679500301956], "DRA": [15.0, 2, 0.07950000855268013], "DQB1": [5.0, 5, 0.02502778047028819], "DRB1": [12.0, 7, 0.06074157956833988], "DPA1": [7.0, 5, 0.03624713033627945], "E": [26.0, 15, 0.09724816544359213], "F": [2.0, 1, 0.007789626198245316], "DQA1": [5.0, 5, 0.026396487214757076], "DRB4": [2.0, 2, 0.010123596594723313], "DRB3": [2.0, 2, 0.010123596594723313], "C": [32.0, 26, 0.11784197453040325], "DPB1": [7.0, 7, 0.03652703095663682]}