{"A": [9394.0, 1151, 0.18811995929018796], "B": [13835.0, 697, 0.27934309721796186], "C": [2855.0, 436, 0.05701714325773948], "DMA": [415.0, 3, 0.011609465119276494], "DMB": [112.0, 3, 0.0031094208147138505], "DPA1": [2299.0, 62, 0.06456005171042575], "DPB1": [1734.0, 164, 0.04906985048526088], "DQA1": [790.0, 68, 0.022617913124885626], "DQB1": [930.0, 61, 0.025245535662319595], "DRA": [3899.0, 6, 0.11206718430442213], "DRB1": [3107.0, 61, 0.08528946644018882], "E": [4040.0, 228, 0.08194807255225038], "F": [351.0, 12, 0.007413837236893892], "HFE": [5.0, 1, 0.00010500500090621887], "K": [13.0, 7, 0.00026152297663944096], "L": [32.0, 3, 0.0006419867792631308], "T": [201.0, 1, 0.00962875269094163], "DPB2": [8.0, 2, 0.00022668089886352812], "V": [1.0, 1, 4.253007193377607e-05], "H": [3.0, 2, 6.018626055591851e-05], "DOB": [41.0, 7, 0.0010967274145745152], "DOA": [18.0, 7, 0.000525610689795113]}