{"A": [469.0, 274, 0.1969339835154071], "B": [462.0, 203, 0.195597932066863], "C": [614.0, 281, 0.25711725052152445], "DPB1": [80.0, 46, 0.04746998902891324], "DRA": [81.0, 5, 0.04881729901164563], "DRB1": [115.0, 34, 0.06619352168661895], "L": [2.0, 1, 0.0008413362562834304], "T": [11.0, 1, 0.01104918290387041], "DMB": [4.0, 2, 0.0023285468103197973], "DQA1": [14.0, 9, 0.008404598643498018], "DQB1": [35.0, 31, 0.019922011599402708], "DMA": [13.0, 1, 0.007625546424635061], "DPA1": [94.0, 28, 0.05534982533036024], "E": [135.0, 54, 0.05741887106997065], "H": [2.0, 2, 0.0008413362562834304], "F": [18.0, 5, 0.007972085333313889], "DRB3": [28.0, 4, 0.016116683541089832]}