{"A": [9033.0, 1277, 0.1495030812677814], "B": [4222.0, 932, 0.07045483833083462], "C": [7971.0, 1073, 0.13156669452319628], "DMA": [591.0, 3, 0.013664237700403323], "DPA1": [3631.0, 82, 0.08427232197926166], "DPB1": [3058.0, 290, 0.07152155295071072], "DQA1": [2058.0, 112, 0.04869727098605826], "DQB1": [1557.0, 149, 0.03493204952106492], "DRA": [6266.0, 8, 0.14885020217544562], "DRB1": [5258.0, 105, 0.11929123620300015], "DRB3": [1162.0, 7, 0.026362954824626507], "DRB5": [23.0, 4, 0.0005218140800055161], "E": [3381.0, 194, 0.05668085099484271], "F": [598.0, 15, 0.01043928917405848], "HFE": [5.0, 1, 8.678482581379894e-05], "K": [24.0, 9, 0.00039903551748383156], "L": [99.0, 3, 0.0016415159762915511], "T": [257.0, 1, 0.010175152132963486], "DRB4": [649.0, 9, 0.01472423208363391], "DMB": [199.0, 3, 0.004566131013328901], "DPB2": [1.0, 1, 2.3418482635836978e-05], "DPA2": [1.0, 1, 2.4792281753628233e-05], "V": [1.0, 1, 3.515037238957349e-05], "DOB": [19.0, 7, 0.00042005122625642387], "DOA": [39.0, 11, 0.0009412177403598544], "G": [4.0, 3, 7.147588013927039e-05], "H": [8.0, 4, 0.0001326477556599233]}