{"A": [470.0, 191, 0.1713731720355408], "B": [679.0, 247, 0.249625651926853], "C": [449.0, 209, 0.16326998001790577], "DRA": [159.0, 6, 0.08321143407122454], "DRB5": [36.0, 3, 0.017993568529287476], "E": [206.0, 59, 0.07608258427489775], "L": [2.0, 2, 0.0007305782842639533], "T": [11.0, 1, 0.009594609798568868], "DRB1": [118.0, 32, 0.058978919068220066], "DPB2": [1.0, 1, 0.0005159238399183588], "DMA": [12.0, 1, 0.006112319080559487], "DPA1": [86.0, 18, 0.04397278848121531], "DPB1": [110.0, 44, 0.05667858297996281], "F": [15.0, 6, 0.005768831408885395], "DQB1": [67.0, 22, 0.033115941092636186], "DQA1": [30.0, 22, 0.01563894139752525], "DMB": [2.0, 1, 0.0010110022721632485], "DOB": [3.0, 3, 0.0014611565685279065], "DRB3": [9.0, 3, 0.004498392132321869], "J": [1.0, 1, 0.00036562273952205147]}