{"A": [1621.0, 431, 0.23522763358599547], "B": [1627.0, 451, 0.23804953528848422], "C": [1111.0, 330, 0.1607808812714239], "DMA": [37.0, 2, 0.007500441754504453], "DPB1": [130.0, 46, 0.026658149447816103], "DQB1": [118.0, 52, 0.0232115773055315], "DRA": [245.0, 4, 0.05102844263080454], "DRB1": [286.0, 49, 0.05689068747327945], "E": [725.0, 111, 0.10656544165264692], "L": [6.0, 1, 0.0008722648282265487], "T": [34.0, 1, 0.011802496935016017], "DRB4": [35.0, 5, 0.006962147068408325], "DMB": [13.0, 2, 0.0026153260253728677], "K": [2.0, 2, 0.0002915529892455924], "DPA1": [190.0, 34, 0.03866335202850075], "V": [1.0, 1, 0.0003081889915333003], "DOB": [1.0, 1, 0.0001938366284947886], "F": [70.0, 6, 0.010714082232075059], "DQA1": [88.0, 31, 0.0182569874463529], "DOA": [2.0, 2, 0.00042319710125555434], "DRB3": [15.0, 2, 0.0029837773150321392]}