{"B": [19.0, 18, 0.19183309574318078], "DRB1": [8.0, 5, 0.10981338656380779], "DMA": [2.0, 1, 0.02797726546997775], "DRA": [6.0, 1, 0.08623580650746082], "DPA1": [3.0, 3, 0.04212668708697798], "F": [1.0, 1, 0.010562022410856152], "E": [6.0, 3, 0.06085829518284827], "A": [23.0, 23, 0.2303155761230682], "DPB1": [2.0, 2, 0.02830132645997749], "C": [17.0, 16, 0.16976940109438815], "DQA1": [2.0, 2, 0.02863298262943035], "DQB1": [1.0, 1, 0.01357415472802624]}