{"A": [251.0, 164, 0.15388926047250748], "B": [541.0, 254, 0.334430837631505], "C": [240.0, 149, 0.14674416926197179], "E": [119.0, 44, 0.07390173090611271], "F": [20.0, 5, 0.012933503871071964], "L": [1.0, 1, 0.0006142234274537368], "T": [10.0, 1, 0.014666424324385526], "Y": [1.0, 1, 0.0008169767918559412], "DRB3": [18.0, 5, 0.015127839921107765], "DPB2": [1.0, 1, 0.0008675114387748655], "DQB1": [22.0, 18, 0.01828414232440062], "DMA": [15.0, 1, 0.012847115963536175], "DRA": [74.0, 4, 0.06511892400027174], "H": [1.0, 1, 0.0006142234274537368], "DPA1": [45.0, 17, 0.0386890158901894], "DQA1": [8.0, 6, 0.007012384130096829], "DRB1": [87.0, 27, 0.07311789295202087], "DPB1": [35.0, 29, 0.030323823265283583]}