{"A": [508.0, 254, 0.13426959285624473], "B": [678.0, 243, 0.18068334161998337], "C": [426.0, 201, 0.11228935312801311], "DMA": [33.0, 2, 0.012184499477953687], "DRA": [301.0, 7, 0.11418823503629039], "DRB1": [274.0, 17, 0.09927373153141973], "DRB5": [85.0, 2, 0.030796595548068163], "E": [258.0, 52, 0.06907274628578979], "L": [4.0, 1, 0.001059170160326432], "T": [15.0, 1, 0.009484072677432757], "DRB4": [29.0, 6, 0.010507073775223256], "DMB": [8.0, 2, 0.0029314406457519432], "DQB1": [97.0, 41, 0.03475385743352581], "DOB": [3.0, 1, 0.001059170160326432], "F": [23.0, 4, 0.00641199841534791], "DPA1": [213.0, 28, 0.07894672911490577], "DQA1": [105.0, 25, 0.03967750717785345], "DOA": [3.0, 3, 0.0011562255933443917], "DPB1": [164.0, 54, 0.061254659362198906]}