{"A": [134.0, 103, 0.19175345199581217], "B": [293.0, 147, 0.4227469406094919], "C": [62.0, 50, 0.08847999781790576], "DRA": [35.0, 5, 0.07188650044092343], "T": [3.0, 1, 0.010269500062989063], "DMA": [9.0, 1, 0.017991223392793815], "DQB1": [2.0, 2, 0.003879588912684757], "DPB1": [13.0, 10, 0.02628833413807625], "DRB3": [8.0, 7, 0.015692719197376546], "DPA1": [14.0, 9, 0.028093574884958582], "E": [34.0, 17, 0.04928223185209327], "DRB1": [36.0, 17, 0.07061723638819445], "F": [2.0, 2, 0.003018700306699955]}