{"A": [2233.0, 672, 0.18467666894859877], "B": [2705.0, 636, 0.2255615338655224], "C": [2070.0, 458, 0.17072954228660436], "DPA1": [419.0, 45, 0.0485934697577841], "DPB1": [385.0, 87, 0.044995114389020874], "DQB1": [87.0, 30, 0.00975348641200392], "DRA": [783.0, 8, 0.09294498816144911], "DRB1": [775.0, 52, 0.08786073579197642], "DRB3": [170.0, 12, 0.019272677528562567], "E": [844.0, 124, 0.07070315827609916], "F": [76.0, 9, 0.006629618111706927], "L": [4.0, 1, 0.00033141723272603297], "T": [60.0, 1, 0.01187036885842262], "DRB4": [2.0, 2, 0.0002267373826889714], "DMB": [33.0, 3, 0.00378368007362221], "DPB2": [2.0, 1, 0.00023404206640962124], "DMA": [85.0, 1, 0.009820238359019476], "K": [1.0, 1, 8.308172165318668e-05], "DQA1": [96.0, 22, 0.01135104022086663], "DOA": [2.0, 2, 0.00024119076166516078], "DRB5": [2.0, 1, 0.0002267373826889714], "DOB": [1.0, 1, 0.00011047241090867767]}