{"A": [1277.0, 433, 0.18113101661458797], "B": [1651.0, 389, 0.23611493640533754], "C": [415.0, 226, 0.05870364190934084], "DMA": [77.0, 2, 0.01525711594514911], "DPA1": [336.0, 43, 0.06683158834071586], "DPB1": [382.0, 73, 0.076567878065201], "DRA": [563.0, 6, 0.11461757802929283], "DRB1": [482.0, 54, 0.0937170888670271], "DRB3": [64.0, 7, 0.01244376283711563], "E": [504.0, 83, 0.07241116282857081], "L": [20.0, 1, 0.0028419976142021043], "T": [22.0, 1, 0.007464732731333457], "DMB": [18.0, 2, 0.003539578846778985], "DPB2": [4.0, 1, 0.0008027910786509037], "K": [2.0, 2, 0.00028497981566015615], "DQB1": [124.0, 39, 0.023841903935834744], "F": [80.0, 10, 0.011968604746073032], "DOB": [3.0, 1, 0.0005683995228404208], "DQA1": [102.0, 34, 0.020684413885864693], "DOA": [1.0, 1, 0.00020682798042267637]}