{"A": [3759.0, 834, 0.17060402918402914], "B": [3730.0, 916, 0.17068692332997895], "C": [2252.0, 623, 0.10192961066549144], "DMA": [324.0, 2, 0.020541954471364313], "DOB": [5.0, 2, 0.00030312201898584357], "DPA1": [978.0, 56, 0.06224384189400343], "DPB1": [913.0, 170, 0.05855568379423675], "DQA1": [512.0, 41, 0.03322217328084845], "DQB1": [280.0, 78, 0.01722631207155105], "DRA": [1850.0, 8, 0.12051180503837183], "DRB1": [2194.0, 77, 0.13649709396663204], "DRB5": [2.0, 1, 0.0001244276152840766], "DRB7": [1.0, 1, 0.0001328886931233938], "E": [1109.0, 184, 0.050982550971117535], "F": [206.0, 11, 0.009861336737542912], "HFE": [1.0, 1, 4.759623679204649e-05], "L": [16.0, 2, 0.0007274928455660245], "T": [156.0, 1, 0.016936794221609017], "DRB4": [362.0, 10, 0.022521398366417866], "DMB": [86.0, 3, 0.005411187314683649], "DPB2": [1.0, 1, 6.42181184552483e-05], "V": [2.0, 1, 0.00019277856836082274], "DOA": [6.0, 5, 0.0003970777682969935], "K": [1.0, 1, 4.559310148332359e-05], "DRB3": [3.0, 2, 0.0001866414229261149], "H": [1.0, 1, 4.546830284787653e-05]}