{"A": [183.0, 110, 0.20050581525298986], "B": [110.0, 86, 0.12151867591090296], "C": [121.0, 74, 0.13221364384529577], "DRB3": [11.0, 5, 0.016521078410358717], "T": [1.0, 1, 0.0026209910490586916], "DRB4": [7.0, 2, 0.010513413533864637], "DMB": [2.0, 2, 0.003037966897772574], "DQA1": [23.0, 9, 0.03602838867827162], "DMA": [8.0, 1, 0.012244629939113886], "DRA": [57.0, 3, 0.08963789387780724], "DPA1": [56.0, 25, 0.08604080961047841], "DQB1": [19.0, 16, 0.02821933696153191], "DPB1": [43.0, 25, 0.06657722050871479], "F": [6.0, 4, 0.0069339186831005135], "DRB1": [59.0, 17, 0.08861305692828766], "E": [89.0, 32, 0.09877315991245073]}