{"A": [4100.0, 828, 0.12862034687642374], "B": [8270.0, 1260, 0.2615807554474883], "C": [3388.0, 849, 0.10599472259556088], "DMA": [319.0, 2, 0.01397964995271828], "DPA1": [1730.0, 73, 0.0761048792030782], "DPB1": [1462.0, 204, 0.06481186425350723], "DQB1": [592.0, 112, 0.025174731525210915], "DRA": [2297.0, 9, 0.10342552162573236], "DRB1": [2556.0, 132, 0.1099148808089037], "DRB3": [520.0, 18, 0.022361399851576657], "DRB5": [3.0, 3, 0.0001290080760667884], "E": [1646.0, 198, 0.052303253953860054], "F": [234.0, 11, 0.007742715251201542], "K": [4.0, 3, 0.00012605729665080513], "L": [41.0, 2, 0.0012885505553860699], "T": [122.0, 1, 0.009155357450543716], "Y": [1.0, 1, 4.180237416241808e-05], "DRB4": [13.0, 4, 0.0005590349962894164], "DMB": [98.0, 3, 0.004262153179752002], "DPB2": [2.0, 2, 8.877617605626933e-05], "DOB": [11.0, 3, 0.0004609449141218461], "DQA1": [252.0, 41, 0.01130231691416379], "DOA": [9.0, 5, 0.00041169509533664343], "G": [1.0, 1, 3.386937690249017e-05], "H": [4.0, 4, 0.00012571224930595803]}