{"A": [25730.0, 1477, 0.1980547280710194], "B": [34909.0, 1527, 0.2709301247449542], "C": [20465.0, 1467, 0.15709855792867544], "DMA": [736.0, 2, 0.007914127392929352], "DOA": [35.0, 12, 0.0003928446442120764], "DPA1": [4265.0, 79, 0.04603679083729512], "DPA2": [3.0, 3, 3.459115382089575e-05], "DPB1": [3804.0, 247, 0.04137778683643325], "DQA1": [2677.0, 88, 0.029460147684317844], "DQB1": [898.0, 135, 0.009369989112816255], "DRA": [5978.0, 8, 0.06604534969838073], "DRB1": [6454.0, 116, 0.06809954550775067], "DRB3": [1067.0, 21, 0.011258477697051435], "DRB5": [8.0, 2, 8.44122039141626e-05], "E": [9251.0, 371, 0.07212854428348067], "F": [1081.0, 13, 0.008776527802281343], "H": [7.0, 5, 5.3980295089725104e-05], "HFE": [5.0, 1, 4.036185251626328e-05], "K": [38.0, 11, 0.0002938401947323057], "L": [91.0, 2, 0.0007017438361664263], "T": [438.0, 1, 0.00806508954162227], "V": [7.0, 2, 0.0001144340491650652], "Y": [85.0, 4, 0.0008718454040497209], "DRB4": [13.0, 4, 0.00013716983136051423], "DMB": [200.0, 3, 0.002134285837602407], "DPB2": [7.0, 2, 7.624021059064266e-05], "DOB": [42.0, 7, 0.00043184236071780083], "G": [2.0, 2, 1.662098705389485e-05]}