{"A": [8170.0, 1090, 0.1634047143982184], "B": [10481.0, 1191, 0.2113584946095296], "C": [11183.0, 1137, 0.2230570076368288], "DMA": [320.0, 2, 0.008940715964345137], "DPA1": [1958.0, 66, 0.054915607361652276], "DPB1": [1488.0, 159, 0.042055885171280616], "DQA1": [752.0, 82, 0.021503120387684767], "DQB1": [455.0, 74, 0.012335911459601666], "DRA": [2986.0, 8, 0.08571823776737818], "DRB1": [2681.0, 86, 0.07350369369273455], "DRB5": [11.0, 2, 0.0003015817346587393], "E": [3269.0, 251, 0.06622630184251378], "F": [399.0, 13, 0.008417188089703818], "HFE": [1.0, 1, 2.0974817179964412e-05], "L": [33.0, 2, 0.0006612234565556117], "T": [144.0, 1, 0.0068896105372306645], "Y": [30.0, 2, 0.0007995376306100513], "DRB3": [227.0, 14, 0.006223550342503075], "DRB4": [381.0, 9, 0.010445694627725424], "DMB": [71.0, 2, 0.0019686931625088567], "J": [1.0, 1, 2.005537313919885e-05], "K": [9.0, 7, 0.00018082863887173344], "DPB2": [6.0, 1, 0.000169798713304815], "V": [1.0, 1, 4.2477047557877646e-05], "DOB": [13.0, 4, 0.00034730929031203853], "H": [6.0, 6, 0.00012022244664647487], "DOA": [12.0, 4, 0.00034997025637327077], "G": [1.0, 1, 2.1593543350464842e-05]}