{"DRA": [2.0, 1, 0.06600110359708011], "DRB1": [3.0, 2, 0.09455214279356983], "E": [3.0, 3, 0.06986740440742567], "DPB1": [2.0, 2, 0.06498178153380474], "DQA1": [1.0, 1, 0.03287164339307701], "DPA1": [1.0, 1, 0.032241918423860975], "B": [13.0, 13, 0.30136867551559304], "A": [10.0, 10, 0.22992187728491026], "C": [2.0, 2, 0.0458590774312137], "DQB1": [2.0, 2, 0.062334375619464547]}