{"A": [318.0, 196, 0.1339812931505899], "B": [455.0, 206, 0.19328711426761386], "C": [338.0, 160, 0.1420197574509723], "DMA": [25.0, 2, 0.014714206542895692], "DPA1": [130.0, 27, 0.07680703062850994], "DQB1": [29.0, 15, 0.016562746861173552], "DRA": [208.0, 7, 0.12578280780574802], "DRB7": [1.0, 1, 0.0012336390765563749], "L": [1.0, 1, 0.00042209366214292026], "T": [11.0, 1, 0.011086625688006637], "DMB": [6.0, 2, 0.0035046564674897016], "E": [131.0, 48, 0.05590638342788922], "F": [19.0, 4, 0.008443495120522738], "DRB3": [42.0, 12, 0.024256948134535463], "DQA1": [32.0, 9, 0.01927561057119336], "DOA": [3.0, 3, 0.0018430862697555402], "DRB1": [181.0, 24, 0.10453589553216473], "H": [2.0, 2, 0.0008441873242858405], "DPB1": [110.0, 43, 0.06549242201795427]}