{"A": [5304.0, 911, 0.19007111581509217], "B": [7385.0, 1044, 0.2668317895365475], "C": [1550.0, 510, 0.055393566524211735], "DMA": [293.0, 2, 0.014667632607522806], "DMB": [55.0, 4, 0.0027324514669873263], "DPB1": [966.0, 141, 0.04891826626303797], "DRA": [1910.0, 5, 0.0982396668601561], "DRB1": [2152.0, 64, 0.10571209990034564], "DRB4": [620.0, 10, 0.030456088261251995], "DRB5": [4.0, 2, 0.00019649089200807739], "E": [1545.0, 168, 0.05608079357706092], "HFE": [3.0, 1, 0.00011274298316509312], "K": [9.0, 3, 0.0003239942453079208], "L": [36.0, 2, 0.0012924295989837865], "T": [118.0, 1, 0.010115428175827593], "Y": [22.0, 3, 0.0010505347387640594], "DPA1": [1231.0, 79, 0.06186018861354296], "DRB3": [159.0, 11, 0.007810512957321077], "DPB2": [4.0, 1, 0.00020282113981761596], "H": [9.0, 5, 0.0003231073997459466], "F": [235.0, 9, 0.008882435892685026], "DOB": [8.0, 4, 0.00038294210340260337], "DOA": [8.0, 5, 0.0004180324156665869], "DQA1": [496.0, 49, 0.025411798642982136], "DQB1": [256.0, 88, 0.012435690231977875], "G": [2.0, 2, 7.737915658725172e-05]}