{"A": [461.0, 309, 0.1672483351667595], "B": [824.0, 482, 0.3014133959169609], "C": [376.0, 265, 0.13603909811219994], "DMA": [28.0, 3, 0.014190532850830018], "DPA1": [75.0, 29, 0.03815598939775723], "DRA": [122.0, 6, 0.06352747787730122], "DRB1": [157.0, 61, 0.07807830100134322], "DRB3": [4.0, 2, 0.0019892560764673433], "DRB5": [19.0, 4, 0.009448966363219881], "E": [195.0, 69, 0.07165863765309426], "HFE": [1.0, 1, 0.00038046659915242167], "L": [3.0, 1, 0.001090370061987004], "T": [13.0, 1, 0.011282202355258413], "DRB4": [11.0, 3, 0.005470454210285194], "DMB": [7.0, 2, 0.0035207572035203263], "DQA1": [44.0, 24, 0.022822051158533543], "DQB1": [28.0, 23, 0.013770072618212831], "DOA": [1.0, 1, 0.0005290153111720923], "F": [35.0, 5, 0.01339308215748366], "DPB1": [89.0, 55, 0.0456280812211327], "H": [1.0, 1, 0.00036345668732900134]}