{"A": [194.0, 139, 0.16967619836166625], "B": [323.0, 143, 0.2848368523745344], "C": [213.0, 131, 0.1857863573678864], "L": [2.0, 2, 0.0017524312006274882], "T": [7.0, 1, 0.014645590600451078], "DRB4": [14.0, 4, 0.016784834171303484], "DMB": [2.0, 2, 0.002425081560464302], "DMA": [12.0, 1, 0.014661561800669671], "DRA": [43.0, 1, 0.053979462498805406], "F": [10.0, 5, 0.00922509412049821], "DRB1": [70.0, 21, 0.08392417085651742], "E": [56.0, 29, 0.04961126262440624], "DPA1": [31.0, 15, 0.038020818947969055], "DQA1": [13.0, 7, 0.016255624834987274], "DQB1": [10.0, 10, 0.011855954295603252], "DRB3": [11.0, 3, 0.013188083991738452], "DPB1": [27.0, 20, 0.033370620391871705]}