{"A": [124.0, 93, 0.15799546325787747], "B": [150.0, 102, 0.19270307768722725], "DRA": [60.0, 4, 0.10972739953013881], "DRB3": [20.0, 7, 0.03493194367064344], "T": [6.0, 1, 0.0182878999216898], "DMA": [11.0, 1, 0.019579221099366374], "DQB1": [17.0, 13, 0.02936223931871307], "F": [4.0, 4, 0.005375693925107665], "E": [17.0, 11, 0.021940418679112166], "DPA1": [55.0, 18, 0.0982711863608044], "DQA1": [7.0, 5, 0.01275152396883449], "DRB1": [82.0, 22, 0.1432209690496381], "DMB": [1.0, 1, 0.0017664448787995833], "DPB1": [39.0, 20, 0.0702212991201564], "C": [66.0, 56, 0.08386521953189083]}