{"A": [3287.0, 836, 0.12898357606151695], "B": [8266.0, 1122, 0.32704278373454376], "C": [4177.0, 698, 0.16346102048319985], "DMA": [160.0, 2, 0.00877070464281269], "DOA": [5.0, 3, 0.00028609619228298365], "DPA1": [833.0, 65, 0.045837433081305036], "DPB1": [669.0, 140, 0.037097286881827285], "DQA1": [273.0, 59, 0.015315757331099132], "DQB1": [295.0, 83, 0.015691846338958166], "DRA": [1389.0, 8, 0.07823081598537031], "DRB1": [1222.0, 127, 0.06573183242653281], "DRB3": [126.0, 8, 0.006777586649544301], "DRB5": [5.0, 2, 0.00026895185117239284], "E": [2010.0, 188, 0.07989209776864654], "F": [227.0, 9, 0.009395332995796864], "K": [5.0, 4, 0.00019710012149047276], "L": [43.0, 1, 0.0016904212791844393], "T": [105.0, 2, 0.009856294310611809], "Y": [10.0, 2, 0.0005228893999735114], "DRB4": [38.0, 3, 0.002044034068910186], "DMB": [36.0, 3, 0.001958458479900788], "DPB2": [2.0, 2, 0.0001110466148397354], "DPA2": [1.0, 1, 5.878047279374808e-05], "V": [1.0, 1, 8.333865871918248e-05], "H": [3.0, 3, 0.00011793636831519345], "DOB": [11.0, 5, 0.0005765778006520568]}