{"A": [902.0, 307, 0.19104699051588983], "B": [854.0, 303, 0.18237528951154947], "C": [930.0, 260, 0.1964407723430179], "DRA": [221.0, 6, 0.06718415231889163], "DRB1": [232.0, 28, 0.06735835496103224], "E": [444.0, 83, 0.09525541891367123], "F": [44.0, 9, 0.009829647645858674], "HFE": [2.0, 1, 0.00044424169485711906], "K": [4.0, 4, 0.0008510906761489545], "L": [6.0, 1, 0.0012731415725786596], "T": [21.0, 1, 0.01064002412290139], "Y": [2.0, 2, 0.0005644672991691792], "DRB4": [39.0, 4, 0.01132317173913904], "DMB": [4.0, 2, 0.0011745481174631406], "DQA1": [94.0, 19, 0.028464439534145795], "DMA": [31.0, 1, 0.009172234535609105], "DQB1": [55.0, 17, 0.01579114691256], "DPA1": [149.0, 32, 0.044254812977519244], "DPB1": [165.0, 55, 0.04938544015124942], "DOA": [3.0, 2, 0.0009265359651701268], "DRB5": [53.0, 3, 0.015387900055753053], "DOB": [2.0, 2, 0.0005658406989238488], "DRB3": [1.0, 1, 0.00029033773690100104]}