{"A": [95.0, 82, 0.1424127983387344], "B": [159.0, 107, 0.24032392015439497], "C": [69.0, 55, 0.1031548202852832], "DRA": [55.0, 4, 0.11833930363503503], "DRB5": [12.0, 2, 0.024659058162969507], "DMB": [1.0, 1, 0.002078272894416938], "DMA": [3.0, 1, 0.006282412719000819], "DPA1": [32.0, 18, 0.06726915483538043], "DPB1": [21.0, 16, 0.04448627384805986], "DRB1": [43.0, 18, 0.08836162508397406], "F": [5.0, 3, 0.007905821961470771], "DQA1": [8.0, 6, 0.017145751378939734], "DQB1": [27.0, 18, 0.05486640441260715], "E": [45.0, 14, 0.06832993169466758], "DRB3": [7.0, 2, 0.014384450595065547]}