{"A": [19103.0, 1582, 0.20470486776391417], "B": [11348.0, 1402, 0.12260844426450154], "C": [10199.0, 1155, 0.10899315076189478], "DMA": [781.0, 2, 0.011691155106296761], "DMB": [200.0, 4, 0.0029712127399310825], "DOA": [39.0, 11, 0.0006093945492097694], "DOB": [19.0, 4, 0.00027196356028274285], "DPB1": [4701.0, 205, 0.07118658625231329], "DQA1": [2622.0, 87, 0.040169867739887004], "DQB1": [1866.0, 199, 0.02710538342214462], "DRA": [7155.0, 8, 0.11004672879824746], "DRB1": [6244.0, 107, 0.09171900037277594], "DRB3": [1256.0, 15, 0.018449561894331612], "DRB5": [8.0, 3, 0.00011751313308491472], "E": [8178.0, 296, 0.08876602217448276], "F": [884.0, 15, 0.009991494875996489], "G": [3.0, 3, 3.470797182928344e-05], "HFE": [4.0, 1, 4.4951298758842735e-05], "K": [49.0, 16, 0.0005274786093835565], "L": [160.0, 3, 0.0017176645912594286], "T": [401.0, 1, 0.010279230898694905], "DRB4": [646.0, 10, 0.009489185496606864], "DPB2": [11.0, 2, 0.00016678611720540972], "DPA1": [4534.0, 97, 0.06813161572014842], "V": [3.0, 1, 6.827467572607594e-05], "W": [1.0, 1, 1.2570515438169966e-05], "H": [8.0, 7, 8.588322956297143e-05], "Y": [2.0, 1, 2.855825837409487e-05], "J": [1.0, 1, 1.0745207717011038e-05]}