{"A": [8084.0, 1063, 0.1421901837078036], "B": [15576.0, 1433, 0.27623182285873876], "C": [9124.0, 919, 0.16004555182535016], "DMA": [380.0, 2, 0.009336985861281602], "DMB": [75.0, 4, 0.0018288653526134717], "DPA1": [2355.0, 71, 0.05808644531427063], "DPB1": [1780.0, 162, 0.04424300676963308], "DQB1": [806.0, 147, 0.019217446182247157], "DRA": [3368.0, 10, 0.08502689077160647], "DRB1": [2863.0, 59, 0.06902946103353536], "DRB5": [857.0, 7, 0.02066302763036668], "E": [3834.0, 196, 0.06830751354785584], "F": [425.0, 14, 0.00788467598705981], "K": [15.0, 5, 0.0002650432496376705], "L": [135.0, 2, 0.0023788598966110997], "T": [196.0, 1, 0.008246867869771806], "DRB3": [6.0, 5, 0.00014466530429661618], "DRB4": [70.0, 8, 0.0016877618834605223], "DPB2": [10.0, 2, 0.0002488765222113178], "DOB": [12.0, 4, 0.00028193895070946365], "DOA": [10.0, 6, 0.00025647832833463827], "DQA1": [966.0, 74, 0.024291904046088438], "H": [6.0, 5, 0.00010572710651604888]}