{"A": [92.0, 78, 0.1664051989121695], "B": [125.0, 83, 0.2279625658830924], "DMA": [12.0, 2, 0.03032076143470994], "DQA1": [15.0, 13, 0.038789255351044945], "DRA": [30.0, 4, 0.07788274015582357], "DRB5": [12.0, 2, 0.02975295691346069], "T": [5.0, 1, 0.02163409448772877], "V": [1.0, 1, 0.003841411748498068], "DPA1": [56.0, 21, 0.14203902036081234], "DPB1": [28.0, 16, 0.07156792338643247], "DRB3": [6.0, 4, 0.014876478456730345], "F": [2.0, 2, 0.0038155809298242097], "DRB1": [30.0, 18, 0.07438239228365173], "E": [20.0, 8, 0.03664224859729707], "C": [17.0, 16, 0.030665002595412823], "DQB1": [12.0, 12, 0.02942236850331113]}