{"A": [192.0, 117, 0.17576042340599454], "B": [110.0, 91, 0.10152827488414458], "C": [237.0, 114, 0.2163631165855299], "DPB1": [32.0, 24, 0.04139531207631532], "DRA": [79.0, 5, 0.10379773044037839], "DRB1": [92.0, 27, 0.1154456339132071], "E": [85.0, 30, 0.0788155381134757], "L": [1.0, 1, 0.000917089344300211], "T": [4.0, 1, 0.008759302146867376], "DRB4": [16.0, 4, 0.020077501550122973], "DMB": [1.0, 1, 0.0012691034360518072], "DMA": [8.0, 1, 0.01023032998832602], "F": [12.0, 6, 0.011586512061706413], "DPA1": [52.0, 22, 0.06675192325716173], "DQB1": [14.0, 13, 0.01737261592462029], "DQA1": [21.0, 13, 0.027484021286996948], "DOB": [2.0, 2, 0.0024455715848005627]}