{"A": [102.0, 80, 0.11892455987364409], "B": [173.0, 117, 0.20337236758168303], "C": [43.0, 38, 0.049998256218715884], "DPA1": [48.0, 16, 0.0784789522898422], "DPB1": [38.0, 25, 0.06260893249763955], "DRA": [76.0, 4, 0.1271820667991266], "DRB1": [86.0, 28, 0.13744838975482193], "DRB3": [21.0, 8, 0.03356297889361931], "F": [15.0, 5, 0.018446511660346554], "T": [5.0, 1, 0.013945402061307744], "Y": [1.0, 1, 0.0015536261034321006], "DMB": [3.0, 2, 0.00484919662586383], "DMA": [6.0, 1, 0.009772426788000388], "DQB1": [16.0, 13, 0.02528766240450471], "E": [65.0, 34, 0.07676403514743847], "DQA1": [20.0, 9, 0.03333822680281383], "DRB4": [1.0, 1, 0.0015982370901723483], "H": [1.0, 1, 0.001168054661704426], "DOA": [1.0, 1, 0.0017001167453227766]}