{"A": [248.0, 152, 0.20259884001902673], "B": [181.0, 145, 0.14908649644428645], "C": [280.0, 144, 0.22811735436791175], "DMB": [6.0, 3, 0.006795378981576593], "DRA": [60.0, 3, 0.07035215886808707], "E": [118.0, 42, 0.09764282566147325], "L": [7.0, 1, 0.005728950893226981], "T": [10.0, 1, 0.01954226635224641], "DRB4": [6.0, 2, 0.006719026408749889], "DPB2": [1.0, 1, 0.001155914981402204], "DRB1": [64.0, 25, 0.07166961502666548], "DMA": [3.0, 1, 0.00342362605178668], "F": [13.0, 4, 0.011201604545999454], "DPA1": [46.0, 17, 0.052696732025712734], "DQA1": [26.0, 15, 0.030366849823920395], "K": [2.0, 2, 0.0016413358198867525], "DPB1": [30.0, 19, 0.03463281952000426], "DQB1": [5.0, 5, 0.0055369754664698154], "DOB": [1.0, 1, 0.0010912287415670442]}