{"A": [23478.0, 1826, 0.18316537001810243], "B": [28419.0, 1922, 0.22354528887828987], "C": [13624.0, 1279, 0.10599903839623827], "DMA": [1016.0, 3, 0.01107275705784195], "DPA1": [4805.0, 104, 0.05256736879539555], "DPB1": [5115.0, 231, 0.05639092632142756], "DQA1": [2738.0, 98, 0.030539142132079197], "DQB1": [2194.0, 146, 0.02320257653122329], "DRA": [7823.0, 8, 0.08759846671852851], "DRB1": [7190.0, 96, 0.07689196927962161], "DRB3": [1434.0, 10, 0.015335616682472514], "DRB5": [8.0, 3, 8.555434690361235e-05], "E": [11501.0, 302, 0.09088473195739102], "F": [1542.0, 16, 0.012688732846208162], "HFE": [1.0, 1, 8.181594062773817e-06], "K": [69.0, 17, 0.0005407711801253146], "L": [310.0, 3, 0.002422901446126367], "T": [547.0, 1, 0.010208436937030784], "Y": [129.0, 3, 0.001341056600607306], "DRB4": [996.0, 10, 0.010651516189499737], "DMB": [346.0, 3, 0.0037422735206673846], "DPB2": [14.0, 2, 0.00015454356413935387], "G": [1.0, 1, 8.422939020377765e-06], "DQA2": [3.0, 3, 3.34614413426726e-05], "V": [3.0, 1, 4.9706744586407276e-05], "H": [17.0, 13, 0.00013286878898112334], "DOB": [25.0, 4, 0.0002605270372178889], "DOA": [42.0, 10, 0.00047779205486907813]}