{"A": [2319.0, 626, 0.12436758435770193], "B": [3010.0, 761, 0.16275989696269516], "C": [3605.0, 829, 0.19280875063488404], "DMA": [156.0, 3, 0.011687209866860468], "DPA1": [874.0, 51, 0.06572921733452808], "DPB1": [726.0, 132, 0.05502048220956498], "DQA1": [377.0, 48, 0.02890606138294461], "DQB1": [429.0, 111, 0.031187535959529514], "DRA": [1624.0, 5, 0.12500672578759997], "DRB1": [1349.0, 101, 0.09917180641802147], "DRB5": [1.0, 1, 7.351505294145401e-05], "E": [1300.0, 185, 0.07061921091138014], "F": [191.0, 11, 0.010804170475087407], "HFE": [1.0, 1, 5.624217517297485e-05], "L": [4.0, 1, 0.00021491079345293675], "T": [79.0, 1, 0.010134987004536534], "DMB": [48.0, 3, 0.0035688216609760406], "DPB2": [1.0, 1, 7.58834502655988e-05], "G": [1.0, 1, 5.790123638751689e-05], "DPA2": [2.0, 2, 0.00016067000656508777], "DOB": [14.0, 7, 0.0010029170361137048], "DRB3": [82.0, 11, 0.00602823434119923], "K": [2.0, 2, 0.00010775033377146326], "DOA": [3.0, 3, 0.00023460381436695086], "H": [4.0, 4, 0.00021491079345293675]}