{"A": [497.0, 216, 0.17510726709070706], "B": [636.0, 226, 0.2259328378220088], "C": [312.0, 147, 0.10962696639576984], "DMB": [7.0, 3, 0.0034191879937686075], "DOA": [4.0, 2, 0.002055015663870034], "DRA": [168.0, 4, 0.08495676520987411], "F": [35.0, 9, 0.013006709371108248], "L": [4.0, 2, 0.0014118857617647224], "T": [12.0, 1, 0.01011390062022311], "Y": [4.0, 2, 0.0018779451394346305], "DRB4": [23.0, 4, 0.011108244782323695], "K": [2.0, 2, 0.0007078805100156156], "DMA": [21.0, 1, 0.010335865996430296], "W": [1.0, 1, 0.0004133084388071944], "DQB1": [58.0, 24, 0.027700850032055517], "DRB1": [165.0, 22, 0.0796895821340613], "E": [297.0, 60, 0.10599302538827451], "DPA1": [128.0, 27, 0.06324094180921117], "DQA1": [50.0, 19, 0.025185982989813407], "DRB3": [12.0, 6, 0.005795605973386276], "DPB1": [85.0, 41, 0.04232023087709187]}