{"A": [20130.0, 2162, 0.2646529901367051], "B": [27885.0, 1688, 0.3696393002735799], "C": [6472.0, 923, 0.08485678237130322], "DMA": [545.0, 3, 0.010009429536745613], "DPB1": [883.0, 154, 0.01640495544336333], "DQB1": [700.0, 132, 0.012475225124289129], "DRA": [2554.0, 9, 0.04819420583309411], "DRB1": [2097.0, 114, 0.037792122595619385], "DRB3": [470.0, 19, 0.008470337443939489], "DRB5": [9.0, 3, 0.00016219795105416044], "E": [7109.0, 305, 0.09467048508295052], "F": [837.0, 14, 0.011606735800074519], "HFE": [5.0, 1, 6.893800211948557e-05], "K": [39.0, 11, 0.0005150860824418947], "L": [107.0, 3, 0.0014093166860298996], "T": [375.0, 2, 0.011793805264559051], "V": [7.0, 3, 0.0001954532369569477], "Y": [1.0, 1, 1.7518953451238203e-05], "DRB4": [14.0, 5, 0.00025230792386202736], "DMB": [101.0, 3, 0.0018409057853861718], "DQA1": [181.0, 42, 0.003402144262410769], "DPB2": [1.0, 1, 1.860260005646943e-05], "DOB": [28.0, 7, 0.0004917242019792796], "DPA1": [1130.0, 65, 0.020833011414453276], "J": [2.0, 1, 2.636642492021969e-05], "DOA": [7.0, 6, 0.0001341956487473333], "H": [5.0, 4, 6.585591990793922e-05]}