{"DRB5": [1.0, 1, 0.016237108540582683], "DRA": [5.0, 2, 0.08500603883010933], "DQA1": [2.0, 2, 0.033869593596371685], "E": [7.0, 6, 0.0839865937149881], "DRB1": [3.0, 3, 0.04871132562174804], "A": [17.0, 14, 0.20136676411394752], "DRB3": [2.0, 2, 0.032474217081165366], "DQB1": [3.0, 3, 0.04817008867039529], "DPB1": [4.0, 4, 0.06695456340286604], "C": [12.0, 10, 0.14175393941151745], "DPA1": [3.0, 3, 0.049831126210753744], "B": [15.0, 12, 0.17914495786510645], "F": [1.0, 1, 0.012493682940448345]}