{"A": [113.0, 85, 0.12833239820954923], "B": [296.0, 165, 0.3389409466937206], "C": [146.0, 97, 0.16535820285803265], "DRB1": [49.0, 25, 0.07628229854794524], "E": [72.0, 30, 0.08282537694587504], "F": [8.0, 3, 0.009582955343081283], "L": [3.0, 1, 0.003413272073043208], "T": [3.0, 1, 0.008150209568748052], "Y": [1.0, 1, 0.0015133277475952085], "DRB3": [1.0, 1, 0.0015567816030192907], "DMA": [8.0, 1, 0.012691929404767958], "DRA": [36.0, 3, 0.05868150889498597], "DPA1": [25.0, 12, 0.03981424214618301], "DQA1": [7.0, 6, 0.011365721937668181], "DMB": [1.0, 1, 0.001574472303053601], "DPB1": [22.0, 18, 0.03530708546770391], "DOB": [1.0, 1, 0.0015170098102414258], "DQB1": [15.0, 13, 0.023092260444786145]}