{"B": [74.0, 54, 0.28136138761151597], "DPB1": [8.0, 7, 0.04263140298569562], "L": [2.0, 1, 0.007555793822966583], "T": [1.0, 1, 0.009020860599097359], "DRA": [13.0, 1, 0.07036271267295939], "DPA1": [9.0, 5, 0.04759281626420331], "F": [2.0, 1, 0.00795499522571698], "E": [24.0, 11, 0.09167324756425876], "DQA1": [4.0, 4, 0.021565494869717122], "DMB": [1.0, 1, 0.005227998756295061], "DRB1": [10.0, 8, 0.05169257197235565], "DRB3": [3.0, 2, 0.015507771591706696], "C": [41.0, 36, 0.15419035024015731], "A": [50.0, 43, 0.18855077481719887], "DQB1": [1.0, 1, 0.00511182100615517]}