{"A": [71.0, 63, 0.19419690790443875], "B": [71.0, 56, 0.19580184102761594], "C": [50.0, 46, 0.13638574719465898], "F": [3.0, 3, 0.008654795830623604], "DQA1": [6.0, 5, 0.02346261057208118], "DMA": [7.0, 1, 0.02674618202618923], "DRA": [16.0, 4, 0.06281232215898333], "E": [22.0, 15, 0.060950840748137086], "DPA1": [15.0, 10, 0.05753283818441361], "DPB1": [14.0, 13, 0.054111966724799836], "DRB3": [3.0, 2, 0.01124799308324491], "DMB": [1.0, 1, 0.0037919370621545346], "DRB1": [28.0, 15, 0.1049812687769525], "DQB1": [16.0, 13, 0.05932274870570649]}