{"A": [4354.0, 814, 0.22739183435789717], "B": [7197.0, 1004, 0.3789766072208739], "C": [1650.0, 533, 0.0859380323450478], "DMA": [122.0, 2, 0.008900738978064239], "DMB": [18.0, 4, 0.0013032751186211795], "DPA1": [502.0, 47, 0.03676467537688967], "DPB1": [348.0, 81, 0.025683074152287644], "DQB1": [152.0, 73, 0.010760869127578333], "DRA": [507.0, 8, 0.038004524635557216], "DRB1": [633.0, 66, 0.04531687715834843], "DRB5": [189.0, 5, 0.013530631568606403], "E": [1667.0, 156, 0.08818507693784712], "F": [201.0, 10, 0.011072204754164948], "HFE": [1.0, 1, 5.4769919025149856e-05], "K": [5.0, 4, 0.00026232436056418986], "L": [41.0, 2, 0.002145171819336321], "T": [123.0, 1, 0.015366721006487633], "DRB3": [53.0, 10, 0.003794304090667404], "H": [3.0, 3, 0.00015696379165875521], "DQA1": [80.0, 28, 0.005973344293680407], "DOB": [3.0, 3, 0.00020928505554500693], "DOA": [2.0, 2, 0.00015230838039663187], "G": [1.0, 1, 5.6385550854800295e-05]}