{"A": [47.0, 40, 0.12165265313204666], "B": [26.0, 24, 0.06785338767977], "C": [37.0, 34, 0.09550815865929478], "DRA": [55.0, 4, 0.20432773529813092], "L": [1.0, 1, 0.0025930775962685827], "T": [2.0, 1, 0.012383499108977633], "DRB4": [12.0, 4, 0.04257697446457478], "DMA": [8.0, 1, 0.02892634143013096], "DPA1": [21.0, 12, 0.0762225721018106], "E": [15.0, 10, 0.03932674878473755], "DQB1": [7.0, 4, 0.024560606566138968], "DOB": [1.0, 1, 0.003457436795024777], "DPB1": [18.0, 11, 0.0658381400504332], "F": [1.0, 1, 0.002730079774745789], "DRB1": [41.0, 3, 0.1454713294206305], "DQA1": [16.0, 4, 0.0592086051147993], "DMB": [1.0, 1, 0.003588400309987837], "DOA": [1.0, 1, 0.0037742537124971667]}