{"A": [476.0, 192, 0.21622673207737825], "B": [597.0, 221, 0.27343318640398234], "C": [272.0, 141, 0.12322146195456667], "DRA": [112.0, 3, 0.07302328391263709], "E": [185.0, 37, 0.08512305824769342], "F": [23.0, 3, 0.011020007208409234], "K": [3.0, 3, 0.0013690076181177469], "L": [6.0, 1, 0.0027305206689830245], "T": [12.0, 1, 0.013039872127256623], "DMB": [7.0, 2, 0.004408365861203233], "DMA": [17.0, 1, 0.010787756807568216], "DRB1": [105.0, 33, 0.06538250490773334], "DPA1": [90.0, 25, 0.05733047228362825], "DQA1": [17.0, 9, 0.011040594857745598], "DQB1": [23.0, 15, 0.014162750004881498], "DRB3": [9.0, 6, 0.005604214706377143], "DPB1": [50.0, 22, 0.03209621035183821]}