{"A": [454.0, 260, 0.19525814179381495], "B": [379.0, 228, 0.1643489634882298], "C": [114.0, 93, 0.04889598187593859], "DRA": [184.0, 5, 0.1135826578644094], "DRB1": [216.0, 33, 0.12734352701456744], "DRB5": [5.0, 2, 0.002947766829040913], "E": [145.0, 51, 0.06316759748320236], "K": [2.0, 2, 0.000864102920425168], "L": [4.0, 2, 0.001723475350410052], "T": [10.0, 1, 0.010288284226848677], "Y": [1.0, 1, 0.0005730973859373231], "DRB4": [45.0, 5, 0.026529901461368216], "DMB": [7.0, 2, 0.004173769851119292], "DMA": [25.0, 1, 0.015020109605990912], "DPB2": [1.0, 1, 0.000608546708778807], "F": [21.0, 4, 0.009526298910912046], "DOB": [1.0, 1, 0.0005744917834700174], "DOA": [2.0, 2, 0.0012542689137114323], "DPA1": [129.0, 34, 0.07780071486027293], "DQA1": [99.0, 26, 0.060873687962530044], "DQB1": [29.0, 18, 0.016907080412787993], "DPB1": [95.0, 42, 0.05773753329623379]}