{"A": [206.0, 139, 0.1383086154243973], "B": [268.0, 146, 0.18142255034566693], "C": [207.0, 125, 0.13860132432717637], "DRB3": [31.0, 4, 0.02853077252836645], "DRB5": [28.0, 3, 0.025769730025621312], "L": [3.0, 1, 0.0020178786904186657], "T": [4.0, 1, 0.006424386476975622], "DMB": [5.0, 3, 0.004654029976218135], "DMA": [18.0, 1, 0.016882404921365324], "DRA": [129.0, 4, 0.12431187832947828], "DRB1": [100.0, 26, 0.09203475009150468], "F": [16.0, 5, 0.011330618224521844], "E": [94.0, 28, 0.06392679403496083], "DPA1": [50.0, 20, 0.04707524573645929], "DQA1": [36.0, 14, 0.03455617257341965], "DPB1": [58.0, 27, 0.0550289629311599], "DQB1": [32.0, 19, 0.029123885362289482]}