{"A": [214.0, 142, 0.1579218281304562], "B": [228.0, 147, 0.16964368468667526], "C": [338.0, 177, 0.2487482940024252], "DRA": [102.0, 6, 0.1080362413004616], "F": [14.0, 7, 0.010897027220507654], "L": [1.0, 1, 0.000739299096490385], "T": [10.0, 1, 0.01765298060465059], "DMB": [3.0, 2, 0.0030692114005812956], "DMA": [19.0, 1, 0.01958672313653407], "E": [69.0, 31, 0.051576342133753575], "DPA1": [39.0, 17, 0.040358366003046], "DRB3": [17.0, 5, 0.017196779982283215], "DQA1": [6.0, 5, 0.006330248513698922], "DRB1": [102.0, 30, 0.10318067989369929], "DQB1": [18.0, 12, 0.0180060402167436], "DPB1": [25.0, 17, 0.02607052154933919], "DOB": [1.0, 1, 0.0009857321286538467]}