{"A": [7956.0, 1242, 0.16193581887259242], "B": [11548.0, 1286, 0.23698965179724552], "C": [2798.0, 793, 0.056795101313771384], "DMA": [722.0, 2, 0.020528874462559486], "DOB": [14.0, 7, 0.00038063323457077964], "DPA1": [1998.0, 72, 0.057027483725298984], "DPB1": [2538.0, 166, 0.07299970185309847], "DQB1": [708.0, 106, 0.01953433927006738], "DRA": [4276.0, 8, 0.12491849658844681], "DRB1": [4552.0, 109, 0.12700482625787474], "DRB3": [690.0, 13, 0.019251610307103158], "E": [2709.0, 223, 0.055850904419856545], "F": [472.0, 13, 0.010133086653060888], "HFE": [1.0, 1, 2.1345375823248796e-05], "L": [73.0, 2, 0.0014885478280535847], "T": [325.0, 1, 0.01582417812256206], "Y": [1.0, 1, 2.712209767832705e-05], "DMB": [184.0, 3, 0.0051921009616126695], "DPB2": [4.0, 2, 0.00011519901281928603], "DPA2": [1.0, 1, 3.0489233952171203e-05], "V": [1.0, 1, 4.322748256661797e-05], "K": [5.0, 3, 0.00010223517148646611], "DOA": [10.0, 6, 0.0002967942694148936], "H": [6.0, 5, 0.00012234639682632203], "DQA1": [460.0, 68, 0.013385885291657665]}