{"A": [2019.0, 658, 0.2583963870321664], "B": [2940.0, 518, 0.3793777956549042], "C": [652.0, 229, 0.08321713021967052], "DMA": [58.0, 3, 0.010369502141712561], "DRA": [249.0, 7, 0.04573939017721732], "DRB5": [2.0, 2, 0.00035087298994300546], "E": [695.0, 111, 0.09009651251675344], "F": [84.0, 8, 0.011339163427149463], "HFE": [1.0, 1, 0.0001342164589036998], "K": [6.0, 6, 0.0007714069486121154], "L": [10.0, 2, 0.0012821590554030445], "T": [47.0, 1, 0.014389232518937176], "DRB3": [53.0, 12, 0.009298134233489644], "DRB4": [1.0, 1, 0.00017543649497150273], "DMB": [11.0, 3, 0.0019517310065579679], "DQA1": [15.0, 10, 0.0027446217279721422], "V": [1.0, 1, 0.00027180779975275376], "DRB1": [218.0, 61, 0.038245155903787596], "DQB1": [73.0, 33, 0.012664565642553926], "DOB": [4.0, 3, 0.0006838181628816239], "DPA1": [112.0, 28, 0.020100585998574012], "DPB1": [100.0, 48, 0.018085538284707037], "DOA": [1.0, 1, 0.00018661969783821206], "H": [1.0, 1, 0.00012821590554030446]}