{"A": [14.0, 14, 0.24811981780652737], "DRA": [4.0, 1, 0.1017499757055339], "DRB1": [3.0, 3, 0.07288270731716615], "DQA1": [2.0, 2, 0.05067625743146708], "E": [3.0, 2, 0.05385521084967719], "B": [10.0, 10, 0.1786931391522806], "C": [11.0, 10, 0.1944200830068274], "DPA1": [3.0, 2, 0.07455817185319295], "DPB1": [1.0, 1, 0.025044636877327362]}