{"B": [42.0, 35, 0.25096163945064587], "DMA": [2.0, 2, 0.016557447313810335], "DRB1": [17.0, 7, 0.13810275343766146], "T": [3.0, 1, 0.04252991368841478], "Y": [1.0, 1, 0.007896937857193519], "DRB4": [2.0, 2, 0.016247382757371937], "DMB": [3.0, 2, 0.02464801816033129], "DRA": [13.0, 3, 0.11057777558987841], "F": [2.0, 1, 0.012501588461724228], "DPA1": [8.0, 7, 0.06648354323706218], "E": [6.0, 5, 0.036017030226904764], "DQA1": [2.0, 2, 0.01694551248522776], "A": [20.0, 18, 0.11852598896771332], "DPB1": [4.0, 4, 0.0334984648356626], "C": [17.0, 14, 0.10047257538925235], "DQB1": [1.0, 1, 0.008033428141145013]}