{"A": [84.0, 71, 0.18563298210132623], "B": [120.0, 90, 0.2673816271117096], "C": [51.0, 44, 0.11239863902631878], "DRA": [19.0, 2, 0.06026572164017846], "DRB5": [1.0, 1, 0.0030293236779510165], "T": [5.0, 1, 0.026432334052709852], "DMA": [5.0, 1, 0.015435675992613003], "DRB3": [2.0, 2, 0.006058647355902033], "F": [7.0, 3, 0.016316443671730404], "E": [48.0, 21, 0.10744597487994528], "DPB1": [12.0, 11, 0.03747472225542493], "DQA1": [4.0, 4, 0.012637959718951897], "DQB1": [8.0, 8, 0.023965316207790265], "DRB1": [21.0, 13, 0.06361579723697135], "DMB": [2.0, 2, 0.006127495621310011], "DPA1": [18.0, 13, 0.055781339449166994]}