{"A": [59.0, 53, 0.27198600066660406], "B": [56.0, 46, 0.26028972636983316], "C": [32.0, 28, 0.1471158749275974], "DRA": [9.0, 2, 0.059549477314442927], "T": [1.0, 1, 0.011027680984156098], "DMB": [1.0, 1, 0.006391042388545012], "DMA": [1.0, 1, 0.006439828971663676], "DRB3": [2.0, 2, 0.01263846584701036], "F": [2.0, 1, 0.009724698504760132], "E": [16.0, 11, 0.07471152135391362], "DQB1": [2.0, 2, 0.012498038448710244], "DRB1": [13.0, 10, 0.08215002800556734], "DPA1": [4.0, 4, 0.025858010583538437], "DPB1": [2.0, 2, 0.013028843170470138], "DQA1": [1.0, 1, 0.006590762463187042]}