{"A": [28822.0, 1921, 0.1928416478347479], "B": [25521.0, 1484, 0.17216658610635854], "C": [30891.0, 1569, 0.20612169666358882], "DMA": [1276.0, 2, 0.011926340063224686], "DOA": [82.0, 12, 0.0008000146433648453], "DOB": [124.0, 10, 0.0011082275129111379], "DPA1": [6103.0, 83, 0.05726122939362528], "DPB1": [3936.0, 215, 0.03721458078478631], "DQA1": [2279.0, 107, 0.021800284700331032], "DQB1": [2864.0, 269, 0.025975687741094225], "DRA": [8149.0, 8, 0.07825677434355863], "DRB1": [9444.0, 112, 0.08661687728493364], "DRB5": [20.0, 4, 0.0001834326075496265], "E": [10373.0, 323, 0.07029981074390834], "F": [1466.0, 19, 0.01034575765306771], "H": [23.0, 12, 0.00015416874675578326], "HFE": [2.0, 1, 1.4033382869842487e-05], "K": [30.0, 10, 0.00020164160839055467], "L": [148.0, 3, 0.0009920423704285184], "T": [684.0, 1, 0.010947689624697122], "U": [1.0, 1, 3.748202006307419e-05], "V": [5.0, 2, 7.104909025495689e-05], "DRB3": [1328.0, 16, 0.0121799251412952], "DMB": [252.0, 3, 0.0023375150693880817], "DPB2": [12.0, 2, 0.0001136052979231321], "Y": [1.0, 1, 8.91562613150794e-06], "J": [2.0, 2, 1.3418220881027474e-05], "DQA2": [1.0, 1, 9.565723870263726e-06]}