{"A": [3876.0, 839, 0.14757549024168043], "B": [6537.0, 974, 0.2509478109079897], "C": [5123.0, 689, 0.19452250034585444], "DMA": [219.0, 2, 0.011648080815225871], "DPA1": [969.0, 59, 0.05173623508472705], "DPB1": [674.0, 159, 0.03626366416316895], "DQB1": [305.0, 79, 0.015741554844320976], "DRA": [1662.0, 9, 0.09082436928113911], "DRB1": [1767.0, 113, 0.09222248911005211], "DRB3": [120.0, 14, 0.0062629873758948814], "DRB5": [4.0, 3, 0.0002087662458631627], "E": [1855.0, 216, 0.07153975328574945], "F": [236.0, 13, 0.00947750625672162], "HFE": [1.0, 1, 3.9928787711650744e-05], "K": [4.0, 2, 0.0001529933787158219], "L": [24.0, 2, 0.0009154476073160218], "T": [107.0, 1, 0.00974549489879852], "Y": [1.0, 1, 5.073475817244942e-05], "DRB4": [6.0, 3, 0.000313149368794744], "DMB": [82.0, 3, 0.00432834108610614], "DPA2": [1.0, 1, 5.703334342987494e-05], "DPB2": [1.0, 1, 5.387299063672465e-05], "DOB": [2.0, 2, 0.00010171640081289131], "DOA": [2.0, 2, 0.00011103702718220007], "DQA1": [91.0, 28, 0.004953509253649672], "G": [5.0, 3, 0.00020553314028563582]}