{"A": [1108.0, 389, 0.11260885577805345], "B": [827.0, 404, 0.08474474069032822], "C": [1309.0, 359, 0.13267449795426556], "DMA": [96.0, 2, 0.013629622029300044], "DPB1": [505.0, 79, 0.0725279637506712], "DQB1": [257.0, 76, 0.03540651889355282], "DRA": [1185.0, 5, 0.17285901762405168], "DRB1": [950.0, 64, 0.13235069144400674], "E": [565.0, 87, 0.0581640033728461], "F": [72.0, 9, 0.007718215356649738], "L": [17.0, 1, 0.0017309060366817518], "T": [18.0, 1, 0.004376177661368397], "DRB4": [96.0, 6, 0.013374385661710156], "DMB": [39.0, 2, 0.005495086722513725], "DPB2": [3.0, 2, 0.0004314144215137659], "DOB": [10.0, 5, 0.0013575733621033349], "DOA": [2.0, 2, 0.0002963945029612061], "DRB3": [5.0, 4, 0.0006965825865474039], "DPA1": [685.0, 50, 0.09762564916979881], "DQA1": [356.0, 50, 0.05172778751289363], "H": [1.0, 1, 0.0001018180021577501], "K": [1.0, 1, 0.00010209746602460578]}