{"A": [749.0, 268, 0.23158351837665267], "B": [965.0, 280, 0.3008344748202377], "C": [450.0, 206, 0.13875650904797565], "DPB1": [63.0, 39, 0.0275262912543822], "DRA": [97.0, 4, 0.043046561791711416], "E": [365.0, 63, 0.11431198136237133], "HFE": [1.0, 1, 0.00032425112270364256], "L": [11.0, 1, 0.0034072994344688428], "T": [11.0, 1, 0.00813594810496264], "DMB": [6.0, 2, 0.0025719009505357107], "DMA": [15.0, 1, 0.006478834455547973], "DRB1": [110.0, 35, 0.04662172509585333], "H": [1.0, 1, 0.00030975449404262205], "F": [47.0, 5, 0.015327640246996684], "DPA1": [85.0, 25, 0.036854059597714775], "K": [2.0, 2, 0.0006212093787204278], "DQA1": [25.0, 15, 0.011051136896833132], "DRB3": [4.0, 3, 0.00169533545803103], "DOA": [2.0, 2, 0.0009017023252874204], "DQB1": [23.0, 15, 0.009639865784970884]}