{"A": [217.0, 176, 0.14952418622703972], "B": [439.0, 280, 0.3049935775582814], "C": [163.0, 136, 0.11200936603840751], "DPA1": [54.0, 16, 0.05217783457088499], "DRA": [111.0, 5, 0.10977807155796], "DRB1": [79.0, 35, 0.07461886329706462], "E": [112.0, 45, 0.07817048278885354], "L": [4.0, 1, 0.0027612357710869793], "T": [2.0, 1, 0.0032966387855243246], "DRB4": [9.0, 5, 0.008500883160425084], "DMA": [8.0, 1, 0.00770054556007972], "DQB1": [14.0, 13, 0.013076667182579818], "DOB": [5.0, 2, 0.004602059618478299], "F": [8.0, 4, 0.005814244774469413], "DQA1": [19.0, 13, 0.018717439354529707], "DPB1": [46.0, 34, 0.04479101114386138], "DRB3": [7.0, 4, 0.006611798013663954], "DMB": [2.0, 1, 0.0019105520234288698], "DRB5": [1.0, 1, 0.0009445425733805649]}