{"A": [134.0, 93, 0.14123538405447428], "B": [314.0, 108, 0.33368971829029237], "C": [101.0, 65, 0.10616347161246281], "DRB3": [30.0, 9, 0.04334408063385677], "L": [5.0, 1, 0.005279593763339305], "T": [4.0, 1, 0.010085289350100009], "Y": [2.0, 1, 0.0028089489148640187], "DQA1": [9.0, 7, 0.013561956479577841], "DMA": [9.0, 1, 0.013251377323556975], "DRA": [48.0, 4, 0.07261408332072006], "DPA1": [30.0, 14, 0.044340496280612096], "E": [49.0, 21, 0.05231278661741219], "F": [3.0, 3, 0.003335120901798201], "DPB1": [18.0, 17, 0.026809736361173182], "DQB1": [19.0, 15, 0.02714623716735252], "DRB5": [1.0, 1, 0.0014448026877952257], "DRB1": [68.0, 21, 0.09824658277007535], "DMB": [2.0, 1, 0.0029224418003130706], "DOB": [1.0, 1, 0.001407891670223815]}