{"A": [76.0, 69, 0.1413817515172821], "B": [206.0, 105, 0.38638605688694366], "DRB5": [14.0, 3, 0.035700773446410095], "F": [4.0, 2, 0.007848585022800735], "L": [3.0, 1, 0.005591042661087294], "T": [3.0, 1, 0.013350289229960077], "DMA": [6.0, 1, 0.015592322535754898], "DRA": [33.0, 3, 0.0881119089177365], "DRB1": [18.0, 7, 0.045900994431098685], "DPA1": [25.0, 16, 0.0652169301463567], "E": [41.0, 15, 0.07725679367116195], "DPB1": [10.0, 10, 0.026288214313820998], "DQA1": [3.0, 3, 0.007978883797593326], "C": [30.0, 29, 0.055656519133076066], "DQB1": [11.0, 8, 0.027738934288917046]}