{"A": [190.0, 136, 0.14751023709219904], "B": [327.0, 179, 0.2559710047218873], "C": [67.0, 56, 0.051875032754551915], "DRA": [91.0, 3, 0.10140301251997484], "DRB1": [110.0, 21, 0.1170660781654235], "E": [90.0, 34, 0.07077569251044431], "L": [2.0, 1, 0.001555572803757535], "T": [6.0, 1, 0.011143188189008226], "DRB4": [26.0, 3, 0.027670163930009192], "DMA": [6.0, 1, 0.006507281652359765], "DPA1": [71.0, 21, 0.07729786289731569], "F": [16.0, 4, 0.013102077179006789], "DQA1": [62.0, 20, 0.06881789268289845], "DPB1": [20.0, 16, 0.02194218523704322], "DQB1": [26.0, 13, 0.0273627176641202]}