{"A": [16.0, 16, 0.1038909891617491], "C": [25.0, 23, 0.1618873553865811], "DPB1": [9.0, 9, 0.08258130267828222], "T": [1.0, 1, 0.015532721418790921], "DQA1": [6.0, 5, 0.05569936821269556], "DRA": [13.0, 1, 0.12115522706656917], "DRB1": [11.0, 10, 0.09790850242631131], "F": [1.0, 1, 0.0068487215477666015], "DQB1": [8.0, 8, 0.0704150037651855], "E": [17.0, 11, 0.1118098018734553], "DRB3": [1.0, 1, 0.008900772947846483], "B": [18.0, 17, 0.11784329142520715], "DPA1": [5.0, 4, 0.0455269420895596]}