{"A": [1989.0, 544, 0.18734614460754362], "B": [2931.0, 583, 0.2783557877460523], "C": [1652.0, 452, 0.15517974761234243], "DMA": [44.0, 3, 0.005789518521255997], "DPB1": [307.0, 94, 0.04086294601076736], "DRA": [518.0, 6, 0.07002943811326015], "DRB5": [5.0, 2, 0.000645579610388607], "E": [1103.0, 143, 0.10523459825039955], "F": [115.0, 11, 0.011425084689903274], "K": [5.0, 3, 0.00047311003469467], "L": [11.0, 2, 0.0010379930560463534], "T": [73.0, 1, 0.01644835579880306], "DRB4": [7.0, 3, 0.00090381145454405], "DMB": [23.0, 3, 0.00300341241469427], "DQA1": [66.0, 28, 0.008887815542396902], "DRB1": [390.0, 62, 0.050355209610311355], "DPA1": [322.0, 45, 0.04253108155061311], "DOB": [8.0, 3, 0.0010065387210146457], "DQB1": [139.0, 42, 0.01774770080026102], "DRB3": [18.0, 7, 0.0023240865973989853], "DOA": [3.0, 2, 0.00041203925730778825]}