{"A": [5087.0, 829, 0.2513404486401516], "B": [5381.0, 901, 0.26806375740492944], "C": [1435.0, 477, 0.07070784000371413], "DMA": [213.0, 2, 0.014701445756125057], "DMB": [41.0, 3, 0.002808417454692975], "DPA1": [560.0, 46, 0.03879977913296041], "DPB1": [401.0, 105, 0.027997957003824944], "DRA": [1093.0, 8, 0.077510710032192], "DRB1": [1276.0, 68, 0.08642137000618381], "DRB3": [402.0, 18, 0.027226795252731893], "E": [1275.0, 152, 0.06380928687222044], "F": [362.0, 12, 0.018865174619392577], "HFE": [1.0, 1, 5.181509595631737e-05], "K": [7.0, 5, 0.00034744084013161024], "L": [17.0, 3, 0.000841475267268698], "T": [190.0, 1, 0.022456594855316373], "DRB4": [3.0, 2, 0.00020318503919949173], "DQA1": [121.0, 24, 0.008547264402887994], "V": [1.0, 1, 0.00010493308600824815], "DQB1": [280.0, 84, 0.018753226580930864], "DOA": [2.0, 2, 0.00014409138238051603], "H": [6.0, 5, 0.00029699127080071695]}