{"A": [298.0, 162, 0.21528813377831968], "B": [481.0, 194, 0.3503671381213422], "C": [190.0, 120, 0.13689022934864903], "DQA1": [11.0, 6, 0.01136155131333257], "DRA": [49.0, 5, 0.0508090194917803], "DRB1": [73.0, 23, 0.07229304424363604], "E": [84.0, 36, 0.061469003549623515], "HFE": [2.0, 1, 0.0015152681095145287], "L": [2.0, 1, 0.0014475234586329485], "T": [6.0, 1, 0.010369187651383735], "DMB": [2.0, 2, 0.002003138523562767], "DMA": [14.0, 1, 0.014129007601312952], "DOB": [1.0, 1, 0.0009650156390886323], "F": [7.0, 4, 0.005334005751504313], "DPA1": [23.0, 10, 0.023300875699373797], "DPB1": [28.0, 22, 0.02858532812003084], "DQB1": [5.0, 5, 0.004896560835375653], "DRB3": [8.0, 4, 0.007922525396562853], "DOA": [1.0, 1, 0.001053443366973248]}