{"A": [3920.0, 859, 0.17557527526897912], "B": [3889.0, 960, 0.17562635763528692], "C": [2369.0, 648, 0.10581746977914519], "DMA": [300.0, 2, 0.018770607984629525], "DPA1": [1031.0, 66, 0.06475548109864747], "DPB1": [878.0, 168, 0.05557162906502236], "DQA1": [509.0, 40, 0.032593889838726874], "DQB1": [256.0, 72, 0.015542990354877426], "DRA": [1816.0, 9, 0.1167438577022595], "DRB1": [2200.0, 74, 0.13507338879326414], "DRB5": [4.0, 3, 0.00024558797962411665], "E": [1100.0, 180, 0.049904882114116506], "F": [209.0, 16, 0.009873592238447103], "HFE": [2.0, 1, 9.394267988486983e-05], "K": [2.0, 2, 8.998900808733643e-05], "L": [18.0, 1, 0.0008076841902875259], "T": [126.0, 1, 0.013500115703455119], "DRB4": [352.0, 9, 0.021611742206922264], "DMB": [111.0, 3, 0.006892510371325705], "J": [1.0, 1, 4.49123223011227e-05], "DPB2": [4.0, 2, 0.00025349996350375954], "DOB": [3.0, 2, 0.00017948537561945018], "DOA": [5.0, 4, 0.0003265537378468085], "Y": [1.0, 1, 5.9683243834622995e-05], "H": [1.0, 1, 4.4871343904862546e-05]}