{"A": [209.0, 141, 0.15117768641434665], "B": [317.0, 158, 0.23119323992203894], "C": [155.0, 108, 0.111811925873641], "DPB1": [58.0, 38, 0.05928580530941144], "DRA": [120.0, 3, 0.1245843697779924], "DRB5": [1.0, 1, 0.0009915422688323366], "E": [98.0, 40, 0.07180266145645825], "T": [8.0, 1, 0.013842707753110268], "DRB3": [7.0, 4, 0.0069407958818263555], "DRB1": [86.0, 31, 0.08527263511958094], "DMA": [15.0, 1, 0.015156972468219496], "DPA1": [69.0, 27, 0.0699892077344756], "DOB": [3.0, 1, 0.0028986326910025602], "F": [8.0, 3, 0.006103557020823835], "DQA1": [16.0, 12, 0.016546361611139614], "DQB1": [31.0, 14, 0.030396279107871294], "DMB": [2.0, 1, 0.0020056195892290446]}