{"A": [54.0, 51, 0.20268461864521525], "B": [81.0, 73, 0.30653954720722637], "C": [30.0, 28, 0.11229574693331636], "DRB5": [1.0, 1, 0.005145135970602634], "T": [3.0, 1, 0.026936300081390262], "DRB4": [3.0, 2, 0.015435407911807903], "DMA": [4.0, 1, 0.020973302353448908], "DRA": [14.0, 3, 0.07542164022789274], "DRB1": [6.0, 6, 0.030870815823615807], "F": [1.0, 1, 0.003958937475939203], "DPA1": [8.0, 7, 0.042107319667460646], "DPB1": [5.0, 5, 0.026520295446928636], "DMB": [1.0, 1, 0.005203603424814029], "E": [18.0, 8, 0.06843410555733283], "DQB1": [4.0, 4, 0.020351871172605975], "DQA1": [5.0, 3, 0.026831080159197333], "DRB3": [2.0, 2, 0.010290271941205268]}