{"A": [80.0, 75, 0.15699417490788128], "B": [136.0, 118, 0.2690958006272279], "DRA": [38.0, 6, 0.10703308748131433], "DRB1": [35.0, 22, 0.09415240545739509], "DRB5": [2.0, 2, 0.00538013745470829], "T": [1.0, 1, 0.004694433661461156], "DRB4": [2.0, 2, 0.00538013745470829], "DMA": [3.0, 1, 0.008224217750422405], "F": [8.0, 4, 0.0165590397741454], "E": [33.0, 14, 0.06559648216803701], "DPA1": [21.0, 13, 0.05779009714281492], "DPB1": [18.0, 14, 0.049916873759320544], "DQA1": [9.0, 9, 0.025250918561843794], "DQB1": [12.0, 12, 0.03192214889793586], "DRB3": [3.0, 1, 0.008070206182062436], "C": [48.0, 46, 0.09393983871872132]}