{"A": [1060.0, 430, 0.15068021643967539], "B": [1630.0, 444, 0.23362129924523506], "C": [792.0, 333, 0.11227694128785559], "DMA": [70.0, 2, 0.013900429011898616], "DPB1": [294.0, 81, 0.05905803893703953], "DQB1": [175.0, 65, 0.03372141112145775], "DRA": [486.0, 8, 0.09915795108924787], "DRB5": [132.0, 5, 0.02572137169328527], "F": [77.0, 8, 0.011544967265790147], "HFE": [1.0, 1, 0.00014907541551851974], "L": [10.0, 2, 0.0014241054748895087], "T": [34.0, 1, 0.011561626670214086], "DRB3": [40.0, 9, 0.007794355058571294], "DMB": [22.0, 2, 0.004335610001330282], "DQA1": [101.0, 31, 0.020526403600048055], "DRB1": [375.0, 49, 0.07307207867410588], "DPA1": [337.0, 51, 0.06717703772176116], "V": [1.0, 1, 0.0003018993424523988], "K": [1.0, 1, 0.00014280142730822523], "E": [508.0, 100, 0.07314542039144668], "DRB4": [1.0, 1, 0.00019485887646428237], "H": [2.0, 2, 0.0002848210949779018], "DOA": [1.0, 1, 0.00020728015942614894]}