{"A": [7187.0, 824, 0.20547835061912492], "B": [9644.0, 944, 0.2780033876952332], "C": [1564.0, 598, 0.04459335993606454], "DMA": [252.0, 2, 0.010064651950193747], "DPA1": [1460.0, 60, 0.058534492853921316], "DPB1": [1095.0, 133, 0.04423987249480733], "DRA": [1609.0, 5, 0.06602605892965728], "DRB7": [1.0, 1, 8.37123432047861e-05], "E": [2427.0, 204, 0.070284775239166], "F": [322.0, 12, 0.009710149319863519], "L": [88.0, 2, 0.0025205358811660047], "T": [162.0, 1, 0.011079574835927574], "V": [5.0, 2, 0.00030359892361503664], "DRB4": [708.0, 10, 0.027747349713945955], "DRB1": [2672.0, 66, 0.10471881134980733], "DMB": [53.0, 3, 0.0021007358853473786], "K": [5.0, 5, 0.0001436053463028124], "DPB2": [1.0, 1, 4.0453774100251016e-05], "DPA2": [2.0, 1, 8.565383001853967e-05], "H": [4.0, 4, 0.00011456981278027294], "DOB": [4.0, 3, 0.00015275975037369727], "DQA1": [1230.0, 50, 0.050276456123968215], "J": [1.0, 1, 2.866861068657058e-05], "DOA": [9.0, 5, 0.00037520472551945964], "DQB1": [343.0, 97, 0.013293210055204459]}