{"A": [2793.0, 673, 0.1583092490511152], "B": [5276.0, 636, 0.30151894185058103], "C": [1833.0, 476, 0.10361266379740132], "DMB": [33.0, 3, 0.0025931429087320155], "DPB1": [515.0, 101, 0.041249995304926276], "DQA1": [283.0, 46, 0.022933107599098765], "DRA": [1228.0, 8, 0.09990210170738559], "DRB1": [916.0, 61, 0.0711706038771094], "DRB5": [253.0, 5, 0.019657382948590263], "E": [1013.0, 132, 0.05815912398255791], "F": [150.0, 11, 0.008967641182934926], "HFE": [1.0, 1, 5.944167126033274e-05], "L": [49.0, 1, 0.0027824234130190244], "T": [48.0, 1, 0.006508280241523491], "DPB2": [3.0, 1, 0.00024060088843905303], "DMA": [129.0, 1, 0.010214211762639085], "K": [1.0, 1, 5.694000897490245e-05], "DOB": [3.0, 1, 0.00022713660514441013], "DPA1": [798.0, 48, 0.0634276794227785], "DOA": [3.0, 3, 0.0002479499195600334], "DQB1": [361.0, 88, 0.027737024890437268], "DRB3": [4.0, 2, 0.0003107886632188184], "H": [2.0, 2, 0.00011356830257220506]}