{"A": [195.0, 122, 0.1492767225622315], "B": [346.0, 158, 0.26705950467458855], "C": [156.0, 86, 0.11909597919951333], "DPB1": [59.0, 28, 0.06382499845577325], "DQA1": [32.0, 13, 0.03502261567806201], "DRA": [72.0, 4, 0.07910990835515183], "DRB1": [69.0, 17, 0.07240630657037539], "DRB5": [22.0, 2, 0.023086068761568965], "L": [1.0, 1, 0.000766918591490409], "T": [3.0, 1, 0.005493743635774433], "DMB": [2.0, 2, 0.0021225827683673945], "DMA": [6.0, 1, 0.006416357070789986], "DRB3": [12.0, 3, 0.012592401142673982], "F": [10.0, 3, 0.008074378254308245], "E": [67.0, 23, 0.051952367168195304], "DPA1": [56.0, 14, 0.06011544760065816], "DQB1": [42.0, 25, 0.043583699510477164]}