{"A": [7079.0, 1146, 0.19300658994928638], "B": [10662.0, 1414, 0.29309834345187374], "C": [2216.0, 827, 0.060253877827195226], "DMA": [413.0, 3, 0.015730048840056025], "DPB1": [736.0, 143, 0.028356939784472627], "DQB1": [517.0, 121, 0.01910768572846336], "DRA": [2110.0, 6, 0.08257024735089752], "DRB1": [2306.0, 72, 0.08618453689360148], "DRB4": [853.0, 9, 0.031880056361770194], "DRB5": [734.0, 5, 0.027432545568041408], "E": [2345.0, 136, 0.06476138532858766], "HFE": [1.0, 1, 2.85927471509375e-05], "K": [27.0, 14, 0.0007395136040346316], "L": [114.0, 2, 0.0031138440825197065], "T": [228.0, 1, 0.014870471086891497], "DRB3": [9.0, 7, 0.0003363663625509164], "DMB": [65.0, 3, 0.0024569184436326412], "DQA1": [596.0, 64, 0.02323205382181095], "J": [3.0, 2, 8.201809936173031e-05], "DPB2": [2.0, 2, 7.715620171915351e-05], "DPA1": [1129.0, 57, 0.043165298180687914], "V": [4.0, 1, 0.00023161784345865813], "F": [273.0, 13, 0.007850810289048623], "DOB": [24.0, 6, 0.0008740614968476369], "DOA": [12.0, 8, 0.00047707739070966635], "H": [3.0, 3, 8.194326532946597e-05]}