{"A": [555.0, 315, 0.180980321019988], "B": [939.0, 394, 0.30872970911187236], "C": [177.0, 118, 0.05756077843884853], "DMA": [39.0, 2, 0.017765718329133547], "DMB": [8.0, 4, 0.0036166419597769926], "DRA": [228.0, 8, 0.10671221217789055], "DRB5": [68.0, 5, 0.030396047032732475], "E": [142.0, 61, 0.0469029083676614], "L": [2.0, 1, 0.0006533714489378143], "T": [13.0, 1, 0.010140780397021763], "DPA1": [93.0, 32, 0.042526720975308775], "DRB1": [187.0, 31, 0.0835891293400143], "F": [35.0, 7, 0.012038102200410449], "DRB3": [12.0, 6, 0.005364008299893966], "DPB1": [96.0, 43, 0.04423753563155796], "DQA1": [30.0, 13, 0.013986232578825088], "DQB1": [77.0, 39, 0.034036619332567915], "K": [1.0, 1, 0.00032758239159919695], "DOB": [1.0, 1, 0.0004355809659585429]}