{"A": [2601.0, 572, 0.18005018347966642], "B": [3512.0, 674, 0.2451219391601825], "C": [608.0, 358, 0.04197317446482354], "DMA": [233.0, 2, 0.022531439092391057], "DPA1": [605.0, 50, 0.05872853519041827], "DPB1": [482.0, 125, 0.047149986815309984], "DRA": [1123.0, 5, 0.1115767937119894], "DRB1": [1204.0, 59, 0.11424824225324418], "DRB5": [384.0, 3, 0.036437977595719075], "E": [676.0, 116, 0.047399413718047505], "HFE": [2.0, 1, 0.00014519072376517717], "L": [22.0, 2, 0.0015256948591273226], "T": [62.0, 1, 0.010266787192257857], "DRB4": [217.0, 8, 0.0205912529642475], "DMB": [44.0, 2, 0.004222630216170569], "H": [2.0, 2, 0.00013869953264793842], "DQB1": [169.0, 78, 0.01585832236739614], "F": [108.0, 9, 0.007885488127027461], "DOB": [7.0, 4, 0.0006472644856903793], "DQA1": [329.0, 45, 0.03256043768250275], "DOA": [7.0, 4, 0.0007065755740205735], "K": [2.0, 1, 0.00013908022669912215], "DRB3": [1.0, 1, 9.489056665551843e-05]}