{"A": [4259.0, 1295, 0.1636081369907144], "B": [7806.0, 1667, 0.3023432426357039], "C": [3125.0, 1054, 0.1197187854046725], "DMA": [230.0, 2, 0.012342549833292709], "DMB": [72.0, 5, 0.0038344838612522016], "DPA1": [853.0, 70, 0.04595014312915633], "DPB1": [650.0, 174, 0.03528514750058332], "DRA": [1415.0, 9, 0.07801796248417062], "DRB1": [1569.0, 168, 0.08262092005162515], "DRB3": [112.0, 14, 0.005897732980103262], "DRB5": [94.0, 6, 0.00494988303687238], "E": [1799.0, 207, 0.07000055454826551], "F": [225.0, 12, 0.009116568258020362], "HFE": [3.0, 1, 0.00012085765751797769], "K": [3.0, 3, 0.00011577124192252758], "L": [33.0, 1, 0.0012699978482067055], "T": [165.0, 1, 0.015162501542860012], "V": [4.0, 2, 0.00032633905202146394], "Y": [12.0, 3, 0.0006142619777734109], "DRB4": [176.0, 9, 0.009267866111590839], "DPB2": [1.0, 1, 5.435479700228636e-05], "DQA1": [393.0, 79, 0.02158395017212665], "H": [12.0, 11, 0.00046181739934789286], "DQB1": [305.0, 144, 0.01588233747469276], "DOB": [12.0, 5, 0.0006157565324638571], "DOA": [12.0, 8, 0.0006721804378290712], "G": [4.0, 4, 0.00016589704021150134]}