{"A": [111.0, 93, 0.21211756137477422], "C": [87.0, 70, 0.16580129585623782], "DRB5": [5.0, 3, 0.01309765284326473], "T": [2.0, 1, 0.009142675318043617], "DMB": [1.0, 1, 0.002649297961478548], "DMA": [4.0, 1, 0.010678086440157811], "DRA": [25.0, 3, 0.06857006488532712], "F": [5.0, 3, 0.010078021063837704], "DRB1": [23.0, 7, 0.06024920307901776], "E": [50.0, 19, 0.09678247165548938], "DPB1": [11.0, 10, 0.029704869807466033], "DQA1": [3.0, 1, 0.008196265568324257], "DRB4": [4.0, 3, 0.010478122274611784], "DPA1": [22.0, 16, 0.05895449256807435], "B": [121.0, 82, 0.2331382206101122], "DQB1": [4.0, 4, 0.010361698693782765]}