{"A": [774.0, 265, 0.11509524438644854], "B": [1820.0, 361, 0.2728740690580972], "C": [1430.0, 298, 0.2120642580282176], "DPB1": [226.0, 67, 0.047490438451754796], "DQB1": [94.0, 42, 0.018947922231177028], "DRA": [361.0, 5, 0.0770485598611942], "DRB1": [301.0, 32, 0.06135539245070352], "E": [475.0, 75, 0.07154562572078749], "F": [55.0, 7, 0.008626422378226098], "L": [7.0, 1, 0.001042812539318739], "T": [31.0, 1, 0.011027263876717545], "DRB4": [37.0, 6, 0.0075420249856346525], "DMB": [12.0, 2, 0.002473858318383848], "DQA1": [90.0, 30, 0.019133747931250073], "DMA": [43.0, 1, 0.008932328126683665], "DPA1": [299.0, 48, 0.06234881233076227], "DOB": [4.0, 3, 0.0007945238394809438], "DOA": [2.0, 2, 0.00043366440640991755], "DRB3": [6.0, 4, 0.0012230310787515652]}