{"A": [1189.0, 465, 0.19807013231451043], "B": [734.0, 391, 0.12328426699636322], "C": [884.0, 338, 0.14686030412653217], "DMA": [67.0, 3, 0.015591637672996182], "DQA1": [124.0, 29, 0.02953248161848764], "DRA": [405.0, 8, 0.09683515794449077], "DRB1": [519.0, 32, 0.11851527237401056], "DRB3": [94.0, 7, 0.02146519384037956], "DRB5": [4.0, 2, 0.0009134125038459388], "E": [431.0, 91, 0.07272562548783147], "L": [5.0, 2, 0.0008344473261640019], "T": [31.0, 1, 0.012353456363288948], "DRB4": [78.0, 8, 0.017811543824995807], "DMB": [11.0, 2, 0.002540428526321517], "DPB2": [3.0, 2, 0.0007071295898008347], "DPA1": [265.0, 43, 0.061904695124156514], "DPB1": [210.0, 71, 0.04943536591760791], "DOB": [3.0, 3, 0.0006675578609312016], "DOA": [6.0, 4, 0.0014574570031485995], "F": [59.0, 8, 0.010366705456113165], "DQB1": [78.0, 47, 0.017613637782495854], "K": [1.0, 1, 0.0001673475332983982], "G": [1.0, 1, 0.0001798533469962136], "H": [1.0, 1, 0.0001668894652328004]}