{"A": [1226.0, 388, 0.19912173586776985], "B": [1316.0, 412, 0.21550559460344185], "C": [807.0, 327, 0.13071238992887135], "DMA": [83.0, 2, 0.018831550789482062], "DPA1": [170.0, 31, 0.03871842644894664], "DPB1": [119.0, 45, 0.027312187305878574], "DQB1": [144.0, 50, 0.031703558598196305], "DRA": [520.0, 5, 0.12121948875780941], "DRB1": [323.0, 17, 0.07191186395517842], "DRB5": [206.0, 4, 0.045863294039525555], "E": [350.0, 58, 0.057579687260331164], "K": [1.0, 1, 0.00016315875307854914], "L": [12.0, 1, 0.0019525458078268711], "T": [25.0, 1, 0.009713100060721907], "DMB": [12.0, 2, 0.0027020078350735487], "DOB": [5.0, 4, 0.0010847476710149284], "F": [32.0, 6, 0.005481883331100225], "Y": [1.0, 1, 0.000216422957663658], "DQA1": [86.0, 24, 0.019969526656090447], "DOA": [1.0, 1, 0.00023682937199847836]}