{"A": [942.0, 374, 0.19782601908133457], "B": [1149.0, 403, 0.24329153465269354], "C": [483.0, 222, 0.10115670178575402], "DQB1": [92.0, 45, 0.026190130197793104], "DRA": [337.0, 7, 0.10157885535793668], "DRB5": [90.0, 5, 0.025908653468749893], "E": [321.0, 76, 0.06828268643438337], "K": [5.0, 4, 0.00105483538825194], "L": [10.0, 1, 0.0021038961302178288], "T": [28.0, 1, 0.014066310336410618], "DRB1": [272.0, 46, 0.0783017082611108], "DMA": [43.0, 1, 0.012614811300878607], "DPB2": [1.0, 1, 0.0002971482163297346], "DOB": [6.0, 4, 0.0016831169041742631], "DOA": [3.0, 3, 0.0009186733700074663], "F": [35.0, 5, 0.007752685451984238], "DPA1": [190.0, 34, 0.05595342658449051], "DQA1": [71.0, 23, 0.02131728922773836], "DMB": [10.0, 2, 0.0029114522206044706], "DRB3": [1.0, 1, 0.0002878739274305544], "DPB1": [123.0, 38, 0.03650219170172524]}