{"A": [68.0, 57, 0.1832139052211661], "B": [49.0, 44, 0.13311287377395853], "C": [40.0, 36, 0.10747922633586598], "DQB1": [5.0, 5, 0.018261516696880933], "E": [31.0, 16, 0.08460270927281924], "F": [5.0, 3, 0.014209249303048566], "HFE": [1.0, 1, 0.0028255641880560755], "T": [1.0, 1, 0.006445241187134448], "DRB4": [3.0, 2, 0.011080021366646858], "DMA": [9.0, 1, 0.03387441646826005], "DRA": [32.0, 3, 0.12374863079298137], "DRB3": [8.0, 5, 0.029546723644391624], "DRB1": [27.0, 12, 0.09972019229982172], "DMB": [1.0, 1, 0.0037353102334529184], "DQA1": [6.0, 5, 0.02311223206948993], "DPA1": [21.0, 13, 0.07934314151058612], "DPB1": [12.0, 11, 0.04568904563543955]}