{"A": [3075.0, 659, 0.17932168048091968], "B": [4494.0, 1066, 0.2642379603948474], "C": [2351.0, 727, 0.1367273291390931], "DMA": [172.0, 2, 0.014011864245807554], "DPB1": [387.0, 102, 0.031891868621249236], "DQA1": [223.0, 55, 0.018592323319984377], "DRA": [1005.0, 9, 0.08411910566720444], "DRB1": [1010.0, 53, 0.08073816559371123], "DRB5": [338.0, 7, 0.027019306901657818], "E": [1160.0, 147, 0.06852021660064733], "F": [214.0, 9, 0.01316294491880467], "L": [18.0, 2, 0.0010516033745845638], "T": [78.0, 1, 0.01088107834501152], "DPA1": [477.0, 53, 0.039007367064411325], "DRB4": [233.0, 9, 0.01862573523102447], "DMB": [41.0, 3, 0.0033147340937382122], "DPB2": [1.0, 1, 8.251412503899498e-05], "DOB": [2.0, 1, 0.00015579309253104648], "K": [1.0, 1, 5.858276398010988e-05], "DOA": [4.0, 3, 0.0003401379071992568], "DQB1": [99.0, 35, 0.007826006348142902], "J": [1.0, 1, 5.8475763497954426e-05], "H": [3.0, 3, 0.00017526722909742728], "DRB3": [1.0, 1, 7.993877781555568e-05]}