{"A": [2213.0, 607, 0.2883634493923406], "B": [1315.0, 412, 0.1727662915455001], "C": [1579.0, 452, 0.20518988549471123], "DMA": [40.0, 2, 0.007281126616668103], "DPB1": [156.0, 66, 0.028725309563364738], "DRA": [135.0, 5, 0.025248377297210866], "E": [852.0, 127, 0.11245310478868455], "H": [2.0, 2, 0.00026108419346264274], "L": [24.0, 1, 0.003133010321551713], "T": [79.0, 1, 0.024624960573822942], "DRB4": [29.0, 6, 0.005179962549947963], "DMB": [13.0, 2, 0.0023484391341260947], "DRB1": [240.0, 41, 0.04286865558577625], "DQB1": [51.0, 29, 0.00900837165295548], "F": [130.0, 8, 0.01786708736049824], "DPA1": [174.0, 31, 0.03179425289278405], "DRB3": [19.0, 6, 0.003393768567207286], "DQA1": [103.0, 31, 0.019188328405996626], "Y": [1.0, 1, 0.00017363366264263133], "K": [1.0, 1, 0.00013090040074796726]}