{"A": [32.0, 30, 0.200946445953071], "B": [52.0, 46, 0.3292366356214573], "T": [1.0, 1, 0.01502173186658987], "DRB4": [4.0, 3, 0.03443183484027341], "DQA1": [2.0, 2, 0.0179556638717832], "DRB1": [7.0, 5, 0.060255710970478465], "DMA": [2.0, 1, 0.017544465462505723], "DRA": [3.0, 1, 0.027039117359861763], "F": [4.0, 2, 0.02649365966095965], "E": [11.0, 10, 0.06996745774392273], "DQB1": [1.0, 1, 0.008512314724400925], "DRB5": [3.0, 2, 0.025823876130205054], "DPA1": [1.0, 1, 0.008805842818345785], "DMB": [1.0, 1, 0.008705776422682766], "C": [21.0, 20, 0.1315117833442868], "DPB1": [2.0, 2, 0.017747683209175674]}