{"E": [9.0, 6, 0.0464965170354532], "L": [1.0, 1, 0.005109714564723364], "T": [1.0, 1, 0.012200974211191302], "DRB1": [16.0, 10, 0.11186511186890001], "DRA": [12.0, 1, 0.08784701432057736], "DPB1": [8.0, 7, 0.05766020244979981], "F": [2.0, 2, 0.010759360543586564], "DQB1": [3.0, 3, 0.02074165615902521], "DQA1": [5.0, 4, 0.0364599424670365], "DMB": [1.0, 1, 0.0070710191451222315], "DRB4": [1.0, 1, 0.006991569491806251], "C": [18.0, 18, 0.09155717432594233], "A": [33.0, 28, 0.16831343932323736], "B": [53.0, 45, 0.2725556470483478], "DPA1": [9.0, 6, 0.06437065704525065]}