{"A": [74.0, 50, 0.16909571749117494], "B": [31.0, 28, 0.07142282818311634], "C": [58.0, 41, 0.13217335190009064], "DRB5": [12.0, 2, 0.037588237231563945], "T": [1.0, 1, 0.005466263257531358], "DRB1": [31.0, 14, 0.09710294618154018], "DMA": [3.0, 1, 0.009576392500789668], "DRA": [39.0, 2, 0.12791056022623376], "DOB": [1.0, 1, 0.0030523294832200645], "DPA1": [33.0, 20, 0.10574392025776179], "DPB1": [18.0, 12, 0.05812389579629868], "DQA1": [15.0, 11, 0.04900419600013463], "DQB1": [16.0, 14, 0.04956078686828431], "DMB": [1.0, 1, 0.003167948024251128], "E": [35.0, 15, 0.08101062659800855]}