{"A": [4519.0, 1005, 0.11794316396441787], "B": [6129.0, 1164, 0.16128519901540767], "C": [6224.0, 917, 0.16200000869493836], "DMA": [334.0, 2, 0.012177459493053334], "DPA1": [2023.0, 78, 0.07404008242440506], "DPB1": [1376.0, 171, 0.05074931538574946], "DQA1": [1326.0, 105, 0.0494783350182523], "DRA": [2925.0, 8, 0.1095713993483788], "DRB1": [3293.0, 144, 0.11781266699167564], "DRB3": [534.0, 14, 0.019104756809460915], "DRB7": [1.0, 1, 7.641902723784367e-05], "E": [2047.0, 207, 0.05411545736480604], "F": [342.0, 12, 0.00941473606460466], "L": [65.0, 2, 0.0016995563767540506], "T": [144.0, 1, 0.00899047379268749], "DRB4": [506.0, 9, 0.018103009261399294], "DMB": [91.0, 3, 0.003292675889509363], "K": [6.0, 3, 0.00015731272761678705], "DPB2": [2.0, 1, 7.385859591286437e-05], "DPA2": [3.0, 1, 0.00011728704726135624], "V": [1.0, 1, 5.5429661923000726e-05], "DQB1": [810.0, 150, 0.028657135214191377], "H": [11.0, 6, 0.000287617232989147], "DOB": [12.0, 5, 0.00041835233889330473], "DOA": [9.0, 6, 0.0003425155603289806], "DRB5": [1.0, 1, 3.5776698145057896e-05]}