{"A": [2582.0, 751, 0.2201777732104788], "B": [1696.0, 730, 0.14582015162353032], "C": [2540.0, 593, 0.2160060797001559], "DMA": [73.0, 3, 0.008696007214712503], "DMB": [16.0, 4, 0.001891534985682587], "DPA1": [386.0, 46, 0.04615780200694405], "DPB1": [286.0, 96, 0.03446391350361439], "DRA": [534.0, 5, 0.06535809709352655], "DRB1": [592.0, 79, 0.06920042599306184], "E": [1290.0, 148, 0.11142432334941105], "L": [29.0, 1, 0.002477462109441016], "T": [67.0, 1, 0.013667267494588886], "Y": [2.0, 1, 0.00022725966454196125], "DRB4": [99.0, 8, 0.011572368536001893], "DPB2": [1.0, 1, 0.00012065848168980418], "DQB1": [107.0, 61, 0.01236853710082447], "V": [3.0, 1, 0.0005433132405684026], "J": [1.0, 1, 8.550774592811693e-05], "K": [7.0, 5, 0.0005996494716733909], "F": [139.0, 10, 0.012502119566752198], "DOB": [8.0, 4, 0.0009112504310587645], "DRB3": [2.0, 2, 0.0002337852229495332], "DQA1": [200.0, 54, 0.024383068174814598], "DOA": [8.0, 4, 0.0009947514665741093], "DRB5": [1.0, 1, 0.0001168926114747666]}