{"A": [11209.0, 1373, 0.11309973957516406], "B": [7928.0, 1355, 0.08065528638286669], "C": [13013.0, 1220, 0.13094447738680437], "DMA": [1067.0, 2, 0.01503969223830231], "DPA1": [6917.0, 96, 0.0978707890049888], "DPB1": [5066.0, 255, 0.07223392975781248], "DQA1": [3619.0, 115, 0.052206483229590143], "DQB1": [2454.0, 205, 0.033564997206539604], "DRA": [11654.0, 5, 0.16877598624119625], "DRB1": [10100.0, 148, 0.13969663132306118], "DRB5": [32.0, 3, 0.00044260318835029285], "E": [5737.0, 277, 0.05863442134871049], "F": [702.0, 13, 0.007471081232461165], "K": [3.0, 2, 3.0408722026696984e-05], "L": [145.0, 2, 0.0014657318462290361], "T": [254.0, 1, 0.006130813526866862], "V": [1.0, 1, 2.142922835279162e-05], "DRB3": [19.0, 10, 0.00026279564308298635], "DRB4": [1121.0, 9, 0.015504942941896197], "DMB": [322.0, 3, 0.004504304748488172], "DPB2": [11.0, 2, 0.00015704641964217261], "DPA2": [1.0, 1, 1.511447620517499e-05], "H": [21.0, 14, 0.0002122784053159294], "DOB": [36.0, 7, 0.0004852077835792672], "DOA": [39.0, 12, 0.0005738081424665835]}