{"C": [36.0, 30, 0.16948614885724325], "T": [3.0, 1, 0.03387876722800015], "DMB": [1.0, 1, 0.006544761850863666], "DQA1": [10.0, 7, 0.06749285658703155], "DRB1": [16.0, 11, 0.10353960321366339], "DMA": [1.0, 1, 0.006594721864992396], "DRA": [7.0, 1, 0.047430274119200214], "E": [19.0, 9, 0.09085385270460924], "DQB1": [2.0, 2, 0.0127986453972445], "DRB5": [1.0, 1, 0.006471225200853962], "DPA1": [8.0, 5, 0.05295991198859794], "DRB3": [1.0, 1, 0.006471225200853962], "B": [45.0, 42, 0.21419220602826541], "DOB": [1.0, 1, 0.006305901929299298], "A": [30.0, 27, 0.1416243548055744], "DPB1": [5.0, 4, 0.03335554302370671]}