{"A": [58.0, 51, 0.2126966615943155], "C": [15.0, 12, 0.054857872411575304], "T": [1.0, 1, 0.008772478943376096], "Y": [1.0, 1, 0.004886611450254402], "DRB4": [8.0, 2, 0.04021540908873536], "DMB": [1.0, 1, 0.005084050296729328], "DMA": [2.0, 1, 0.01024571968195834], "DRA": [23.0, 4, 0.12106020941859011], "DRB1": [13.0, 6, 0.06535003976919496], "E": [14.0, 8, 0.0520036436255856], "DQA1": [4.0, 4, 0.020971707474008474], "F": [3.0, 1, 0.011603941887635813], "DPA1": [11.0, 9, 0.056567364221080337], "B": [77.0, 64, 0.28470681661684233], "DQB1": [4.0, 4, 0.019884285604985813], "DPB1": [6.0, 4, 0.03109318791513226]}