{"A": [35.0, 34, 0.14685350263218339], "C": [41.0, 38, 0.17155964659389208], "DQB1": [7.0, 5, 0.03981361626916971], "T": [1.0, 1, 0.010037046118278081], "DMA": [1.0, 1, 0.005861328458383764], "DRA": [16.0, 2, 0.09635564273546955], "F": [4.0, 3, 0.017702225430507736], "DQA1": [3.0, 3, 0.0179961100323814], "DRB3": [3.0, 2, 0.017254697259511755], "H": [1.0, 1, 0.004203470956468648], "DPA1": [12.0, 9, 0.07060542786650786], "DRB1": [22.0, 8, 0.12653444656975288], "E": [9.0, 5, 0.0382500346075708], "B": [42.0, 37, 0.1776806015318318], "DPB1": [10.0, 8, 0.05929220293809058]}