{"A": [539.0, 245, 0.20857616127414788], "B": [602.0, 237, 0.2348804426412321], "C": [284.0, 146, 0.10959967498334297], "DPB1": [67.0, 36, 0.03663802284199006], "DRA": [135.0, 4, 0.07498088783553891], "DRB1": [180.0, 23, 0.09548128038982483], "E": [182.0, 66, 0.0713379049702206], "L": [4.0, 1, 0.001550699626769053], "T": [18.0, 1, 0.016662419519008646], "Y": [2.0, 2, 0.0010312905284823313], "DRB4": [24.0, 4, 0.012730837385309977], "DMB": [4.0, 2, 0.0021459176653268715], "DMA": [23.0, 1, 0.012433217618191567], "DPA1": [116.0, 33, 0.06294691818292156], "F": [32.0, 5, 0.013061032014900149], "DQA1": [52.0, 20, 0.028768708700788365], "DQB1": [32.0, 23, 0.01678584484877908], "K": [1.0, 1, 0.00038873897322481293]}