{"A": [98.0, 78, 0.14729985358201406], "B": [153.0, 103, 0.23186870188580488], "C": [71.0, 52, 0.10642645818779449], "DRB5": [10.0, 2, 0.020603740124977888], "F": [7.0, 3, 0.011097518816594718], "L": [3.0, 1, 0.0045174076204673235], "T": [3.0, 1, 0.010786663947782542], "DPB1": [28.0, 24, 0.05947241744182807], "DRB3": [5.0, 4, 0.010301870062488944], "DMB": [2.0, 2, 0.004167574707097801], "DQA1": [14.0, 10, 0.030084679916862245], "DRB1": [47.0, 19, 0.09683757858739607], "DMA": [5.0, 1, 0.010498470636200564], "DRA": [45.0, 3, 0.09707997553004287], "DPA1": [26.0, 17, 0.05480121224045843], "DQB1": [16.0, 14, 0.03259969548663168], "E": [47.0, 16, 0.07155618122555743]}