{"A": [124.0, 91, 0.20460419731003693], "B": [193.0, 123, 0.3210884050827866], "C": [33.0, 29, 0.05430274885977467], "F": [7.0, 4, 0.012182670668130394], "L": [1.0, 1, 0.00165304485994835], "T": [6.0, 1, 0.023682838777822113], "V": [1.0, 1, 0.0035043272079369274], "DRB4": [3.0, 3, 0.0067855324588142005], "DRB1": [22.0, 11, 0.04976057136463747], "DMA": [2.0, 1, 0.004610018235377587], "DRA": [35.0, 4, 0.08288993572237738], "E": [56.0, 20, 0.09359527797434496], "DPB1": [20.0, 16, 0.04663416129995859], "DQA1": [9.0, 7, 0.02123129491996162], "DPA1": [23.0, 15, 0.05321833311568072], "DRB3": [3.0, 2, 0.0067855324588142005], "DMB": [1.0, 1, 0.0022875469274032723], "DQB1": [5.0, 5, 0.011183562756193774]}