{"A": [825.0, 283, 0.14484462653276656], "B": [1491.0, 401, 0.2639371625901658], "C": [953.0, 284, 0.16686158383412075], "DPA1": [233.0, 38, 0.05736472802257641], "DPB1": [190.0, 54, 0.04713932527945986], "DRA": [366.0, 8, 0.09222962230219027], "DRB5": [63.0, 5, 0.0151620810286802], "E": [369.0, 60, 0.06562175844265768], "F": [43.0, 10, 0.007962849471217117], "K": [5.0, 4, 0.0008818619863759888], "L": [9.0, 1, 0.0015830066350329564], "T": [19.0, 1, 0.007979794279333402], "DRB4": [10.0, 5, 0.0024066795283619363], "DMB": [8.0, 2, 0.0019472225274928397], "DPB2": [1.0, 1, 0.00024842143069818445], "DMA": [45.0, 1, 0.011036738371476592], "DRB1": [279.0, 20, 0.06714635884129803], "DOB": [2.0, 1, 0.0004690390029727278], "DQB1": [86.0, 48, 0.020467472344535848], "DQA1": [95.0, 25, 0.02384586962378927], "DOA": [2.0, 1, 0.0005120186725678383], "H": [2.0, 2, 0.0003517792522295458]}