{"A": [55.0, 51, 0.09765161118053421], "C": [72.0, 61, 0.1274865126494643], "DRA": [54.0, 3, 0.1376104415951571], "DRB1": [63.0, 22, 0.15332998642157017], "DRB5": [17.0, 2, 0.041374758240741154], "E": [23.0, 14, 0.04136353218304614], "L": [1.0, 1, 0.0017787237736600291], "T": [1.0, 1, 0.00424723585170238], "DMA": [13.0, 1, 0.03224332866044287], "DPB1": [27.0, 22, 0.06774259190495185], "F": [5.0, 3, 0.009363502670179599], "DQB1": [19.0, 14, 0.04572857266999562], "DQA1": [21.0, 14, 0.053306128091874], "B": [64.0, 54, 0.11457006462774022], "DPA1": [29.0, 9, 0.07220300947894044]}