{"A": [6474.0, 956, 0.1458173243428417], "B": [9633.0, 1209, 0.21876228476287918], "C": [6061.0, 820, 0.13614313125070335], "DMA": [482.0, 2, 0.015165727986502314], "DPA1": [1750.0, 57, 0.05527325703733892], "DPB1": [1958.0, 123, 0.062320429630110565], "DQA1": [968.0, 71, 0.03117115590171787], "DQB1": [638.0, 34, 0.019479348603901804], "DRA": [3805.0, 8, 0.12300761440911255], "DRB1": [2753.0, 107, 0.08499873557797807], "DRB5": [922.0, 5, 0.028466703306536785], "E": [2432.0, 211, 0.05548467651707689], "F": [251.0, 13, 0.005962958158539498], "HFE": [1.0, 1, 2.3620663261146883e-05], "K": [5.0, 4, 0.00011313281991958275], "L": [36.0, 3, 0.0008123266785028726], "T": [164.0, 1, 0.00883628942754904], "V": [1.0, 1, 4.783526969907309e-05], "Y": [30.0, 3, 0.0009003944575638636], "DRB4": [3.0, 2, 9.262484806899171e-05], "DMB": [122.0, 3, 0.003809547728534515], "DPB2": [14.0, 2, 0.000446174848043674], "DPA2": [3.0, 1, 0.0001012176034150919], "DOB": [27.0, 5, 0.0008123266785028726], "DOA": [32.0, 11, 0.0010509783557788382], "DRB3": [16.0, 6, 0.0004939991897012891], "H": [17.0, 12, 0.00038359870929302316], "J": [1.0, 1, 2.2585236926411678e-05]}