{"A": [9535.0, 1452, 0.20009524586520894], "B": [11025.0, 1249, 0.23327550126415447], "C": [3723.0, 700, 0.07791554811839337], "DMA": [330.0, 3, 0.009674082946957145], "DMB": [119.0, 4, 0.0034621046616188007], "DPA1": [2289.0, 87, 0.06736005662119175], "DPB1": [2025.0, 228, 0.06005130112914606], "DQB1": [1174.0, 179, 0.033396541251275585], "DRA": [2974.0, 8, 0.08957729463189121], "DRB1": [2771.0, 105, 0.07971176447232757], "DRB5": [881.0, 6, 0.02534322067849895], "E": [2713.0, 212, 0.05766853575305955], "F": [542.0, 12, 0.011996842850403481], "HFE": [2.0, 1, 4.401510344886294e-05], "K": [6.0, 5, 0.0001264880511737223], "L": [63.0, 2, 0.0013244891599408979], "T": [255.0, 1, 0.012801059253044306], "DRB3": [203.0, 13, 0.005839584333411222], "DQA1": [976.0, 70, 0.029282423041338844], "DPB2": [6.0, 2, 0.00017815907207845166], "DPA2": [2.0, 1, 6.287014094264597e-05], "V": [1.0, 1, 4.456848482684671e-05], "H": [5.0, 4, 0.00010511818729689665], "DOB": [9.0, 4, 0.000252283649512552], "DOA": [12.0, 7, 0.0003672016996889203], "J": [1.0, 1, 2.1042837128292006e-05], "G": [1.0, 1, 2.2656742040786382e-05]}