{"E": [10.0, 9, 0.05411655143885947], "DRB4": [3.0, 3, 0.02197091451675044], "DRB1": [13.0, 3, 0.0952072962392519], "DMA": [3.0, 1, 0.022390206778520483], "DRA": [15.0, 1, 0.11502419952886994], "DPA1": [3.0, 2, 0.022475993011388376], "DPB1": [6.0, 6, 0.04529910560596422], "F": [2.0, 1, 0.011270382662771118], "DOA": [1.0, 1, 0.007790483633429437], "DQA1": [6.0, 5, 0.045829954499784116], "A": [27.0, 24, 0.14425166006489426], "B": [70.0, 45, 0.37707657696792074], "C": [7.0, 7, 0.03729667505159543]}