{"A": [279.0, 187, 0.20719509162791339], "B": [449.0, 240, 0.3361987241681874], "C": [84.0, 72, 0.0622113415664017], "DRA": [86.0, 5, 0.09166733718575025], "DRB5": [24.0, 4, 0.024431848426826563], "E": [69.0, 26, 0.051903591278531565], "L": [1.0, 1, 0.00074398990989538], "T": [3.0, 1, 0.005329496348008736], "DPB2": [1.0, 1, 0.0010507898727388357], "DMA": [7.0, 1, 0.007261947313889765], "DRB1": [79.0, 24, 0.08042150107163744], "F": [8.0, 3, 0.006266381873163009], "DPA1": [41.0, 23, 0.04269722936278263], "DPB1": [33.0, 21, 0.03463143765906834], "DQA1": [10.0, 8, 0.010617356005798653], "DQB1": [27.0, 14, 0.02718043137484455], "DMB": [1.0, 1, 0.0010295617945016875], "DRB3": [9.0, 5, 0.00916194316005996]}