{"A": [311.0, 135, 0.24310907883324293], "B": [409.0, 181, 0.3223580775323843], "C": [78.0, 69, 0.06080655687928909], "DRA": [41.0, 4, 0.046000817564739206], "L": [5.0, 1, 0.0039156384009508514], "T": [4.0, 1, 0.007479807734103938], "DRB4": [30.0, 4, 0.03214636469994108], "DRB1": [62.0, 9, 0.06643582037987822], "DMA": [5.0, 1, 0.005459974157051061], "E": [98.0, 36, 0.07759610504969172], "F": [11.0, 5, 0.009069536323124586], "DPA1": [36.0, 13, 0.039462433907513875], "DQA1": [30.0, 10, 0.03352765380814167], "DMB": [1.0, 1, 0.0010837221432934683], "DOA": [1.0, 1, 0.0011398511786034882], "DQB1": [9.0, 9, 0.00953675486098252], "DPB1": [37.0, 17, 0.040871806547067936]}