{"A": [177.0, 148, 0.12068596950471086], "B": [416.0, 270, 0.28599030323122215], "C": [209.0, 156, 0.14211660510927435], "DPA1": [61.0, 23, 0.05832489025612431], "DPB1": [39.0, 30, 0.03757763516153486], "DQB1": [22.0, 20, 0.0203340327778182], "DRB1": [113.0, 48, 0.10561650324331517], "DRB5": [36.0, 4, 0.033647735546542885], "E": [64.0, 26, 0.04420145333789397], "L": [1.0, 1, 0.0006830858721811854], "T": [5.0, 1, 0.008155360739766658], "DRB4": [3.0, 3, 0.002803977962211907], "DMB": [3.0, 2, 0.0028358413481461334], "DMA": [11.0, 1, 0.010477459637425409], "DRA": [88.0, 4, 0.0861206094119359], "DOB": [3.0, 1, 0.0027323434887247416], "F": [7.0, 4, 0.005034231326968352], "DQA1": [22.0, 17, 0.021446050195355133], "DRB3": [12.0, 4, 0.011215911848847628]}