{"B": [113.0, 85, 0.3285127558673779], "DRA": [21.0, 3, 0.08690795550848592], "T": [1.0, 1, 0.006897456786387772], "DMB": [1.0, 1, 0.0039973897284747316], "DMA": [2.0, 1, 0.008055808307765871], "E": [31.0, 16, 0.09053866477261219], "DRB1": [24.0, 15, 0.09485940569144531], "F": [4.0, 3, 0.012164967012303504], "DRB3": [2.0, 2, 0.007904950474287109], "DQA1": [5.0, 4, 0.020611540787447834], "DQB1": [3.0, 3, 0.011725676536859212], "C": [17.0, 16, 0.048883610630502984], "A": [70.0, 60, 0.20183541579839628], "DPA1": [10.0, 4, 0.04043336736848004], "DPB1": [9.0, 8, 0.036671034729173595]}