{"A": [205.0, 144, 0.2108349548999251], "B": [252.0, 144, 0.26131464839521457], "C": [43.0, 39, 0.044103416232006656], "DPB1": [28.0, 18, 0.04069378694442852], "DRB1": [78.0, 19, 0.10996467146219167], "F": [7.0, 4, 0.007593437189198117], "L": [1.0, 1, 0.0010303399522882221], "T": [3.0, 1, 0.0073807358673718395], "DMA": [10.0, 1, 0.014367081268548236], "DRA": [77.0, 3, 0.11366333235752633], "DPA1": [35.0, 15, 0.050477446449267174], "E": [71.0, 25, 0.07396396100300764], "DRB3": [19.0, 4, 0.026786266125405665], "DMB": [1.0, 1, 0.001425823974378651], "DQB1": [24.0, 17, 0.03345933593208567], "DQA1": [2.0, 2, 0.002940761947155967]}