{"DRA": [5.0, 2, 0.05636567071297585], "L": [1.0, 1, 0.007868565345880752], "T": [2.0, 1, 0.03757711380865057], "DRB4": [1.0, 1, 0.01076647642832123], "DRB1": [9.0, 8, 0.09689828785489107], "F": [2.0, 2, 0.016568583321969848], "DPA1": [3.0, 3, 0.03304194490070998], "E": [14.0, 9, 0.11137939729445967], "B": [20.0, 19, 0.15838287638356852], "DQA1": [3.0, 3, 0.03368729538705197], "A": [27.0, 25, 0.21206428571521244], "C": [26.0, 24, 0.2036536222490626], "DPB1": [1.0, 1, 0.011099031684794473], "DQB1": [1.0, 1, 0.010646848912450994]}