{"A": [1573.0, 367, 0.15253884600128867], "B": [2828.0, 454, 0.2765066619660312], "C": [926.0, 351, 0.08955250563645155], "DMA": [104.0, 2, 0.014088503598882507], "DPB1": [426.0, 68, 0.05837711849118186], "DRA": [717.0, 5, 0.09979569212158652], "DRB1": [489.0, 21, 0.06500255344575155], "DRB5": [431.0, 5, 0.05729263913112253], "E": [538.0, 100, 0.05284538514629088], "HFE": [2.0, 1, 0.00020339364904712457], "L": [7.0, 1, 0.0006800511194645876], "T": [33.0, 1, 0.007655178614626581], "Y": [7.0, 3, 0.0009045340132684321], "DPA1": [371.0, 37, 0.05045058675282116], "DMB": [13.0, 3, 0.0017477215638765234], "DQB1": [280.0, 46, 0.03680671737941669], "F": [82.0, 8, 0.008387203816182437], "DOB": [4.0, 3, 0.0005181341862587334], "DOA": [12.0, 7, 0.0016968378530066888], "DQA1": [179.0, 31, 0.024816805956294763], "DRB3": [1.0, 1, 0.00013292955714877617]}