{"A": [59.0, 53, 0.09784900345482268], "B": [144.0, 90, 0.2407916084457662], "C": [170.0, 96, 0.28116958365857236], "DRB1": [35.0, 18, 0.07956870020036048], "DRB3": [6.0, 3, 0.013640348605776082], "L": [1.0, 1, 0.0016614840683130537], "T": [3.0, 1, 0.01190187280307913], "DRB4": [8.0, 2, 0.01818713147436811], "DMB": [3.0, 3, 0.006897676283602678], "DMA": [6.0, 1, 0.013900660602069518], "DRA": [33.0, 3, 0.07855236050032226], "DPA1": [12.0, 8, 0.027907839676185545], "F": [1.0, 1, 0.0017492666079453475], "E": [28.0, 14, 0.047036552664567334], "DQA1": [7.0, 6, 0.016597533557418945], "DOA": [1.0, 1, 0.0024183088165618946], "DQB1": [8.0, 6, 0.017985052235764017], "DPB1": [18.0, 15, 0.0421850163445044]}