{"B": [38.0, 36, 0.21905537616393667], "L": [1.0, 1, 0.005727797364640007], "DRB1": [14.0, 8, 0.10972200095260458], "DMA": [1.0, 1, 0.007986852304892428], "DRA": [10.0, 1, 0.08206099230909082], "DQA1": [6.0, 6, 0.04904426493473006], "DRB4": [3.0, 2, 0.023511857346986697], "E": [14.0, 9, 0.08107686601756113], "DPA1": [6.0, 6, 0.04810471962946703], "F": [1.0, 1, 0.006030418743175262], "A": [36.0, 32, 0.2058251118572278], "DQB1": [2.0, 2, 0.015500409658383821], "C": [13.0, 13, 0.07412321239908339], "DPB1": [7.0, 7, 0.05655554875356259], "DRB3": [2.0, 2, 0.015674571564657798]}