{"A": [73.0, 56, 0.2316317650648393], "B": [93.0, 67, 0.29753130379550174], "L": [2.0, 1, 0.006357656185411297], "DMA": [4.0, 1, 0.01773025745346255], "DRA": [16.0, 2, 0.07286788161266176], "E": [27.0, 16, 0.0867784879329756], "F": [2.0, 2, 0.006693555407503153], "K": [1.0, 1, 0.0031875531469399737], "DRB1": [11.0, 10, 0.047845132940898004], "DMB": [1.0, 1, 0.0043989843303098375], "DQA1": [2.0, 2, 0.00907290518126404], "DPB1": [4.0, 4, 0.017935627230915782], "DQB1": [2.0, 2, 0.008602458245939236], "C": [50.0, 38, 0.158219599891253], "DPA1": [7.0, 3, 0.031146831580124823]}