{"A": [298.0, 175, 0.21379820780933478], "B": [348.0, 171, 0.2517337819832802], "C": [140.0, 90, 0.10016842682506732], "DRA": [68.0, 4, 0.07002250027580897], "DRB1": [86.0, 16, 0.084577739097185], "E": [113.0, 41, 0.08211817663802783], "L": [2.0, 1, 0.0014375057082168814], "T": [14.0, 1, 0.024027328526012883], "Y": [1.0, 1, 0.0009560110777947219], "DRB4": [12.0, 5, 0.011801544990304884], "DMA": [14.0, 1, 0.014031226200305233], "DPA1": [43.0, 20, 0.0432610274692498], "F": [12.0, 4, 0.009080727701473786], "DQA1": [34.0, 19, 0.0348744874420533], "DQB1": [14.0, 12, 0.013615486164740632], "DMB": [3.0, 1, 0.002983913364025951], "DOB": [1.0, 1, 0.0009583371388112542], "DPB1": [40.0, 26, 0.04055357158830635]}