{"A": [11060.0, 1364, 0.19559670958110098], "B": [17546.0, 1416, 0.31286645621166265], "C": [3175.0, 830, 0.0559970525813419], "DMA": [717.0, 2, 0.01771354020460627], "DOB": [18.0, 6, 0.00042521585074124324], "DPA1": [1565.0, 61, 0.0388115813019056], "DPB1": [1434.0, 137, 0.03583743269194473], "DQA1": [320.0, 59, 0.008090912715493101], "DQB1": [503.0, 84, 0.012058456580423793], "DRA": [3800.0, 8, 0.09645637119646677], "DRB1": [4973.0, 93, 0.12055762976523503], "DRB3": [758.0, 13, 0.018375765807771595], "DRB5": [3.0, 3, 7.272730530780315e-05], "E": [2998.0, 246, 0.05370455274032837], "F": [514.0, 14, 0.009587848151616032], "H": [3.0, 3, 5.3151981342655405e-05], "HFE": [9.0, 1, 0.00016691854312765136], "K": [12.0, 7, 0.0002131914786881988], "L": [87.0, 2, 0.0015414074589370067], "T": [426.0, 1, 0.018022111460392475], "V": [1.0, 1, 3.755936270248248e-05], "DRB4": [3.0, 3, 7.272730530780315e-05], "DMB": [138.0, 3, 0.0033834725901152967], "DPB2": [5.0, 2, 0.00012511720694061495], "DOA": [9.0, 7, 0.0002320899265002005]}