{"A": [2134.0, 569, 0.11514360097027124], "B": [4523.0, 560, 0.24606307123936538], "C": [692.0, 323, 0.03723629890643319], "DMA": [299.0, 2, 0.02253701400906562], "DPA1": [1038.0, 61, 0.07853863045207461], "DPB1": [649.0, 139, 0.049484753400311214], "DQA1": [498.0, 60, 0.03841632838428677], "DQB1": [323.0, 103, 0.023624641986017433], "DRA": [1835.0, 8, 0.14210925601860422], "DRB1": [2053.0, 83, 0.15184628308193693], "DRB3": [292.0, 11, 0.021597230715989083], "DRB7": [1.0, 1, 0.00015798522194983793], "E": [575.0, 115, 0.03142579657097214], "HFE": [2.0, 1, 0.00011316992976349422], "K": [2.0, 2, 0.00010840705989238652], "L": [40.0, 1, 0.002162206504787928], "T": [56.0, 1, 0.007228082049992586], "DRB4": [299.0, 9, 0.0221149725482217], "DMB": [43.0, 3, 0.00321655518174386], "DPB2": [1.0, 1, 7.63459513288521e-05], "DPA2": [2.0, 1, 0.00016164927211784238], "F": [102.0, 9, 0.005804932506802403], "DOB": [4.0, 2, 0.0002882942006383904], "DOA": [5.0, 4, 0.0003933894968870467], "DRB5": [1.0, 1, 7.396311889037358e-05], "DQA2": [1.0, 1, 7.71412216551943e-05]}