{"A": [746.0, 435, 0.14955673602418026], "B": [1391.0, 622, 0.2811698448671198], "C": [535.0, 360, 0.10696358592199173], "DMA": [45.0, 3, 0.01260257987801736], "DPB1": [165.0, 77, 0.0467447042579743], "DQB1": [94.0, 62, 0.025545377550272554], "DRA": [329.0, 9, 0.09466816386277477], "DRB1": [310.0, 86, 0.08519197150999334], "DRB5": [50.0, 7, 0.013740640566127959], "E": [304.0, 79, 0.061732489675542845], "F": [41.0, 7, 0.008669671024634165], "L": [6.0, 1, 0.0012050642073140687], "T": [31.0, 1, 0.0148668342439008], "DRB4": [14.0, 5, 0.0038473793585158287], "DMB": [9.0, 2, 0.0025014211576064762], "DPB2": [1.0, 1, 0.0002836663168419715], "DPA1": [212.0, 45, 0.05959963360958675], "DOB": [2.0, 2, 0.0005355840921395861], "DQA1": [82.0, 43, 0.02350293629334418], "DRB3": [25.0, 9, 0.0068703202830639794], "K": [1.0, 1, 0.00020139529905706304]}