{"B": [74.0, 65, 0.3114617659086478], "DMA": [1.0, 1, 0.00583147416055494], "DRA": [17.0, 2, 0.10185641533769293], "DPA1": [10.0, 7, 0.05853816973430629], "F": [2.0, 2, 0.00880603014446913], "DQA1": [4.0, 3, 0.02387259734477178], "E": [24.0, 12, 0.10148056140655753], "DRB1": [10.0, 10, 0.05722270524589491], "DPB1": [4.0, 4, 0.02359608077321072], "A": [33.0, 31, 0.13775662730097815], "C": [38.0, 34, 0.15819661237734328], "DRB3": [1.0, 1, 0.0057222705245894906], "DQB1": [1.0, 1, 0.0056586897409829405]}