{"A": [6891.0, 1348, 0.1821271046362041], "B": [8627.0, 1198, 0.2298934469165998], "C": [5169.0, 1046, 0.1362429023895328], "DMA": [340.0, 2, 0.012553101623275206], "DPB1": [1281.0, 202, 0.047843482546069405], "DQA1": [635.0, 47, 0.023994249966271784], "DQB1": [660.0, 139, 0.023645777044626892], "DRA": [2129.0, 8, 0.08076234116793153], "DRB1": [2743.0, 124, 0.09937747665997687], "DRB3": [478.0, 12, 0.017317693708884047], "DRB5": [2.0, 2, 7.245896949323869e-05], "E": [2281.0, 199, 0.06106476311839301], "F": [432.0, 12, 0.012042806019060697], "H": [4.0, 3, 0.00010591174190526312], "HFE": [1.0, 1, 2.771711297234202e-05], "K": [10.0, 6, 0.0002655061050507054], "L": [51.0, 3, 0.0013503747092921048], "T": [211.0, 1, 0.013340264589348328], "DRB4": [2.0, 2, 7.245896949323869e-05], "DMB": [105.0, 3, 0.003847324260876793], "DPB2": [3.0, 2, 0.00011219001526562666], "V": [2.0, 1, 0.00011226234925354777], "DOB": [4.0, 4, 0.00014121565587368418], "DPA1": [1436.0, 67, 0.05322152952364298], "Y": [1.0, 1, 3.52182248568472e-05], "DOA": [9.0, 5, 0.0003468504057614593], "G": [2.0, 1, 5.7069453848657026e-05], "J": [1.0, 1, 2.650211623930785e-05]}