{"A": [93.0, 79, 0.13607444536397129], "B": [156.0, 102, 0.2301403042892652], "C": [80.0, 65, 0.1167343400503085], "F": [6.0, 4, 0.009259690806584267], "HFE": [1.0, 1, 0.0015344377793145851], "L": [1.0, 1, 0.0014658360902758856], "T": [1.0, 1, 0.003500122777652224], "DRB3": [10.0, 5, 0.020056883332613865], "DMA": [7.0, 1, 0.014307753797196685], "DRA": [66.0, 3, 0.13860486199502806], "DRB1": [52.0, 22, 0.10429579332959212], "E": [39.0, 16, 0.057800459264531784], "DPA1": [35.0, 18, 0.07181286388631286], "DQA1": [11.0, 9, 0.02301057279214333], "DQB1": [11.0, 9, 0.02181743198069886], "DMB": [1.0, 1, 0.002028480246139357], "DPB1": [23.0, 20, 0.04755572221837133]}