{"A": [689.0, 300, 0.18364878134024556], "B": [1124.0, 390, 0.30207139449465864], "C": [225.0, 180, 0.059808976178283194], "DMA": [41.0, 2, 0.015266253851647621], "DPB1": [66.0, 38, 0.024859597099791943], "DRA": [228.0, 5, 0.08722572358508103], "DRB4": [88.0, 8, 0.03215298701046748], "DRB5": [78.0, 4, 0.028499238486550723], "E": [239.0, 47, 0.06452674941606093], "K": [3.0, 3, 0.000803289817289293], "L": [7.0, 2, 0.001869212406350481], "T": [24.0, 1, 0.015302758523698428], "DMB": [4.0, 2, 0.0014781073574026892], "DRB1": [253.0, 22, 0.092439837655094], "F": [26.0, 7, 0.00730960295476373], "DOB": [4.0, 2, 0.00142416183340989], "DQA1": [57.0, 23, 0.021721249525581705], "DPA1": [114.0, 29, 0.04261026726857407], "DQB1": [47.0, 28, 0.01698181119504867]}