{"A": [26.0, 25, 0.19210563750384574], "B": [44.0, 41, 0.3277886402163522], "L": [1.0, 1, 0.007402161355250653], "DRB4": [2.0, 2, 0.020256601361684685], "DRB1": [8.0, 7, 0.08102640544673874], "DMA": [1.0, 1, 0.010321588861774448], "DRA": [8.0, 1, 0.08483941276187937], "DPA1": [8.0, 6, 0.08288908143402009], "E": [9.0, 7, 0.06735693690792662], "DQA1": [1.0, 1, 0.010563501100722286], "C": [10.0, 9, 0.07368545726934347], "DPB1": [4.0, 4, 0.04176457578046185]}