{"B": [60.0, 45, 0.2950184694210118], "DRB1": [25.0, 10, 0.1671218857675207], "DMA": [5.0, 1, 0.034062246946509944], "DRA": [14.0, 1, 0.09799240925474392], "DRB4": [3.0, 2, 0.020054626292102487], "DQA1": [7.0, 5, 0.04880481320304629], "A": [23.0, 20, 0.11216344267741472], "DMB": [1.0, 1, 0.006760839924231521], "E": [6.0, 5, 0.029637925571907916], "C": [8.0, 8, 0.0389070679018446], "DPA1": [6.0, 6, 0.04103130436774991], "DQB1": [5.0, 5, 0.03305299518513187], "DRB3": [2.0, 2, 0.013369750861401658], "DPB1": [9.0, 7, 0.06202222262538259]}