{"A": [3295.0, 872, 0.16265784506528874], "B": [5208.0, 861, 0.2592179258987519], "C": [2857.0, 634, 0.14065165831034548], "DMA": [228.0, 2, 0.015722957355011887], "DMB": [47.0, 3, 0.0032165818857924043], "DPB1": [642.0, 88, 0.044785347133753636], "DRA": [1182.0, 5, 0.08374868120965775], "DRB1": [1404.0, 61, 0.09500720180574304], "DRB5": [1.0, 1, 6.766894715508764e-05], "E": [985.0, 147, 0.04925256851582732], "L": [41.0, 2, 0.002027660486788534], "T": [89.0, 1, 0.010509916282655865], "V": [1.0, 1, 0.00010484105739115125], "Y": [1.0, 1, 6.578012945537038e-05], "DPA1": [665.0, 41, 0.046034329165216804], "DRB4": [404.0, 11, 0.027338254650655404], "DQA1": [451.0, 52, 0.03183004534989917], "DQB1": [295.0, 82, 0.019740535639520287], "K": [2.0, 2, 9.918175054204062e-05], "F": [135.0, 11, 0.007029185015000386], "DOB": [8.0, 3, 0.0005275214274571795], "DOA": [3.0, 3, 0.00021594751661842707], "H": [3.0, 3, 0.00014836540147233174]}