{"A": [612.0, 293, 0.14766407329482942], "B": [661.0, 263, 0.16080492354887962], "C": [647.0, 278, 0.15568354919931168], "DMA": [30.0, 2, 0.010111706860108437], "DPB1": [171.0, 64, 0.058304336003420616], "DRA": [343.0, 5, 0.11878413708372612], "DRB1": [259.0, 36, 0.08566294683061652], "DRB5": [51.0, 4, 0.01686799339135692], "E": [326.0, 81, 0.07967353379479536], "L": [6.0, 1, 0.0014503287576724875], "T": [13.0, 1, 0.007503371147174147], "DRB3": [19.0, 5, 0.006284154400701597], "DMB": [8.0, 2, 0.002676027472069102], "DPB2": [1.0, 1, 0.00034140041202943434], "DQB1": [126.0, 55, 0.041210823069864164], "DPA1": [194.0, 40, 0.0656395704068444], "F": [34.0, 5, 0.0086527458895145], "DOB": [1.0, 1, 0.000322295279482775], "DOA": [3.0, 2, 0.0010554849391826336], "DQA1": [90.0, 30, 0.031046099968926683], "G": [1.0, 1, 0.0002604982494934524]}