{"B": [120.0, 95, 0.3067311424925146], "C": [33.0, 32, 0.08343170653764378], "DRA": [18.0, 4, 0.06549612042634281], "DRB5": [8.0, 4, 0.027801099806437652], "T": [2.0, 1, 0.012128911190063487], "DRB4": [9.0, 4, 0.03127623728224236], "DRB1": [34.0, 10, 0.11815467417736002], "DMA": [4.0, 1, 0.014165827573127582], "E": [28.0, 11, 0.07190072260825457], "F": [3.0, 3, 0.008021859130027578], "DOB": [1.0, 1, 0.003386356591386338], "DQB1": [5.0, 5, 0.01718262418592327], "DQA1": [2.0, 2, 0.007248919578436379], "DPA1": [14.0, 11, 0.04977035971095016], "A": [61.0, 53, 0.15464361767330942], "DPB1": [8.0, 7, 0.028659821035980127]}