{"A": [1251.0, 421, 0.14898828438045103], "B": [1553.0, 456, 0.18648363483379599], "C": [1569.0, 427, 0.18635144910471954], "DMA": [114.0, 3, 0.018966161963528225], "DOA": [7.0, 5, 0.0012156266527263147], "DPA2": [1.0, 1, 0.00017839931192806762], "DPB1": [274.0, 80, 0.046113352131604834], "DRA": [640.0, 5, 0.10939958851201971], "DRB1": [510.0, 43, 0.08325969385526781], "DRB5": [200.0, 3, 0.03265086033539914], "E": [487.0, 83, 0.058748506253020506], "F": [80.0, 8, 0.010049313786226595], "K": [2.0, 2, 0.00023928032139665796], "L": [7.0, 2, 0.0008351887495464552], "T": [37.0, 1, 0.0105411061847519], "DMB": [17.0, 3, 0.002806860891332892], "DQB1": [201.0, 46, 0.032449513363330844], "H": [2.0, 2, 0.0002386253570132729], "DOB": [7.0, 3, 0.0011135849993952737], "DPA1": [287.0, 34, 0.04793108767512071], "DQA1": [124.0, 36, 0.021113372734070213], "DRB3": [2.0, 2, 0.00032650860335399143]}