{"A": [1217.0, 468, 0.16905905376614788], "B": [1206.0, 407, 0.16891554696021835], "C": [1297.0, 420, 0.17968128833554153], "DMA": [64.0, 2, 0.012419600429720965], "DPA1": [318.0, 46, 0.0619463259939315], "DPB1": [275.0, 83, 0.05398360346050889], "DRA": [565.0, 8, 0.11265155953502416], "DRB3": [105.0, 9, 0.019994335663718613], "E": [363.0, 73, 0.05107725373914792], "L": [7.0, 1, 0.0009741765733965093], "T": [23.0, 1, 0.007643026163143232], "DMB": [16.0, 2, 0.003081378136919406], "DQA1": [147.0, 30, 0.029194854183976635], "DPB2": [1.0, 1, 0.00019655698167204974], "DRB1": [488.0, 58, 0.09292605527518748], "DOB": [1.0, 1, 0.00018555744255171604], "F": [64.0, 6, 0.009377335194774907], "DQB1": [140.0, 51, 0.02636290183808825], "H": [1.0, 1, 0.00013916808191378704], "DRB5": [1.0, 1, 0.00019042224441636777]}