{"B": [13.0, 12, 0.21085009941110755], "C": [12.0, 11, 0.1925095437088209], "T": [1.0, 1, 0.03848093820323381], "DMA": [1.0, 1, 0.022471692920209056], "DRA": [6.0, 2, 0.13853137753164171], "F": [3.0, 2, 0.05090129866076172], "DPB1": [2.0, 2, 0.04546396559918743], "A": [10.0, 10, 0.16086293839056756], "DQA1": [3.0, 2, 0.06899511966907937], "E": [3.0, 3, 0.04888215120466139], "DRB1": [1.0, 1, 0.022050874700729486]}