{"B": [25.0, 22, 0.12615741317338436], "DRB5": [4.0, 2, 0.02744278111277215], "DRB1": [8.0, 6, 0.0548855622255443], "DMA": [5.0, 1, 0.034958122886975966], "DRA": [19.0, 2, 0.13648747900499322], "F": [3.0, 2, 0.015836936362630036], "DPB1": [8.0, 8, 0.05658086916687385], "DQA1": [5.0, 4, 0.035777453892139474], "DRB4": [1.0, 1, 0.006860695278193037], "E": [11.0, 6, 0.055765300826714805], "DPA1": [16.0, 8, 0.11229459857640098], "A": [26.0, 22, 0.1301282694568745], "C": [36.0, 28, 0.1796866567138732], "DQB1": [4.0, 4, 0.027137861322630234]}