{"A": [31.0, 25, 0.08925218961185263], "B": [85.0, 69, 0.24674625600504183], "C": [49.0, 46, 0.14069163826131362], "T": [2.0, 1, 0.013774531477098067], "DQA1": [5.0, 5, 0.02058108707027348], "DMA": [3.0, 1, 0.012065858679366435], "DRA": [27.0, 2, 0.11157370496449433], "DPA1": [19.0, 12, 0.07670989081211509], "DPB1": [10.0, 9, 0.04068539220069506], "F": [2.0, 2, 0.006073496587884738], "DRB1": [38.0, 14, 0.14997214608211265], "DMB": [2.0, 1, 0.007982967106045472], "DRB4": [2.0, 1, 0.007893270846426981], "E": [18.0, 8, 0.05249316377480822], "DQB1": [4.0, 3, 0.015611135674044475], "DRB3": [2.0, 1, 0.007893270846426981]}