{"A": [2868.0, 637, 0.12936433036362657], "B": [5237.0, 561, 0.23817294791759203], "C": [5046.0, 519, 0.22698526485188314], "DMA": [156.0, 2, 0.009829689288545392], "DPB1": [782.0, 111, 0.049845214835024604], "DQB1": [295.0, 94, 0.018037433169792814], "DRA": [1221.0, 8, 0.07904819665118773], "DRB4": [313.0, 8, 0.019353056270922247], "DRB5": [309.0, 5, 0.019105732868098958], "E": [1066.0, 123, 0.04870411546935175], "HFE": [1.0, 1, 4.730325827637375e-05], "K": [2.0, 2, 9.062490652399509e-05], "L": [12.0, 1, 0.0005422610738908392], "T": [66.0, 1, 0.007121459157764659], "DMB": [39.0, 3, 0.0024388054863625874], "DPB2": [1.0, 1, 6.382282398887026e-05], "DRB1": [1079.0, 48, 0.0667154879115818], "DPA2": [2.0, 1, 0.00013513372828202814], "F": [160.0, 9, 0.007612143925512134], "DOB": [6.0, 3, 0.0003615073825938928], "DPA1": [781.0, 45, 0.04940000691621808], "DQA1": [415.0, 58, 0.02676237270491638], "DOA": [4.0, 3, 0.0002630890380630189]}