{"A": [173.0, 138, 0.140928024111771], "B": [412.0, 219, 0.3383942198420703], "C": [119.0, 95, 0.0966747911068352], "DMA": [13.0, 2, 0.014793618204205232], "DPA1": [45.0, 22, 0.051404880232118984], "DRA": [52.0, 2, 0.060798870109831704], "DRB3": [6.0, 5, 0.00669996191789416], "DRB5": [25.0, 2, 0.027916507991225664], "E": [78.0, 26, 0.06436042753785229], "L": [2.0, 1, 0.0016321987518957486], "T": [1.0, 1, 0.001948681734289478], "DRB4": [6.0, 2, 0.00669996191789416], "DMB": [3.0, 2, 0.00338804892438966], "DRB1": [68.0, 28, 0.0759329017361338], "DQB1": [24.0, 15, 0.026502071586336898], "F": [12.0, 3, 0.010310604219468245], "DPB1": [44.0, 32, 0.05065067735612651], "DQA1": [18.0, 14, 0.02096355271966102]}