{"A": [4988.0, 864, 0.174098583269417], "B": [6304.0, 931, 0.2218500122765867], "C": [3659.0, 767, 0.12736386298391542], "DMA": [229.0, 2, 0.011165651501116355], "DMB": [61.0, 4, 0.0029517242670841866], "DPA1": [1336.0, 67, 0.06539067620737773], "DPB1": [1011.0, 116, 0.04986562527893144], "DQA1": [504.0, 50, 0.025150142423229608], "DQB1": [645.0, 117, 0.03051728040067367], "DRA": [2040.0, 6, 0.10219740413248855], "DRB1": [1431.0, 39, 0.06846651934156887], "DRB5": [911.0, 5, 0.04358700148159975], "E": [1613.0, 156, 0.057026434340072894], "F": [184.0, 10, 0.006773891340193766], "H": [2.0, 2, 6.993435501767009e-05], "HFE": [1.0, 1, 3.660365477524662e-05], "L": [49.0, 2, 0.0017133916979329173], "T": [125.0, 1, 0.010436826402419174], "DRB4": [1.0, 1, 4.784522665378678e-05], "DPB2": [3.0, 2, 0.00014815989645496088], "DOB": [8.0, 4, 0.00037298322676090716], "K": [2.0, 2, 7.012630658679454e-05], "DOA": [13.0, 9, 0.0006616365805390195], "G": [1.0, 1, 3.7683408603424985e-05]}