{"A": [52.0, 44, 0.17858337221399875], "B": [66.0, 57, 0.2285367630430893], "C": [51.0, 45, 0.17467183115418677], "T": [3.0, 1, 0.024646121504646887], "DMA": [4.0, 1, 0.019190109873847193], "DRA": [19.0, 2, 0.09365526171765816], "DRB1": [22.0, 13, 0.10356909486222399], "F": [4.0, 3, 0.01448936249840912], "E": [12.0, 8, 0.04174379989163439], "DPA1": [8.0, 6, 0.0385272703980687], "DQA1": [4.0, 4, 0.019639878074015484], "DRB3": [1.0, 1, 0.0047076861301010905], "DPB1": [11.0, 11, 0.05338407013168688], "DQB1": [1.0, 1, 0.004655378506433301]}