{"A": [430.0, 245, 0.16347968267453547], "B": [832.0, 270, 0.3189283434594666], "C": [458.0, 202, 0.17365041662357916], "DPB1": [72.0, 27, 0.038682020273317394], "DRA": [111.0, 5, 0.060570228803790954], "DRB1": [98.0, 29, 0.05107298369628288], "DRB5": [3.0, 1, 0.0015634586845800881], "F": [31.0, 7, 0.012431073518030154], "L": [13.0, 2, 0.004951428005636392], "T": [4.0, 1, 0.0036378515798072644], "DRB4": [1.0, 1, 0.0005211528948600294], "DMB": [2.0, 2, 0.0010541501736941504], "DMA": [15.0, 1, 0.007966478411887091], "DPA1": [75.0, 18, 0.03998500658839881], "DOB": [1.0, 1, 0.0005078387698088608], "DOA": [3.0, 3, 0.0016631213895732413], "E": [213.0, 48, 0.08202533104313119], "DQA1": [28.0, 18, 0.015219293132709297], "DRB3": [11.0, 4, 0.005732681843460324], "J": [1.0, 1, 0.00038122691213048727], "DQB1": [31.0, 18, 0.015976231521320237]}