{"A": [5627.0, 1495, 0.1545128759043583], "B": [8479.0, 1895, 0.23475067865640808], "C": [5386.0, 1324, 0.1474922262995512], "DMA": [275.0, 2, 0.010548731755273216], "DMB": [92.0, 4, 0.003502295182219085], "DPA1": [1428.0, 91, 0.054986559442576105], "DPB1": [1167.0, 230, 0.045283494968084335], "DQA1": [671.0, 102, 0.026342161080121333], "DRA": [2273.0, 9, 0.0895835155406893], "DRB1": [2502.0, 192, 0.09417700830975444], "DRB3": [178.0, 18, 0.006700042957288685], "DRB5": [33.0, 6, 0.0012421427954523966], "E": [2524.0, 231, 0.07020211061705248], "H": [12.0, 9, 0.000330111605559844], "HFE": [1.0, 1, 2.879674623476512e-05], "K": [20.0, 10, 0.0005516961264007152], "L": [61.0, 2, 0.00167806732826254], "T": [212.0, 1, 0.013925579479854913], "V": [3.0, 2, 0.000174952765809279], "Y": [7.0, 3, 0.00025613028295460384], "DRB4": [381.0, 10, 0.014341103183859488], "DPB2": [2.0, 2, 7.770668378298732e-05], "DQB1": [506.0, 181, 0.01883456520215597], "DPA2": [3.0, 1, 0.00012339778979999623], "J": [3.0, 1, 8.260326933643584e-05], "F": [323.0, 8, 0.009354959114715757], "DOB": [13.0, 4, 0.00047682787469755243], "DOA": [10.0, 7, 0.0004004009735431485], "DQA2": [1.0, 1, 3.9258064202863386e-05]}