{"A": [1129.0, 404, 0.22189064125728536], "B": [1305.0, 407, 0.2586008900919588], "C": [1493.0, 427, 0.29263069058086777], "DMA": [21.0, 2, 0.005765594996259255], "DQA1": [21.0, 13, 0.005900726128984082], "DRA": [87.0, 5, 0.0245417315302957], "DRB5": [3.0, 1, 0.0008082321503584403], "E": [441.0, 91, 0.08779235332864878], "F": [39.0, 5, 0.008084650702864975], "L": [8.0, 1, 0.0015751677674868873], "T": [18.0, 1, 0.008462666044929552], "Y": [9.0, 1, 0.0023570168171254033], "DRB4": [20.0, 5, 0.005388214335722935], "DMB": [3.0, 2, 0.0008174166066125135], "DRB1": [108.0, 27, 0.02909635741290385], "DQB1": [11.0, 10, 0.00293058990815153], "DRB3": [9.0, 5, 0.002424696451075321], "DPA1": [82.0, 27, 0.02259953346098045], "DPB1": [63.0, 34, 0.017497133849651642], "DOA": [2.0, 1, 0.0005731686165888541], "DOB": [1.0, 1, 0.00026252796124781456]}