{"A": [3293.0, 874, 0.16354391133505355], "B": [5581.0, 1386, 0.2794660987309267], "C": [2894.0, 923, 0.1433363025538725], "DMA": [169.0, 2, 0.01172490002123218], "DMB": [47.0, 4, 0.0032360682011263464], "DPA1": [617.0, 61, 0.042970300574310616], "DPB1": [495.0, 141, 0.03473994845339612], "DQB1": [277.0, 123, 0.018648321151455274], "DRA": [1102.0, 9, 0.07855342925467548], "DRB1": [1217.0, 148, 0.0828520105349814], "DRB5": [248.0, 5, 0.01688356500630681], "E": [1171.0, 176, 0.05890777270760403], "F": [169.0, 13, 0.00885280635608885], "K": [8.0, 5, 0.00039913040669514965], "L": [29.0, 1, 0.0014428873746596895], "T": [119.0, 1, 0.014137716396410137], "Y": [24.0, 4, 0.0015882871402347035], "DRB4": [194.0, 10, 0.013207304883965812], "DPB2": [2.0, 1, 0.00014054430880083716], "DOB": [6.0, 4, 0.00039803789645784536], "DRB3": [36.0, 10, 0.002450840081560666], "DQA1": [312.0, 74, 0.022153296674731957], "DOA": [3.0, 2, 0.00021725574428177217], "H": [3.0, 3, 0.00014926421117169203]}