{"A": [1557.0, 510, 0.11389783373583011], "B": [2267.0, 650, 0.16720637519521794], "C": [2681.0, 672, 0.19558641515586347], "DMA": [131.0, 2, 0.013386835949683307], "DPB1": [510.0, 110, 0.05272035779411959], "DQB1": [339.0, 92, 0.03361583249587142], "DRA": [1072.0, 6, 0.112554416769102], "DRB1": [975.0, 81, 0.09776902659881068], "E": [900.0, 134, 0.06668719015524895], "F": [142.0, 11, 0.010956372938645704], "HFE": [1.0, 1, 7.671539226179546e-05], "L": [4.0, 1, 0.00029314239305875853], "T": [76.0, 1, 0.013299340289881457], "DRB3": [57.0, 9, 0.0057157277088535465], "DRB4": [1.0, 1, 0.0001002759247167289], "DMB": [46.0, 3, 0.00466510949761691], "DQA1": [333.0, 45, 0.03482669040034798], "DPB2": [1.0, 1, 0.00010350646352847918], "DOB": [7.0, 2, 0.0006839989171371034], "DPA1": [729.0, 51, 0.07478163530512744], "DOA": [8.0, 6, 0.0008533441242826013], "H": [3.0, 2, 0.00021985679479406893]}