{"A": [1139.0, 353, 0.14769891731127402], "B": [1563.0, 361, 0.20435582718215625], "C": [631.0, 235, 0.08160146731649372], "DMA": [73.0, 2, 0.01322379907620391], "DPA1": [600.0, 40, 0.10910519155929538], "DRA": [579.0, 8, 0.1077638394983605], "DRB3": [225.0, 16, 0.03999502106316867], "DRB5": [1.0, 1, 0.00017775564916963854], "F": [42.0, 10, 0.005744529826479328], "HFE": [1.0, 1, 0.00013599071154238822], "L": [1.0, 1, 0.0001299108348402194], "T": [44.0, 1, 0.013648845532319695], "DPB1": [390.0, 73, 0.0714660067491678], "DMB": [16.0, 3, 0.002876409595654151], "E": [205.0, 50, 0.026926537243450642], "DQB1": [127.0, 41, 0.022324134472938052], "DOB": [4.0, 3, 0.0006928577858145035], "DQA1": [93.0, 23, 0.01724160361145037], "DRB1": [756.0, 41, 0.13438327077224674], "DOA": [2.0, 2, 0.0003781733731338126], "H": [1.0, 1, 0.0001299108348402194]}