{"A": [4186.0, 976, 0.12978110244441954], "B": [10510.0, 1238, 0.32854087646796604], "C": [1514.0, 559, 0.04681156183705093], "DMA": [244.0, 2, 0.01056773356909112], "DMB": [101.0, 4, 0.004341209725926621], "DPA1": [1494.0, 90, 0.064953627527828], "DPB1": [1427.0, 204, 0.06251979271489293], "DQB1": [569.0, 132, 0.023913427216347392], "DRA": [2469.0, 9, 0.10986876174391717], "DRB1": [1863.0, 83, 0.0791762473364461], "DRB3": [388.0, 12, 0.016489739112475088], "DRB5": [532.0, 5, 0.022609642288239036], "E": [1867.0, 218, 0.05863131177320487], "F": [240.0, 9, 0.007848290816181434], "HFE": [2.0, 1, 6.502762447982229e-05], "K": [1.0, 1, 3.114543587848762e-05], "L": [14.0, 2, 0.00043484257282173135], "T": [128.0, 1, 0.00949318313974713], "J": [1.0, 1, 3.108854923761367e-05], "DPB2": [5.0, 2, 0.0002193425348916686], "DOB": [11.0, 3, 0.0004555493620037186], "DOA": [18.0, 7, 0.0008137520657016806], "DQA1": [503.0, 79, 0.022295711708123757], "DRB4": [1.0, 1, 4.249932760947187e-05], "G": [1.0, 1, 3.347292174551325e-05], "H": [1.0, 1, 3.106018377298081e-05]}