{"A": [2808.0, 838, 0.14699846386918103], "B": [5512.0, 994, 0.29093727192473967], "C": [2527.0, 751, 0.13192768933861201], "DMA": [143.0, 2, 0.010457587919446613], "DMB": [27.0, 4, 0.0019595512010533306], "DPB1": [507.0, 113, 0.037506364816042644], "DQB1": [236.0, 101, 0.016747308371800648], "DRA": [1037.0, 8, 0.07791756183151319], "DRB1": [1281.0, 137, 0.09192521339672903], "DRB5": [2.0, 1, 0.00014352102013540834], "E": [1349.0, 190, 0.07153205479072662], "F": [145.0, 11, 0.008006363536804515], "HFE": [1.0, 1, 5.489987446440404e-05], "L": [34.0, 1, 0.0017831439153137365], "T": [85.0, 1, 0.010644475660042783], "DRB4": [134.0, 7, 0.009615908349072357], "DPB2": [1.0, 1, 7.407238217040081e-05], "DPA1": [697.0, 57, 0.051166893345171174], "V": [1.0, 1, 0.00011118020998884146], "DOB": [7.0, 2, 0.000489490486556712], "DOA": [10.0, 5, 0.000763348852114622], "DRB3": [52.0, 8, 0.0037315465235206167], "DQA1": [473.0, 78, 0.035401197566251666], "H": [2.0, 1, 0.00010489081854786685]}