{"A": [186.0, 132, 0.22493921871265482], "B": [306.0, 162, 0.3731196531138732], "C": [83.0, 69, 0.10010259860615026], "DPA1": [21.0, 13, 0.035613291208863036], "DRA": [24.0, 3, 0.04165857257372886], "DRB1": [25.0, 16, 0.04144403872620498], "DRB5": [4.0, 2, 0.006631046196192796], "DRB7": [1.0, 1, 0.003540978668766953], "E": [60.0, 24, 0.07349817347532883], "L": [1.0, 1, 0.0012115574824704447], "T": [10.0, 1, 0.02892956428731171], "DMA": [2.0, 1, 0.0033787964396631235], "F": [11.0, 3, 0.014031255531857523], "DQA1": [4.0, 4, 0.006915973962435455], "H": [1.0, 1, 0.0012115574824704447], "DRB3": [2.0, 2, 0.003315523098096398], "DPB1": [16.0, 13, 0.027343464623683037], "DQB1": [8.0, 8, 0.013114735810247975]}