{"A": [1952.0, 782, 0.14779456542280814], "B": [3423.0, 1053, 0.2613123953730745], "C": [1453.0, 632, 0.10971330222718335], "DMA": [110.0, 3, 0.011634591266585564], "DPB1": [393.0, 152, 0.04204869513356438], "DRA": [957.0, 9, 0.10399955816884367], "DRB1": [988.0, 142, 0.10254285859391463], "DRB5": [79.0, 5, 0.008199277154776575], "E": [835.0, 149, 0.06403806268175756], "F": [132.0, 10, 0.0105415432109928], "HFE": [1.0, 1, 7.940252440337113e-05], "L": [18.0, 1, 0.0013653466924324201], "T": [74.0, 1, 0.013402938530989953], "Y": [7.0, 2, 0.0007062392006702755], "DRB4": [82.0, 7, 0.008510642110021255], "DMB": [39.0, 2, 0.004093741513841987], "DPA1": [474.0, 65, 0.050326597708628636], "DPA2": [1.0, 1, 0.00011341670266074976], "DQB1": [198.0, 115, 0.020321752745636117], "DOB": [7.0, 3, 0.0007079575442242178], "K": [5.0, 3, 0.0003803039480801902], "DRB3": [78.0, 13, 0.008095488836361681], "DQA1": [272.0, 66, 0.02944344858032506], "DOA": [5.0, 4, 0.0005520215341987356], "H": [1.0, 1, 7.585259402402333e-05]}