{"A": [78.0, 58, 0.1437017968589957], "B": [154.0, 108, 0.28606371682420123], "C": [83.0, 59, 0.152496792600523], "DPA1": [24.0, 15, 0.062003958326427855], "DRA": [31.0, 2, 0.08197288019920389], "DRB5": [6.0, 2, 0.01515265273707647], "T": [2.0, 1, 0.008814288193462784], "DMA": [4.0, 1, 0.010294550332822946], "DOB": [1.0, 1, 0.0024609235284667992], "F": [6.0, 3, 0.011659245765992556], "E": [32.0, 14, 0.05971598938449325], "DQB1": [9.0, 7, 0.022476434893330097], "DRB1": [28.0, 7, 0.07071237943969019], "DQA1": [11.0, 9, 0.02897352935468333], "DPB1": [16.0, 11, 0.041655168914279714], "H": [1.0, 1, 0.0018456926463500992]}