{"A": [103.0, 79, 0.20993134387768547], "B": [127.0, 55, 0.2609866197577516], "C": [27.0, 25, 0.0548805994603129], "DRB1": [37.0, 13, 0.10337406853538478], "T": [2.0, 1, 0.00975123698955935], "DRA": [31.0, 1, 0.09068650400290194], "F": [4.0, 2, 0.008599073541225246], "E": [38.0, 18, 0.07845068061434231], "DPB1": [17.0, 15, 0.048963257547961124], "DQB1": [8.0, 6, 0.022102803843001187], "DMB": [1.0, 1, 0.0028256425367473113], "DQA1": [13.0, 10, 0.03788127025826864], "DPA1": [24.0, 12, 0.06859490847827955], "DOA": [1.0, 1, 0.002971990556578845]}