{"A": [10856.0, 1403, 0.17335493023996554], "B": [13835.0, 1350, 0.22275116636123884], "C": [8905.0, 1177, 0.14181275947453886], "DMA": [515.0, 2, 0.01148823699031988], "DPA1": [2073.0, 87, 0.0464201183171854], "DPB1": [1443.0, 172, 0.032562220684351884], "DQB1": [1379.0, 166, 0.029850248458314216], "DRA": [4360.0, 9, 0.09992950983272192], "DRB1": [4304.0, 117, 0.09421248293269505], "DRB3": [863.0, 11, 0.018890653524841036], "DRB5": [1321.0, 7, 0.028916052498626894], "DRB7": [1.0, 1, 4.6756009187787315e-05], "E": [3658.0, 217, 0.059167486718955026], "F": [439.0, 12, 0.007394051885244464], "HFE": [3.0, 1, 5.023926488659096e-05], "L": [97.0, 3, 0.0015517790458081785], "T": [231.0, 1, 0.008824050753577508], "DRB4": [9.0, 2, 0.0001970056566901151], "DMB": [178.0, 3, 0.003940610622834348], "K": [6.0, 4, 9.624979018528954e-05], "DPB2": [7.0, 2, 0.0001581630465437393], "V": [1.0, 1, 3.391393316328867e-05], "DOB": [7.0, 3, 0.00014931207313618214], "DOA": [9.0, 6, 0.00020956378620024197], "DQA1": [786.0, 62, 0.017944444932422282], "H": [3.0, 3, 4.79931663652014e-05]}