{"A": [438.0, 246, 0.17361311101482071], "B": [581.0, 190, 0.23219828172671653], "C": [384.0, 144, 0.15179401711064017], "DPB1": [91.0, 39, 0.05097193522204844], "DRA": [187.0, 5, 0.1063875776173011], "DRB1": [155.0, 24, 0.08421897104536093], "HFE": [1.0, 1, 0.00041568472629838926], "L": [5.0, 1, 0.0019855014070913027], "T": [5.0, 1, 0.004740979394710388], "DMB": [5.0, 2, 0.0027476130582980655], "DMA": [20.0, 1, 0.011074348815125028], "DPA1": [104.0, 30, 0.057807252205848036], "F": [14.0, 6, 0.005853128451567521], "DOB": [2.0, 2, 0.0010589340837820283], "DOA": [1.0, 1, 0.0005779839421439755], "DRB3": [3.0, 2, 0.0016300446008779535], "E": [167.0, 48, 0.06704986965733124], "DQB1": [58.0, 38, 0.031164037887896283], "DQA1": [25.0, 14, 0.014167379831849401], "DRB4": [1.0, 1, 0.0005433482002926512]}