{"A": [117.0, 90, 0.207735716228515], "B": [193.0, 138, 0.34550718191118274], "C": [36.0, 33, 0.06374451657064471], "DRA": [29.0, 3, 0.07390336490864616], "L": [1.0, 1, 0.0017787589401936292], "T": [5.0, 1, 0.021236599111679934], "DRB4": [9.0, 4, 0.02190471683654177], "DMA": [1.0, 1, 0.0024803050870893357], "DRB1": [34.0, 15, 0.08275115249360225], "F": [7.0, 4, 0.013109162909861215], "E": [41.0, 22, 0.07373644994145842], "DQA1": [4.0, 4, 0.010153748950271968], "DPB1": [11.0, 10, 0.027599379386067435], "DPA1": [16.0, 13, 0.03983693074742718], "DRB3": [3.0, 1, 0.007301572278847258], "DQB1": [3.0, 3, 0.007220443697971177]}