{"A": [9772.0, 1193, 0.13397631144666766], "B": [13873.0, 1202, 0.1917738579964967], "C": [8486.0, 1070, 0.1160279468031138], "DMA": [672.0, 3, 0.012870446857406423], "DPA1": [3749.0, 68, 0.07207764310986345], "DPB1": [2919.0, 214, 0.05655356342338647], "DQA1": [1583.0, 75, 0.031028915273448452], "DQB1": [1586.0, 177, 0.02947576346754743], "DRA": [6203.0, 8, 0.12206390083100441], "DRB1": [5394.0, 52, 0.10137370625668118], "DRB5": [1603.0, 5, 0.030126446260559867], "E": [4645.0, 275, 0.06450647865459871], "F": [611.0, 11, 0.00883562711775823], "HFE": [2.0, 1, 2.8756115062086256e-05], "L": [127.0, 2, 0.0017443758502237899], "T": [346.0, 1, 0.011347764438585503], "DRB4": [587.0, 10, 0.01103195505611269], "DMB": [198.0, 3, 0.003763456558750539], "DPB2": [11.0, 2, 0.00021339186673327798], "DPA2": [1.0, 1, 2.053727999318166e-05], "DOB": [29.0, 5, 0.0005310960593857208], "H": [5.0, 5, 6.867621457573975e-05], "Y": [1.0, 1, 1.82692065958764e-05], "DOA": [25.0, 8, 0.0004997950277225151], "K": [3.0, 2, 4.1318827726446906e-05]}