{"A": [57.0, 45, 0.12635168067696922], "DRB1": [35.0, 6, 0.10635160191024219], "L": [4.0, 1, 0.008882964872794994], "T": [2.0, 1, 0.01060536982634348], "DRB4": [5.0, 3, 0.015193085987177455], "DMB": [1.0, 1, 0.0030731469383154402], "DMA": [5.0, 1, 0.015483030376245726], "DRA": [46.0, 3, 0.14635410360354], "V": [1.0, 1, 0.004707799565078972], "E": [22.0, 13, 0.04939715152509983], "F": [8.0, 2, 0.018704571566922793], "DPA1": [15.0, 10, 0.046627056995130804], "DQA1": [10.0, 9, 0.03169182780137798], "B": [99.0, 82, 0.22126657955871168], "DQB1": [10.0, 9, 0.03004854784130652], "C": [45.0, 34, 0.0994795248697205], "DPB1": [21.0, 17, 0.0657819560850224]}