{"A": [1758.0, 609, 0.19669511381584762], "B": [2224.0, 592, 0.25089034233786656], "C": [804.0, 371, 0.08971101507457785], "DPB1": [304.0, 92, 0.04806507294531446], "DRA": [592.0, 8, 0.09506864685963849], "DRB3": [56.0, 7, 0.008588801227070286], "DRB5": [83.0, 5, 0.012729830390122031], "E": [672.0, 130, 0.07615826327915091], "K": [3.0, 3, 0.0003371926765888429], "L": [22.0, 2, 0.0024659778288489403], "T": [45.0, 1, 0.012044169787960957], "DPA1": [367.0, 49, 0.057581283760221], "DMB": [16.0, 2, 0.002481828926004076], "DPB2": [1.0, 1, 0.00015831254102732185], "DRB1": [570.0, 68, 0.08742172677553683], "DMA": [70.0, 1, 0.010940887059292779], "DQB1": [129.0, 45, 0.0195650846999988], "F": [91.0, 8, 0.010739095482406686], "DOB": [3.0, 1, 0.0004483596052452619], "DQA1": [104.0, 39, 0.016636009519621072], "Y": [3.0, 1, 0.00044727135377622], "DOA": [3.0, 2, 0.000489444349949011], "H": [3.0, 3, 0.00033626970393394644]}