{"A": [69.0, 57, 0.12053104311542082], "B": [130.0, 70, 0.22896422850767445], "C": [48.0, 41, 0.08361921436842842], "DRA": [50.0, 3, 0.12536050520103445], "DRB5": [17.0, 2, 0.040706950565279724], "E": [34.0, 19, 0.060159164949795306], "L": [1.0, 1, 0.0017500143518027617], "T": [3.0, 1, 0.012536050520103445], "DMA": [7.0, 1, 0.01708156502166767], "DRB1": [40.0, 21, 0.09578106015359934], "F": [7.0, 3, 0.012897319987541582], "DPA1": [35.0, 17, 0.08573505815473045], "DQA1": [9.0, 8, 0.02247674683096672], "DQB1": [12.0, 11, 0.02841504784556781], "DMB": [1.0, 1, 0.002421737032292711], "DRB3": [2.0, 2, 0.0047890530076799675], "DPB1": [23.0, 15, 0.05677524038641444]}