{"A": [233.0, 163, 0.12680007235965596], "B": [293.0, 183, 0.1607702403635038], "C": [364.0, 214, 0.19755134240089353], "DRA": [163.0, 5, 0.12731866896966013], "E": [131.0, 47, 0.0722117606388206], "F": [21.0, 5, 0.01205409155305829], "T": [8.0, 1, 0.010414615048642956], "DMB": [5.0, 2, 0.00377233925767607], "DQA1": [37.0, 17, 0.028787663960140514], "DMA": [14.0, 1, 0.010643180073565461], "DRB1": [123.0, 40, 0.09175685421367591], "DPA1": [83.0, 28, 0.0633406113518759], "DQB1": [43.0, 32, 0.03172118166899167], "DOB": [1.0, 1, 0.0007269325284864836], "DRB3": [9.0, 4, 0.006713916161976287], "DPB1": [71.0, 36, 0.05460133362616237], "DPA2": [1.0, 1, 0.0008151958232140375]}