{"A": [696.0, 325, 0.18407798363165237], "B": [445.0, 258, 0.11866621225613194], "C": [540.0, 257, 0.14242997230166846], "DMA": [32.0, 2, 0.01182285548989818], "DQA1": [108.0, 27, 0.040837343620869], "DRA": [307.0, 8, 0.11653916157775368], "DRB1": [332.0, 31, 0.12036508215511507], "DRB3": [37.0, 5, 0.013414180842588126], "E": [318.0, 81, 0.0851908176887993], "K": [3.0, 3, 0.0007970692259029021], "L": [3.0, 1, 0.0007948874670728759], "T": [19.0, 1, 0.01202086900096265], "Y": [1.0, 1, 0.0003524258349158058], "DRB4": [27.0, 5, 0.00978872656080755], "DMB": [14.0, 3, 0.005133313676248404], "DPA1": [158.0, 34, 0.05859900932229705], "DPB1": [131.0, 49, 0.048960430275613566], "H": [1.0, 1, 0.00026496248902429197], "DOB": [8.0, 5, 0.0028262665495924475], "F": [29.0, 5, 0.008089882565944376], "DQB1": [52.0, 29, 0.018642891573422776], "DOA": [1.0, 1, 0.00038565589371928813]}