{"A": [160.0, 125, 0.11597804112639501], "B": [252.0, 167, 0.18417504630113057], "C": [252.0, 154, 0.1821676888482572], "DRA": [107.0, 4, 0.11132186388705591], "DRB1": [102.0, 34, 0.10135047357983563], "E": [81.0, 29, 0.0594721807062922], "F": [12.0, 4, 0.009174631783629806], "L": [1.0, 1, 0.000726185499297341], "T": [7.0, 1, 0.012137897931610457], "DMB": [3.0, 1, 0.0030147701031435063], "DQA1": [42.0, 16, 0.043525743364134374], "DMA": [11.0, 1, 0.011138539923064558], "DPA1": [73.0, 19, 0.07420261740457428], "DOA": [2.0, 2, 0.0021139423830807053], "DRB3": [8.0, 4, 0.007949056751359658], "DPB1": [47.0, 26, 0.04814320133822989], "DQB1": [34.0, 28, 0.03340811906890878]}