{"A": [24.0, 24, 0.19183421235637507], "DRB3": [2.0, 2, 0.021913645980784418], "DRB5": [6.0, 2, 0.06574093794235325], "DRA": [5.0, 2, 0.057362190949700395], "F": [2.0, 2, 0.016861508578874466], "E": [7.0, 4, 0.056674267995506566], "DRB1": [5.0, 5, 0.054784114951961047], "DPB1": [7.0, 7, 0.07906680374147891], "DQA1": [2.0, 2, 0.02285524795652125], "B": [45.0, 40, 0.36266178575637026], "C": [6.0, 6, 0.04782787583272022], "DPA1": [2.0, 1, 0.022417407957354175]}