{"A": [6242.0, 818, 0.14017095989002298], "B": [3045.0, 664, 0.0689439307299057], "C": [7451.0, 717, 0.1668644677845715], "DMA": [398.0, 2, 0.012485247306023385], "DMB": [109.0, 4, 0.0033934225346944555], "DPA1": [2498.0, 69, 0.07866241856655848], "DPB1": [2340.0, 205, 0.07425598473425833], "DQA1": [1668.0, 100, 0.053551476490745875], "DQB1": [1193.0, 179, 0.03631550166996562], "DRA": [4048.0, 8, 0.1304715109550996], "DRB1": [3372.0, 85, 0.10379864233121264], "DRB5": [971.0, 5, 0.029889822569278614], "E": [3091.0, 156, 0.07030825934658015], "HFE": [4.0, 1, 9.419978961219065e-05], "L": [89.0, 2, 0.0020022397343596628], "T": [115.0, 1, 0.006177628359616457], "V": [1.0, 1, 4.769205982783541e-05], "DRB4": [495.0, 9, 0.015237345182073031], "DPB2": [3.0, 2, 9.532266081568649e-05], "K": [3.0, 2, 6.767647282065208e-05], "DPA2": [1.0, 1, 3.3638192266017606e-05], "F": [246.0, 9, 0.005826677764672203], "DOB": [10.0, 3, 0.0002999610088928334], "DOA": [14.0, 8, 0.0004584264661804418], "DRB3": [17.0, 3, 0.0005233027638287708], "G": [1.0, 1, 2.4244636117001874e-05]}