{"A": [4231.0, 1004, 0.1844681319840558], "B": [5798.0, 1277, 0.254877204981949], "C": [3886.0, 978, 0.16896476241324734], "DMA": [132.0, 2, 0.008039555725924885], "DPA1": [666.0, 62, 0.04071862758992467], "DPB1": [753.0, 129, 0.04639323127836716], "DQA1": [455.0, 81, 0.02836160742446453], "DQB1": [243.0, 102, 0.01436157000131127], "DRA": [1214.0, 9, 0.07596926353634806], "DRB1": [1055.0, 121, 0.0630522528147457], "DRB3": [42.0, 9, 0.0025101370788808714], "DRB5": [48.0, 7, 0.002868728090149567], "E": [1731.0, 199, 0.07644488829111257], "F": [205.0, 11, 0.009427223343800225], "HFE": [1.0, 1, 4.572292264027784e-05], "K": [3.0, 3, 0.00013139588290312233], "L": [34.0, 1, 0.0014850771899166154], "T": [115.0, 1, 0.011994049020702948], "Y": [17.0, 4, 0.0009876484224202735], "DRB4": [85.0, 6, 0.005080039326306525], "W": [1.0, 1, 5.114519231236208e-05], "DMB": [46.0, 3, 0.002780438636617502], "DPB2": [3.0, 2, 0.00018507177836741328], "DOB": [9.0, 3, 0.0005241448905588055], "DOA": [3.0, 3, 0.00019072470121263307], "H": [2.0, 2, 8.735748175980091e-05]}