{"A": [1519.0, 444, 0.1723632630982142], "B": [2125.0, 488, 0.24311979911866788], "C": [2184.0, 486, 0.247146570646433], "DMA": [35.0, 2, 0.005547978532200584], "DPB1": [216.0, 69, 0.03463554341911698], "DQB1": [74.0, 43, 0.011382455849979357], "DRA": [235.0, 5, 0.03827328159412773], "DRB1": [310.0, 51, 0.04821902797060797], "DRB4": [41.0, 4, 0.006377355312241699], "DRB5": [24.0, 2, 0.003733086036434165], "E": [830.0, 104, 0.09539773945274162], "F": [85.0, 7, 0.010173197357933882], "L": [10.0, 1, 0.0011367860079013708], "T": [33.0, 1, 0.008957576543306488], "DMB": [5.0, 2, 0.0007865640559721607], "DPA1": [294.0, 40, 0.04678157530140631], "DOB": [1.0, 1, 0.00015157146772018282], "DRB3": [38.0, 5, 0.005910719557687428], "DQA1": [122.0, 34, 0.019791918058399496], "K": [1.0, 1, 0.00011399061890758487]}