{"A": [10574.0, 1375, 0.1546337257882669], "B": [16530.0, 1411, 0.24373181798498916], "C": [7078.0, 1062, 0.10322633148124448], "DMA": [584.0, 3, 0.011930470058665904], "DPA1": [2727.0, 76, 0.05592302173342298], "DPB1": [3366.0, 213, 0.06956012390237076], "DQA1": [2023.0, 91, 0.042296255105645705], "DQB1": [1339.0, 165, 0.02654378262963632], "DRA": [5031.0, 9, 0.10559908041007803], "DRB1": [4280.0, 134, 0.08579826525694935], "DRB3": [732.0, 10, 0.01467390891777732], "DRB5": [28.0, 4, 0.0005612970624286407], "DRB7": [2.0, 1, 8.563789466768403e-05], "E": [4295.0, 251, 0.06362109506417832], "F": [499.0, 13, 0.007696921728957913], "HFE": [1.0, 1, 1.533629918833883e-05], "K": [9.0, 5, 0.00013221770105372076], "L": [74.0, 3, 0.001084147617257405], "T": [229.0, 1, 0.008011061225040703], "DRB4": [11.0, 3, 0.00022050956023982312], "W": [1.0, 1, 1.7155026976699528e-05], "DMB": [152.0, 3, 0.0030816666641780236], "DPB2": [7.0, 2, 0.00014484502158677227], "DOB": [38.0, 7, 0.0007422992694735385], "DOA": [30.0, 9, 0.00063972530877254], "H": [2.0, 1, 2.9301286952902838e-05]}