{"T": [3.0, 1, 0.06870089487247154], "DRA": [4.0, 2, 0.05496071589797723], "DPB1": [6.0, 6, 0.0811678526292521], "F": [1.0, 1, 0.010097249678662963], "DPA1": [3.0, 3, 0.040272938373517794], "E": [8.0, 5, 0.07757370417334424], "C": [13.0, 11, 0.12411088092765293], "A": [17.0, 15, 0.16274228375528094], "B": [34.0, 30, 0.3281745226139549], "DRB1": [2.0, 2, 0.02624528568161834], "DQB1": [2.0, 2, 0.025953671396267024]}