{"A": [28351.0, 2266, 0.1602143293856198], "B": [52339.0, 2071, 0.29821731472357654], "C": [18267.0, 1658, 0.10294736242729542], "DMA": [1394.0, 2, 0.011004632456367004], "DMB": [314.0, 3, 0.0024600264741761243], "DPA1": [7979.0, 92, 0.0632298304742556], "DPB1": [5224.0, 279, 0.04171742212194579], "DQA1": [2745.0, 116, 0.02217769687134198], "DQB1": [3674.0, 257, 0.028144234940510656], "DRA": [12344.0, 8, 0.10012206362518722], "DRB1": [9147.0, 139, 0.07085679059677352], "DRB3": [24.0, 7, 0.00018591483265798235], "DRB5": [2624.0, 6, 0.02032668837060607], "DRB7": [1.0, 1, 1.6546420106560427e-05], "E": [10298.0, 379, 0.058946621629621526], "F": [1375.0, 15, 0.0081957232156054], "HFE": [3.0, 1, 1.7779104699026247e-05], "K": [28.0, 8, 0.00015895463048388336], "L": [428.0, 2, 0.002423084331298311], "T": [532.0, 1, 0.007191744686838357], "V": [5.0, 3, 6.0008776982206586e-05], "DRB4": [11.0, 3, 8.521096496824191e-05], "J": [5.0, 3, 2.8332911141370596e-05], "DPB2": [26.0, 2, 0.00020789638664814973], "DQA2": [4.0, 4, 3.231722677062584e-05], "DPA2": [3.0, 2, 2.5395255961637766e-05], "DOB": [50.0, 6, 0.00037742746593431636], "DOA": [70.0, 15, 0.0005768174339936405], "H": [7.0, 6, 3.962988392310322e-05], "G": [2.0, 2, 1.2202374709852825e-05]}