{"A": [236.0, 136, 0.11974419284658287], "B": [595.0, 198, 0.30439245548163085], "C": [70.0, 59, 0.035420567828123736], "DMB": [6.0, 3, 0.0042205676600394195], "DPB1": [77.0, 39, 0.0552095877691643], "DQB1": [43.0, 25, 0.029575237084424378], "DRA": [164.0, 5, 0.11943378915625273], "DRB3": [29.0, 9, 0.020170203498914976], "E": [74.0, 24, 0.038031831091572925], "L": [2.0, 1, 0.0010166330859948966], "T": [7.0, 1, 0.008496306139164321], "DRB4": [27.0, 5, 0.01877915498174843], "DRB1": [179.0, 27, 0.12449884228640623], "DMA": [20.0, 1, 0.014175952445933927], "DPA2": [1.0, 1, 0.00076004765501392], "DOB": [1.0, 1, 0.0006777553906632645], "F": [8.0, 3, 0.004281382756005405], "DPA1": [84.0, 26, 0.059767119047914534], "DQA1": [57.0, 22, 0.04134837379444869]}