{"A": [6541.0, 1071, 0.13283013237976693], "B": [9685.0, 1147, 0.1983017476741889], "C": [2353.0, 739, 0.0476529075853089], "DMA": [589.0, 2, 0.016708887894231382], "DMB": [174.0, 4, 0.004898677659375291], "DPA1": [2609.0, 88, 0.07429628756581397], "DPB1": [2213.0, 214, 0.0635060632470631], "DQB1": [942.0, 137, 0.02593108449882338], "DRA": [4511.0, 8, 0.13148196572595608], "DRB1": [5123.0, 105, 0.14260890204766927], "DRB3": [610.0, 15, 0.01698056417120403], "E": [2691.0, 232, 0.055352751264219874], "K": [10.0, 6, 0.00020400209831767627], "L": [72.0, 3, 0.0014647946285773585], "T": [242.0, 1, 0.011755943141092651], "DRB4": [722.0, 10, 0.02009830710099887], "W": [1.0, 1, 2.3822039899703008e-05], "DPB2": [2.0, 1, 5.7467601407530964e-05], "DPA2": [3.0, 1, 9.125823743296867e-05], "H": [7.0, 6, 0.00014241058888946542], "F": [412.0, 11, 0.008824727080309576], "DOB": [11.0, 3, 0.00029838409100649895], "DOA": [14.0, 7, 0.0004145604393701304], "DQA1": [1586.0, 78, 0.046046514248632174], "DRB5": [1.0, 1, 2.783699044459677e-05]}