{"A": [372.0, 223, 0.13307455215946623], "B": [779.0, 323, 0.2809726137059307], "C": [322.0, 191, 0.11487432335045424], "DMA": [18.0, 3, 0.008995066379653652], "DPB1": [83.0, 40, 0.04195768200170492], "DRA": [232.0, 7, 0.11911897926380556], "DRB1": [214.0, 50, 0.10493869783071597], "DRB3": [51.0, 12, 0.02500875509049773], "E": [154.0, 46, 0.05580149727648609], "L": [1.0, 1, 0.00035838007777817165], "T": [11.0, 1, 0.009413137729180038], "DMB": [8.0, 2, 0.003967520861059355], "DPB2": [1.0, 1, 0.0005061656768619538], "DQB1": [48.0, 33, 0.02327612238488155], "F": [23.0, 2, 0.008678237272461241], "DPA1": [104.0, 28, 0.05217061913852761], "DQA1": [32.0, 12, 0.01636602355186984], "DOA": [1.0, 1, 0.0005216262486651741]}