{"A": [279.0, 166, 0.15640423207965976], "B": [549.0, 205, 0.31030666359286263], "C": [182.0, 116, 0.10174913038284154], "DRA": [119.0, 7, 0.095748540642315], "DRB5": [26.0, 3, 0.019979631273677287], "F": [14.0, 5, 0.008277971813456627], "L": [3.0, 1, 0.0016848348522826545], "T": [4.0, 1, 0.005364063901530253], "DPB2": [1.0, 1, 0.0007932040369853046], "DMA": [8.0, 1, 0.006264899060565867], "DRB1": [96.0, 22, 0.07377094624126998], "E": [100.0, 34, 0.05678287202035022], "DPA1": [78.0, 24, 0.061316799426113046], "DQA1": [27.0, 14, 0.02163959763400534], "DQB1": [52.0, 33, 0.03951527074127286], "DPB1": [51.0, 28, 0.04040134230081134]}