{"B": [62.0, 55, 0.22503728861953773], "C": [44.0, 37, 0.15796324047777344], "DRB5": [6.0, 2, 0.02960802311304538], "T": [1.0, 1, 0.008611483846604703], "DMA": [1.0, 1, 0.0050288436203454944], "DRA": [20.0, 3, 0.10333780615925643], "DPA1": [7.0, 5, 0.035336778542964124], "DPB1": [17.0, 12, 0.08648057716223487], "F": [3.0, 2, 0.011390982955595269], "DQB1": [6.0, 5, 0.02927904507845599], "E": [25.0, 11, 0.09115938850534036], "DRB1": [12.0, 7, 0.05921604622609076], "A": [41.0, 32, 0.1475951862561511], "DQA1": [1.0, 1, 0.005146707142697341], "DOB": [1.0, 1, 0.004808602293907005]}