{"A": [636.0, 289, 0.10440698541079034], "B": [1430.0, 353, 0.23669165074544524], "C": [1693.0, 310, 0.2771688500418629], "DPA1": [168.0, 40, 0.03867428563904358], "DRA": [342.0, 8, 0.08058226154790633], "DRB1": [391.0, 50, 0.08798710370407606], "DRB3": [66.0, 7, 0.014852043080483426], "HFE": [1.0, 1, 0.00017215835297773182], "K": [1.0, 1, 0.00016491289621929116], "L": [4.0, 1, 0.0006578459692251285], "T": [16.0, 1, 0.006283217274690553], "DRB4": [89.0, 6, 0.020027755063076136], "DMB": [21.0, 3, 0.00477935064005226], "DMA": [43.0, 1, 0.009860993905102373], "DPB1": [138.0, 51, 0.03201347720507151], "E": [268.0, 77, 0.04456360259422476], "DOB": [2.0, 2, 0.00043856397948341906], "F": [49.0, 5, 0.008484380386951563], "DQA1": [81.0, 27, 0.0190107206262793], "DOA": [3.0, 3, 0.000718126675568467], "DQB1": [56.0, 32, 0.012461714261469595]}