{"A": [26.0, 26, 0.15127951135918308], "B": [42.0, 39, 0.2463942200268449], "DRA": [11.0, 3, 0.09186294309684329], "DRB5": [2.0, 1, 0.015951685726724577], "T": [1.0, 1, 0.013918627741945955], "DMA": [2.0, 1, 0.016256107210059018], "DPB1": [8.0, 8, 0.06577760755267123], "E": [15.0, 11, 0.08840383026134492], "DRB1": [8.0, 6, 0.0638067429068983], "F": [5.0, 3, 0.030685159142906787], "DMB": [1.0, 1, 0.008066477441355042], "DPA1": [4.0, 4, 0.03263678229145948], "C": [26.0, 25, 0.15086730560616077], "DQA1": [1.0, 1, 0.008318554861397386], "DQB1": [2.0, 2, 0.015774444774205414]}