{"A": [34.0, 31, 0.15320314145101255], "B": [49.0, 42, 0.22261749625526325], "DRB1": [12.0, 6, 0.07412075316731077], "DRB5": [5.0, 3, 0.030883647153046152], "T": [1.0, 1, 0.010778998418121992], "DMA": [2.0, 1, 0.012589211892921105], "DRA": [16.0, 2, 0.1034783848139711], "H": [1.0, 1, 0.004514197330217147], "E": [10.0, 7, 0.04564169994389293], "F": [1.0, 1, 0.004752699590699321], "DPA1": [18.0, 13, 0.11373701779121824], "DQB1": [7.0, 6, 0.042756693725217225], "C": [19.0, 17, 0.08538024087596902], "DPB1": [11.0, 7, 0.07004268084053789], "DQA1": [3.0, 3, 0.01932640731999216], "DRB3": [1.0, 1, 0.00617672943060923]}