{"A": [49.0, 37, 0.1918449408740735], "B": [33.0, 30, 0.1302694774766436], "C": [49.0, 41, 0.19132220261556104], "DRB5": [8.0, 3, 0.04293525849417468], "E": [26.0, 15, 0.1031099738698895], "DMA": [2.0, 1, 0.010938658414069312], "DRA": [17.0, 2, 0.09553095014953865], "F": [6.0, 2, 0.024777479865874575], "DQB1": [10.0, 8, 0.053072750083077026], "DPA1": [10.0, 7, 0.05490284491352796], "DMB": [1.0, 1, 0.005427894894860151], "Y": [1.0, 1, 0.005217102860108299], "DRB1": [12.0, 4, 0.06440288774126202], "DPB1": [1.0, 1, 0.0055326805105910416], "DQA1": [3.0, 3, 0.016792549830973592], "H": [1.0, 1, 0.0039223474057748535]}