{"A": [1850.0, 613, 0.10805105623967677], "B": [3749.0, 773, 0.22077362519897648], "C": [1892.0, 523, 0.1102030061365365], "DMA": [149.0, 2, 0.01215691417572629], "DPA1": [953.0, 71, 0.07805320972203951], "DPB1": [764.0, 135, 0.06305680590621596], "DQB1": [399.0, 104, 0.03158984573954946], "DRA": [1555.0, 9, 0.13035526791242658], "DRB1": [1255.0, 70, 0.10047796672248352], "DRB3": [252.0, 13, 0.020175655469375175], "DRB5": [269.0, 5, 0.021536711592309216], "DRB7": [1.0, 1, 0.00017101269874041815], "E": [857.0, 123, 0.05070037459197591], "F": [85.0, 8, 0.005236339838953726], "L": [12.0, 3, 0.0007021506791349287], "T": [68.0, 1, 0.009500705485578785], "DMB": [43.0, 3, 0.0034817926353399534], "K": [2.0, 2, 0.00011734631661053397], "DPB2": [5.0, 2, 0.00041320722955964437], "DQA1": [362.0, 65, 0.03022783053907782], "V": [1.0, 1, 0.00012404209289682168], "DOB": [12.0, 4, 0.0009362009055132381], "DOA": [14.0, 6, 0.001192319612731999], "DRB4": [8.0, 3, 0.0006404969990277834], "G": [2.0, 1, 0.00012611555954308124]}