{"A": [359.0, 220, 0.14611235508667775], "B": [471.0, 219, 0.19328041962270484], "C": [520.0, 211, 0.21106239265972315], "DMA": [26.0, 2, 0.01478242330269435], "DRA": [111.0, 4, 0.06484199615218057], "DRB1": [125.0, 29, 0.06973845623210026], "DRB5": [43.0, 4, 0.02399002894384249], "E": [150.0, 49, 0.061838195692153854], "L": [3.0, 2, 0.0012232227031075688], "T": [15.0, 1, 0.014604053187428056], "DRB4": [32.0, 5, 0.017853044795417668], "DQA1": [59.0, 17, 0.03433093440700861], "DQB1": [57.0, 22, 0.03144739453026175], "DPA1": [85.0, 16, 0.048512314611111586], "F": [30.0, 3, 0.012878502234446641], "DPB1": [85.0, 36, 0.04888692707915106], "DMB": [4.0, 1, 0.002256990038057063], "DOB": [1.0, 1, 0.000543654534714475], "DOA": [1.0, 1, 0.0005934714841106221], "H": [3.0, 3, 0.0012232227031075688]}