{"A": [214.0, 142, 0.1711850142920754], "B": [276.0, 154, 0.22260530629654599], "C": [136.0, 94, 0.1084940445568049], "DQB1": [33.0, 24, 0.03578353414018149], "DRB1": [74.0, 22, 0.0811434584179805], "E": [84.0, 25, 0.06806193846857733], "F": [12.0, 4, 0.010124762083153263], "L": [2.0, 1, 0.0016027793991123093], "T": [3.0, 1, 0.005740673926232324], "DRB4": [18.0, 3, 0.01973759799356282], "DMB": [2.0, 2, 0.0022179876533170344], "DPB2": [1.0, 1, 0.001131859678754569], "DMA": [14.0, 1, 0.01564443199744229], "DRA": [85.0, 3, 0.0975914567459495], "DPA1": [42.0, 21, 0.047113117049768734], "DPB1": [54.0, 33, 0.061041760590130584], "DOA": [1.0, 1, 0.0011664317539356514], "DRB3": [15.0, 3, 0.01644799832796902], "DQA1": [29.0, 16, 0.033165846628506274]}