{"A": [1572.0, 369, 0.20701813481973527], "B": [1546.0, 377, 0.20527676721037533], "C": [577.0, 269, 0.07577861858321258], "DMA": [55.0, 2, 0.010118085226971212], "DPB1": [253.0, 83, 0.04708230237662434], "DRA": [502.0, 5, 0.09488563574988675], "DRB4": [88.0, 8, 0.015885772760847686], "DRB7": [1.0, 1, 0.00038559102974057563], "L": [26.0, 1, 0.003430212171506033], "T": [23.0, 1, 0.007245583075190555], "DMB": [20.0, 2, 0.003651430205876663], "K": [6.0, 6, 0.0007937601252665097], "DPB2": [1.0, 1, 0.0001863358713308194], "DRB1": [528.0, 63, 0.0953146365650861], "E": [758.0, 90, 0.10111093192228654], "F": [80.0, 6, 0.011112133421918607], "DOB": [3.0, 3, 0.0005277249494624666], "DPA1": [337.0, 41, 0.06223380125602202], "DRB3": [27.0, 7, 0.004874043915260085], "DQA1": [190.0, 34, 0.03577260529819794], "DQB1": [97.0, 40, 0.017315893465201775]}