{"A": [1828.0, 575, 0.11943261131840299], "B": [2512.0, 650, 0.16547821669838803], "C": [2856.0, 649, 0.18608868238047177], "DMA": [139.0, 2, 0.012686485601860026], "DPB1": [630.0, 131, 0.05816592076450699], "DQA1": [351.0, 52, 0.032786493618431084], "DRA": [1261.0, 5, 0.11825042985227026], "E": [1025.0, 165, 0.0678334115926792], "F": [155.0, 9, 0.010681445904080933], "L": [7.0, 1, 0.00045818045857686467], "T": [69.0, 1, 0.010784139122134084], "DRB3": [58.0, 12, 0.005194509611345485], "DMB": [37.0, 3, 0.003351395013746215], "DPA2": [1.0, 1, 9.786898900803814e-05], "DQB1": [383.0, 93, 0.033920545808799524], "H": [3.0, 3, 0.00019636305367579915], "DRB1": [1163.0, 87, 0.10415887375853101], "DOB": [9.0, 1, 0.0007854522147031966], "DPA1": [755.0, 47, 0.06917262650304397], "DOA": [5.0, 4, 0.00047634773534456807]}