{"A": [31.0, 27, 0.18557447228643797], "C": [27.0, 26, 0.16118897206069968], "T": [2.0, 1, 0.02864020951163243], "DRB1": [7.0, 7, 0.057441319076701], "DRA": [5.0, 1, 0.04296031426744864], "J": [1.0, 1, 0.00600267404832844], "F": [2.0, 2, 0.012628103905705363], "E": [10.0, 6, 0.06063586792361293], "DPA1": [5.0, 3, 0.04197272083601304], "DRB3": [1.0, 1, 0.008205902725242999], "B": [53.0, 47, 0.3198945715286878], "DPB1": [4.0, 4, 0.033837467608337925], "DQB1": [4.0, 4, 0.03245890411318342], "DQA1": [1.0, 1, 0.008558500107968284]}