{"B": [18.0, 16, 0.29779557382503324], "DRB5": [1.0, 1, 0.02249267442748378], "E": [3.0, 3, 0.04986152827420989], "DRA": [5.0, 2, 0.11775576612035628], "DRB1": [8.0, 6, 0.17994139541987025], "DPA1": [3.0, 3, 0.0690292422084847], "DQA1": [2.0, 2, 0.04691831306357945], "DQB1": [1.0, 1, 0.022242755822733964], "A": [7.0, 7, 0.11486013252723276], "C": [2.0, 2, 0.032727760611107194], "DPB1": [2.0, 2, 0.04637485769990865]}