{"B": [26.0, 25, 0.3723388158850736], "DRB1": [7.0, 5, 0.13628823554652436], "DRA": [3.0, 1, 0.06115791410238992], "E": [8.0, 7, 0.1150942294915825], "DRB4": [1.0, 1, 0.019469747935217763], "DQB1": [2.0, 2, 0.038506834805208466], "A": [11.0, 11, 0.15623674777523108], "DQA1": [3.0, 3, 0.060919016000427456], "DPA1": [1.0, 1, 0.019917328347521624], "DPB1": [1.0, 1, 0.020071130110822948]}