{"A": [16401.0, 1174, 0.13807273005515036], "B": [31387.0, 1336, 0.26641694945299266], "C": [10402.0, 1211, 0.08733120528477191], "DMA": [1366.0, 2, 0.016064531958685433], "DPB1": [4541.0, 155, 0.05402196866422361], "DQA1": [2437.0, 72, 0.029331497267423415], "DQB1": [3688.0, 140, 0.0420867913677988], "DRA": [8424.0, 6, 0.10178806221580432], "DRB1": [7375.0, 64, 0.08510781328565299], "DRB5": [5325.0, 6, 0.06145072620286131], "E": [5393.0, 267, 0.04598763350762034], "F": [762.0, 15, 0.006766189632870314], "HFE": [2.0, 1, 1.7657256974227068e-05], "L": [156.0, 2, 0.001315691193482872], "T": [390.0, 1, 0.007854017146281197], "Y": [54.0, 3, 0.0006057682007335255], "DPA1": [4357.0, 63, 0.051435826349062956], "DMB": [259.0, 3, 0.0030228354453737862], "DPB2": [20.0, 2, 0.000238236443969275], "J": [1.0, 1, 8.44162011507568e-06], "K": [7.0, 5, 5.919946768715013e-05], "DOB": [40.0, 8, 0.0004498089550368794], "DOA": [23.0, 11, 0.0002823402424942643], "DRB3": [10.0, 5, 0.00011540042479410575], "H": [20.0, 11, 0.00016867835813882975]}