{"A": [1311.0, 531, 0.16335553209172704], "B": [1125.0, 399, 0.14133773839659042], "C": [1219.0, 420, 0.1514781113588279], "DOA": [2.0, 1, 0.0003633862702998659], "DPA1": [451.0, 43, 0.07880400226861135], "DPB1": [323.0, 83, 0.05687416040930701], "DRB1": [631.0, 46, 0.10777805407558627], "E": [548.0, 119, 0.06916474359853224], "F": [73.0, 10, 0.009594130591793147], "L": [4.0, 1, 0.0004993245648463486], "T": [35.0, 1, 0.010432511060733079], "DRB3": [82.0, 12, 0.014006022875115806], "DMB": [21.0, 2, 0.003627668618845821], "DMA": [65.0, 1, 0.01131421183195098], "DRA": [608.0, 6, 0.10873657242729792], "DPA2": [1.0, 1, 0.00018665065589072241], "DOB": [7.0, 3, 0.0011650906513081469], "DQA1": [170.0, 42, 0.03028455498768609], "Y": [1.0, 1, 0.00016603753733968388], "DQB1": [241.0, 91, 0.040706664586498506], "H": [1.0, 1, 0.00012483114121158715]}