{"A": [22.0, 21, 0.10403420465938609], "DRB1": [22.0, 9, 0.14260868503870902], "E": [8.0, 7, 0.03831920721771417], "DQA1": [8.0, 7, 0.05408596435416947], "DMA": [1.0, 1, 0.006605919310432913], "DRA": [15.0, 1, 0.10180887407843665], "DRB5": [7.0, 3, 0.04537549069413469], "DQB1": [3.0, 3, 0.019230565103704703], "DPA1": [9.0, 6, 0.05968106411494562], "B": [58.0, 48, 0.2765387047970759], "C": [18.0, 18, 0.08488696312806979], "DPB1": [10.0, 8, 0.06682435750322097]}