{"A": [1089.0, 426, 0.2285473638582838], "B": [955.0, 249, 0.20208131930217765], "C": [687.0, 279, 0.1437871563373507], "DQA1": [122.0, 42, 0.036605748145517994], "DRA": [284.0, 8, 0.0855475510502006], "E": [311.0, 81, 0.06611222652184291], "L": [6.0, 1, 0.0012615119619372003], "T": [16.0, 1, 0.008032633901427286], "DRB4": [33.0, 5, 0.00949362560119531], "DMB": [11.0, 2, 0.003200502570099934], "DMA": [46.0, 1, 0.013486087165611936], "DRB1": [309.0, 27, 0.08889485790210154], "F": [36.0, 5, 0.007968974699038452], "DOB": [6.0, 3, 0.0016820159492496002], "DQB1": [54.0, 26, 0.015362412336479683], "DPB1": [141.0, 36, 0.041816605008564385], "DOA": [1.0, 1, 0.0003060241501290773], "DRB5": [1.0, 1, 0.00028768562427864574], "DPA1": [153.0, 22, 0.04502776029657839], "DRB3": [1.0, 1, 0.00028768562427864574], "H": [1.0, 1, 0.00021025199365620002]}