{"A": [69.0, 66, 0.19081579251751893], "B": [40.0, 36, 0.11153204784830427], "C": [106.0, 79, 0.29233856519802803], "DQB1": [2.0, 2, 0.007497432105358231], "DRB1": [16.0, 7, 0.060653383324246364], "DRB5": [10.0, 3, 0.03790836457765397], "E": [29.0, 14, 0.081233708558517], "T": [3.0, 1, 0.0198461438083012], "DMA": [2.0, 1, 0.007726361329949323], "DRA": [22.0, 2, 0.08732303275652528], "F": [6.0, 3, 0.0175012103900293], "DQA1": [4.0, 4, 0.015814895847240017], "DRB4": [2.0, 1, 0.0075816729155307955], "DPB1": [6.0, 6, 0.023447567588185975], "DPA1": [10.0, 6, 0.038779821234611545]}