{"B": [101.0, 85, 0.2335501359874871], "C": [75.0, 66, 0.17153809189465932], "DRB1": [32.0, 10, 0.10060141579080543], "DRB5": [6.0, 4, 0.01886276546077602], "L": [1.0, 1, 0.0022976087490999986], "T": [1.0, 1, 0.005486229169964268], "DRB4": [1.0, 1, 0.00314379424346267], "DMB": [1.0, 1, 0.0031795191780474735], "DMA": [3.0, 1, 0.009611370950433582], "DRA": [35.0, 2, 0.1152108125692496], "DPA1": [14.0, 10, 0.04502491525694812], "F": [5.0, 2, 0.012095000907846296], "DPB1": [9.0, 9, 0.029168098714443227], "DQA1": [6.0, 6, 0.019673274914168738], "DQB1": [10.0, 10, 0.031088631963130844], "DRB3": [2.0, 1, 0.00628758848692534], "E": [18.0, 9, 0.04181478358140662], "A": [66.0, 57, 0.15136596218114526]}