{"A": [11920.0, 1404, 0.20814321557146076], "B": [14792.0, 1412, 0.26042781231448764], "C": [4489.0, 842, 0.07817189333529276], "DMA": [1112.0, 2, 0.027125052382249333], "DMB": [181.0, 3, 0.004381690899795032], "DPA1": [1546.0, 57, 0.03785611758019397], "DPB1": [1130.0, 134, 0.027883402573153308], "DQA1": [616.0, 61, 0.015378282564059636], "DQB1": [501.0, 129, 0.011858808372631266], "DRA": [3475.0, 9, 0.0870926926979084], "DRB1": [4768.0, 114, 0.11412796539199196], "DRB3": [968.0, 14, 0.023170274853072194], "DRB5": [9.0, 2, 0.00021542610917112576], "E": [2888.0, 185, 0.05108063071261328], "F": [580.0, 13, 0.010682320610387621], "HFE": [10.0, 1, 0.0001831224805752645], "K": [10.0, 6, 0.00017541558752269163], "L": [97.0, 2, 0.001696873723060519], "T": [344.0, 1, 0.014369250018264022], "Y": [1.0, 1, 2.32681113061046e-05], "DRB4": [1057.0, 10, 0.025300599710431103], "DPB2": [2.0, 1, 4.9414751845954104e-05], "DOB": [13.0, 5, 0.00030322142130291064], "DOA": [4.0, 4, 0.00010184820035182041], "H": [8.0, 6, 0.00013994834829365104], "W": [3.0, 1, 6.145167857766088e-05]}