{"A": [7949.0, 1182, 0.17437574079023685], "B": [12259.0, 1266, 0.2711459200901581], "C": [10199.0, 1090, 0.22312394580744582], "DMA": [305.0, 3, 0.0093465902112677], "DPB1": [844.0, 123, 0.02616359010364205], "DQA1": [333.0, 58, 0.010443809036529991], "DQB1": [646.0, 104, 0.019209824971918404], "DRA": [2123.0, 8, 0.06684431355644599], "DRB1": [2050.0, 82, 0.06164491437922123], "DRB3": [507.0, 19, 0.015245839800129349], "E": [2668.0, 225, 0.05928331108026891], "F": [402.0, 12, 0.009301462346214004], "L": [79.0, 3, 0.0017361707926841464], "T": [170.0, 1, 0.008920971349188112], "V": [3.0, 2, 0.00013976763622519094], "DRB4": [6.0, 4, 0.00018042413964650117], "DMB": [75.0, 3, 0.0022809301745083245], "K": [4.0, 3, 8.814866474952574e-05], "DPB2": [4.0, 2, 0.00012415784867426756], "DPA1": [1238.0, 64, 0.038083319069982365], "DOB": [42.0, 6, 0.0012307033467128128], "DOA": [26.0, 12, 0.0008316762134302862], "DRB5": [7.0, 4, 0.00021049482958758472], "J": [1.0, 1, 2.1996915655532334e-05], "H": [1.0, 1, 2.197684547701451e-05]}