{"A": [11097.0, 1336, 0.2221597347838012], "B": [12618.0, 1362, 0.2546975372595262], "C": [14586.0, 1301, 0.29121315707971446], "DMA": [171.0, 3, 0.0047822873389132], "DPA1": [767.0, 63, 0.0215325618942879], "DPB1": [640.0, 136, 0.01810593919458478], "DQA1": [236.0, 45, 0.006754806075010987], "DRA": [797.0, 8, 0.02290123949977803], "DRB1": [1109.0, 78, 0.03043414689138449], "DRB5": [11.0, 2, 0.00030187161028424653], "E": [4389.0, 300, 0.08900172027235692], "F": [444.0, 15, 0.009375497944976906], "HFE": [1.0, 1, 2.0994977844723578e-05], "L": [45.0, 1, 0.0009025350193012329], "T": [278.0, 1, 0.013313560395103079], "Y": [52.0, 2, 0.00138719729827443], "DRB4": [175.0, 7, 0.0048025028908857395], "DMB": [37.0, 3, 0.001026924806473165], "K": [11.0, 7, 0.0002212252148560672], "DPB2": [1.0, 1, 2.8326986860084515e-05], "DQB1": [147.0, 62, 0.003989279068029088], "DOB": [15.0, 5, 0.00040112667524499243], "DOA": [11.0, 5, 0.00032111442209519447], "DRB3": [81.0, 11, 0.0022228727666385424], "H": [4.0, 4, 8.022533504899849e-05], "G": [1.0, 1, 2.1614298725098904e-05]}