{"A": [21591.0, 1786, 0.2804404803878403], "B": [13484.0, 1226, 0.17658798427300626], "C": [16107.0, 1414, 0.20864002437741697], "DMA": [378.0, 3, 0.0068586641770615], "DPA1": [1809.0, 70, 0.03294936807995007], "DPB1": [1407.0, 159, 0.025825180386987893], "DQB1": [568.0, 118, 0.010000773742637508], "DRA": [1515.0, 6, 0.02824369303663265], "DRB1": [2378.0, 101, 0.04233987965657698], "DRB5": [5.0, 3, 8.902413720895075e-05], "E": [8867.0, 293, 0.11665885548524814], "F": [1059.0, 14, 0.0145082662064798], "H": [9.0, 8, 0.00011711222721520547], "HFE": [2.0, 1, 2.7242916486865156e-05], "L": [204.0, 2, 0.0026545438168779907], "T": [710.0, 1, 0.02206053031464156], "V": [2.0, 2, 5.5170857953090566e-05], "Y": [3.0, 3, 5.192354410512346e-05], "DRB3": [179.0, 16, 0.003187064112080437], "DRB4": [392.0, 10, 0.0069794923571817385], "DMB": [88.0, 2, 0.0015846296423193233], "W": [1.0, 1, 1.523682348383965e-05], "K": [9.0, 5, 0.00011743366974187116], "G": [2.0, 2, 2.804654234193493e-05], "DOB": [3.0, 2, 5.204987876231354e-05], "DQA1": [1068.0, 74, 0.01983263036715278], "DOA": [5.0, 3, 9.469898260872451e-05]}