{"B": [184.0, 137, 0.2386560750386832], "C": [63.0, 59, 0.08082315158244945], "DMA": [13.0, 2, 0.02336164159698693], "DRA": [58.0, 2, 0.10709004697068278], "DRB5": [8.0, 4, 0.014107173951969062], "T": [2.0, 1, 0.006154600400613953], "DRB4": [3.0, 3, 0.005290190231988397], "DMB": [4.0, 2, 0.0071337413734389], "DRB1": [60.0, 32, 0.10580380463976796], "DRB3": [3.0, 2, 0.005290190231988397], "F": [3.0, 2, 0.004070549832682715], "E": [60.0, 22, 0.07818159364986543], "DPA1": [48.0, 17, 0.08658886080863767], "DQA1": [22.0, 17, 0.04046168935247376], "DPB1": [23.0, 21, 0.04181088573312838], "DQB1": [13.0, 12, 0.02266944480892806], "K": [1.0, 1, 0.001292297156396068], "A": [102.0, 85, 0.13121406263931878]}