{"A": [3752.0, 931, 0.17847329636353113], "B": [3347.0, 914, 0.16052422729322569], "C": [3330.0, 802, 0.1579682001693153], "DMA": [286.0, 2, 0.019004491009526708], "DPB1": [398.0, 136, 0.026753142864019863], "DQB1": [349.0, 82, 0.022503660307292193], "DRA": [1276.0, 8, 0.08711681610279574], "DRB1": [1874.0, 82, 0.12219398433495061], "DRB3": [489.0, 10, 0.03188519655271657], "DRB5": [7.0, 2, 0.00045643430648060535], "E": [1268.0, 180, 0.0610945860825703], "F": [266.0, 16, 0.013345770817153376], "HFE": [1.0, 1, 4.98845517111427e-05], "L": [15.0, 1, 0.0007148146757513652], "T": [202.0, 1, 0.022985366840079333], "DRB4": [448.0, 10, 0.029211795614758743], "DMB": [66.0, 3, 0.0043524271367972], "DPA1": [694.0, 55, 0.04629248173083919], "DPA2": [1.0, 1, 7.125392311264176e-05], "DOB": [2.0, 2, 0.00012707816457802046], "DQA1": [210.0, 41, 0.014281401542615814], "DOA": [1.0, 1, 6.936138863421833e-05], "H": [10.0, 6, 0.0004765431171675767], "K": [1.0, 1, 4.778511037654749e-05]}