{"A": [28711.0, 2060, 0.2087542659002584], "B": [50578.0, 2106, 0.3707858501567196], "C": [18311.0, 1728, 0.13277433155586532], "DMA": [818.0, 2, 0.008308452429641238], "DMB": [150.0, 4, 0.00151201276434069], "DOA": [22.0, 6, 0.00023324754675406977], "DPA1": [3106.0, 56, 0.03166861493116568], "DPB1": [2322.0, 140, 0.023857810055159783], "DQA1": [1020.0, 49, 0.010602989509939088], "DRA": [5066.0, 8, 0.052868030309427], "DRB1": [6511.0, 94, 0.06489400221413905], "E": [7850.0, 381, 0.05781356555017797], "F": [890.0, 15, 0.0068254086284243705], "HFE": [8.0, 1, 6.100040034933213e-05], "L": [112.0, 3, 0.0008158246973727285], "S": [1.0, 1, 2.9900477137523758e-05], "T": [584.0, 1, 0.0101575633967316], "V": [4.0, 2, 6.176732994753457e-05], "Y": [78.0, 3, 0.0007557127874588225], "DRB3": [786.0, 15, 0.007833925010031224], "K": [26.0, 10, 0.00018990769651298253], "DPB2": [3.0, 2, 3.086376570509862e-05], "H": [24.0, 13, 0.00017481957800844183], "DOB": [46.0, 8, 0.00044676114379935133], "DQB1": [863.0, 113, 0.008505799805562174], "J": [3.0, 2, 2.1872403823887242e-05], "G": [2.0, 2, 1.5699955547136367e-05]}