{"A": [2016.0, 513, 0.16361064124622804], "B": [2553.0, 557, 0.20890377798437973], "C": [1125.0, 343, 0.09105180562737122], "DMA": [109.0, 2, 0.01235740587111698], "DQB1": [252.0, 63, 0.02772291421116642], "DRA": [978.0, 8, 0.11392021049798635], "DRB1": [809.0, 49, 0.08999934830190061], "DRB3": [166.0, 8, 0.018467109787534613], "DRB5": [1.0, 1, 0.00011124764932249767], "E": [897.0, 105, 0.07373717923917583], "F": [121.0, 8, 0.010357572929861475], "HFE": [1.0, 1, 8.510923314930336e-05], "L": [26.0, 2, 0.002113908343786803], "T": [32.0, 1, 0.0062124177504014385], "Y": [4.0, 2, 0.0004325697432394205], "DRB4": [119.0, 7, 0.013238470269377222], "DMB": [25.0, 3, 0.0028127956788926967], "K": [5.0, 4, 0.00040763662903623343], "DPB2": [1.0, 1, 0.00011483165864345442], "DPA1": [517.0, 54, 0.058837219405472235], "V": [2.0, 1, 0.0003447170874557858], "DPB1": [579.0, 94, 0.06640196081742425], "DOB": [2.0, 1, 0.00021681111218326186], "DOA": [4.0, 3, 0.0004733565317785956], "DQA1": [326.0, 42, 0.037825069891909535], "H": [3.0, 3, 0.0002439125012061696]}