{"A": [1241.0, 421, 0.2126147255781304], "B": [1806.0, 488, 0.31197066958851255], "C": [437.0, 229, 0.07466516288046102], "DPB1": [156.0, 47, 0.03776830359004581], "DRA": [283.0, 5, 0.06959033052387098], "DRB4": [99.0, 8, 0.023250193804675995], "DRB5": [2.0, 2, 0.0004697008849429494], "E": [405.0, 96, 0.07028289464018335], "L": [7.0, 1, 0.0012014657216583564], "T": [28.0, 1, 0.011475437306645391], "Y": [6.0, 3, 0.0013697709059683344], "DPA1": [192.0, 44, 0.04612786621784551], "DRB1": [370.0, 41, 0.08689466371444564], "DMB": [6.0, 3, 0.001425115184997358], "DRB3": [30.0, 6, 0.007045513274144241], "K": [1.0, 1, 0.000172109061683121], "DMA": [31.0, 1, 0.007419301955482427], "F": [75.0, 9, 0.013552968618130493], "DOB": [2.0, 2, 0.0004577012272984215], "DQA1": [53.0, 18, 0.012981908638335307], "DQB1": [37.0, 29, 0.008592916745095179], "DOA": [2.0, 2, 0.000499641977210229], "H": [1.0, 1, 0.00017163796023690806]}