{"A": [5818.0, 1133, 0.14141265296564945], "B": [10765.0, 1569, 0.26381716405821826], "C": [6411.0, 1100, 0.15540155172268014], "DMA": [353.0, 3, 0.011985855910359779], "DPA1": [1604.0, 82, 0.05467131184935773], "DPB1": [1351.0, 198, 0.04640355179260796], "DQA1": [703.0, 92, 0.024429298609082047], "DRA": [2586.0, 9, 0.09021608539307761], "DRB1": [2618.0, 144, 0.0872276192571998], "DRB3": [115.0, 14, 0.0038316181109923513], "DRB5": [636.0, 9, 0.02119051407470553], "E": [1911.0, 208, 0.047048772583789616], "F": [286.0, 11, 0.007332164445347651], "HFE": [1.0, 1, 2.5490022066399846e-05], "K": [12.0, 5, 0.00029300698741285244], "L": [44.0, 3, 0.001071418190287325], "T": [182.0, 1, 0.010582190990938468], "Y": [11.0, 3, 0.0003562725535664163], "DRB4": [53.0, 6, 0.0017658761728921273], "DMB": [92.0, 3, 0.0031001273807119934], "DPB2": [3.0, 1, 0.00010317546302907465], "DQB1": [820.0, 155, 0.027017535240601145], "DPA2": [2.0, 1, 7.281869878177529e-05], "H": [9.0, 7, 0.0002191537207405892], "DOB": [9.0, 3, 0.0002922049609874523], "DOA": [3.0, 3, 0.00010632690479490295], "G": [1.0, 1, 2.624194012145589e-05]}