{"A": [2203.0, 488, 0.19453828968335932], "B": [3097.0, 495, 0.27574412106789914], "C": [1953.0, 410, 0.17199184712088902], "DMA": [92.0, 2, 0.011349016244708077], "DOB": [1.0, 1, 0.0001179562938794635], "DPA1": [335.0, 36, 0.04148355638006113], "DPB1": [257.0, 62, 0.03207044904403113], "DQB1": [82.0, 41, 0.009815711151421429], "DRA": [468.0, 5, 0.05931675088922104], "E": [740.0, 98, 0.06619045612638381], "K": [6.0, 3, 0.0005322602391706441], "L": [9.0, 3, 0.0007962049836863787], "T": [52.0, 1, 0.010984583498003894], "DRB3": [70.0, 12, 0.008473414668944232], "DRB4": [136.0, 9, 0.016462634213948793], "DMB": [22.0, 3, 0.0026933353769144166], "DPB2": [1.0, 1, 0.0001249485484135554], "F": [73.0, 10, 0.006799313516360314], "DRB1": [658.0, 54, 0.07965009788807578], "DOA": [3.0, 3, 0.0003862951138203944], "DQA1": [83.0, 19, 0.010478757950807653]}