{"A": [3855.0, 1031, 0.1051168713612073], "B": [9408.0, 1497, 0.2586543656804645], "C": [4744.0, 1064, 0.12900535714751687], "DMA": [292.0, 2, 0.011122711929698662], "DMB": [120.0, 4, 0.0045363488878908], "DPA1": [1565.0, 87, 0.059841567896582466], "DPB1": [1519.0, 216, 0.05853116105619102], "DQA1": [1022.0, 90, 0.03984190171692841], "DQB1": [775.0, 180, 0.02864620316242153], "DRA": [2573.0, 9, 0.10069982946978298], "DRB1": [2619.0, 148, 0.09789338959643899], "DRB3": [429.0, 19, 0.016035228765510622], "DRB5": [8.0, 1, 0.00029902524504448716], "E": [2046.0, 229, 0.05651018527907952], "F": [252.0, 11, 0.0072476997793851855], "HFE": [2.0, 1, 5.719179113673214e-05], "K": [7.0, 5, 0.0001917468605860521], "L": [65.0, 2, 0.0017756329132346286], "T": [165.0, 1, 0.010762710106564446], "Y": [23.0, 2, 0.0008357011664827954], "DRB4": [306.0, 9, 0.011437715622951634], "DPB2": [4.0, 2, 0.00015432939515504782], "H": [6.0, 4, 0.00016390457660627342], "DOB": [11.0, 5, 0.0004006556317042239], "DOA": [6.0, 3, 0.00023856496143489464]}