{"A": [9484.0, 1106, 0.08295836196066102], "B": [26714.0, 1466, 0.23560364487983762], "C": [10050.0, 958, 0.08766973741517317], "DMA": [1388.0, 2, 0.016960470001268296], "DPA1": [7276.0, 116, 0.08924869844716557], "DPB1": [5406.0, 300, 0.06682300250530299], "DQA1": [1960.0, 73, 0.024511270023897067], "DQB1": [4145.0, 141, 0.04914852389976881], "DRA": [10717.0, 8, 0.1345497076762762], "DRB1": [10917.0, 102, 0.13090063617256434], "DRB3": [769.0, 21, 0.009220718990263074], "DRB5": [2.0, 1, 2.398106369379213e-05], "E": [4830.0, 270, 0.0427945842483643], "F": [1034.0, 11, 0.00953983300065525], "HFE": [3.0, 1, 2.7519816645741396e-05], "K": [31.0, 9, 0.0002724033817843332], "L": [226.0, 2, 0.0019804726442666123], "T": [493.0, 1, 0.010315854232279582], "V": [1.0, 1, 1.8577206981361214e-05], "Y": [57.0, 2, 0.0006643831462788029], "DMB": [426.0, 3, 0.005166011641400198], "J": [2.0, 2, 1.7542312345869857e-05], "DPB2": [18.0, 2, 0.0002227828455780251], "DPA2": [2.0, 2, 2.620577355897339e-05], "H": [25.0, 12, 0.00021907883233037746], "DOB": [49.0, 6, 0.0005725260151567197], "DOA": [41.0, 13, 0.0005229496100715985], "W": [2.0, 1, 2.052225643026442e-05]}