{"A": [306.0, 191, 0.18094792020047995], "B": [196.0, 134, 0.1168591440564435], "C": [454.0, 209, 0.2677337020907246], "DPA1": [72.0, 24, 0.05970424953200421], "DPB1": [37.0, 25, 0.030918272079073605], "DRA": [119.0, 5, 0.10099968879164045], "DRB1": [80.0, 18, 0.06484731222577236], "DRB5": [29.0, 3, 0.02350715068184248], "E": [113.0, 33, 0.06768363435760302], "L": [4.0, 1, 0.002369648590001992], "T": [5.0, 1, 0.007072807338350172], "Y": [1.0, 1, 0.000787965671918138], "DRB4": [17.0, 4, 0.013780053847976627], "DMB": [2.0, 2, 0.001639605337526631], "DMA": [9.0, 1, 0.00743454633962457], "DPA2": [1.0, 1, 0.0008857895138615904], "H": [1.0, 1, 0.000592412147500498], "DQB1": [26.0, 20, 0.02084120562367184], "F": [11.0, 4, 0.006860826945500483], "DOA": [1.0, 1, 0.0008622625679422919], "DQA1": [28.0, 16, 0.023671802060540734]}