{"A": [328.0, 207, 0.22091963428147726], "B": [366.0, 172, 0.24855128779320002], "DPB1": [51.0, 31, 0.048541363281594946], "DRA": [68.0, 4, 0.06573706190814689], "DRB5": [26.0, 2, 0.024005106876570495], "F": [25.0, 4, 0.017760373354146312], "L": [3.0, 1, 0.0020242936490875523], "T": [4.0, 1, 0.006444809990994793], "DRB4": [1.0, 1, 0.0009232733414065574], "DQA1": [28.0, 13, 0.026962466798263373], "DRB1": [67.0, 28, 0.06185931387423934], "DMA": [9.0, 1, 0.00846803755496167], "E": [106.0, 28, 0.07231683240356564], "DPA1": [79.0, 26, 0.0746153432578104], "DQB1": [28.0, 21, 0.025564412964279342], "DMB": [1.0, 1, 0.000933765083922541], "DRB3": [4.0, 2, 0.0036930933656262295], "C": [135.0, 83, 0.09067953022070671]}