{"A": [255.0, 166, 0.3167126959538407], "B": [135.0, 87, 0.1690571415446364], "C": [155.0, 109, 0.19198708384315202], "E": [85.0, 27, 0.10693436044197943], "H": [1.0, 1, 0.0012442770150183093], "L": [2.0, 1, 0.0024885540300366186], "T": [10.0, 1, 0.029710841142920854], "DRB4": [2.0, 1, 0.0034050626927841876], "DRB1": [29.0, 14, 0.049373409045370714], "DMA": [1.0, 1, 0.0017350224026209506], "DRA": [19.0, 1, 0.03387035890292977], "F": [10.0, 4, 0.013100169149472308], "DPA1": [14.0, 11, 0.024383379972466077], "DQA1": [10.0, 7, 0.01775686990182379], "DMB": [1.0, 1, 0.0017218782935101858], "DRB3": [1.0, 1, 0.0017025313463920938], "DPB1": [16.0, 12, 0.028081906995316694], "DQB1": [4.0, 4, 0.006734457325728726]}