{"A": [82.0, 70, 0.2341977759931703], "C": [26.0, 26, 0.07405549399717579], "DPB1": [16.0, 13, 0.06457586289744821], "DRA": [6.0, 2, 0.024595806603586894], "DRB5": [5.0, 2, 0.01957531424442777], "L": [1.0, 1, 0.0028612822463114315], "T": [1.0, 1, 0.00683216850099636], "DRB1": [15.0, 10, 0.05872594273328331], "DRB3": [2.0, 2, 0.007830125697771109], "E": [36.0, 16, 0.1041464504709076], "F": [3.0, 2, 0.009037364097859737], "DPA1": [10.0, 7, 0.040050642936875214], "B": [120.0, 96, 0.3455609192239481], "DQA1": [1.0, 1, 0.004083288205673605], "DQB1": [1.0, 1, 0.0038715621505646036]}