{"A": [2327.0, 445, 0.16783396814359897], "B": [4795.0, 380, 0.34869566754741843], "C": [1677.0, 278, 0.12062339932613646], "DPB1": [358.0, 66, 0.03648781249810349], "DQA1": [190.0, 29, 0.01959197421691333], "DRB3": [212.0, 12, 0.02095989798344806], "E": [1019.0, 126, 0.07444417501632665], "F": [129.0, 11, 0.009813519741230787], "HFE": [1.0, 1, 7.563784345543375e-05], "L": [29.0, 2, 0.002095430511712897], "T": [46.0, 1, 0.00793653554793159], "Y": [12.0, 3, 0.0011532935256966866], "DMB": [20.0, 2, 0.0019998187398444227], "DMA": [79.0, 1, 0.007959583900418947], "DRA": [543.0, 6, 0.05621137568513288], "DPA1": [437.0, 47, 0.04419829279279145], "V": [1.0, 1, 0.00015317760560510472], "DRB1": [562.0, 46, 0.055563503144801], "DOB": [1.0, 1, 9.634163272243204e-05], "K": [1.0, 1, 7.245454903736426e-05], "DQB1": [243.0, 64, 0.02375784662935174], "DOA": [1.0, 1, 0.00010516975046193776], "DRB4": [1.0, 1, 9.886744331815123e-05], "H": [1.0, 1, 7.225622454182403e-05]}