{"A": [81.0, 64, 0.07678615057848977], "B": [295.0, 163, 0.28196444845626434], "C": [144.0, 86, 0.1361367537958329], "E": [49.0, 25, 0.04705080034422015], "L": [2.0, 1, 0.0018994141059561539], "T": [1.0, 1, 0.002267710087285343], "DRB3": [37.0, 8, 0.04808054982817351], "DMB": [3.0, 2, 0.003942723219939289], "DQB1": [20.0, 16, 0.02570071432256722], "DMA": [10.0, 1, 0.013242734479185399], "DRA": [89.0, 4, 0.12109571866103731], "F": [8.0, 3, 0.00799906958742726], "DPA1": [56.0, 24, 0.0744434483826085], "DQA1": [17.0, 9, 0.023040288816520222], "DRB1": [74.0, 28, 0.09616109965634702], "DPB1": [30.0, 20, 0.04018837567814565]}