{"A": [2435.0, 595, 0.14191422688290367], "B": [6362.0, 966, 0.3738480288979315], "C": [2427.0, 700, 0.14106256207330586], "DMA": [88.0, 2, 0.007164558552039377], "DMB": [17.0, 3, 0.0013735771259806898], "DPA1": [542.0, 55, 0.044296237052586195], "DPB1": [445.0, 104, 0.03664952095394309], "DQB1": [178.0, 46, 0.01406255692899446], "DRA": [736.0, 8, 0.06156667356091164], "DRB1": [710.0, 73, 0.05672247113765597], "DRB3": [156.0, 14, 0.01246296548940047], "E": [1242.0, 176, 0.07331985945575586], "L": [34.0, 2, 0.0019851698609063984], "T": [94.0, 1, 0.013105224897476663], "DRB4": [5.0, 2, 0.00039945402209616885], "DQA1": [125.0, 47, 0.01041545155270284], "DPB2": [1.0, 1, 8.246460610799775e-05], "F": [140.0, 9, 0.008606104522164145], "DOB": [5.0, 4, 0.00038924899233458795], "DOA": [4.0, 4, 0.00033993378135355244], "K": [1.0, 1, 5.8547606898267387e-05], "H": [3.0, 2, 0.00017516204655056457]}