{"A": [1761.0, 749, 0.12458611289108885], "B": [4259.0, 1100, 0.303803225468174], "C": [1954.0, 713, 0.13786367796295249], "DMB": [42.0, 4, 0.004119426219954696], "DOB": [11.0, 4, 0.0010395215278717793], "DPA1": [545.0, 65, 0.05406887835496092], "DPB1": [371.0, 129, 0.03709074110013263], "DQB1": [228.0, 90, 0.02186565282464842], "DRA": [864.0, 9, 0.08773339337691749], "DRB1": [887.0, 124, 0.08602084885628244], "DRB3": [104.0, 9, 0.010085871793746757], "DRB5": [251.0, 8, 0.024341863656061884], "E": [672.0, 120, 0.048156244519617995], "F": [118.0, 11, 0.008805294744341203], "HFE": [1.0, 1, 7.419351358084593e-05], "L": [16.0, 2, 0.001134023484951032], "T": [57.0, 1, 0.009646611540286067], "DRB4": [16.0, 7, 0.0015516725836533473], "DMA": [125.0, 1, 0.01235378637390994], "V": [1.0, 1, 0.00015025262808345395], "DPB2": [1.0, 1, 0.00010010387721539394], "K": [2.0, 2, 0.00014214201046504246], "H": [1.0, 1, 7.08764678094395e-05], "DQA1": [244.0, 71, 0.024679776728478577], "DOA": [5.0, 3, 0.0005158074948150445]}