{"A": [251.0, 154, 0.10975859545471624], "B": [492.0, 285, 0.21692239088518284], "C": [326.0, 179, 0.14216655530765138], "DMA": [25.0, 2, 0.015271602877203454], "DPA1": [116.0, 35, 0.07113173251248542], "DRA": [195.0, 7, 0.1223884221170705], "DRB1": [154.0, 36, 0.09231140567631535], "DRB5": [44.0, 6, 0.0263746873360901], "L": [3.0, 1, 0.0013142496198702827], "T": [10.0, 1, 0.010460548898894915], "Y": [2.0, 2, 0.0011653863943186325], "DRB4": [3.0, 2, 0.0017982741365515978], "DMB": [7.0, 2, 0.004243654496483505], "DPA2": [1.0, 1, 0.0006550330074478535], "H": [1.0, 1, 0.00043808320662342754], "DQB1": [66.0, 38, 0.039122452881866984], "K": [2.0, 2, 0.0008785712615906251], "F": [16.0, 4, 0.00737966100994085], "E": [85.0, 17, 0.03764929107844881], "DPB1": [101.0, 48, 0.062411915882093875], "DQA1": [54.0, 31, 0.03375978711041788], "DRB3": [4.0, 4, 0.0023976988487354636]}