{"T": [2.0, 1, 0.01548188392706587], "DRB4": [2.0, 1, 0.008871641351464711], "DMA": [2.0, 1, 0.009040947484126252], "DRA": [16.0, 1, 0.07431304284991616], "F": [2.0, 1, 0.0068263061695708295], "DPA1": [14.0, 8, 0.06352910990761511], "DRB1": [11.0, 7, 0.048794027433055914], "DRB3": [2.0, 2, 0.008871641351464711], "DQA1": [3.0, 2, 0.013879267036178191], "E": [27.0, 14, 0.08849953298345355], "B": [83.0, 61, 0.27080501926971], "DOA": [1.0, 1, 0.004718582153069876], "C": [54.0, 47, 0.1742661103616052], "A": [53.0, 41, 0.17150627973302887], "DQB1": [3.0, 3, 0.01315960133800599], "DPB1": [6.0, 6, 0.027437006650668855]}