{"A": [398.0, 263, 0.15720492606508657], "B": [696.0, 436, 0.27718311977321797], "C": [275.0, 210, 0.10832552276676956], "DMA": [28.0, 2, 0.015449730353245303], "DPA1": [81.0, 32, 0.04486510366127146], "DPB1": [73.0, 51, 0.040746213835654944], "DRA": [168.0, 6, 0.0952430435894181], "DRB1": [164.0, 59, 0.0887966845663783], "DRB5": [36.0, 6, 0.019491955148717186], "E": [161.0, 54, 0.06441425860838758], "HFE": [1.0, 1, 0.00041422731810788674], "K": [1.0, 1, 0.00039679414644003426], "L": [2.0, 1, 0.0007914160621513821], "T": [22.0, 1, 0.020787172211976172], "Y": [1.0, 1, 0.0005263300995861133], "DRB4": [7.0, 3, 0.003790102390028342], "DMB": [9.0, 2, 0.00492836365976088], "DPB2": [1.0, 1, 0.0005588866005914399], "DRB3": [16.0, 7, 0.008663091177207639], "F": [18.0, 4, 0.007499066318022319], "DQA1": [32.0, 28, 0.018070666752456558], "DQB1": [39.0, 32, 0.020881659358394245], "DOA": [1.0, 1, 0.0005759575060543923], "H": [1.0, 1, 0.00039570803107569105]}