{"A": [25098.0, 1979, 0.27399950747032825], "B": [31960.0, 2150, 0.35179681090380466], "C": [7511.0, 1222, 0.08177554558589474], "DMA": [1147.0, 2, 0.017492580418356798], "DOB": [4.0, 3, 5.8331236289011396e-05], "DPA1": [1318.0, 65, 0.020177467455482052], "DPB1": [1037.0, 172, 0.015998186116493358], "DQB1": [759.0, 130, 0.011232327672296798], "DRA": [3851.0, 8, 0.06034274894119736], "DRB1": [3877.0, 106, 0.058019808658562], "DRB3": [1303.0, 22, 0.019499564271887104], "DRB5": [9.0, 2, 0.000134686169184178], "E": [5245.0, 299, 0.058000163474188376], "F": [1075.0, 15, 0.012378577556864775], "HFE": [15.0, 1, 0.0001717345137162155], "K": [44.0, 9, 0.0004825535576626176], "L": [94.0, 4, 0.001028088039593826], "T": [483.0, 1, 0.012613843910065925], "U": [1.0, 1, 6.115851559893796e-05], "Y": [2.0, 2, 2.9094827809203495e-05], "S": [1.0, 1, 4.489538972805933e-05], "DRB4": [21.0, 8, 0.0003142677280964153], "DMB": [152.0, 3, 0.0023005486069741917], "DQA1": [115.0, 39, 0.0017949387260417472], "DPA2": [3.0, 1, 4.906030992111258e-05], "V": [2.0, 1, 4.637164045412704e-05], "H": [9.0, 7, 9.843396123770673e-05], "J": [1.0, 1, 1.094709502958159e-05], "DOA": [3.0, 1, 4.7757247240604946e-05]}