{"A": [90.0, 79, 0.0910844988516235], "B": [82.0, 69, 0.08367395101117003], "DPB1": [56.0, 26, 0.08008871250376985], "DRA": [112.0, 3, 0.1626900120664815], "L": [2.0, 1, 0.00202779358757264], "T": [1.0, 1, 0.00242098232241788], "DRB4": [12.0, 3, 0.016647653722693733], "DMB": [4.0, 2, 0.005612277201968722], "DRB1": [109.0, 26, 0.15121618798113476], "DMA": [14.0, 1, 0.019792916544347703], "DOB": [1.0, 1, 0.0013518623917150934], "F": [4.0, 2, 0.004269859312160641], "E": [61.0, 17, 0.06253236535551496], "DPA1": [62.0, 20, 0.08799018509753259], "DQA1": [40.0, 18, 0.05787660864530244], "DQB1": [30.0, 22, 0.04115669948110395], "C": [127.0, 77, 0.12818012944659896], "DRB3": [1.0, 1, 0.0013873044768911444]}