{"A": [207.0, 134, 0.19069147543471876], "B": [212.0, 139, 0.1969115790571153], "C": [133.0, 76, 0.1221877297478082], "L": [2.0, 1, 0.001845791812363987], "T": [7.0, 1, 0.015425833098536502], "DRB4": [12.0, 3, 0.015153466864051909], "DRB1": [71.0, 24, 0.08965801227897378], "DMA": [13.0, 1, 0.01672954309323288], "DRA": [56.0, 3, 0.0740439988729752], "E": [117.0, 34, 0.10917415852539611], "DQB1": [22.0, 19, 0.027472674185012626], "F": [10.0, 4, 0.009716560164990057], "DQA1": [20.0, 9, 0.026340987322277732], "DPA1": [31.0, 13, 0.04004637459570806], "DMB": [1.0, 1, 0.0012771387792619507], "DPB1": [44.0, 23, 0.05727893459423482], "DRB3": [4.0, 2, 0.005051155621350636], "G": [1.0, 1, 0.0009945859519916076]}