{"A": [409.0, 195, 0.12565429647905405], "B": [849.0, 334, 0.2629881533412972], "C": [375.0, 233, 0.11489478685802526], "DPB1": [165.0, 73, 0.07163401614607691], "DRA": [233.0, 8, 0.10274267314004286], "DRB3": [57.0, 12, 0.024004834419805547], "E": [174.0, 61, 0.05414724206036736], "K": [1.0, 1, 0.0003086286314868822], "L": [4.0, 1, 0.0012311353803473072], "T": [16.0, 1, 0.011758818099003476], "DMB": [14.0, 3, 0.0059629233825912505], "DRB1": [250.0, 48, 0.1052843614903752], "DMA": [25.0, 1, 0.010729360503026787], "DPB2": [1.0, 1, 0.00043470501831850797], "DQB1": [58.0, 36, 0.024154572178369638], "F": [19.0, 7, 0.006156859548595659], "DOB": [1.0, 1, 0.0004103784601157691], "DPA1": [158.0, 33, 0.06806936511621409], "DQA1": [19.0, 9, 0.008345430716260522], "G": [1.0, 1, 0.0003316923246953414], "DOA": [1.0, 1, 0.00044798286084350887], "H": [1.0, 1, 0.0003077838450868268]}