{"B": [57.0, 48, 0.17598239468065074], "C": [68.0, 58, 0.20765569244692306], "DRB1": [11.0, 9, 0.04617239647544769], "DRB5": [3.0, 2, 0.012592471766031189], "E": [43.0, 19, 0.13337100400904434], "F": [5.0, 4, 0.01614884707747516], "L": [1.0, 1, 0.00306769157073935], "DMA": [2.0, 1, 0.00855519074180745], "DRA": [13.0, 1, 0.05713525424822778], "DPA1": [12.0, 10, 0.051527815502380496], "DOB": [1.0, 1, 0.0040902554276524665], "DPB1": [7.0, 7, 0.030289999653426374], "DQA1": [6.0, 6, 0.026267109074455685], "DRB3": [3.0, 1, 0.012592471766031189], "A": [66.0, 57, 0.2020988501466317], "DQB1": [3.0, 3, 0.012452555413075288]}