{"A": [90.0, 83, 0.17728873833378272], "B": [124.0, 92, 0.2462831986697397], "C": [32.0, 28, 0.0628642356453304], "DRA": [50.0, 6, 0.1413674906975261], "DRB5": [18.0, 3, 0.048605002419598864], "T": [3.0, 1, 0.01413674906975261], "DRB4": [12.0, 3, 0.03240333494639924], "DMB": [2.0, 2, 0.005461925776949873], "DMA": [10.0, 1, 0.027518099334251263], "E": [22.0, 13, 0.043896953292239194], "DRB1": [32.0, 11, 0.08640889319039798], "F": [3.0, 2, 0.006233206362167577], "DPA1": [15.0, 9, 0.04143529899755075], "DQA1": [6.0, 6, 0.016897832872438668], "DQB1": [8.0, 7, 0.021362198594292833], "DPB1": [10.0, 9, 0.02783684179758236]}