{"A": [6386.0, 947, 0.19899404659194067], "B": [9916.0, 995, 0.3115459771927401], "C": [1996.0, 577, 0.06202784992933707], "DMA": [256.0, 3, 0.011143738921662174], "DOB": [10.0, 4, 0.000416237967249585], "DPB1": [997.0, 133, 0.04390233799896029], "DQA1": [301.0, 66, 0.013409691449586826], "DQB1": [323.0, 68, 0.013643663917601027], "DRA": [1865.0, 8, 0.08341245633106292], "DRB1": [1913.0, 83, 0.08171390464025355], "DRB3": [337.0, 11, 0.014394974314566359], "E": [2596.0, 203, 0.08193867095659563], "F": [346.0, 11, 0.01137205309715552], "HFE": [4.0, 1, 0.00013071541894141696], "L": [45.0, 3, 0.0014048031394673494], "T": [178.0, 1, 0.013268469371697228], "DMB": [88.0, 3, 0.003801640100879543], "K": [8.0, 6, 0.000250428259161324], "DPB2": [1.0, 1, 4.409118673700501e-05], "DPA1": [1206.0, 53, 0.05269859726046815], "H": [4.0, 3, 0.0001248713901748755], "DOA": [7.0, 5, 0.0003180655064480893], "DRB4": [1.0, 1, 4.271505731325329e-05]}