{"DRB1": [7.0, 7, 0.09417161908230941], "T": [1.0, 1, 0.02347695825861495], "DRA": [15.0, 2, 0.21129262432753454], "DRB3": [3.0, 2, 0.04035926532098974], "F": [1.0, 1, 0.010351511854663075], "E": [7.0, 4, 0.0695862240635884], "A": [12.0, 12, 0.11776965946124876], "DQB1": [3.0, 3, 0.039910829039645414], "B": [26.0, 24, 0.2572764186026729], "DPA1": [4.0, 4, 0.055049419365028156], "DPB1": [3.0, 3, 0.04160588355484271], "C": [4.0, 4, 0.039149587068861985]}