{"C": [4.0, 4, 0.05149282624543755], "F": [2.0, 2, 0.027230356242183833], "DMA": [1.0, 1, 0.018032316061140825], "DRA": [6.0, 1, 0.11116392489456224], "DPA1": [7.0, 6, 0.12670983776295888], "E": [6.0, 4, 0.07845055585271228], "DQA1": [2.0, 2, 0.03690989693764762], "DRB1": [7.0, 5, 0.12386242567839802], "DRB3": [3.0, 3, 0.053083896719313434], "DQB1": [1.0, 1, 0.017498025214884798], "A": [10.0, 10, 0.1290837925688223], "B": [16.0, 16, 0.20824096123499264], "DPB1": [1.0, 1, 0.01824118458694554]}