{"B": [68.0, 53, 0.2610152283873641], "C": [32.0, 30, 0.12149194153500645], "DPB1": [7.0, 7, 0.037658397418367705], "DRA": [28.0, 4, 0.15299646951148607], "T": [2.0, 1, 0.018213865418034058], "DMA": [2.0, 1, 0.010636341255569505], "DPA1": [5.0, 4, 0.02669273380229129], "DRB1": [16.0, 7, 0.08349727068042578], "F": [3.0, 2, 0.01204634614823866], "E": [20.0, 12, 0.0771232862258084], "DQB1": [1.0, 1, 0.005160595201776316], "DMB": [3.0, 1, 0.015833644369086422], "DRB3": [1.0, 1, 0.0052185794175266115], "A": [41.0, 38, 0.1560868548733984], "DQA1": [3.0, 2, 0.016328445755620372]}