{"A": [12933.0, 1255, 0.15276944102702922], "B": [15359.0, 1362, 0.1829256524615838], "C": [15369.0, 1217, 0.1810497142634413], "DMA": [1031.0, 3, 0.017012795096567973], "DMB": [217.0, 4, 0.003553645520751681], "DOA": [39.0, 12, 0.0006717523322683333], "DPA1": [2860.0, 73, 0.04737441096788935], "DPA2": [9.0, 3, 0.00015924950347299453], "DPB1": [2774.0, 236, 0.04630469096107331], "DQA1": [1289.0, 89, 0.021768637603141454], "DQB1": [1970.0, 123, 0.03154429019342096], "DRA": [6505.0, 8, 0.11028727795603645], "DRB1": [5590.0, 99, 0.09051464322312261], "DRB5": [2083.0, 3, 0.0337284439774176], "E": [4954.0, 242, 0.05927427792849759], "F": [692.0, 13, 0.008621739902191039], "HFE": [4.0, 1, 4.955105000348296e-05], "K": [19.0, 7, 0.0002254618110062412], "L": [66.0, 3, 0.0007810393835174909], "T": [343.0, 1, 0.009692169187527673], "DPB2": [2.0, 2, 3.3427802418586766e-05], "V": [1.0, 1, 2.5087016128455832e-05], "H": [8.0, 5, 9.467144042636252e-05], "DOB": [78.0, 9, 0.0012307287255427127], "DRB3": [18.0, 5, 0.00029146038962722843], "Y": [1.0, 1, 1.574027589613066e-05]}