{"A": [3895.0, 1026, 0.16469473519988828], "B": [9438.0, 1322, 0.4023710141622944], "C": [1914.0, 701, 0.08071034595542147], "DMA": [175.0, 2, 0.01033689481479764], "DMB": [39.0, 3, 0.0022861989441039458], "DPA1": [702.0, 67, 0.0416245876719615], "DPB1": [510.0, 152, 0.030473599231180603], "DQA1": [170.0, 53, 0.010276903907390333], "DQB1": [267.0, 106, 0.015303854812155643], "DRA": [1051.0, 9, 0.06378460571411335], "DRB1": [1059.0, 110, 0.06138157649061795], "DRB3": [131.0, 14, 0.007592999546998067], "DRB5": [272.0, 6, 0.01576561738002652], "E": [1589.0, 200, 0.06805643714560239], "F": [214.0, 13, 0.009544158394006986], "HFE": [1.0, 1, 4.434329007739635e-05], "K": [2.0, 2, 8.495411658011707e-05], "L": [42.0, 3, 0.0017791531367367037], "T": [115.0, 1, 0.011632143446119623], "Y": [6.0, 1, 0.00033806377216772315], "DRB4": [18.0, 3, 0.0010433129148546961], "H": [5.0, 4, 0.00021180394484960753], "DOB": [3.0, 3, 0.00016944315587968605], "DOA": [8.0, 6, 0.0004932528521756597]}