{"A": [3944.0, 1249, 0.1542522234174674], "B": [7150.0, 1656, 0.2819519020146866], "C": [3137.0, 1090, 0.12235566065169723], "DMA": [248.0, 2, 0.0135495852383335], "DPA1": [888.0, 76, 0.0487021428625899], "DPA2": [1.0, 1, 5.8585871129087996e-05], "DPB1": [720.0, 194, 0.0397931523128539], "DQA1": [363.0, 90, 0.02029748698457891], "DRA": [1648.0, 9, 0.09251084307189572], "DRB1": [1623.0, 150, 0.08701274514551771], "DRB3": [145.0, 16, 0.007773781913801644], "DRB5": [352.0, 9, 0.018871525749366753], "E": [1429.0, 195, 0.0566108679107575], "F": [217.0, 11, 0.008951707250397565], "HFE": [4.0, 1, 0.00016406282153819102], "K": [7.0, 6, 0.0002750266283287745], "L": [39.0, 1, 0.0015280969871963855], "T": [152.0, 1, 0.014220922478689472], "Y": [4.0, 2, 0.00020846331814379366], "DRB4": [64.0, 7, 0.003431186499884864], "DMB": [66.0, 3, 0.0035786202948017913], "DPB2": [1.0, 1, 5.533948909487307e-05], "DQB1": [424.0, 161, 0.022479037111051255], "DOB": [10.0, 2, 0.0005224263204090207], "DOA": [10.0, 7, 0.0005702980549484927], "J": [1.0, 1, 3.92177566553621e-05], "H": [6.0, 6, 0.00023509184418405932]}