{"A": [4180.0, 886, 0.2080938895613763], "B": [8772.0, 896, 0.44030754696973373], "C": [1476.0, 461, 0.07327982519802906], "DMA": [100.0, 2, 0.006954450818096326], "DPB1": [234.0, 65, 0.01646191006779342], "DRA": [471.0, 7, 0.03365463293547933], "DRB5": [95.0, 5, 0.0064830067738733165], "E": [2251.0, 151, 0.11350934013050162], "HFE": [1.0, 1, 5.22081981186601e-05], "L": [129.0, 1, 0.006433755348996887], "T": [76.0, 1, 0.00905078592744667], "DRB4": [45.0, 6, 0.0030708979455189396], "DMB": [24.0, 2, 0.0016564237403102159], "DRB1": [410.0, 56, 0.027979292392505895], "DPA1": [272.0, 36, 0.018988581728000636], "V": [1.0, 1, 0.00010572917491341804], "DPB2": [2.0, 1, 0.00014088140059339465], "K": [1.0, 1, 5.001096379710625e-05], "F": [198.0, 8, 0.010396803764828964], "DOB": [6.0, 4, 0.0003989925797827527], "DRB3": [2.0, 2, 0.0001364843531341751], "DQA1": [186.0, 39, 0.013238449112010553], "DQB1": [133.0, 60, 0.008975362711384613], "DOA": [8.0, 6, 0.0005807382037740995]}