{"A": [442.0, 261, 0.15709918733620568], "B": [1054.0, 381, 0.3777171815038334], "C": [186.0, 145, 0.0659294775857789], "DRA": [139.0, 3, 0.07090998186977311], "DRB3": [13.0, 6, 0.006333807288505318], "DRB5": [42.0, 4, 0.020463069701324874], "E": [171.0, 53, 0.061563150589970334], "K": [1.0, 1, 0.00035705395440162996], "L": [9.0, 2, 0.003204689552416819], "T": [13.0, 1, 0.011053114679940652], "DMB": [4.0, 3, 0.0019710099604089977], "DMA": [17.0, 1, 0.00844073731136983], "DPA1": [113.0, 29, 0.056321043236514566], "DRB1": [136.0, 41, 0.06626136855667102], "DQB1": [39.0, 26, 0.01879029495589911], "F": [22.0, 3, 0.00824756905623592], "DQA1": [44.0, 28, 0.022358644238389565], "DPB1": [79.0, 38, 0.0396789418284653], "DPA2": [1.0, 1, 0.000532414695990425], "DRB4": [3.0, 2, 0.0014616478358089196], "H": [1.0, 1, 0.00035607661693520207], "DOB": [2.0, 2, 0.000949537645160539]}