{"A": [10138.0, 1335, 0.20112769080836418], "B": [13161.0, 1233, 0.2632588197950298], "C": [8716.0, 1253, 0.17244548307723095], "DMA": [342.0, 2, 0.009478191534632967], "DMB": [77.0, 4, 0.0021178122897803193], "DOB": [23.0, 7, 0.0006095059353278082], "DPA1": [1268.0, 75, 0.03527600635062653], "DPB1": [1141.0, 174, 0.03198796014525332], "DQA1": [664.0, 62, 0.018833402148403556], "DQB1": [601.0, 128, 0.01616260553851393], "DRA": [2241.0, 8, 0.06381199786753204], "DRB1": [1849.0, 39, 0.05028359452717574], "DRB5": [316.0, 5, 0.008593626755320462], "E": [4469.0, 259, 0.08980551197391062], "F": [595.0, 14, 0.012450539109947699], "HFE": [1.0, 1, 2.08053601943216e-05], "K": [7.0, 4, 0.0001395082203697923], "L": [213.0, 3, 0.004233416224722494], "T": [215.0, 1, 0.010203465373731511], "DRB4": [314.0, 9, 0.00853923671256527], "DPB2": [4.0, 2, 0.00011228459857450883], "DPA2": [1.0, 1, 2.9717888299392516e-05], "V": [1.0, 1, 4.213387257921608e-05], "W": [1.0, 1, 2.3272662525058456e-05], "H": [6.0, 2, 0.00011925116125978858], "DOA": [8.0, 4, 0.00023142854845635815], "G": [2.0, 2, 4.283817526736424e-05], "J": [1.0, 1, 1.9893344404981473e-05]}