{"B": [35.0, 33, 0.16354423136379256], "C": [29.0, 29, 0.13403115014142813], "DMA": [3.0, 1, 0.019421992143420948], "DRA": [17.0, 3, 0.11307915425725086], "DQB1": [2.0, 2, 0.012564350473027872], "DRB4": [4.0, 2, 0.02541104590050581], "F": [3.0, 1, 0.014664443635666536], "E": [8.0, 5, 0.037553962668459694], "DPA1": [11.0, 7, 0.07148682165688272], "DRB1": [19.0, 10, 0.12070246802740259], "DQA1": [5.0, 3, 0.03312865847380396], "K": [1.0, 1, 0.004655591895312249], "A": [44.0, 41, 0.20391322898848513], "DPB1": [7.0, 7, 0.04584290037456116]}