{"A": [405.0, 241, 0.16204081906423382], "B": [1037.0, 334, 0.4183334799121003], "C": [140.0, 107, 0.05586148329028384], "DMA": [18.0, 2, 0.010060549580578384], "DPA1": [86.0, 25, 0.048251235238312505], "DPB1": [67.0, 36, 0.037881357215245166], "DQB1": [34.0, 23, 0.018440200753866716], "DRA": [101.0, 5, 0.05800049302859808], "DRB5": [27.0, 2, 0.014808224663547958], "E": [174.0, 63, 0.0705166565620245], "F": [22.0, 6, 0.009284183122390937], "HFE": [1.0, 1, 0.00041958993793561546], "L": [2.0, 1, 0.0008016617974791777], "T": [11.0, 1, 0.010528142298920443], "DMB": [9.0, 2, 0.004992166647938516], "K": [1.0, 1, 0.00040193107503988057], "DQA1": [17.0, 13, 0.009724324616296902], "DRB1": [112.0, 30, 0.061426709715458196], "DRB3": [15.0, 2, 0.008226791479748866]}