{"A": [1737.0, 692, 0.1518860534793004], "B": [3949.0, 851, 0.348160641141278], "C": [781.0, 474, 0.0681058055917828], "DMA": [100.0, 2, 0.012215123814733646], "DPA1": [379.0, 47, 0.04647269595997784], "DQB1": [181.0, 78, 0.021454281538603667], "DRA": [710.0, 8, 0.08910813066732365], "DRB1": [669.0, 75, 0.08018885662917169], "DRB3": [159.0, 11, 0.019058338122628252], "DRB5": [229.0, 5, 0.02744880144705578], "E": [573.0, 112, 0.050751134994761166], "F": [104.0, 9, 0.009591864371869234], "L": [23.0, 2, 0.0020148267182733106], "T": [53.0, 1, 0.011086222829502708], "Y": [2.0, 1, 0.0002330360999606953], "DRB4": [4.0, 3, 0.00047945504711014467], "DMB": [27.0, 2, 0.0032730979494479473], "W": [1.0, 1, 0.00010257571921346846], "H": [2.0, 1, 0.000175202323328114], "DOB": [7.0, 4, 0.0008176108421978652], "DOA": [7.0, 6, 0.0008925313576183868], "DPB1": [361.0, 113, 0.04460736836467714], "DQA1": [95.0, 38, 0.011876344990184393]}