{"A": [166.0, 120, 0.10912286138626784], "B": [440.0, 213, 0.29163174346384835], "C": [75.0, 64, 0.04916815838372103], "DPA1": [78.0, 23, 0.0719023091643626], "DRA": [121.0, 6, 0.11416525016187709], "DRB3": [16.0, 6, 0.01441774911506666], "DRB5": [38.0, 3, 0.03424215414828331], "T": [7.0, 1, 0.011007668748390353], "DMB": [7.0, 2, 0.006379444388271682], "DMA": [10.0, 1, 0.009183060624338735], "E": [90.0, 31, 0.05992709488613673], "DRB1": [113.0, 27, 0.1018253531251583], "DQB1": [26.0, 19, 0.023168521841850174], "F": [14.0, 4, 0.009707050827110802], "DQA1": [30.0, 15, 0.028194865823165025], "DOA": [1.0, 1, 0.0009585505512257962], "DPB1": [69.0, 46, 0.06409705404123385], "DRB4": [1.0, 1, 0.0009011093196916662]}