{"A": [3886.0, 766, 0.19050811400891107], "B": [4686.0, 900, 0.23162606328711752], "C": [2307.0, 594, 0.11279070130938293], "DMA": [220.0, 2, 0.015066527071143546], "DPA1": [717.0, 57, 0.04929131620380702], "DPB1": [647.0, 93, 0.04482252140993027], "DQB1": [172.0, 67, 0.01143026895511806], "DRA": [1214.0, 6, 0.08542210574803002], "DRB1": [1510.0, 77, 0.10147462444477033], "DRB4": [195.0, 9, 0.013104338918364381], "DRB5": [1.0, 1, 6.720173804289426e-05], "DRB7": [1.0, 1, 0.00014354291245962213], "E": [1630.0, 180, 0.08094151774994837], "F": [233.0, 11, 0.012048090274889034], "HFE": [2.0, 1, 0.00010282443585932818], "K": [5.0, 4, 0.00024624241615900415], "L": [16.0, 2, 0.0007858188638300482], "T": [117.0, 1, 0.013721013690993291], "Y": [12.0, 2, 0.0007839115364906549], "DRB3": [76.0, 12, 0.005107332091259963], "W": [1.0, 1, 5.750917967132298e-05], "DMB": [58.0, 3, 0.003941992861107048], "DPA2": [1.0, 1, 7.343600569216685e-05], "DOB": [7.0, 4, 0.00045839433723419477], "DQA1": [355.0, 46, 0.024881706017170827], "DOA": [14.0, 8, 0.0010007971984236604], "J": [1.0, 1, 4.915853166425415e-05], "G": [1.0, 1, 5.2928802529359196e-05]}