{"A": [235.0, 136, 0.20628595912834202], "B": [253.0, 111, 0.22392201211378246], "C": [199.0, 123, 0.1742087256902274], "DMA": [8.0, 2, 0.009810058280457779], "DRB1": [55.0, 15, 0.06618115160177743], "DRB3": [9.0, 4, 0.010829642989381761], "E": [114.0, 32, 0.10136306067367837], "L": [1.0, 1, 0.0008794144398311831], "T": [4.0, 1, 0.008399461664967118], "DRB4": [2.0, 2, 0.0024065873309737245], "DMB": [1.0, 1, 0.0012169674571401222], "DRA": [48.0, 1, 0.060476123987763246], "K": [1.0, 1, 0.0008818282031610034], "F": [12.0, 4, 0.01111052710149829], "DPB1": [31.0, 21, 0.038454292159207565], "DPA1": [42.0, 17, 0.05170013473091829], "DOA": [1.0, 1, 0.0012799976441633155], "DQB1": [12.0, 10, 0.0142790848304441], "DQA1": [13.0, 8, 0.01631496997228476]}