{"A": [381.0, 242, 0.18182997678407112], "B": [337.0, 238, 0.16216042310362683], "C": [323.0, 196, 0.15372979607271356], "DRB3": [45.0, 6, 0.029438985890015937], "E": [112.0, 37, 0.05414166261101086], "F": [28.0, 7, 0.01409451543475883], "HFE": [1.0, 1, 0.0005004908775953044], "L": [2.0, 1, 0.0009562298336538023], "T": [19.0, 1, 0.02169120921133636], "DRB4": [34.0, 7, 0.022242789339123152], "DMB": [9.0, 3, 0.0059547039641168606], "DMA": [15.0, 1, 0.010000266199280223], "DRA": [159.0, 7, 0.10891270309270995], "DRB1": [182.0, 33, 0.11906434293295334], "DPA1": [68.0, 26, 0.04550823565935542], "DQB1": [37.0, 22, 0.023936439638474687], "DQA1": [22.0, 11, 0.015010816242877917], "H": [1.0, 1, 0.00047811491682690115], "DPB1": [45.0, 34, 0.030348298195499057]}