{"C": [4.0, 4, 0.10380326942699343], "T": [1.0, 1, 0.062248039019128426], "DMA": [2.0, 1, 0.072701908167379], "DRA": [4.0, 1, 0.1493952936459082], "DRB5": [1.0, 1, 0.03567022460646685], "DRB1": [3.0, 3, 0.10701067381940053], "E": [3.0, 2, 0.07907338535916958], "DRB3": [1.0, 1, 0.03567022460646685], "B": [1.0, 1, 0.026236776776657433], "DQA1": [1.0, 1, 0.03720292957002597], "DPA1": [6.0, 4, 0.2189413786190034], "DPB1": [1.0, 1, 0.03677200760589439], "DQB1": [1.0, 1, 0.035273888777506104]}