{"A": [3256.0, 706, 0.12204119971078639], "B": [7939.0, 909, 0.3000283781486178], "C": [3952.0, 582, 0.1477250103603092], "DMA": [245.0, 3, 0.01282826581820317], "DPB1": [843.0, 112, 0.044650977199641666], "DRA": [1759.0, 9, 0.09462999485306886], "DRB1": [1372.0, 67, 0.07049300227890522], "DRB5": [447.0, 7, 0.02296674345384157], "E": [1828.0, 135, 0.0694018937936624], "F": [233.0, 11, 0.009211484033853213], "K": [2.0, 2, 7.530680906777969e-05], "L": [36.0, 2, 0.0013518121912404176], "T": [84.0, 1, 0.007531665309510881], "DMB": [37.0, 2, 0.0019226531979230296], "DQA1": [354.0, 54, 0.018969961704507456], "DQB1": [364.0, 46, 0.018494422593354497], "DPA1": [1065.0, 55, 0.055977340077460795], "DPA2": [3.0, 1, 0.00016843862683032034], "H": [5.0, 4, 0.00018775169322783576], "DRB4": [1.0, 1, 5.137973927033908e-05], "DOB": [14.0, 5, 0.0007009396547172535], "DRB3": [3.0, 2, 0.00015413921781101724], "DOA": [8.0, 5, 0.000437239534189021]}