{"A": [223.0, 130, 0.1575426331856509], "B": [493.0, 116, 0.3511677432303361], "C": [175.0, 71, 0.12329523900662187], "E": [100.0, 36, 0.07155933481617854], "L": [4.0, 1, 0.0028310335379831218], "T": [2.0, 1, 0.0033799703242151434], "Y": [3.0, 1, 0.002824162097356949], "DMB": [3.0, 2, 0.002938269656846119], "DQA1": [21.0, 11, 0.02121063408535792], "DMA": [7.0, 1, 0.006908298124493164], "DRA": [66.0, 4, 0.06692341241945983], "DPA1": [40.0, 17, 0.03962723828390168], "DRB3": [22.0, 6, 0.021305206200951634], "F": [14.0, 4, 0.010432127427188525], "DPB1": [39.0, 27, 0.038934909120833514], "DQB1": [27.0, 17, 0.025856772980245846], "DRB1": [55.0, 18, 0.05326301550237909]}