{"A": [1736.0, 560, 0.13805900808471275], "B": [4096.0, 654, 0.3284350032754502], "C": [1099.0, 391, 0.08716211130530636], "DMA": [85.0, 2, 0.009443081712622273], "DPA1": [470.0, 54, 0.052414743389330935], "DPB1": [445.0, 117, 0.050009943078566016], "DRA": [734.0, 8, 0.08378224489000988], "DRB3": [94.0, 8, 0.0102473767974647], "DRB5": [218.0, 4, 0.023765192998375578], "E": [908.0, 116, 0.07314319623744264], "F": [110.0, 10, 0.009226974570529714], "L": [17.0, 1, 0.0013544274135257493], "T": [42.0, 1, 0.007990132346458708], "DRB4": [60.0, 4, 0.006540878806892361], "DRB1": [628.0, 59, 0.06846119817880672], "DMB": [34.0, 2, 0.0037486172859197506], "DQB1": [200.0, 78, 0.021560674585682227], "DOB": [4.0, 2, 0.0004249184042433724], "DQA1": [206.0, 56, 0.023421967196399326], "DOA": [6.0, 4, 0.0006957827256734105], "DPB2": [1.0, 1, 0.00011252671658764564]}