{"A": [409.0, 204, 0.10878373804343386], "B": [994.0, 294, 0.26656401109440764], "C": [402.0, 172, 0.10663057331170271], "DMA": [46.0, 2, 0.017091425873002972], "DPB1": [152.0, 64, 0.05713017827484223], "DRA": [330.0, 5, 0.12597823367262037], "DRB1": [327.0, 32, 0.11922250612633584], "F": [31.0, 6, 0.008696689696813066], "K": [2.0, 2, 0.0005343832585297879], "L": [7.0, 2, 0.0018652218572132331], "T": [8.0, 1, 0.005090029643338197], "DRB3": [20.0, 5, 0.007291896399164271], "DMB": [12.0, 3, 0.00442485531494741], "DQB1": [103.0, 38, 0.0371360079395216], "DPA1": [187.0, 37, 0.06974656998350055], "DOB": [1.0, 1, 0.00035528035375490154], "E": [139.0, 33, 0.03744799138314349], "DQA1": [67.0, 25, 0.025477487243095634], "H": [2.0, 1, 0.0005329205306323523]}