{"B": [33.0, 31, 0.3004750954843866], "T": [1.0, 1, 0.021602784642668318], "DRB4": [1.0, 1, 0.012379123784000946], "DMA": [2.0, 1, 0.025230733208612615], "DRA": [9.0, 2, 0.1166550370704089], "DPA1": [5.0, 4, 0.0633185067112692], "DRB1": [6.0, 4, 0.07427474270400568], "E": [2.0, 2, 0.018294609134658222], "DOB": [1.0, 1, 0.01206286879681844], "C": [18.0, 17, 0.16210917958013227], "A": [13.0, 13, 0.11739873949253356], "DPB1": [4.0, 4, 0.051045962167231694], "DQB1": [1.0, 1, 0.012241577964178713], "DQA1": [1.0, 1, 0.012911039259094736]}