{"A": [320.0, 184, 0.09513912072403315], "B": [885.0, 294, 0.2652936690230852], "C": [491.0, 214, 0.14558132517739356], "DQB1": [61.0, 36, 0.02458421307042551], "DRA": [210.0, 7, 0.08961265709374004], "DRB3": [39.0, 7, 0.01589437978949964], "E": [175.0, 59, 0.05270117056942738], "L": [1.0, 1, 0.0002978522883068784], "T": [10.0, 1, 0.007112115642360321], "Y": [4.0, 2, 0.0015846898445841685], "DRB4": [29.0, 5, 0.011818897792192038], "DMB": [15.0, 2, 0.006182691439097324], "DQA1": [94.0, 21, 0.03995564342516646], "K": [1.0, 1, 0.0002986698151732285], "DPB2": [1.0, 1, 0.00042067797420662205], "DMA": [22.0, 1, 0.009137168416864443], "DPA1": [150.0, 44, 0.06253756857937523], "DPB1": [130.0, 62, 0.05461775294461266], "F": [23.0, 5, 0.007212546093794227], "DOB": [2.0, 2, 0.0007942727688183424], "DRB1": [268.0, 32, 0.10922291752784366]}