{"A": [123.0, 115, 0.14536149426708403], "B": [232.0, 196, 0.276443709852553], "C": [112.0, 102, 0.13200102729218025], "DMA": [7.0, 2, 0.011556387647001468], "DQB1": [12.0, 12, 0.019223959133424662], "DRA": [43.0, 5, 0.07293796259446417], "DRB1": [58.0, 35, 0.09395980025887335], "DRB5": [4.0, 3, 0.006479986224749886], "L": [1.0, 1, 0.0011839573371406611], "T": [8.0, 1, 0.02261642250991137], "DRB3": [4.0, 3, 0.006479986224749886], "DRB4": [5.0, 3, 0.008099982780937357], "DMB": [2.0, 2, 0.0032768112159246585], "DQA1": [12.0, 11, 0.020275269398533823], "DPA1": [24.0, 12, 0.039773708551913096], "DOA": [2.0, 2, 0.0034465265378649792], "F": [12.0, 5, 0.014958123821396711], "E": [60.0, 24, 0.07182383255569177], "DPB1": [30.0, 25, 0.05010105179560481]}