{"A": [55.0, 50, 0.1798165627681418], "B": [98.0, 77, 0.32304835829540246], "C": [23.0, 22, 0.07499112337786563], "DMB": [1.0, 1, 0.004532566251593657], "DRA": [21.0, 4, 0.09854332274053033], "DRB5": [2.0, 2, 0.008963277081803188], "T": [1.0, 1, 0.007820898630200822], "DMA": [3.0, 1, 0.013701497981916704], "E": [15.0, 12, 0.049674250063591004], "DPB1": [12.0, 11, 0.05544081036698342], "DQB1": [10.0, 9, 0.04431842557113798], "K": [1.0, 1, 0.003284348098135569], "DPA1": [10.0, 9, 0.04584664714255654], "DRB1": [16.0, 11, 0.0717062166544255], "DQA1": [2.0, 2, 0.009348417893911918], "DRB3": [2.0, 2, 0.008963277081803188]}