{"A": [99.0, 65, 0.178941379236257], "B": [150.0, 106, 0.273363990318349], "C": [22.0, 21, 0.03965640012138665], "L": [4.0, 1, 0.007243148064639467], "T": [1.0, 1, 0.00432379644817258], "DRB4": [9.0, 3, 0.022299129996755214], "DRB1": [47.0, 13, 0.11645101220527722], "DMA": [4.0, 1, 0.010099860405655034], "DRA": [32.0, 2, 0.08301689180491352], "F": [2.0, 2, 0.0038129155998294214], "E": [37.0, 15, 0.0677408072687407], "DPA1": [29.0, 14, 0.07350453961893384], "DPB1": [19.0, 15, 0.048530024227172536], "DQA1": [18.0, 11, 0.04651459147760658], "DQB1": [10.0, 10, 0.024501513206311283]}