{"A": [1236.0, 519, 0.2140812519908642], "B": [1502.0, 522, 0.2623037854704186], "C": [476.0, 251, 0.0822208834793621], "DMA": [116.0, 2, 0.028067126270795134], "DPB1": [112.0, 42, 0.02741318577054362], "DQB1": [41.0, 32, 0.00962634324396173], "DRA": [366.0, 8, 0.09098758865311317], "DRB1": [462.0, 52, 0.10969124474758254], "DRB3": [98.0, 9, 0.02326783979494175], "E": [279.0, 68, 0.04894827895110502], "HFE": [1.0, 1, 0.00018164181115868803], "L": [8.0, 1, 0.0013881677100959589], "T": [30.0, 1, 0.012429998449878849], "DRB4": [102.0, 7, 0.02421754754167407], "DMB": [16.0, 2, 0.003841999520871644], "F": [46.0, 8, 0.008403681949111175], "DPA1": [152.0, 34, 0.03691852413159418], "DQA1": [62.0, 18, 0.01535299027285817], "K": [1.0, 1, 0.00017399723356189057], "DOA": [1.0, 1, 0.00025256172149156224], "DOB": [1.0, 1, 0.00023136128501599314]}