{"A": [909.0, 460, 0.10339851249739894], "B": [2157.0, 625, 0.24738594002800754], "C": [1124.0, 426, 0.12750632837603368], "DMA": [62.0, 2, 0.009851943019302214], "DPA1": [457.0, 59, 0.07289658543277291], "DPB1": [416.0, 114, 0.06686903559346039], "DQB1": [162.0, 74, 0.024979442623134004], "DRA": [668.0, 9, 0.10906057302126479], "DRB1": [638.0, 67, 0.09948117598975963], "DRB3": [137.0, 15, 0.02136194531441547], "DRB5": [156.0, 4, 0.024324550868969442], "E": [338.0, 86, 0.03894396497518124], "F": [42.0, 9, 0.005039080644436254], "L": [2.0, 1, 0.00022791462247385036], "T": [52.0, 1, 0.014149575342080261], "DRB4": [2.0, 2, 0.00031185321626883895], "DMB": [20.0, 2, 0.003153970028173485], "DPB2": [1.0, 1, 0.0001609500169016366], "DQA1": [180.0, 44, 0.029272784323985158], "DOB": [7.0, 3, 0.0010636015715446351], "K": [2.0, 1, 0.00022854018868375116], "DOA": [2.0, 1, 0.00033173230575211156]}