{"A": [50.0, 41, 0.15156961188136933], "B": [71.0, 41, 0.21700759968866468], "DMB": [1.0, 1, 0.0042026119658016056], "DRB4": [3.0, 2, 0.012466174819905885], "T": [1.0, 1, 0.007251565744912574], "DRB1": [11.0, 6, 0.045709307672988246], "DMA": [6.0, 1, 0.025408157839044817], "DRA": [17.0, 1, 0.07396597059810825], "DOB": [1.0, 1, 0.004049231967049722], "DRB3": [4.0, 2, 0.016621566426541178], "E": [26.0, 9, 0.07983411955699876], "DQA1": [5.0, 5, 0.021669717948664527], "F": [2.0, 1, 0.0063947525012773695], "DPA1": [19.0, 12, 0.08076743915885383], "C": [67.0, 56, 0.20254986498937], "DQB1": [5.0, 5, 0.020546102943918957], "DPB1": [7.0, 6, 0.02998620429653037]}