{"A": [53.0, 47, 0.18348410841393473], "DPB1": [13.0, 11, 0.063598556700918], "DRB1": [30.0, 13, 0.14236841992686053], "T": [1.0, 1, 0.008281561682019992], "DMB": [1.0, 1, 0.0047995414293524954], "DMA": [5.0, 1, 0.024180895750936234], "DRA": [25.0, 2, 0.12422342523029987], "DPA1": [8.0, 7, 0.03883766857774893], "DRB3": [8.0, 4, 0.03796491198049614], "F": [2.0, 2, 0.0073030486302539405], "E": [10.0, 7, 0.035066760258737784], "DQA1": [6.0, 5, 0.029697162594118563], "B": [72.0, 60, 0.25132144211882157], "C": [6.0, 6, 0.020715186986633112], "DQB1": [6.0, 5, 0.028157309718867974]}