{"A": [28119.0, 2153, 0.1271258679595329], "B": [52927.0, 1811, 0.24126026349240406], "C": [50498.0, 1729, 0.22767914849246676], "DMA": [1551.0, 2, 0.009795478399071692], "DPA1": [7802.0, 84, 0.04946301480696925], "DPB1": [7621.0, 308, 0.04868860620594322], "DQA1": [4285.0, 126, 0.027696571099003208], "DQB1": [3195.0, 290, 0.019580430816627085], "DRA": [12201.0, 8, 0.07917177676674964], "DRB1": [10287.0, 132, 0.06375182522887887], "DRB4": [3068.0, 9, 0.019013376086536443], "DRB5": [3084.0, 6, 0.019112533197809124], "DRB7": [1.0, 1, 1.3237474354902816e-05], "E": [10821.0, 346, 0.049553520523894154], "F": [1542.0, 13, 0.007353092743249331], "HFE": [14.0, 1, 6.637702040424049e-05], "K": [29.0, 9, 0.0001317086309328162], "L": [183.0, 2, 0.0008288518956251878], "T": [584.0, 1, 0.006315919136652978], "DMB": [419.0, 3, 0.002626184542947103], "DPB2": [18.0, 2, 0.00011514555656648713], "DPA2": [5.0, 2, 3.386120656949902e-05], "V": [2.0, 1, 1.920329935430776e-05], "H": [14.0, 12, 6.340943463799251e-05], "DOB": [40.0, 8, 0.00024155975100187624], "DOA": [42.0, 15, 0.00027687944367824616], "DRB3": [2.0, 2, 1.2394638909085035e-05], "G": [2.0, 2, 9.762149229279364e-06]}