{"A": [8037.0, 1045, 0.18357704438558264], "B": [10800.0, 1116, 0.24872682200447283], "C": [1794.0, 696, 0.04086597499227894], "DMA": [691.0, 2, 0.022048662335258668], "DMB": [131.0, 3, 0.004148325816069969], "DPB1": [1385.0, 190, 0.04470493829431529], "DQB1": [600.0, 139, 0.018577744112679758], "DRA": [3463.0, 6, 0.11353187269801765], "DRB1": [3423.0, 84, 0.10717688443433057], "DRB5": [1326.0, 5, 0.04151812701137083], "E": [2039.0, 169, 0.047175301966575586], "F": [328.0, 12, 0.00790223351882286], "HFE": [3.0, 1, 7.186233396022255e-05], "K": [7.0, 5, 0.00016062184983057977], "L": [94.0, 2, 0.002151017999907903], "T": [218.0, 1, 0.011911612401659374], "DRB4": [574.0, 10, 0.017972401888783452], "DPB2": [2.0, 1, 6.463905812401462e-05], "V": [1.0, 1, 4.851055039094328e-05], "H": [4.0, 4, 9.15326808471448e-05], "DOB": [30.0, 6, 0.0009153268084714478], "DOA": [21.0, 11, 0.0006994409636048753], "DPA1": [1762.0, 72, 0.056437905390589196], "DQA1": [904.0, 68, 0.029521196504055176]}