{"A": [2009.0, 472, 0.1512138539104381], "B": [1313.0, 473, 0.09964392630887221], "C": [1531.0, 401, 0.11492165118451755], "DMA": [127.0, 2, 0.013353501528360895], "DOA": [6.0, 5, 0.000658521956350451], "DPB1": [703.0, 88, 0.07477360023417383], "DRA": [1108.0, 8, 0.11969949296517073], "DRB1": [1269.0, 52, 0.13093118290561132], "DRB3": [197.0, 11, 0.02032580223199797], "E": [1106.0, 92, 0.08432179253442035], "K": [8.0, 4, 0.0006049003148909907], "L": [10.0, 1, 0.0007540557073173503], "T": [57.0, 1, 0.010263043169396408], "DRB4": [137.0, 10, 0.01413520256743006], "DMB": [26.0, 3, 0.0027130772014791944], "DQA1": [378.0, 40, 0.04067659256160032], "DPA1": [726.0, 61, 0.07662823883647336], "DQB1": [317.0, 74, 0.03234359043267675], "H": [4.0, 4, 0.00030162228292694016], "F": [144.0, 8, 0.011432092982867773], "DOB": [2.0, 2, 0.00020108152195129345], "DRB5": [1.0, 1, 0.00010317666107613184]}