{"A": [182.0, 145, 0.15060220227218565], "B": [418.0, 229, 0.3487471577092171], "C": [80.0, 75, 0.06601839210901572], "DRB3": [18.0, 7, 0.02041748587416469], "DRB5": [25.0, 5, 0.028357619269673184], "L": [3.0, 1, 0.0024869839089425062], "T": [10.0, 1, 0.019794730313732654], "DRB1": [71.0, 24, 0.08053563872587184], "DMA": [9.0, 1, 0.010403566275576284], "DRA": [76.0, 3, 0.0902639702306209], "DPA1": [41.0, 16, 0.04757561044369538], "E": [54.0, 27, 0.04526127173027468], "DOB": [2.0, 2, 0.0022106523635044496], "DOA": [1.0, 1, 0.0012066110509964525], "F": [11.0, 3, 0.009600729428821918], "DPB1": [38.0, 26, 0.04443496604017052], "DQA1": [11.0, 7, 0.013013488717973459], "DQB1": [17.0, 14, 0.019068923535562457]}