{"A": [558.0, 279, 0.09995027196822814], "B": [845.0, 369, 0.15260928252028555], "C": [1217.0, 385, 0.21739791802482647], "DMA": [91.0, 2, 0.022770416141165328], "DPB1": [203.0, 73, 0.0513839090705596], "DQB1": [114.0, 40, 0.027680374005060078], "DRA": [453.0, 8, 0.11646324542686268], "F": [56.0, 10, 0.010580091383702622], "L": [4.0, 1, 0.0007177968672076662], "T": [29.0, 1, 0.012426174088958858], "DRB3": [118.0, 12, 0.028973543458874238], "DMB": [22.0, 2, 0.005463231711525015], "K": [1.0, 1, 0.0001799417581106135], "DPA1": [278.0, 36, 0.06982889268064157], "E": [219.0, 54, 0.03973442694987382], "DQA1": [19.0, 10, 0.004865690743076966], "DRB1": [566.0, 50, 0.1389747932010408]}