{"A": [6061.0, 983, 0.1480050207597851], "B": [12123.0, 1048, 0.298481026552156], "C": [7988.0, 960, 0.19452939741756892], "DMA": [421.0, 2, 0.014361309907034367], "DMB": [90.0, 4, 0.003046855319296322], "DPA1": [1018.0, 74, 0.03485944916013304], "DPB1": [903.0, 137, 0.03116027169788454], "DQA1": [181.0, 56, 0.0063190509799156015], "DQB1": [461.0, 110, 0.015259855134964589], "DRA": [2477.0, 9, 0.08681586079463204], "DRB1": [2415.0, 92, 0.0808386632280717], "DRB3": [392.0, 13, 0.013121638089194247], "DRB5": [21.0, 4, 0.0007029448976354062], "E": [2072.0, 163, 0.05125013021210463], "F": [363.0, 14, 0.009349543354428598], "HFE": [2.0, 1, 5.1217434211666915e-05], "L": [36.0, 2, 0.0008806968660155792], "T": [153.0, 1, 0.008937442269935878], "Y": [17.0, 2, 0.0005531669366101089], "DRB4": [6.0, 2, 0.00020084139932440175], "DOB": [19.0, 6, 0.0006197496464554076], "DOA": [14.0, 10, 0.000498502756092041], "K": [2.0, 2, 4.906189718171571e-05], "H": [3.0, 2, 7.339140550129827e-05], "DQA2": [1.0, 1, 3.491188386693702e-05]}