{"A": [508.0, 260, 0.20460031142861346], "B": [765.0, 312, 0.31065508989445717], "C": [172.0, 145, 0.06908536336895275], "DRA": [78.0, 5, 0.04508977683081718], "DRB1": [147.0, 25, 0.08115770116696351], "DRB5": [61.0, 4, 0.03367768551826377], "E": [186.0, 44, 0.07588021980860271], "K": [4.0, 3, 0.0016183958184050082], "L": [5.0, 2, 0.0020174573785546007], "T": [28.0, 1, 0.026976789556899167], "DRB4": [64.0, 5, 0.03533396513391608], "DMB": [5.0, 2, 0.0027918349582018213], "DQB1": [23.0, 18, 0.012557053234223303], "DMA": [18.0, 1, 0.010127328031584011], "F": [31.0, 8, 0.013169093543471877], "DPA1": [80.0, 26, 0.04518280024308235], "DQA1": [12.0, 9, 0.006909791521549508], "H": [1.0, 1, 0.0004034914757109201], "DPB1": [40.0, 28, 0.02276585108773068]}