{"A": [645.0, 319, 0.12937837996126658], "B": [992.0, 353, 0.2006264213778247], "C": [231.0, 159, 0.046209258020003995], "DMA": [69.0, 2, 0.019334407997762152], "DMB": [20.0, 4, 0.005561720350695745], "DPA1": [270.0, 51, 0.07594625030605225], "DQB1": [117.0, 50, 0.03181304040597966], "DRA": [451.0, 8, 0.1298432689873016], "DRB1": [510.0, 57, 0.14023034232540732], "DRB3": [72.0, 10, 0.019797224798881033], "E": [282.0, 84, 0.05729598108882797], "L": [4.0, 3, 0.0008038106784217208], "T": [30.0, 1, 0.014395040907683105], "DRB4": [67.0, 8, 0.018422417521180963], "DPB2": [1.0, 1, 0.0002838197498550921], "DPB1": [212.0, 70, 0.060092348376011476], "F": [33.0, 7, 0.006981802261565033], "DOB": [2.0, 1, 0.0005358737856144806], "DQA1": [147.0, 33, 0.042156102220664154], "DOA": [1.0, 1, 0.00029248887900073237]}