{"A": [263.0, 153, 0.18144896810784697], "B": [372.0, 177, 0.25877132792654767], "C": [56.0, 50, 0.03853024782522385], "DMA": [22.0, 2, 0.02120319117644884], "DRA": [104.0, 5, 0.10298476883705489], "DRB1": [122.0, 24, 0.11537943526796234], "DRB5": [39.0, 2, 0.03688358996270927], "L": [2.0, 1, 0.0013823580179735226], "T": [7.0, 1, 0.01155277855543885], "DRB4": [21.0, 3, 0.019860394595304993], "DMB": [4.0, 2, 0.0038259201709570224], "DOB": [1.0, 1, 0.0009215720119823484], "F": [9.0, 2, 0.006549269687459571], "E": [72.0, 30, 0.05031579147339788], "DPA1": [58.0, 21, 0.056113495840702986], "DQA1": [30.0, 13, 0.029591101322245718], "DPB1": [51.0, 34, 0.049722190329889324], "DQB1": [16.0, 16, 0.01496359889085413]}