{"A": [1525.0, 460, 0.11708688545691318], "B": [2693.0, 383, 0.20847271572592874], "C": [2909.0, 380, 0.22273945490626293], "DMA": [102.0, 2, 0.010940026549561964], "DMB": [47.0, 4, 0.005002803287704472], "DPA1": [530.0, 42, 0.05706303383187493], "DPB1": [516.0, 99, 0.05598471001924374], "DRA": [760.0, 8, 0.08375156042094496], "DRB4": [216.0, 7, 0.022733273940398424], "DRB5": [260.0, 5, 0.027364126039368476], "E": [673.0, 112, 0.05233913396402384], "L": [6.0, 1, 0.00046151035143600816], "T": [34.0, 1, 0.006244633891035369], "DRB1": [674.0, 49, 0.07093623442513211], "V": [1.0, 1, 0.00016306103970788682], "F": [81.0, 7, 0.006559564995050122], "DOB": [2.0, 1, 0.00020511571174933695], "DQA1": [278.0, 50, 0.030515769522207997], "DQB1": [202.0, 80, 0.021023600766485746], "DOA": [3.0, 3, 0.0003358667630636553], "H": [1.0, 1, 7.691839190600136e-05]}