{"A": [8318.0, 1216, 0.14838869055986711], "B": [11521.0, 1073, 0.20722708760718855], "C": [8144.0, 800, 0.1448887523091179], "DMA": [565.0, 2, 0.014080242296608165], "DMB": [94.0, 4, 0.0023248069675574274], "DOA": [32.0, 11, 0.0008324137179759746], "DPA1": [2716.0, 88, 0.06794417506749396], "DPB1": [2334.0, 181, 0.05883883422499243], "DQB1": [1309.0, 156, 0.03165474754218383], "DRA": [4514.0, 6, 0.115580440717994], "DRB1": [4049.0, 63, 0.09901465697159002], "DRB5": [18.0, 5, 0.0004401738269915091], "E": [3583.0, 182, 0.06474433171948402], "F": [443.0, 15, 0.00833560685724987], "HFE": [5.0, 1, 9.354219341510103e-05], "K": [7.0, 7, 0.000125447527088614], "L": [130.0, 2, 0.002323362763819234], "T": [160.0, 1, 0.006827968732417309], "DRB4": [8.0, 2, 0.00019563281199622628], "DQA1": [995.0, 61, 0.02537733935496946], "DPB2": [10.0, 2, 0.0002524192693443577], "DPA2": [2.0, 1, 5.344538963471256e-05], "DOB": [11.0, 4, 0.00026212297848216996], "DRB3": [5.0, 4, 0.0001222705074976414], "H": [4.0, 3, 7.14880850405918e-05]}