{"A": [87.0, 67, 0.11905382926910835], "B": [137.0, 85, 0.18902495510628642], "C": [79.0, 58, 0.10781178300250552], "DRA": [72.0, 4, 0.14141566413791043], "DRB5": [23.0, 3, 0.043144135984646524], "T": [5.0, 1, 0.01636755371966556], "DRB4": [5.0, 2, 0.009379159996662287], "DMB": [1.0, 1, 0.0018971482720521447], "DMA": [6.0, 1, 0.01146978191958243], "E": [45.0, 15, 0.062374874922452424], "F": [5.0, 2, 0.007216817634319398], "DRB1": [60.0, 10, 0.11254991995994745], "DQA1": [16.0, 11, 0.03130294648886038], "DQB1": [9.0, 9, 0.01669490479405887], "DPA1": [43.0, 15, 0.08251504668327948], "DPB1": [24.0, 18, 0.046410546145646284], "H": [1.0, 1, 0.0013709319630157831]}