{"A": [299.0, 198, 0.3109087147539774], "B": [297.0, 166, 0.3113813640619038], "C": [75.0, 67, 0.07777463680020305], "F": [12.0, 4, 0.013161171968034359], "K": [1.0, 1, 0.0010445852408298086], "L": [2.0, 1, 0.0020834519493193077], "T": [9.0, 1, 0.022386895455430992], "DMA": [11.0, 1, 0.01597843301589922], "DRA": [50.0, 4, 0.07462298485143665], "DRB1": [34.0, 19, 0.048463017128236384], "E": [61.0, 29, 0.06424873778768064], "DRB3": [11.0, 5, 0.015679211423841183], "DPB1": [13.0, 12, 0.019102331643437255], "DQA1": [1.0, 1, 0.0014866297763372143], "DQB1": [4.0, 4, 0.005638181077664102], "DPA1": [11.0, 6, 0.016039653065768565]}