{"A": [99.0, 79, 0.16430043149980747], "B": [130.0, 97, 0.21753108302754373], "C": [58.0, 47, 0.09599453829515628], "DRB1": [49.0, 20, 0.11147292923684587], "T": [2.0, 1, 0.007940048581095866], "DMA": [4.0, 1, 0.009273491854257004], "DRA": [41.0, 2, 0.09766259754747914], "DPA1": [40.0, 17, 0.09309022474388255], "F": [5.0, 3, 0.008752359026712302], "DQA1": [14.0, 9, 0.03321793761856903], "DQB1": [11.0, 10, 0.024746484744415445], "E": [35.0, 13, 0.058836199472004184], "DPB1": [30.0, 21, 0.07035680113364869], "DRB3": [3.0, 2, 0.006824873218582401]}