{"C": [10.0, 10, 0.07961113609983125], "T": [1.0, 1, 0.01909626597950201], "DRB1": [10.0, 9, 0.10942804100613508], "DRA": [10.0, 2, 0.11457759587701204], "DQA1": [5.0, 5, 0.05706501357155873], "DMB": [1.0, 1, 0.01106715414721139], "F": [1.0, 1, 0.008419967420356791], "E": [7.0, 5, 0.056601755158800685], "B": [38.0, 36, 0.3058558964320239], "A": [20.0, 20, 0.15965730573026268], "DPB1": [3.0, 3, 0.03384241731502479], "DPA1": [4.0, 4, 0.04477745126228057]}