{"A": [206.0, 142, 0.17366529310855222], "B": [284.0, 157, 0.24140074924276328], "C": [221.0, 124, 0.18580316523872853], "DPA1": [31.0, 14, 0.03664781489435022], "DRA": [81.0, 6, 0.09801030419752788], "T": [5.0, 1, 0.010083364629375296], "DMB": [2.0, 2, 0.002337507254991546], "DMA": [6.0, 1, 0.007066052465470627], "E": [84.0, 33, 0.07172955842254501], "DQB1": [11.0, 8, 0.012570594571287869], "DRB1": [75.0, 20, 0.08667161731991126], "F": [6.0, 2, 0.005335175060384162], "DQA1": [11.0, 7, 0.013258048961905173], "DRB3": [16.0, 6, 0.018489945028247735], "DPB1": [31.0, 14, 0.03693080960395909]}