{"A": [314.0, 192, 0.13871130565364895], "B": [512.0, 158, 0.22804819172368077], "C": [522.0, 165, 0.2299681734127713], "DMA": [15.0, 2, 0.009256637672467214], "DRA": [114.0, 6, 0.07228163503300672], "DRB5": [32.0, 3, 0.01937769044843074], "E": [123.0, 34, 0.055037713216407456], "L": [2.0, 1, 0.0008851237482432152], "T": [9.0, 1, 0.009510741451711411], "DRB4": [33.0, 3, 0.0199832432749442], "DMB": [5.0, 2, 0.003062170543164659], "DRB1": [105.0, 22, 0.06358304678391336], "DPA2": [2.0, 1, 0.0013234592470321473], "DPA1": [80.0, 28, 0.04955788649167632], "F": [17.0, 4, 0.007921049796958495], "DPB1": [77.0, 37, 0.048067801391082], "DQA1": [46.0, 23, 0.029052343028274703], "DQB1": [24.0, 20, 0.014371787082586133]}