{"A": [12335.0, 1421, 0.17916588932365746], "B": [16262.0, 1461, 0.23815768102330648], "C": [3892.0, 932, 0.05637726826737434], "DMA": [577.0, 2, 0.01170770532530119], "DOB": [19.0, 5, 0.0003686381681574044], "DPA1": [3286.0, 82, 0.06693053753475968], "DPB1": [3601.0, 199, 0.0739129640171792], "DQB1": [1083.0, 108, 0.021323670038082748], "DRA": [5842.0, 8, 0.12179196385446904], "DRB1": [4788.0, 110, 0.09533231548663842], "DRB3": [777.0, 15, 0.015470595057042201], "DRB5": [9.0, 3, 0.00017919608174180154], "DRB7": [1.0, 1, 4.252920340005423e-05], "E": [4954.0, 254, 0.0728861878380542], "F": [553.0, 14, 0.00847213597990994], "H": [2.0, 2, 2.9103013275584556e-05], "HFE": [5.0, 1, 7.616261353877907e-05], "K": [15.0, 8, 0.000218871700938065], "L": [158.0, 2, 0.00229913804877118], "T": [238.0, 1, 0.008269567327788323], "DRB4": [12.0, 3, 0.00023892810898906873], "DMB": [164.0, 3, 0.003302457082201181], "DPB2": [10.0, 2, 0.0002055212793172724], "DPA2": [1.0, 1, 2.1757778001392004e-05], "V": [2.0, 1, 6.169613646042683e-05], "J": [1.0, 1, 1.456479568495008e-05], "DOA": [35.0, 9, 0.0007412958759969613], "DQA1": [1077.0, 93, 0.022365210967704302], "DQA2": [1.0, 1, 2.076621259768273e-05], "G": [1.0, 1, 1.568185966078696e-05]}