{"A": [21613.0, 1407, 0.19231567605054206], "B": [30238.0, 1408, 0.27128585845555436], "C": [19759.0, 1227, 0.17533943986535677], "DMA": [939.0, 2, 0.011671993010107712], "DOB": [18.0, 5, 0.00021394525561308416], "DPA1": [3336.0, 68, 0.041626150729399354], "DPB1": [2531.0, 170, 0.0318253434354655], "DQA1": [891.0, 58, 0.011334919929219768], "DQB1": [830.0, 122, 0.0100114053562814], "DRA": [4938.0, 5, 0.06306546801472118], "DRB1": [6787.0, 94, 0.08278417129792022], "DRB6": [1.0, 1, 2.5576352547113902e-05], "E": [7125.0, 232, 0.06421811581651961], "F": [890.0, 15, 0.008352976310247631], "HFE": [7.0, 1, 6.532107613274362e-05], "K": [19.0, 5, 0.00016983821297982863], "L": [98.0, 4, 0.0008736097937534269], "T": [385.0, 1, 0.008195019976261528], "DRB3": [687.0, 16, 0.00837965606036116], "DRB4": [1260.0, 10, 0.01536880150808597], "DMB": [217.0, 3, 0.002676926979849065], "DPB2": [1.0, 1, 1.2590420970357616e-05], "DOA": [13.0, 6, 0.00016867485624032883], "H": [1.0, 1, 8.914385650545172e-06], "G": [1.0, 1, 9.606850219269923e-06]}