{"A": [39541.0, 1390, 0.17345045513511076], "B": [70191.0, 1555, 0.31044429651728883], "C": [12375.0, 982, 0.05413623192073874], "DMA": [2466.0, 2, 0.015111259429522959], "DPA1": [9029.0, 88, 0.055540275072729586], "DPB1": [7935.0, 237, 0.04918764700497476], "DQA1": [3796.0, 88, 0.02380647634097304], "DQB1": [3858.0, 128, 0.02294073561371555], "DRA": [17487.0, 5, 0.11009916119578553], "DRB1": [17912.0, 71, 0.10770644703886442], "DRB5": [3.0, 1, 1.803926647591521e-05], "E": [11260.0, 264, 0.050031006935904995], "F": [1883.0, 14, 0.008712237898844965], "H": [20.0, 7, 8.789204651586426e-05], "HFE": [11.0, 1, 5.060298532928651e-05], "L": [1147.0, 4, 0.005040608867684816], "T": [857.0, 2, 0.008992869097499875], "DRB4": [11.0, 3, 6.614397707835577e-05], "W": [1.0, 1, 5.145816398578378e-06], "DMB": [462.0, 3, 0.0028096157536237946], "K": [39.0, 12, 0.0001718599101680742], "DPB2": [31.0, 2, 0.00019241109358395645], "G": [4.0, 4, 1.8943890458483233e-05], "DPA2": [17.0, 4, 0.00011170563510802066], "V": [5.0, 1, 4.658108461382362e-05], "DOB": [116.0, 8, 0.0006796984930560169], "DOA": [79.0, 14, 0.0005053150700882863], "DQA2": [1.0, 1, 6.271463735767398e-06], "DRB3": [5.0, 3, 3.0065444126525352e-05]}