{"A": [584.0, 304, 0.186364226864916], "B": [551.0, 262, 0.1772865399399041], "C": [611.0, 291, 0.19444909949653663], "DMA": [29.0, 2, 0.01292788549581864], "DOB": [2.0, 2, 0.0008525310847985109], "DRA": [222.0, 7, 0.10168188397279182], "DRB3": [25.0, 7, 0.01093602608777116], "K": [1.0, 1, 0.0003205766476232278], "L": [2.0, 1, 0.0006393983135988832], "T": [9.0, 1, 0.006870397565729176], "DMB": [7.0, 2, 0.003096883751218833], "DPB1": [81.0, 45, 0.03652717161393466], "DQA1": [56.0, 24, 0.025549290947555373], "DPA1": [124.0, 33, 0.05548964777224944], "V": [1.0, 1, 0.000677737477470383], "E": [150.0, 35, 0.0484857392784393], "DRB1": [222.0, 40, 0.09711191165940791], "F": [36.0, 7, 0.012117242968951747], "DQB1": [64.0, 33, 0.027685157598197566], "DOA": [2.0, 1, 0.0009306514630868206]}