{"A": [491.0, 266, 0.12569334187814174], "B": [638.0, 301, 0.16467433570259785], "C": [640.0, 265, 0.1633901141613674], "DMA": [34.0, 2, 0.012158765771144693], "DRA": [283.0, 7, 0.10398198925805012], "F": [32.0, 6, 0.008640370590377786], "L": [12.0, 1, 0.003077540756586431], "T": [21.0, 1, 0.01285996333580125], "DRB4": [45.0, 7, 0.015791126728552096], "DMB": [10.0, 2, 0.003549015855659436], "K": [1.0, 1, 0.00025716565029115036], "DRB1": [337.0, 56, 0.11825799350049016], "DPB1": [122.0, 53, 0.04413386203825449], "DPA1": [199.0, 33, 0.07143720191299775], "DPA2": [1.0, 1, 0.00038346801605488044], "E": [208.0, 63, 0.05393456420644953], "DQB1": [85.0, 47, 0.029496265111480645], "DRB3": [59.0, 9, 0.020703921710768305], "DQA1": [130.0, 42, 0.04757899381493432]}