{"A": [188.0, 132, 0.15253690301593523], "B": [246.0, 127, 0.20124571537340635], "C": [146.0, 108, 0.1181367318331427], "DRA": [100.0, 2, 0.11645495724620837], "E": [97.0, 30, 0.07971900463519273], "L": [2.0, 1, 0.001625694202433383], "T": [6.0, 1, 0.011645495724620836], "DRB4": [8.0, 2, 0.008897682126676593], "DRB1": [94.0, 21, 0.10454776498844998], "DMA": [14.0, 1, 0.015868099136219994], "DQB1": [14.0, 10, 0.015397933235887548], "F": [11.0, 5, 0.0094137220482886], "DQA1": [29.0, 9, 0.03364001597014495], "DRB3": [15.0, 3, 0.016683153987518615], "DMB": [3.0, 1, 0.003374547056566265], "DPA1": [46.0, 16, 0.052337802624445366], "DPB1": [51.0, 30, 0.058474776794862536]}