{"A": [4532.0, 688, 0.1594777224415285], "B": [6833.0, 871, 0.24243538300285505], "C": [4935.0, 849, 0.17318580860722368], "DMA": [166.0, 3, 0.00816014743727177], "DPB1": [1212.0, 130, 0.0602690109741133], "DQB1": [575.0, 72, 0.02742807254406498], "DRA": [1668.0, 6, 0.08424557033892653], "DRB1": [1091.0, 66, 0.05262652551249126], "DRB5": [391.0, 5, 0.018860652131424457], "E": [2066.0, 225, 0.07363995231764957], "HFE": [4.0, 1, 0.00014761339652468009], "L": [16.0, 2, 0.000564055569931898], "T": [106.0, 1, 0.008922892142212443], "DPA1": [1074.0, 55, 0.052997451116628104], "DRB3": [99.0, 11, 0.004775459235322304], "DMB": [44.0, 3, 0.0021465448077963895], "DPB2": [1.0, 1, 4.979098780971006e-05], "F": [241.0, 9, 0.008944967700500229], "DOB": [13.0, 5, 0.0006110602007595562], "DOA": [15.0, 7, 0.0007696774211222114], "DQA1": [391.0, 54, 0.019671070777696604], "J": [2.0, 2, 7.057133614673061e-05]}