{"A": [752.0, 251, 0.20773381608051344], "B": [934.0, 294, 0.26014213199778385], "C": [158.0, 130, 0.04352727374160797], "DMA": [30.0, 2, 0.01157685003128572], "DPA1": [157.0, 25, 0.060817643574317605], "DPB1": [132.0, 52, 0.051528157204888715], "DRA": [179.0, 4, 0.070971387289835], "L": [11.0, 1, 0.003044204542898307], "T": [16.0, 1, 0.010573018590664432], "DRB4": [80.0, 9, 0.030293480231678986], "DMB": [2.0, 2, 0.0007659431081305199], "DRB1": [266.0, 28, 0.10072582177033262], "E": [255.0, 72, 0.07135141610610692], "DOB": [1.0, 1, 0.00036899449004827966], "F": [35.0, 5, 0.0101978592494611], "DQA1": [133.0, 21, 0.05252694221226331], "DQB1": [37.0, 24, 0.01385505977818318]}