{"A": [937.0, 337, 0.12994234756075979], "B": [1348.0, 334, 0.1884844255047524], "C": [894.0, 309, 0.12364132701116046], "DPB1": [313.0, 79, 0.061339012011000026], "DRA": [627.0, 8, 0.12480143052687248], "DRB5": [154.0, 5, 0.02927532078197876], "E": [437.0, 89, 0.06138547383764736], "F": [59.0, 7, 0.008630078376408388], "L": [13.0, 1, 0.0018061185616097782], "T": [37.0, 1, 0.012274462864152796], "DRB4": [55.0, 6, 0.010455471707849558], "DMB": [18.0, 2, 0.003460674726441114], "DMA": [63.0, 1, 0.01220482231767782], "DPB2": [1.0, 1, 0.0001962238246951147], "DRB1": [518.0, 19, 0.09847153353938311], "DQB1": [133.0, 59, 0.025002306789053578], "DOB": [4.0, 2, 0.0007409717175834989], "DPA1": [394.0, 42, 0.0766210179534906], "DQA1": [157.0, 29, 0.031128048190436478], "H": [1.0, 1, 0.00013893219704690603]}