{"A": [1032.0, 290, 0.16212973562686578], "B": [1451.0, 277, 0.2298395962276494], "C": [811.0, 265, 0.12706292616432224], "DMA": [66.0, 2, 0.014484606684576639], "DPB1": [230.0, 69, 0.0510613313918678], "DRA": [435.0, 8, 0.09808738109573377], "DRB1": [418.0, 54, 0.09001794266644508], "DRB3": [79.0, 13, 0.017012960456098472], "E": [382.0, 84, 0.06078821601053205], "L": [5.0, 2, 0.000786945701592377], "T": [27.0, 1, 0.010146970458179356], "Y": [6.0, 2, 0.001256057022735794], "DMB": [14.0, 2, 0.0030492158700084425], "K": [2.0, 2, 0.0003156422649387906], "F": [52.0, 6, 0.008616639659011095], "DOB": [3.0, 2, 0.0006295565612739017], "DPA1": [298.0, 40, 0.06565076927348226], "DQA1": [187.0, 37, 0.042001587352281475], "DQB1": [74.0, 36, 0.01575912202023411], "DOA": [5.0, 2, 0.0011454083518529154], "H": [1.0, 1, 0.00015738914031847542]}