{"A": [5838.0, 914, 0.15294382597675182], "B": [11063.0, 846, 0.29222356335558464], "C": [3927.0, 676, 0.10259915450474241], "DMA": [309.0, 2, 0.01130852943927177], "DMB": [71.0, 3, 0.002578715120002617], "DPA1": [1731.0, 61, 0.06359244241537293], "DPB1": [1262.0, 136, 0.04672061336130468], "DQA1": [564.0, 58, 0.021124580023542564], "DQB1": [796.0, 136, 0.028268206060398014], "DRA": [2641.0, 8, 0.09930638336529714], "DRB1": [2120.0, 59, 0.07613310536282453], "DRB5": [637.0, 5, 0.022875843450999637], "E": [2358.0, 175, 0.06257267450170478], "F": [270.0, 11, 0.007460762826390653], "L": [41.0, 2, 0.001076077379674167], "T": [126.0, 1, 0.00789638035089451], "DPB2": [6.0, 2, 0.00022241277497917156], "K": [3.0, 2, 7.895348279224022e-05], "DOB": [8.0, 2, 0.00027995509064693774], "DOA": [17.0, 7, 0.0006494177351760139], "DRB3": [1.0, 1, 3.591184215227572e-05], "H": [2.0, 2, 5.249157949630082e-05]}