{"A": [45.0, 42, 0.17437209660828296], "B": [43.0, 38, 0.16799926883508767], "C": [72.0, 62, 0.27823514924744003], "DPB1": [15.0, 10, 0.08213666326722209], "L": [1.0, 1, 0.0038820065303303867], "T": [1.0, 1, 0.009269453501616785], "DRA": [7.0, 2, 0.0389317047067905], "DPA1": [9.0, 5, 0.04890435812921959], "DRB1": [14.0, 11, 0.0743639303388133], "E": [16.0, 11, 0.06279969235781703], "DQA1": [4.0, 3, 0.022159787277302626], "DQB1": [4.0, 4, 0.021010761270331378], "DRB3": [3.0, 2, 0.015935127929745708]}