{"A": [110.0, 82, 0.09422520905641793], "C": [101.0, 68, 0.08628013569431621], "DMA": [10.0, 2, 0.011966143828816434], "DRA": [110.0, 6, 0.13524088829274103], "DRB1": [107.0, 23, 0.12564002850076403], "T": [6.0, 1, 0.012294626208431005], "Y": [1.0, 1, 0.0011414307098846744], "K": [1.0, 1, 0.0008605113494464518], "DPA1": [66.0, 21, 0.07927914141298613], "DPB1": [63.0, 31, 0.07625991121175447], "DOB": [1.0, 1, 0.00114420791355836], "F": [10.0, 2, 0.009034955859221632], "E": [54.0, 30, 0.04685341408397461], "DQA1": [24.0, 12, 0.02939184077953037], "DQB1": [52.0, 27, 0.060380275379183376], "DMB": [5.0, 1, 0.005937745612026337], "DRB3": [4.0, 4, 0.004696823495355665], "B": [254.0, 140, 0.21937271061159122]}