{"A": [136.0, 109, 0.17422345754654264], "B": [290.0, 143, 0.3745761988330505], "C": [62.0, 55, 0.07920898178085722], "DPA1": [25.0, 13, 0.04491054306262298], "DRB5": [4.0, 2, 0.007024210780131594], "L": [2.0, 1, 0.0025667850524112253], "T": [8.0, 1, 0.024515872918890663], "DRB4": [5.0, 3, 0.008780263475164491], "DMB": [4.0, 2, 0.007104031357178544], "DRB1": [33.0, 15, 0.05794973893608564], "DRA": [33.0, 2, 0.06067678547425438], "F": [5.0, 3, 0.00675599523881533], "E": [63.0, 20, 0.08174878888325199], "DRB3": [4.0, 3, 0.007024210780131594], "K": [2.0, 2, 0.002573830208090305], "DQA1": [7.0, 4, 0.012820556589908154], "DPB1": [15.0, 13, 0.027154405573771266], "DQB1": [11.0, 9, 0.01910195098263564], "H": [1.0, 1, 0.0012833925262056127]}