{"A": [580.0, 252, 0.20639931456467536], "B": [756.0, 291, 0.27125422600355], "C": [152.0, 88, 0.05394346832595143], "DMA": [24.0, 2, 0.011930847454172864], "DRA": [186.0, 5, 0.09500229708116863], "E": [136.0, 40, 0.049022135203769315], "HFE": [1.0, 1, 0.0003731950851233632], "K": [1.0, 1, 0.0003574887960879793], "T": [12.0, 1, 0.010215300761415982], "Y": [5.0, 2, 0.0023709663478407848], "DRB4": [61.0, 3, 0.029756367667383075], "DMB": [3.0, 2, 0.0014800577807733382], "DPB2": [1.0, 1, 0.0005035248120156718], "DRB1": [206.0, 31, 0.10048871704067071], "DPA1": [129.0, 33, 0.06437400738444037], "DOA": [2.0, 1, 0.001037809439904811], "F": [28.0, 5, 0.01050968983235016], "DRB3": [11.0, 4, 0.005365902366249406], "DQA1": [38.0, 13, 0.01933325476135173], "DPB1": [104.0, 39, 0.05229918459319534], "DQB1": [28.0, 21, 0.013506897673427797], "DOB": [1.0, 1, 0.0004753470244819481]}