{"A": [5362.0, 993, 0.216820455347385], "B": [7879.0, 1245, 0.32123214918759446], "C": [1692.0, 756, 0.06823211326850763], "DMA": [175.0, 3, 0.00988533258141118], "DPA1": [602.0, 50, 0.03413583352097421], "DPB1": [398.0, 108, 0.022742480755857306], "DQB1": [244.0, 86, 0.01337459346591437], "DRA": [922.0, 7, 0.05351127125369211], "DRB1": [1389.0, 73, 0.0769919842132048], "DRB4": [580.0, 10, 0.03214928066498112], "DRB5": [509.0, 6, 0.028213765273233434], "DRB7": [1.0, 1, 0.00011839804051793048], "E": [1833.0, 158, 0.07507735525923659], "F": [286.0, 12, 0.012198069015896297], "K": [16.0, 11, 0.0006499434978111463], "L": [69.0, 2, 0.0027952092138699377], "T": [184.0, 1, 0.01779839824779347], "DMB": [22.0, 3, 0.0012333129220617758], "DPA2": [3.0, 1, 0.00018171595577444992], "DOB": [5.0, 2, 0.000270068523079221], "DRB3": [15.0, 7, 0.0008314469137495118], "DQA1": [195.0, 52, 0.01127325092822092], "H": [7.0, 5, 0.00028357194923318206]}