{"A": [15857.0, 1714, 0.12662974740366995], "B": [22558.0, 1704, 0.18163091343536908], "C": [11615.0, 1515, 0.09250153713567517], "DMA": [1481.0, 2, 0.016521503509459707], "DOB": [24.0, 5, 0.0002560097341692648], "DPA1": [8191.0, 99, 0.09172594998835293], "DPB1": [5995.0, 314, 0.06765271390580106], "DQA1": [2914.0, 106, 0.033269431658719255], "DQB1": [3445.0, 140, 0.037292479687406496], "DRA": [14005.0, 9, 0.16052354143939732], "DRB1": [10884.0, 165, 0.1191442455360999], "DRB5": [20.0, 3, 0.0002189346665492464], "DRB7": [1.0, 1, 2.3382222387459516e-05], "E": [5172.0, 299, 0.041835627601916725], "F": [702.0, 13, 0.005912939523053523], "HFE": [4.0, 1, 3.349888594191908e-05], "K": [26.0, 11, 0.00020857883648465718], "L": [114.0, 3, 0.0009120346779780058], "T": [287.0, 1, 0.005482596262419021], "V": [1.0, 1, 1.6960025909665994e-05], "Y": [4.0, 1, 4.256472521988989e-05], "DRB3": [1182.0, 19, 0.012939038793060464], "DRB4": [22.0, 5, 0.00024082813320417106], "W": [1.0, 1, 9.367877559078333e-06], "DMB": [399.0, 3, 0.0044173800817217555], "DPB2": [9.0, 2, 0.00010169458834752046], "DPA2": [1.0, 1, 1.1962255655248729e-05], "H": [5.0, 5, 4.000152096394762e-05], "DOA": [34.0, 11, 0.00039591412409045], "G": [1.0, 1, 8.621763417204838e-06]}