{"A": [55.0, 41, 0.10458758458746892], "B": [148.0, 106, 0.2837615968912605], "T": [2.0, 1, 0.009097814844685356], "DMB": [3.0, 2, 0.007908895859300337], "DMA": [4.0, 1, 0.010625692146846255], "DRA": [50.0, 2, 0.13646722267028033], "DQB1": [8.0, 6, 0.02062171364795347], "DRB3": [15.0, 6, 0.039100159304406155], "F": [3.0, 2, 0.006017142671052705], "E": [25.0, 17, 0.04815379397728987], "DPA1": [21.0, 13, 0.05599861895780468], "DQA1": [3.0, 2, 0.008156048854903472], "DPB1": [15.0, 12, 0.04030788623272758], "DRB1": [37.0, 15, 0.09644705961753519], "C": [70.0, 58, 0.1327487697364852]}