{"A": [35.0, 31, 0.16424962009026736], "DRB5": [2.0, 2, 0.012865780835321102], "T": [1.0, 1, 0.011226024454348806], "DRB4": [2.0, 2, 0.012865780835321102], "DRB1": [10.0, 7, 0.0643289041766055], "DRA": [15.0, 3, 0.10103422008913925], "DQB1": [6.0, 6, 0.038168483144785936], "F": [1.0, 1, 0.004949803289669646], "DPB1": [6.0, 5, 0.03978953841348341], "DPA1": [9.0, 9, 0.05922695660397818], "DQA1": [5.0, 4, 0.03354651838897201], "E": [15.0, 13, 0.0713018250629073], "C": [30.0, 29, 0.14040177723558858], "B": [52.0, 50, 0.2460447673796118]}