{"A": [104.0, 73, 0.14793016148317997], "B": [174.0, 104, 0.2495439818789689], "C": [77.0, 54, 0.10922678188322622], "DQA1": [19.0, 9, 0.03863830915542493], "DRB1": [50.0, 21, 0.0974907071140231], "HFE": [1.0, 1, 0.0014916916217446515], "DMB": [2.0, 2, 0.003943942242340025], "DMA": [9.0, 1, 0.017883219022518895], "DRA": [53.0, 4, 0.10820321540161106], "DRB3": [7.0, 4, 0.013648698995963235], "F": [6.0, 4, 0.009001735607876945], "E": [39.0, 20, 0.056190261984039994], "DPB1": [34.0, 19, 0.06834136209892677], "DQB1": [17.0, 13, 0.032778542191892655], "DPA1": [21.0, 9, 0.0418873865738182], "DOB": [2.0, 2, 0.003800002744444404]}