{"A": [8931.0, 1011, 0.19125212481701462], "B": [8319.0, 1125, 0.1796187890586645], "C": [9546.0, 932, 0.20386498082702448], "DMA": [357.0, 2, 0.010679580401757307], "DMB": [72.0, 3, 0.0021375477962264438], "DPB1": [1585.0, 148, 0.047964151643768396], "DQA1": [760.0, 52, 0.023268098406839934], "DQB1": [537.0, 61, 0.015588265225073583], "DRA": [2050.0, 8, 0.06300876183647883], "DRB1": [2271.0, 65, 0.06666427153250036], "DRB5": [513.0, 8, 0.015058904137460452], "E": [4360.0, 210, 0.09457268663009248], "F": [452.0, 13, 0.010209306093023897], "HFE": [4.0, 1, 8.983008885765379e-05], "K": [30.0, 12, 0.0006453712468021285], "L": [56.0, 1, 0.0012013954767112129], "T": [262.0, 1, 0.013421378537526386], "Y": [34.0, 2, 0.0009701976647920995], "DPA1": [1573.0, 78, 0.04723625736667452], "DRB4": [360.0, 8, 0.010567652026288036], "DPB2": [1.0, 1, 3.030029092589031e-05], "DPA2": [2.0, 1, 6.415559552112109e-05], "V": [2.0, 1, 9.095948069048696e-05], "H": [1.0, 1, 2.145349065555737e-05], "DOB": [31.0, 9, 0.0008867442804297048], "DOA": [19.0, 10, 0.0005932901585807792], "DRB3": [10.0, 3, 0.0002935458896191121]}