{"A": [2433.0, 651, 0.14355429828619798], "B": [5533.0, 926, 0.3291616436360208], "C": [2528.0, 613, 0.14875315387615126], "DMA": [148.0, 2, 0.012198757588198484], "DPB1": [375.0, 116, 0.031267033628313186], "DQB1": [244.0, 75, 0.019515569947406226], "DRA": [868.0, 8, 0.07350801949331602], "DRB1": [925.0, 57, 0.07481447771788396], "DRB5": [3.0, 2, 0.00024264154935529935], "E": [1083.0, 180, 0.06472552864679679], "F": [237.0, 8, 0.014749389626949076], "HFE": [2.0, 1, 0.0001237541426511269], "K": [3.0, 2, 0.0001778187383655945], "L": [16.0, 1, 0.0009457707106257653], "T": [101.0, 1, 0.014255587497743697], "Y": [1.0, 1, 7.862292922070985e-05], "DRB3": [163.0, 13, 0.01318352418163793], "DMB": [36.0, 3, 0.0029447860762665877], "DPB2": [2.0, 2, 0.0001669724063862498], "H": [7.0, 5, 0.00041377468589877235], "DPA1": [536.0, 48, 0.04434855352660996], "DQA1": [123.0, 39, 0.010375769690595555], "DOA": [3.0, 3, 0.0002581087397524499], "DOB": [3.0, 3, 0.00023644267765644133]}