{"A": [1816.0, 577, 0.2058641933978163], "B": [2603.0, 606, 0.2975182420749032], "C": [361.0, 247, 0.040811935710547295], "DMA": [93.0, 2, 0.014727455305837155], "DPA1": [324.0, 60, 0.051505138466687445], "DPB1": [261.0, 84, 0.04181063846571828], "DRA": [583.0, 8, 0.09485810196691553], "DRB1": [573.0, 54, 0.08904087452152988], "F": [91.0, 10, 0.010880728499326623], "K": [2.0, 2, 0.00022775983768434524], "L": [17.0, 2, 0.0019306594635094974], "T": [38.0, 1, 0.010304768081025702], "DRB3": [134.0, 13, 0.020822822313935434], "DMB": [13.0, 2, 0.002043080513672261], "DPB2": [1.0, 1, 0.00016040045269909105], "DQB1": [186.0, 61, 0.02858217251947655], "E": [673.0, 117, 0.07727750518560415], "DOB": [3.0, 1, 0.0004542728149434112], "DQA1": [64.0, 29, 0.010372562607874555], "DOA": [3.0, 3, 0.0004958994075477875], "DRB4": [2.0, 1, 0.000310788392745305]}