{"A": [1826.0, 421, 0.13748113765419673], "B": [3893.0, 342, 0.29552975118042474], "C": [1504.0, 318, 0.11292892694037943], "DMA": [116.0, 2, 0.012200570178520973], "DPB1": [465.0, 93, 0.04947395369621922], "DRB3": [383.0, 14, 0.0395285553123423], "DRB5": [2.0, 2, 0.00020641543244042976], "E": [631.0, 117, 0.04812212104880021], "F": [69.0, 8, 0.0054795266741355], "HFE": [1.0, 1, 7.895833877019305e-05], "K": [8.0, 7, 0.0006050823838418453], "L": [39.0, 1, 0.0029417024151489894], "T": [35.0, 1, 0.006303765412273909], "Y": [12.0, 2, 0.0012039230197921182], "DMB": [21.0, 3, 0.002191991154722518], "DQA1": [200.0, 36, 0.021528484555310447], "DPB2": [2.0, 1, 0.0002130654141556498], "DRA": [775.0, 6, 0.08375002619163907], "DPA1": [502.0, 51, 0.053001314313640926], "DPA2": [1.0, 1, 0.000112782238325228], "DRB1": [903.0, 54, 0.09319656774685404], "DOB": [1.0, 1, 0.0001005710227401364], "DQB1": [326.0, 78, 0.033271874204592385], "DOA": [5.0, 4, 0.0005489334707330154]}