{"A": [12993.0, 1199, 0.21382400583142785], "B": [13812.0, 1438, 0.2291807060523557], "C": [9125.0, 1029, 0.14975968478426366], "DMA": [368.0, 2, 0.008460083232551924], "DPA1": [1943.0, 65, 0.04483946288170787], "DPB1": [1483.0, 137, 0.03448811796704633], "DQB1": [1320.0, 154, 0.029446811444703676], "DRA": [2839.0, 6, 0.06705842060816611], "DRB1": [2950.0, 118, 0.0665485907266669], "DRB5": [5.0, 2, 0.00011279422157062184], "E": [5570.0, 240, 0.09284858212783013], "F": [624.0, 15, 0.010831365802558019], "HFE": [4.0, 1, 6.903394191256398e-05], "J": [4.0, 3, 6.600779651365705e-05], "K": [15.0, 7, 0.00024798217240091884], "L": [108.0, 3, 0.0017805844013925832], "T": [264.0, 1, 0.010392992274601297], "V": [4.0, 2, 0.00013980374696799706], "DRB3": [178.0, 11, 0.004015474287914138], "DRB4": [388.0, 10, 0.008752831593880257], "DMB": [88.0, 3, 0.002007737143957069], "DPB2": [1.0, 1, 2.3285611205687656e-05], "H": [2.0, 2, 3.297378521097376e-05], "DOB": [16.0, 5, 0.00035172037558372013], "G": [5.0, 5, 8.883792672376411e-05], "W": [2.0, 2, 3.86103296914821e-05], "DQA1": [1031.0, 70, 0.024257542915075057], "DOA": [14.0, 8, 0.00033595601612030636]}