{"B": [33.0, 32, 0.23521482133353203], "F": [3.0, 2, 0.02236913286457221], "DRA": [10.0, 2, 0.10146521704583734], "DRB1": [12.0, 8, 0.11628597908624055], "DQA1": [5.0, 5, 0.050534434270876026], "DPA1": [10.0, 7, 0.09913268332064569], "DRB3": [1.0, 1, 0.009690498257186713], "DOA": [1.0, 1, 0.010308219261628893], "E": [8.0, 4, 0.05728479043547274], "A": [13.0, 13, 0.09190087281610677], "C": [25.0, 25, 0.17625088792022153], "DPB1": [2.0, 2, 0.01997963733335021], "DQB1": [1.0, 1, 0.009582826054329082]}