{"A": [889.0, 292, 0.15532891901444879], "B": [1168.0, 359, 0.20576327421360147], "C": [599.0, 249, 0.10437401798921014], "DMA": [58.0, 2, 0.01415657996736499], "DPB1": [226.0, 77, 0.0558007863818144], "DRA": [463.0, 7, 0.11611075655991734], "DRB1": [475.0, 49, 0.11376639396477936], "E": [359.0, 85, 0.0635357360305263], "T": [12.0, 1, 0.005015583436713492], "Y": [1.0, 1, 0.00023282289618239206], "DPA1": [353.0, 46, 0.08648998909114272], "DMB": [16.0, 3, 0.0038756781101876993], "DQA1": [97.0, 36, 0.02423055787248208], "DPB2": [6.0, 2, 0.0014833458746465807], "DQB1": [127.0, 60, 0.030079568444067863], "DOB": [4.0, 3, 0.0009335575009941172], "DRB3": [49.0, 7, 0.011735901693208817], "F": [30.0, 5, 0.005528705085138071], "DOA": [4.0, 4, 0.0010191026106469644], "H": [2.0, 1, 0.00035008406287279396], "G": [1.0, 1, 0.00018863920005338358]}