{"A": [665.0, 276, 0.14886648194526708], "B": [1011.0, 362, 0.2281922527321585], "C": [627.0, 213, 0.13997737399259913], "DQB1": [77.0, 7, 0.023365943715853616], "DRA": [353.0, 7, 0.113420325722333], "DRB1": [281.0, 52, 0.0862286176235135], "DRB5": [91.0, 5, 0.027924570120070207], "E": [255.0, 63, 0.05782138872992722], "L": [3.0, 2, 0.000672803621546169], "T": [22.0, 1, 0.011781148092027034], "DPA1": [149.0, 22, 0.0467737431302578], "DRB4": [1.0, 1, 0.0003068634079128594], "DMB": [17.0, 3, 0.005275958365592685], "DQA1": [89.0, 29, 0.028484356102473744], "DPB2": [3.0, 2, 0.0009502484139363417], "DMA": [42.0, 1, 0.013134222352422922], "DOB": [2.0, 2, 0.0005980476635965947], "DRB3": [2.0, 2, 0.0006137268158257188], "F": [22.0, 6, 0.0051945696198274815], "DPB1": [185.0, 41, 0.05852323565195247], "Y": [3.0, 1, 0.0008948941373963607], "H": [3.0, 3, 0.000672803621546169], "DOA": [1.0, 1, 0.0003264244219630815]}