{"A": [419.0, 159, 0.1847596577512694], "B": [685.0, 180, 0.3045496873365072], "C": [121.0, 77, 0.05321003169069158], "DMA": [23.0, 2, 0.014167745804716662], "DPB1": [79.0, 31, 0.04922679245694569], "DRA": [180.0, 5, 0.11392172074176261], "L": [13.0, 1, 0.005742860466224803], "T": [12.0, 1, 0.012657968971306957], "DMB": [4.0, 2, 0.002445289460366117], "DQB1": [42.0, 17, 0.02510497179309213], "DPB2": [1.0, 1, 0.0006239269499387772], "DRB1": [163.0, 17, 0.09852593263902129], "F": [21.0, 5, 0.009767063954084835], "E": [108.0, 29, 0.04823807179010059], "DPA1": [82.0, 20, 0.05070462283333879], "DQA1": [39.0, 15, 0.02458662137102494], "DOB": [3.0, 3, 0.0017670339896076318]}