{"A": [29809.0, 1996, 0.18828124891267464], "B": [54658.0, 2157, 0.34808704492276155], "C": [20721.0, 1793, 0.13052250350769548], "DMA": [1477.0, 2, 0.01303226651151152], "DMB": [252.0, 4, 0.0022066698573994085], "DPA1": [3595.0, 64, 0.03184191188135727], "DPB1": [3397.0, 148, 0.030320512065248648], "DQA1": [1561.0, 56, 0.014096253021356118], "DQB1": [1184.0, 131, 0.01013744910856081], "DRA": [8289.0, 8, 0.07514545319433079], "DRB1": [9209.0, 99, 0.07973370782404234], "DRB5": [11.0, 3, 9.524061093109628e-05], "DRB6": [1.0, 1, 1.8155099799097603e-05], "E": [7374.0, 332, 0.04717760116317755], "F": [1031.0, 14, 0.006868627103819595], "HFE": [10.0, 1, 6.623923708935324e-05], "K": [26.0, 8, 0.00016497388033361152], "L": [143.0, 3, 0.0009048727022130525], "T": [449.0, 1, 0.006784153392901139], "Y": [94.0, 3, 0.0007911569460995106], "DRB3": [1469.0, 19, 0.01271895067798004], "V": [1.0, 1, 1.341440642795993e-05], "DPB2": [4.0, 1, 3.574870166626435e-05], "H": [23.0, 17, 0.00014553896609021124], "DOB": [68.0, 6, 0.000573718822848369], "DOA": [25.0, 6, 0.0002302539217548235], "J": [1.0, 1, 6.333559929913501e-06]}