{"A": [14.0, 11, 0.061606893958877404], "B": [49.0, 40, 0.2174061464499227], "DMA": [4.0, 2, 0.024589011111176805], "DMB": [2.0, 2, 0.01220136536198546], "DRA": [25.0, 1, 0.15790002233157654], "DRB1": [18.0, 9, 0.10857844232238745], "E": [17.0, 12, 0.07577453101188755], "DPA1": [17.0, 10, 0.10490369299730026], "DQA1": [5.0, 4, 0.031456645073868764], "F": [1.0, 1, 0.00464144157862271], "DRB3": [3.0, 2, 0.018096407053731244], "DQB1": [3.0, 3, 0.01789533586424534], "C": [22.0, 19, 0.09654704362726368], "DPB1": [11.0, 6, 0.068403021257154]}