{"A": [841.0, 319, 0.16471688191104192], "B": [1028.0, 349, 0.2030063822265429], "C": [1124.0, 356, 0.21954494859205523], "DPB1": [177.0, 68, 0.0489887890586272], "DRA": [306.0, 5, 0.08602099231311489], "F": [40.0, 6, 0.008263303776475973], "L": [4.0, 1, 0.0007848630685503182], "T": [15.0, 1, 0.007027858849110693], "Y": [4.0, 1, 0.0010439440814698406], "DRB3": [21.0, 4, 0.005638080020522511], "DRB4": [44.0, 6, 0.011813120042999547], "DMB": [7.0, 2, 0.0019007163705549372], "DPB2": [2.0, 1, 0.0005542589710896577], "DMA": [30.0, 1, 0.008208109953541496], "DQB1": [45.0, 20, 0.011947360043488177], "DRB1": [291.0, 37, 0.07812768028438336], "E": [311.0, 75, 0.0616986360917406], "DPA1": [219.0, 35, 0.060148778149974956], "DQA1": [70.0, 25, 0.01960113757134779], "DOA": [2.0, 2, 0.0005711885279755303], "K": [1.0, 1, 0.00019675432825506605], "H": [1.0, 1, 0.00019621576713757955]}