{"A": [3337.0, 1022, 0.20850272718193147], "B": [3288.0, 1102, 0.207138965247776], "C": [1306.0, 652, 0.08137925904016849], "DMA": [156.0, 2, 0.013616325528002661], "DMB": [33.0, 4, 0.0028585555195005585], "DPA1": [645.0, 57, 0.05651397119012599], "DPB1": [499.0, 128, 0.044059280439560734], "DQB1": [216.0, 96, 0.018294755324803576], "DRA": [1082.0, 6, 0.0970339473599876], "DRB1": [1093.0, 109, 0.09361501671353141], "DRB5": [12.0, 5, 0.001027795242966493], "E": [1135.0, 165, 0.07183307412471884], "F": [193.0, 10, 0.012719336374953493], "HFE": [1.0, 1, 6.552562795416754e-05], "L": [27.0, 2, 0.001690094869193761], "T": [86.0, 1, 0.012854158153048264], "Y": [6.0, 2, 0.0004995533917573792], "DRB3": [50.0, 13, 0.004282480179027054], "DRB4": [245.0, 9, 0.020984152877232567], "DQA1": [555.0, 61, 0.049578072291337816], "H": [6.0, 5, 0.0003755766375986136], "DOB": [4.0, 2, 0.0003338459000876565], "K": [6.0, 3, 0.0003766074975371276], "DPA2": [1.0, 1, 9.359526939701693e-05], "DOA": [3.0, 3, 0.00027332801780085024]}