{"A": [237.0, 132, 0.11499638380239309], "B": [676.0, 248, 0.33071736112393074], "C": [256.0, 129, 0.1238770413174332], "DRB3": [45.0, 10, 0.029930789696825395], "E": [77.0, 25, 0.037844225422941774], "F": [13.0, 6, 0.006653203396585395], "K": [1.0, 1, 0.0004874364653279891], "L": [7.0, 1, 0.003402715689985807], "T": [11.0, 1, 0.012767861922959504], "DMB": [4.0, 2, 0.0026907477606236976], "DMA": [20.0, 1, 0.013556439099325496], "DRA": [127.0, 4, 0.08844646168450129], "DOB": [1.0, 1, 0.0006481363219020585], "DQA1": [27.0, 13, 0.018730126989966518], "DPA1": [73.0, 24, 0.04967058509840986], "DQB1": [39.0, 23, 0.025651795317945914], "DRB1": [131.0, 30, 0.08713185445075838], "DPB1": [77.0, 33, 0.05279683443818389]}