{"A": [1008.0, 363, 0.1981888708689459], "B": [1318.0, 342, 0.2612814646484572], "C": [879.0, 330, 0.17235450024526422], "DMA": [35.0, 2, 0.00961316883190657], "DPB1": [122.0, 60, 0.03389689228274259], "DRA": [222.0, 6, 0.06264877892874103], "DRB5": [36.0, 4, 0.009702665427773436], "E": [453.0, 93, 0.090217334421481], "L": [21.0, 2, 0.004136469362342279], "T": [21.0, 1, 0.009877059741017729], "DRB4": [38.0, 6, 0.01024170239598307], "DMB": [6.0, 2, 0.00163548716490878], "DRB1": [194.0, 21, 0.05228658591633462], "DPA1": [126.0, 37, 0.034740003227027874], "DQB1": [51.0, 29, 0.013592715548352969], "DOB": [1.0, 1, 0.00026263297538681136], "F": [70.0, 8, 0.0145167160458762], "DQA1": [73.0, 21, 0.020520253022214847], "DOA": [1.0, 1, 0.00028669894524297336]}