{"A": [109.0, 84, 0.17612766897239848], "B": [150.0, 91, 0.24438064615929123], "C": [96.0, 76, 0.15469894200470444], "DRA": [35.0, 3, 0.08117270874389006], "DRB5": [20.0, 5, 0.04429971263711496], "T": [1.0, 1, 0.0038653670830423844], "DMB": [1.0, 1, 0.0022401559231268364], "K": [1.0, 1, 0.0016232419863828494], "DRB1": [36.0, 16, 0.07973948274680694], "DMA": [4.0, 1, 0.009029025400083737], "DRB3": [9.0, 3, 0.019934870686701734], "F": [8.0, 3, 0.013634608961509734], "E": [33.0, 17, 0.054011729895611614], "DPB1": [9.0, 9, 0.020550619588221478], "DQB1": [11.0, 9, 0.024094121484297525], "DPA1": [23.0, 16, 0.052115811361019726], "DQA1": [8.0, 6, 0.018481286365796396]}