{"A": [17623.0, 1394, 0.19359192861102198], "B": [24689.0, 1351, 0.2734546830040653], "C": [6339.0, 964, 0.06944535112265636], "DMA": [647.0, 2, 0.009928679228382416], "DOB": [21.0, 7, 0.0003081464880840265], "DPA1": [3362.0, 92, 0.05178997392175666], "DPB1": [2877.0, 220, 0.04466101494091964], "DQA1": [1486.0, 79, 0.023338198786131803], "DQB1": [1866.0, 129, 0.02778666120168491], "DRA": [6091.0, 8, 0.09603662949468286], "DRB1": [5448.0, 113, 0.08203786095602046], "DRB3": [1040.0, 9, 0.015660678302911398], "DRB5": [4.0, 3, 6.023337808812076e-05], "E": [7561.0, 307, 0.08413170709205468], "F": [1084.0, 13, 0.012559961205539347], "H": [6.0, 4, 6.603139030371997e-05], "HFE": [1.0, 1, 1.1520280766137708e-05], "K": [11.0, 6, 0.00012138982029607319], "L": [223.0, 2, 0.0024541666729549255], "T": [341.0, 1, 0.008960896037237142], "DRB4": [8.0, 4, 0.00012046675617624152], "DMB": [190.0, 3, 0.00289359779394921], "DPB2": [2.0, 2, 3.1086943201407684e-05], "DPA2": [5.0, 2, 8.227649360263425e-05], "V": [2.0, 1, 4.666047954408581e-05], "W": [1.0, 1, 1.2886467908275836e-05], "DOA": [24.0, 10, 0.0003844377358452966], "G": [1.0, 1, 1.186011205717422e-05], "J": [1.0, 1, 1.1015282157211124e-05]}