{"A": [1371.0, 742, 0.16413059848634676], "B": [2386.0, 1031, 0.2880029909674886], "C": [1100.0, 605, 0.13132874818516527], "DMA": [68.0, 2, 0.011372103538199113], "DPA1": [269.0, 47, 0.045159066552016965], "DPB1": [248.0, 117, 0.04195513283545455], "DQB1": [109.0, 70, 0.017688700045963526], "DRA": [455.0, 9, 0.07818157224848422], "DRB1": [478.0, 119, 0.07844220966677155], "DRB3": [45.0, 11, 0.007384726851474309], "DRB5": [52.0, 6, 0.008533462139481425], "E": [542.0, 122, 0.06572406897812136], "L": [19.0, 2, 0.002278754216394718], "T": [51.0, 1, 0.014605348661804744], "V": [1.0, 1, 0.00025425171751691046], "Y": [5.0, 3, 0.0007976221963364241], "DRB4": [53.0, 6, 0.008697567180625298], "DMB": [22.0, 2, 0.003651337165451186], "DQA1": [113.0, 47, 0.01934067654824925], "F": [85.0, 10, 0.010733037201038069], "DOB": [5.0, 2, 0.0007995628829455153], "DOA": [4.0, 4, 0.0006982636810424579], "K": [1.0, 1, 0.00012026362118594941], "H": [1.0, 1, 0.00011993443244182728]}