{"A": [4854.0, 735, 0.14637138924078733], "B": [7034.0, 926, 0.2138618144602614], "C": [7804.0, 872, 0.23468682236198815], "DMA": [226.0, 2, 0.009520168958347853], "DMB": [48.0, 3, 0.0020066647361923875], "DOA": [10.0, 6, 0.00043970741231307296], "DPB1": [924.0, 124, 0.0393740161750182], "DQB1": [437.0, 101, 0.01786303219792001], "DRA": [1613.0, 8, 0.06981225963580692], "DRB1": [1760.0, 96, 0.07275099118480266], "DRB3": [298.0, 8, 0.01231806555288136], "DRB4": [254.0, 7, 0.010499290773261293], "DRB5": [16.0, 3, 0.0006613726471345696], "E": [2502.0, 156, 0.07642171614781396], "H": [7.0, 5, 0.00021146877466261016], "HFE": [1.0, 1, 3.162365630102616e-05], "K": [20.0, 11, 0.0006058548608815076], "L": [61.0, 3, 0.0018427993220598885], "T": [116.0, 1, 0.008367660795364334], "Y": [3.0, 2, 0.00012054600053582909], "DPB2": [2.0, 1, 8.533496945148039e-05], "DPA1": [1053.0, 50, 0.04452719854275177], "V": [3.0, 1, 0.00019212747474182433], "F": [291.0, 10, 0.009255524237106386], "DOB": [8.0, 4, 0.0003222381328192155], "DQA1": [646.0, 65, 0.027850311748795126]}