{"A": [492.0, 271, 0.1714845937973291], "B": [720.0, 259, 0.25302705635888917], "C": [80.0, 68, 0.027807696475409257], "DMA": [29.0, 2, 0.014120100839111673], "DMB": [7.0, 3, 0.003382479746464317], "DPB1": [99.0, 43, 0.04876143996337087], "DRB1": [268.0, 36, 0.1280455896318049], "DRB3": [65.0, 9, 0.031055833306221338], "F": [17.0, 6, 0.006249719679757865], "L": [3.0, 1, 0.0010475458651719523], "T": [10.0, 1, 0.008337765201368625], "DQB1": [82.0, 39, 0.03874281563569288], "DRA": [247.0, 6, 0.12356568028428302], "DPA1": [135.0, 36, 0.06598334874876205], "K": [1.0, 1, 0.0003501403684746751], "E": [142.0, 30, 0.05013273618955758], "DQA1": [56.0, 20, 0.027905457908330617]}