{"A": [2898.0, 648, 0.20748750160064536], "B": [5219.0, 732, 0.37675178391526704], "C": [1921.0, 547, 0.1371626749542495], "DMA": [80.0, 2, 0.008001351349004704], "DPB1": [213.0, 48, 0.021550357788733425], "DQA1": [106.0, 17, 0.01085027000315228], "DRA": [521.0, 8, 0.0535392383255804], "DRB1": [627.0, 54, 0.06153623555741568], "E": [747.0, 141, 0.054173540518419286], "HFE": [3.0, 1, 0.00022525294270478858], "L": [14.0, 1, 0.0010041841953062017], "T": [58.0, 1, 0.009933703847996364], "DPA1": [308.0, 31, 0.030923230290195575], "DRB3": [78.0, 11, 0.007655225476042141], "DMB": [18.0, 3, 0.0017866653864538915], "K": [1.0, 1, 7.192431564864704e-05], "F": [89.0, 9, 0.006721019839916848], "DOB": [3.0, 2, 0.0002869097700874862], "J": [1.0, 1, 7.179294703559015e-05], "Y": [6.0, 2, 0.0005724267743007613], "DQB1": [97.0, 35, 0.009414182554796554], "H": [1.0, 1, 7.172744252187155e-05], "DOA": [2.0, 2, 0.00020880020452581995]}