{"A": [49.0, 38, 0.18689237680480397], "B": [73.0, 65, 0.2807325869157673], "C": [43.0, 40, 0.16356070878907886], "DPA1": [9.0, 8, 0.04813695278716274], "DRA": [14.0, 4, 0.07664157973171794], "DRB1": [13.0, 11, 0.06796865618262306], "DRB3": [1.0, 1, 0.00522835816789408], "T": [1.0, 1, 0.009123997587109278], "DQA1": [4.0, 3, 0.021812056731683117], "E": [21.0, 8, 0.08113119256655565], "F": [4.0, 2, 0.016091891998014057], "DPB1": [6.0, 5, 0.03233911113886609], "DQB1": [2.0, 2, 0.010340530598723847]}