{"A": [2165.0, 562, 0.20935950890875799], "B": [4128.0, 496, 0.4024842953776003], "C": [1453.0, 363, 0.14012493549050686], "DMB": [9.0, 3, 0.0012065753767678787], "DRA": [211.0, 5, 0.029285871367092778], "DRB5": [35.0, 2, 0.004639515805799085], "DRB6": [1.0, 1, 0.0002779545370564747], "E": [1017.0, 131, 0.09961593165979528], "F": [104.0, 11, 0.010607663638981388], "L": [26.0, 1, 0.0025188361879971773], "T": [44.0, 1, 0.010178343919052781], "DRB4": [1.0, 1, 0.0001325575944514024], "DPB2": [1.0, 1, 0.00013682813550975944], "DRB1": [184.0, 25, 0.024390597379058045], "DMA": [37.0, 1, 0.0049982308228450545], "DOB": [1.0, 1, 0.00012917108656395783], "DPA1": [185.0, 24, 0.025086905662555642], "DPB1": [130.0, 44, 0.017764764878023854], "DQB1": [85.0, 40, 0.011142202244720657], "DOA": [3.0, 3, 0.00042302244285088975], "DQA1": [39.0, 21, 0.005391883714931458], "G": [1.0, 1, 0.00010440376908119305]}