{"A": [3.0, 3, 0.1838895721356972], "DRA": [2.0, 1, 0.17595708078866712], "DPB1": [1.0, 1, 0.08661979845774154], "B": [5.0, 5, 0.30901553444290714], "C": [4.0, 4, 0.244518014174987]}