{"A": [2060.0, 779, 0.14552175109806637], "B": [4153.0, 1082, 0.29579925997694334], "C": [1621.0, 695, 0.11419806039782997], "DMA": [121.0, 2, 0.011940591916417711], "DPA1": [529.0, 61, 0.052403095482462934], "DPB1": [398.0, 127, 0.0397305964669062], "DRA": [892.0, 9, 0.09044122810677314], "DRB1": [956.0, 110, 0.09257386753610602], "DRB5": [40.0, 5, 0.00387338357891657], "E": [900.0, 158, 0.06439857523157184], "K": [2.0, 2, 0.00014192956297859894], "L": [37.0, 1, 0.002618509788511642], "T": [79.0, 1, 0.013349882325177649], "Y": [2.0, 1, 0.00018826336448496192], "DRB4": [94.0, 8, 0.00910245141045394], "DMB": [43.0, 2, 0.004211204249009577], "DQA1": [293.0, 63, 0.02959166706662326], "DQB1": [158.0, 77, 0.015129866635201335], "F": [100.0, 8, 0.007450961207281875], "DOB": [18.0, 6, 0.0016984928357913355], "DRB3": [50.0, 10, 0.004841729473645712], "DOA": [6.0, 5, 0.0006180438738470464], "H": [1.0, 1, 7.077053482463896e-05], "DPA2": [1.0, 1, 0.00010581788017435786]}