{"A": [102.0, 83, 0.1459335086706276], "B": [103.0, 64, 0.14858211553679357], "C": [73.0, 55, 0.10415802438055852], "DPB1": [31.0, 21, 0.06267550872045351], "DRA": [43.0, 3, 0.08830071355087801], "DRB3": [5.0, 3, 0.009806063041317783], "T": [1.0, 1, 0.0034225082771658145], "DRB4": [16.0, 3, 0.031379401732216906], "DPB2": [1.0, 1, 0.002024396004148336], "DMA": [10.0, 1, 0.019986403297953037], "DQB1": [12.0, 9, 0.023273056284727537], "F": [6.0, 3, 0.009054359073308984], "L": [1.0, 1, 0.0014333314773896978], "DRB1": [68.0, 17, 0.13336245736192184], "DPA1": [37.0, 13, 0.07423302435645852], "DQA1": [19.0, 10, 0.03886418578797274], "DMB": [1.0, 1, 0.0019834991151756426], "E": [68.0, 17, 0.09854550585507324], "K": [1.0, 1, 0.001437265598553622], "G": [1.0, 1, 0.0015446718773049252]}