{"A": [1582.0, 413, 0.17251976806812944], "B": [2374.0, 539, 0.2610282798530796], "C": [1577.0, 488, 0.1715059142414477], "DMA": [112.0, 3, 0.01706201043381352], "DPA1": [227.0, 37, 0.03471353340656217], "DRA": [535.0, 5, 0.08373886563402104], "DRB1": [409.0, 53, 0.061140011840107984], "DRB5": [149.0, 5, 0.02227350064590731], "E": [586.0, 114, 0.0647296204350024], "L": [8.0, 1, 0.0008740054875506665], "T": [38.0, 1, 0.009913012131130217], "DMB": [15.0, 3, 0.0022677793900462368], "DQB1": [185.0, 43, 0.027347739607372395], "DPB2": [1.0, 1, 0.0001543025151990223], "DPB1": [278.0, 71, 0.04284089189041787], "F": [68.0, 9, 0.007821551510107596], "DRB3": [48.0, 7, 0.007175355912775509], "DQA1": [82.0, 36, 0.012784606311385659], "H": [1.0, 1, 0.00010925068594383331]}