{"A": [542.0, 233, 0.10957213869639391], "B": [1525.0, 389, 0.31084590900649706], "C": [605.0, 221, 0.121975118249809], "DMA": [41.0, 2, 0.011578825337864336], "DPB1": [168.0, 57, 0.047994498170396145], "DRB1": [337.0, 45, 0.09339004333437413], "DRB3": [110.0, 11, 0.03048339693406871], "L": [10.0, 1, 0.0020253152740700923], "T": [13.0, 1, 0.0062868610076145266], "DPA1": [183.0, 44, 0.051879110330739504], "DMB": [20.0, 3, 0.005605418031264701], "DQB1": [93.0, 38, 0.025485967315483506], "DRA": [393.0, 6, 0.11403398658426965], "F": [35.0, 7, 0.007463121413384126], "K": [1.0, 1, 0.0002030874236395994], "H": [2.0, 2, 0.0004050630548140185], "E": [222.0, 57, 0.04545973339156295], "DQA1": [51.0, 14, 0.014740497729091393], "DOA": [1.0, 1, 0.00029478692435336274], "DRB4": [1.0, 1, 0.00027712179030971553]}