{"A": [8289.0, 1732, 0.1660104671525587], "B": [13241.0, 2183, 0.26737979006248214], "C": [6153.0, 1559, 0.12289529835727528], "DMA": [407.0, 3, 0.0113869531900456], "DMB": [105.0, 4, 0.0029154110105181525], "DPA1": [1932.0, 95, 0.05426015526702291], "DPB1": [1632.0, 269, 0.04618860095825427], "DQA1": [954.0, 114, 0.027316359950337047], "DQB1": [638.0, 214, 0.01732093500259589], "DRA": [2792.0, 9, 0.08025824354512807], "DRB1": [3406.0, 203, 0.0935077914778582], "DRB3": [183.0, 16, 0.005024053388270127], "DRB5": [154.0, 9, 0.004227891922369396], "E": [3176.0, 249, 0.06442981490572199], "F": [487.0, 13, 0.010287596069721364], "H": [5.0, 4, 0.00010032175531501463], "HFE": [4.0, 1, 8.40134814328604e-05], "K": [11.0, 7, 0.00022131364722375416], "L": [104.0, 2, 0.0020866925105523042], "T": [267.0, 1, 0.012791876209735672], "V": [2.0, 1, 8.506974377195826e-05], "Y": [12.0, 4, 0.00032025041890851276], "DRB4": [361.0, 8, 0.009910837558281507], "DPB2": [2.0, 2, 5.66766205284825e-05], "DPA2": [1.0, 1, 3.0000721371147625e-05], "DOB": [14.0, 6, 0.00037453455317605465], "DOA": [16.0, 8, 0.00046726223139551036], "J": [2.0, 2, 4.016534934255929e-05], "G": [1.0, 1, 2.1622938805360088e-05]}