{"A": [38.0, 32, 0.1867100150964732], "C": [27.0, 23, 0.13230090127515765], "T": [3.0, 1, 0.035261024522863366], "DRB1": [12.0, 5, 0.08082302250184412], "DMA": [2.0, 1, 0.013727574432565127], "DRA": [13.0, 1, 0.09167866375944474], "DPA1": [9.0, 4, 0.06201076726434591], "F": [3.0, 1, 0.015547368161377792], "DPB1": [4.0, 4, 0.02777316217244836], "K": [1.0, 1, 0.00493589821774757], "DQA1": [5.0, 5, 0.03512328614582093], "Y": [1.0, 1, 0.006547253339803512], "E": [18.0, 9, 0.08958382060513441], "B": [44.0, 38, 0.21797724250497352]}