{"A": [538.0, 254, 0.1847008647588932], "B": [740.0, 302, 0.2561490993645408], "C": [449.0, 203, 0.1537262436782105], "DPB1": [99.0, 39, 0.048028958488278733], "DRA": [186.0, 6, 0.09165169523526796], "DRB5": [30.0, 3, 0.014118148051826344], "F": [42.0, 6, 0.015208541042572587], "HFE": [1.0, 1, 0.0003600330018947119], "L": [2.0, 1, 0.0006878732718681814], "T": [11.0, 1, 0.009033769243619602], "DMB": [3.0, 2, 0.0014278581552415281], "DRB1": [105.0, 26, 0.0494135181813922], "DMA": [18.0, 1, 0.008632547014895344], "DPA1": [95.0, 32, 0.04573522673493936], "DPB2": [1.0, 1, 0.0004857661765254683], "E": [242.0, 50, 0.08415406072146747], "DOA": [1.0, 1, 0.000500603656020934], "DQB1": [46.0, 30, 0.02140729560154706], "DQA1": [29.0, 20, 0.014233960985063982], "H": [1.0, 1, 0.0003439366359340907]}