{"A": [72.0, 51, 0.16670514681689155], "B": [103.0, 83, 0.24045189105843195], "C": [54.0, 46, 0.12468818201971862], "DRA": [36.0, 3, 0.11963545830388687], "DRB5": [5.0, 2, 0.0158692477463021], "T": [3.0, 1, 0.016616035875539847], "DPA1": [11.0, 4, 0.035714927686505187], "DMA": [1.0, 1, 0.003234419197147069], "DRB1": [24.0, 14, 0.07617238918225007], "E": [30.0, 15, 0.0703575688825903], "DPB1": [15.0, 11, 0.04907825268257908], "F": [2.0, 1, 0.0048842526204756894], "DQB1": [9.0, 3, 0.028247260988417736], "DMB": [1.0, 1, 0.0032099160214111066], "H": [1.0, 1, 0.0023195743512386827], "DQA1": [12.0, 7, 0.03972271076496244], "DOB": [1.0, 1, 0.003092765801651577]}