{"A": [12252.0, 1373, 0.187213778129416], "B": [27230.0, 1537, 0.41952024278890393], "C": [5474.0, 692, 0.083416244572834], "DMA": [597.0, 2, 0.012743389130060602], "DOB": [7.0, 5, 0.00014287603262377058], "DPB1": [1069.0, 136, 0.023082872152067373], "DRA": [2873.0, 8, 0.06300969111120305], "DRB1": [3405.0, 85, 0.07132105519368606], "DRB3": [939.0, 20, 0.0196682733705936], "E": [3790.0, 218, 0.05866013897146052], "F": [471.0, 13, 0.007591075963041618], "HFE": [5.0, 1, 8.012286725115257e-05], "K": [9.0, 7, 0.00013815146900413732], "L": [65.0, 3, 0.000995029512915545], "T": [279.0, 1, 0.010198227068120229], "DMB": [107.0, 3, 0.0022666880543634775], "DPB2": [1.0, 1, 2.1620784023700186e-05], "H": [4.0, 3, 6.12325854101874e-05], "DQB1": [225.0, 70, 0.004660480111775374], "DPA1": [1520.0, 57, 0.03256979204551066], "DOA": [5.0, 4, 0.00011140589908626392], "DQA1": [115.0, 20, 0.0025122900602539125], "J": [1.0, 1, 1.5322126394877942e-05]}