{"A": [787.0, 289, 0.21778414573286486], "B": [824.0, 317, 0.22990753255099328], "C": [764.0, 312, 0.21084335010129387], "DMA": [24.0, 2, 0.009277747830283543], "DPB1": [66.0, 33, 0.02580933324988144], "DRA": [174.0, 5, 0.06911012550440623], "DRB1": [144.0, 34, 0.0546240434052649], "E": [284.0, 66, 0.07960547285006203], "F": [71.0, 9, 0.020723422807268785], "L": [2.0, 1, 0.0005544639442368358], "T": [17.0, 1, 0.011253564497843926], "DMB": [7.0, 2, 0.002685509709712755], "V": [1.0, 1, 0.0005877103316088704], "DPB2": [1.0, 1, 0.0003915544348476624], "H": [4.0, 3, 0.0011089278884736716], "DOB": [3.0, 1, 0.0011089278884736716], "DPA1": [96.0, 26, 0.037253179027345415], "DQA1": [22.0, 11, 0.008703928791301161], "DRB3": [25.0, 5, 0.009483340868969601], "DQB1": [23.0, 13, 0.008627732781680345], "K": [2.0, 1, 0.0005559858031871657]}