{"B": [12.0, 12, 0.10937609218266571], "T": [2.0, 1, 0.043250023379420105], "DRB4": [2.0, 2, 0.024783721262364326], "DRB1": [9.0, 7, 0.11152674568063946], "DRA": [6.0, 1, 0.07785004208295618], "F": [2.0, 2, 0.0190698950347299], "E": [8.0, 5, 0.07325372963525396], "C": [26.0, 22, 0.23439862806993617], "A": [17.0, 15, 0.1536793863522837], "DPB1": [2.0, 2, 0.025549241610236584], "DPA1": [8.0, 6, 0.10141384792415747], "DQA1": [2.0, 2, 0.025848646785356543]}