{"A": [25276.0, 1726, 0.21011451110884885], "B": [14860.0, 1521, 0.12454920797681342], "C": [13224.0, 1258, 0.1096290276259793], "DMA": [901.0, 2, 0.010462905080630549], "DMB": [249.0, 4, 0.0028696187806905448], "DOA": [30.0, 9, 0.0003636439101916689], "DOB": [17.0, 7, 0.0001887674653026583], "DPA1": [6047.0, 102, 0.07049011953476175], "DPB1": [5762.0, 207, 0.0676865339564509], "DQA1": [3073.0, 82, 0.03652173329957925], "DQB1": [2496.0, 210, 0.028126105575239483], "DRA": [8912.0, 8, 0.10633195116793026], "DRB1": [7995.0, 104, 0.09110369520069671], "DRB3": [1382.0, 13, 0.015748005849576342], "DRB5": [12.0, 3, 0.00013674100592975117], "E": [10754.0, 295, 0.09055048700742648], "F": [1348.0, 12, 0.011819230521184514], "HFE": [7.0, 1, 6.1024102216500696e-05], "K": [63.0, 15, 0.000526102575650582], "L": [230.0, 3, 0.001915434574394621], "T": [486.0, 1, 0.009664371683799767], "U": [1.0, 1, 4.65686844174025e-05], "DRB4": [933.0, 10, 0.010631613211038152], "DPB2": [15.0, 3, 0.00017643290230304556], "G": [6.0, 5, 5.384933419357457e-05], "DPA2": [2.0, 2, 2.4904398760739127e-05], "V": [6.0, 1, 0.0001059279939552521], "Y": [1.0, 1, 1.1077017167246224e-05], "H": [6.0, 5, 4.996785846246838e-05], "J": [2.0, 2, 1.6671163736640894e-05], "DQA2": [2.0, 2, 2.3769432671382523e-05]}