{"A": [2064.0, 432, 0.13558757818432554], "B": [4456.0, 743, 0.2951412098128534], "C": [2578.0, 406, 0.16889163685849015], "DMA": [121.0, 2, 0.011103895732497189], "DPA1": [588.0, 53, 0.05416616829630433], "DPB1": [420.0, 77, 0.03898888561868569], "DRA": [810.0, 5, 0.07637234653542549], "DRB1": [844.0, 65, 0.07600155556181751], "DRB5": [10.0, 3, 0.0009004923644765108], "E": [1273.0, 136, 0.08470551206299422], "HFE": [1.0, 1, 6.889153619347519e-05], "K": [2.0, 2, 0.00013198433375035412], "L": [30.0, 1, 0.0019743459414571676], "T": [67.0, 1, 0.010528697979163596], "DRB3": [89.0, 8, 0.008014382043840947], "DRB4": [5.0, 2, 0.0004502461822382554], "DMB": [31.0, 3, 0.0028232482199894247], "DPB2": [1.0, 1, 9.295030720949551e-05], "DQB1": [155.0, 35, 0.01380254685328163], "DOB": [3.0, 3, 0.00026324612552762233], "F": [122.0, 6, 0.008453209879094486], "DQA1": [115.0, 45, 0.010800632051270026], "H": [1.0, 1, 6.581153138190558e-05], "DOA": [7.0, 5, 0.0006705259877317127]}