{"B": [87.0, 55, 0.4284567506702871], "C": [11.0, 11, 0.05358225454685259], "DPB1": [6.0, 6, 0.04141387311764458], "DRB5": [3.0, 1, 0.020086504002752706], "E": [14.0, 7, 0.06926508483606053], "T": [2.0, 1, 0.023368612499934525], "DRB1": [6.0, 3, 0.04017300800550541], "DMA": [2.0, 1, 0.013646556154541916], "DRA": [8.0, 2, 0.056084669999842844], "F": [3.0, 3, 0.015455609708169948], "DQA1": [5.0, 5, 0.03491599328603498], "DPA1": [7.0, 7, 0.04794594633607255], "G": [1.0, 1, 0.005273447953525047], "DQB1": [5.0, 5, 0.033105534374907236], "A": [24.0, 23, 0.11722615450786826]}