{"A": [68.0, 56, 0.23141445134074198], "B": [100.0, 44, 0.34312789333459554], "DRA": [19.0, 3, 0.09280600315014531], "DMA": [2.0, 1, 0.009508047731332686], "DRB1": [7.0, 3, 0.032654980410607014], "F": [5.0, 2, 0.017947467619662563], "E": [31.0, 15, 0.10686028183655545], "DPB1": [5.0, 5, 0.024045448895841346], "DQB1": [2.0, 2, 0.009226327798552458], "DQA1": [4.0, 4, 0.01946178520007159], "DPA1": [13.0, 7, 0.06203910071440446], "C": [15.0, 12, 0.05090821196748972]}