{"A": [10518.0, 848, 0.1770561146517892], "B": [18575.0, 924, 0.3152688380078481], "C": [2645.0, 538, 0.04440362853013818], "DMA": [770.0, 2, 0.01810707425263243], "DPB1": [1882.0, 133, 0.04476913503878559], "DQA1": [733.0, 56, 0.01764098610958324], "DQB1": [1242.0, 78, 0.02834109855749689], "DRA": [4454.0, 5, 0.10761402640672732], "DRB1": [4902.0, 50, 0.1131151808572299], "DRB5": [2.0, 1, 4.6150624584753116e-05], "E": [2970.0, 196, 0.050641582734497294], "K": [9.0, 5, 0.00015219572398512588], "L": [181.0, 3, 0.003052446944763728], "T": [205.0, 1, 0.008255079858321772], "DMB": [192.0, 3, 0.004480806096046939], "DPB2": [13.0, 2, 0.000309643333634687], "DPA2": [2.0, 1, 5.043199221335232e-05], "F": [444.0, 13, 0.007883377872151747], "DOB": [56.0, 6, 0.0012592046328307092], "DOA": [32.0, 10, 0.0007854799530918937], "H": [5.0, 5, 8.432173880562784e-05], "DPA1": [2396.0, 62, 0.05655944706293732], "DRB4": [2.0, 2, 4.6150624584753116e-05], "DRB3": [1.0, 1, 2.3075312292376558e-05], "G": [3.0, 2, 5.452308302711983e-05]}