{"A": [234.0, 147, 0.17644519952837492], "B": [276.0, 147, 0.20983480816979025], "C": [135.0, 99, 0.10151793601035197], "DQB1": [26.0, 18, 0.026575696719088573], "DRA": [89.0, 4, 0.0963218691040269], "F": [20.0, 5, 0.01590653538939019], "L": [2.0, 1, 0.001510830596747736], "T": [3.0, 1, 0.005411340960900388], "Y": [1.0, 1, 0.0010047756881283486], "DRB4": [8.0, 2, 0.008269015400926435], "DMB": [3.0, 2, 0.003136118056885452], "DMA": [8.0, 1, 0.008426821038348697], "DPA1": [40.0, 19, 0.04229553854496855], "DPB1": [56.0, 27, 0.059671003028306975], "DRB3": [22.0, 4, 0.022739792352547698], "DRB1": [93.0, 21, 0.09612730403576981], "E": [131.0, 29, 0.10005489564513512], "DRB5": [1.0, 1, 0.0010336269251158044], "DQA1": [22.0, 12, 0.02371689280519623]}