{"B": [98.0, 52, 0.20271192231917617], "C": [86.0, 65, 0.17595119810265367], "L": [2.0, 1, 0.004110555701727671], "T": [1.0, 1, 0.004907591556746763], "DRB4": [2.0, 2, 0.005624430772900784], "DMB": [2.0, 2, 0.005688344758956475], "DMA": [5.0, 1, 0.014329418095081193], "DRA": [22.0, 3, 0.06478020854905725], "E": [36.0, 19, 0.07480908015099953], "DRB1": [35.0, 14, 0.09842753852576372], "F": [1.0, 1, 0.0021638660178162957], "DPB1": [8.0, 6, 0.023192633457366937], "DPA1": [22.0, 11, 0.06329100835252721], "A": [105.0, 88, 0.21541108841294188], "DQA1": [6.0, 5, 0.017598316598021593], "DOB": [2.0, 2, 0.005480740935636895], "DQB1": [7.0, 6, 0.019466779841762153], "H": [1.0, 1, 0.0020552778508638354]}