{"A": [1812.0, 518, 0.14247861415092752], "B": [3144.0, 663, 0.24925764450332477], "C": [566.0, 325, 0.04438364249395424], "DMA": [102.0, 2, 0.01120395755076931], "DPB1": [253.0, 78, 0.028112102740945364], "DRA": [1041.0, 5, 0.11748518993894363], "DRB1": [1059.0, 57, 0.11414510002648717], "E": [912.0, 131, 0.07263724856226998], "F": [156.0, 11, 0.012938016415636642], "K": [1.0, 1, 7.89902825009838e-05], "L": [22.0, 2, 0.0017330295009294308], "T": [65.0, 1, 0.012226284575778634], "DRB4": [255.0, 9, 0.02748536402904082], "DMB": [19.0, 2, 0.0020712010059317303], "DPA1": [650.0, 48, 0.07167132337525407], "DPA2": [1.0, 1, 0.00011778496422043013], "DOB": [6.0, 4, 0.0006301925457925204], "DRB3": [4.0, 4, 0.00043114296516142466], "DQA1": [557.0, 42, 0.06261635804281436], "DQB1": [264.0, 61, 0.028139264192868985], "H": [2.0, 2, 0.0001575481364481301]}