{"A": [14658.0, 1104, 0.14734510710170728], "B": [31551.0, 890, 0.31977800622695973], "C": [11314.0, 819, 0.11342066700796882], "DMA": [822.0, 3, 0.011542838332756008], "DMB": [200.0, 4, 0.0027872001430196804], "DOB": [34.0, 5, 0.00045653117671066876], "DPA1": [3498.0, 98, 0.04930845384051093], "DPB1": [3193.0, 194, 0.045356678281056474], "DQA1": [1606.0, 71, 0.023080630184337033], "DQB1": [2087.0, 164, 0.028438112748134577], "DRA": [4885.0, 8, 0.07048009396948825], "DRB1": [6250.0, 94, 0.08612135273375417], "DRB3": [2473.0, 18, 0.03407649684969185], "DRB5": [23.0, 5, 0.00031692657806021534], "E": [4732.0, 270, 0.04818133123985769], "F": [647.0, 12, 0.0068598859081974856], "HFE": [6.0, 1, 6.325107487884203e-05], "K": [33.0, 13, 0.0003332399951416393], "L": [151.0, 2, 0.0015206516400730367], "T": [369.0, 1, 0.008873133631777948], "U": [1.0, 1, 5.6312819216111904e-05], "Y": [73.0, 3, 0.0009778201666797684], "W": [1.0, 1, 1.1792000605083263e-05], "DPB2": [10.0, 2, 0.00014223340936028264], "V": [2.0, 1, 4.26975341058334e-05], "J": [1.0, 1, 1.0079737503523227e-05], "H": [7.0, 5, 7.049378463914739e-05], "DOA": [23.0, 8, 0.0003371290690919422], "G": [1.0, 1, 1.0852814716182825e-05]}