{"A": [1472.0, 600, 0.12666996720354726], "B": [3356.0, 789, 0.29118048201178337], "C": [1792.0, 497, 0.15378673426157471], "DMA": [89.0, 2, 0.010698814283128183], "DOB": [8.0, 5, 0.000919573309990842], "DPA2": [2.0, 2, 0.0002578067055977054], "DPB1": [385.0, 112, 0.04681746547824996], "DQB1": [120.0, 57, 0.01399794927430504], "DRA": [675.0, 8, 0.08337013906019913], "DRB1": [791.0, 75, 0.0933065551346232], "DRB3": [145.0, 14, 0.01710423577056936], "DRB5": [3.0, 1, 0.0003538807400807454], "E": [625.0, 134, 0.05447772001934907], "F": [111.0, 10, 0.010074892885468829], "K": [2.0, 2, 0.0001728932435527155], "L": [8.0, 1, 0.0006896799824931316], "T": [41.0, 1, 0.008439940003625098], "Y": [5.0, 2, 0.0005733383349609164], "DRB4": [19.0, 5, 0.002241244687178054], "DMB": [17.0, 3, 0.0020281119687203327], "DPA1": [459.0, 52, 0.05538843721470701], "DOA": [6.0, 4, 0.0007528777498132193], "DQA1": [217.0, 44, 0.02669726067648217]}