{"A": [66.0, 63, 0.1434590500750449], "B": [117.0, 94, 0.2564155372866505], "C": [108.0, 88, 0.23411152387772996], "T": [1.0, 1, 0.005199644714544111], "DRB3": [6.0, 4, 0.017877430142140428], "DMA": [6.0, 1, 0.018218602473097305], "DRA": [21.0, 3, 0.0655155234032558], "F": [5.0, 5, 0.011463193679038171], "E": [22.0, 10, 0.04843728074489523], "DRB1": [24.0, 11, 0.07150972056856171], "DMB": [1.0, 1, 0.0030134304595653373], "DQA1": [7.0, 7, 0.021753201129987278], "DQB1": [9.0, 8, 0.026518188044174967], "DPA1": [12.0, 9, 0.03657681109541375], "DPB1": [13.0, 9, 0.03993086230590053]}