{"A": [17389.0, 1991, 0.1951592720315478], "B": [22541.0, 1917, 0.2550716675191263], "C": [7769.0, 1342, 0.08695503306769505], "DMA": [731.0, 3, 0.011460716060945892], "DPA1": [3839.0, 99, 0.06041896371940226], "DPB1": [3164.0, 292, 0.05018019886868992], "DQA1": [957.0, 93, 0.015355630027494481], "DQB1": [1358.0, 140, 0.020660064506360157], "DRA": [5793.0, 8, 0.09331662333605645], "DRB1": [5501.0, 130, 0.08463033324331759], "DRB3": [572.0, 12, 0.008799954665547657], "DRB5": [834.0, 6, 0.012830703131235572], "DRB7": [3.0, 1, 9.85841075119395e-05], "E": [6757.0, 363, 0.0768142083092914], "F": [953.0, 12, 0.011281298566147735], "HFE": [7.0, 1, 8.238881955391314e-05], "K": [20.0, 12, 0.00022548972440974266], "L": [124.0, 3, 0.0013942095496670274], "T": [392.0, 1, 0.010524229342233193], "Y": [30.0, 3, 0.0004486534019050644], "DRB4": [6.0, 3, 9.230721677147892e-05], "DMB": [204.0, 3, 0.003174109522164718], "J": [1.0, 1, 1.1253893551591265e-05], "DPB2": [5.0, 1, 7.94008597873224e-05], "H": [11.0, 8, 0.00012367987940594598], "DOB": [26.0, 6, 0.00038977901388540556], "DOA": [25.0, 10, 0.0004091305922640251], "G": [1.0, 1, 1.2117024030474374e-05]}