{"A": [7483.0, 999, 0.23599013288594417], "B": [11134.0, 630, 0.3540330258507233], "C": [2215.0, 361, 0.06966375039710576], "DMA": [220.0, 3, 0.009692159990113072], "DPA1": [716.0, 45, 0.03166443185066687], "DPB1": [652.0, 99, 0.029056748651300028], "DQA1": [288.0, 47, 0.012985291623117401], "DRA": [1424.0, 5, 0.0644568375470821], "E": [3290.0, 187, 0.10509621018464022], "HFE": [2.0, 1, 6.614602546000586e-05], "K": [15.0, 8, 0.00047521652783595245], "L": [22.0, 2, 0.0006950764372471601], "T": [150.0, 1, 0.011316158277226493], "DMB": [40.0, 2, 0.001748860824662276], "DPB2": [5.0, 1, 0.00022311497634222336], "DRB1": [1111.0, 43, 0.048028827276848714], "DQB1": [298.0, 41, 0.012739479518317647], "F": [315.0, 10, 0.010478045113754674], "DOB": [14.0, 5, 0.000589761825543045], "DOA": [15.0, 8, 0.0006897897276556388], "DRB5": [3.0, 3, 0.0001296908027277643], "DRB4": [2.0, 1, 8.646053515184287e-05], "H": [3.0, 2, 9.478315053370366e-05]}