{"A": [9336.0, 1085, 0.09098010391630951], "B": [27562.0, 1638, 0.2708137894591286], "C": [13052.0, 1176, 0.12684626145299546], "DMA": [1004.0, 2, 0.013667815018569975], "DOB": [14.0, 6, 0.00018224018338367214], "DPB1": [4025.0, 261, 0.05542845732065163], "DQA1": [1215.0, 96, 0.016927896051969392], "DQB1": [2229.0, 138, 0.029445096042551386], "DRB1": [8379.0, 98, 0.1119302825202435], "DRB3": [2701.0, 16, 0.03608111864031241], "DRB5": [6.0, 2, 8.015057824578839e-05], "E": [4536.0, 228, 0.04477459738026442], "F": [687.0, 15, 0.007061450728648761], "HFE": [2.0, 1, 2.0439545741762655e-05], "K": [20.0, 11, 0.00019579326982274017], "L": [220.0, 2, 0.002147830732736136], "T": [223.0, 1, 0.005198524596222752], "DPA1": [4676.0, 92, 0.06389997173387027], "DRB4": [5.0, 2, 6.679214853815699e-05], "DMB": [294.0, 3, 0.003972007633294127], "DPB2": [3.0, 2, 4.136637446834826e-05], "DRA": [8568.0, 7, 0.1198411445931028], "DPA2": [1.0, 1, 1.4597683759635403e-05], "DOA": [19.0, 7, 0.00026998929843352224], "H": [9.0, 7, 8.786580270284193e-05], "W": [1.0, 1, 1.1431733115184563e-05], "Y": [1.0, 1, 1.2985560917248482e-05]}