{"A": [10675.0, 1396, 0.18104038418972462], "B": [12639.0, 1326, 0.21611989759375957], "C": [3972.0, 816, 0.06717873781252655], "DMA": [1036.0, 3, 0.024544100940530604], "DMB": [209.0, 3, 0.004913953285149669], "DPB1": [1664.0, 162, 0.03987881292333614], "DQA1": [840.0, 64, 0.02036704322134402], "DQB1": [704.0, 156, 0.016184435615183002], "DRA": [4290.0, 8, 0.10442531067884621], "DRB1": [6183.0, 121, 0.14373967196726387], "DRB3": [1005.0, 16, 0.023363799179540706], "DRB5": [1.0, 1, 2.324756137267732e-05], "E": [2766.0, 201, 0.04751522745407491], "HFE": [5.0, 1, 8.892691814476856e-05], "K": [12.0, 7, 0.00020444241529201683], "L": [87.0, 2, 0.0014781503735198582], "T": [484.0, 1, 0.01963552850371467], "Y": [1.0, 1, 2.2598660994556473e-05], "DRB4": [1172.0, 10, 0.02724614192877782], "DPB2": [4.0, 2, 9.598606525522955e-05], "V": [1.0, 1, 3.601798193329697e-05], "F": [574.0, 12, 0.010267650607647784], "DOB": [10.0, 5, 0.00022653645571185565], "DPA1": [2148.0, 72, 0.051083710376292744], "J": [1.0, 1, 1.7005750373985875e-05], "DOA": [8.0, 5, 0.00019783582108381974], "W": [1.0, 1, 1.9894547713156557e-05], "H": [5.0, 5, 8.495117089194587e-05]}