{"A": [36.0, 35, 0.1487188833315995], "B": [35.0, 28, 0.14578274376169187], "C": [50.0, 42, 0.20599118717592116], "DMA": [5.0, 2, 0.028854490722733994], "DRB1": [10.0, 7, 0.056628288909036005], "DRB5": [8.0, 4, 0.04530263112722881], "T": [1.0, 1, 0.009882191593929814], "DQA1": [6.0, 5, 0.03543692141885769], "DRA": [8.0, 1, 0.0474345196508631], "DPB1": [9.0, 9, 0.05253968272139518], "DMB": [1.0, 1, 0.005727179219209324], "DPA1": [5.0, 4, 0.02896504432703566], "DRB4": [3.0, 2, 0.0169884866727108], "E": [29.0, 16, 0.12134857223874514], "DQB1": [9.0, 8, 0.050399177129042044]}