{"A": [102.0, 84, 0.169899108836707], "B": [95.0, 73, 0.15954712942938212], "C": [81.0, 64, 0.1345522514444894], "DMA": [8.0, 2, 0.01861490011502313], "DRA": [57.0, 3, 0.13627201878321343], "L": [1.0, 1, 0.0016687170951651664], "T": [3.0, 1, 0.011953685858176617], "DRB4": [5.0, 3, 0.01141644154994396], "DQB1": [4.0, 4, 0.009031673759511222], "F": [2.0, 1, 0.0035137635663804465], "DRB1": [55.0, 19, 0.12558085704938357], "E": [26.0, 14, 0.04386693943157434], "DPA1": [30.0, 14, 0.07007333089275948], "DQA1": [16.0, 8, 0.038102373672937964], "DPB1": [28.0, 23, 0.06590680851535216]}