{"A": [2723.0, 907, 0.1695393503891065], "B": [4152.0, 1119, 0.26064816911191035], "C": [1809.0, 737, 0.11232500883734889], "DMA": [130.0, 3, 0.011306964270314914], "DMB": [40.0, 4, 0.0034527093692570013], "DPA1": [630.0, 64, 0.05500523202057706], "DPB1": [566.0, 142, 0.04979900046253457], "DQA1": [308.0, 71, 0.02741667033525638], "DQB1": [240.0, 120, 0.020255894966307742], "DRA": [1020.0, 9, 0.09115152734838483], "DRB1": [1034.0, 136, 0.08824969969871715], "DRB3": [90.0, 12, 0.0076813084844144525], "DRB5": [34.0, 4, 0.002901827649667682], "E": [1027.0, 160, 0.06476887817351791], "F": [124.0, 10, 0.008143220022478184], "L": [14.0, 1, 0.000873258245582154], "T": [120.0, 1, 0.017872848499683302], "Y": [2.0, 2, 0.00016593117842545783], "DRB4": [69.0, 7, 0.005889003171384414], "K": [2.0, 2, 0.00012509358739485569], "DPB2": [5.0, 2, 0.00044048740664490095], "DPA2": [1.0, 1, 9.326554640012092e-05], "V": [1.0, 1, 0.0001322314226523958], "DOB": [9.0, 3, 0.0007485070676418464], "DOA": [9.0, 6, 0.0008170953646767566], "G": [2.0, 2, 0.00013444178074983017], "H": [1.0, 1, 6.237558897015386e-05]}