{"A": [170.0, 108, 0.18227477505009093], "B": [237.0, 133, 0.25621258365572824], "C": [153.0, 116, 0.1636003021839236], "DMA": [10.0, 2, 0.014978124757147123], "DRA": [46.0, 3, 0.07079072924436751], "DRB1": [36.0, 15, 0.05291148790614669], "DRB5": [18.0, 3, 0.026455743953073346], "T": [5.0, 1, 0.012824407471805709], "DPA1": [28.0, 18, 0.04209943418330701], "DPB1": [40.0, 18, 0.0606064661988038], "F": [6.0, 4, 0.00678547899660959], "E": [61.0, 24, 0.06624918538802362], "DQB1": [18.0, 13, 0.026161791242483644], "DQA1": [6.0, 6, 0.009197504733685656], "DMB": [2.0, 1, 0.002972930823009505], "DRB3": [4.0, 3, 0.005879054211794077]}