{"A": [42.0, 38, 0.1849412679139149], "B": [52.0, 47, 0.23086725770284852], "T": [2.0, 1, 0.02106707253547864], "Y": [1.0, 1, 0.00586758877050042], "DMA": [2.0, 1, 0.012302527091329129], "DRA": [16.0, 2, 0.10112194817029745], "DQB1": [1.0, 1, 0.00596900388505228], "F": [3.0, 2, 0.013933409645222902], "DRB1": [10.0, 7, 0.0603607134443489], "DRB4": [2.0, 2, 0.01207214268886978], "DQA1": [3.0, 3, 0.01888630135504823], "E": [24.0, 13, 0.10704560472824384], "DRB3": [1.0, 1, 0.00603607134443489], "C": [26.0, 23, 0.11417549665685832], "DPB1": [8.0, 8, 0.04978010962051323], "DPA1": [9.0, 4, 0.055573484447038475]}