{"A": [1369.0, 411, 0.1787235392888986], "B": [1867.0, 513, 0.2457520144280351], "C": [1121.0, 305, 0.14594826678055153], "DMA": [77.0, 2, 0.014042642103055497], "DOB": [6.0, 2, 0.0010463092893166766], "DPA2": [1.0, 1, 0.00019555848927201185], "DPB1": [298.0, 63, 0.054976348836090906], "DRA": [514.0, 7, 0.09631242815045979], "DRB3": [1.0, 1, 0.00017895676983318938], "DRB5": [122.0, 5, 0.021832725919649104], "E": [419.0, 87, 0.05540709606517083], "L": [2.0, 2, 0.00026157732232916914], "T": [28.0, 1, 0.008744319027927607], "V": [1.0, 1, 0.00027726184262356803], "DPA1": [235.0, 31, 0.04302161886277191], "DMB": [18.0, 3, 0.0032578266508269246], "DQA1": [147.0, 32, 0.027437008824933006], "K": [2.0, 2, 0.00026229528387261607], "DPB2": [1.0, 1, 0.00018472212968606274], "DRB1": [424.0, 61, 0.07587767040927229], "DOA": [5.0, 3, 0.0009518218634554096], "F": [66.0, 9, 0.009088115844381739], "Y": [5.0, 2, 0.0008698080863858294], "DQB1": [86.0, 11, 0.015219279070035906], "H": [1.0, 1, 0.00013078866116458457]}