{"A": [58.0, 47, 0.16277311984093695], "B": [86.0, 68, 0.2433479015917798], "Y": [2.0, 2, 0.0074792804479975215], "DRB4": [2.0, 2, 0.007694041309800197], "DMA": [5.0, 1, 0.019602185398059663], "DRA": [23.0, 2, 0.09264530918330002], "DPA1": [21.0, 12, 0.08264461613802626], "DRB1": [28.0, 10, 0.10771657833720277], "DRB3": [2.0, 1, 0.007694041309800197], "F": [2.0, 2, 0.005920198932901017], "DQA1": [12.0, 8, 0.04814786788398405], "E": [20.0, 9, 0.05685357093311769], "DQB1": [7.0, 7, 0.02662993186669735], "C": [34.0, 28, 0.09515872889695667], "DPB1": [9.0, 9, 0.03569262792943991]}