{"A": [30.0, 27, 0.07932468264045159], "B": [64.0, 48, 0.17062455153075648], "C": [22.0, 22, 0.05801292866674988], "DMA": [10.0, 2, 0.036937447641737], "DRA": [56.0, 4, 0.2125279340390452], "DRB5": [6.0, 2, 0.02174744108344965], "T": [3.0, 1, 0.018975708396343324], "DPA1": [27.0, 13, 0.10011322016001822], "F": [5.0, 2, 0.013944684844575065], "E": [16.0, 12, 0.04285289128620706], "DQA1": [4.0, 4, 0.015121267628336084], "DRB1": [36.0, 23, 0.1304846465006979], "DRB3": [3.0, 1, 0.010873720541724825], "DPB1": [16.0, 11, 0.059784471240989], "DQB1": [8.0, 7, 0.028674403798918797]}