{"A": [49.0, 46, 0.21013089274456534], "B": [38.0, 35, 0.1643054172312034], "C": [32.0, 31, 0.1368544189414641], "DRB4": [3.0, 3, 0.017635383339718164], "DMB": [1.0, 1, 0.005945261807708018], "DRA": [18.0, 5, 0.11079170239305293], "E": [10.0, 6, 0.04343770619653828], "DRB3": [11.0, 2, 0.06466307224563327], "F": [2.0, 1, 0.009046392606541305], "DRB1": [22.0, 13, 0.12932614449126653], "DQB1": [4.0, 3, 0.023252579514591355], "DQA1": [2.0, 2, 0.012262102478397785], "DPA1": [8.0, 7, 0.04810878520260281], "DPB1": [4.0, 4, 0.024240140806716857]}