{"A": [104.0, 83, 0.18255727104654398], "B": [123.0, 89, 0.21769345274351867], "C": [48.0, 42, 0.08402761836474755], "DRA": [47.0, 5, 0.11841441088019039], "DRB5": [15.0, 3, 0.03609332389965163], "L": [2.0, 1, 0.003517123168323717], "T": [3.0, 1, 0.012597277753211745], "DMB": [2.0, 2, 0.004867130041013629], "DMA": [6.0, 1, 0.01471285111634654], "DRB1": [30.0, 19, 0.07218664779930326], "DOB": [1.0, 1, 0.0023447487788824783], "F": [5.0, 3, 0.009257365495876068], "E": [42.0, 22, 0.07467722033407627], "DPA1": [27.0, 16, 0.066461499870393], "DQA1": [7.0, 4, 0.017567297491783568], "DQB1": [13.0, 12, 0.03093331537177551], "DPB1": [21.0, 15, 0.05209144584436208]}