{"DRB1": [11.0, 10, 0.09054191919921667], "DRB5": [5.0, 4, 0.04115541781782576], "L": [1.0, 1, 0.0060156003051238015], "T": [1.0, 1, 0.014364047787398011], "DMA": [3.0, 1, 0.0251644959328843], "DRA": [12.0, 1, 0.10342114406926567], "F": [1.0, 1, 0.0063334274105818315], "DQA1": [3.0, 2, 0.025754288806311275], "DRB3": [2.0, 2, 0.016462167127130303], "DPA1": [3.0, 2, 0.02526091162611374], "E": [2.0, 2, 0.01216438733287027], "C": [21.0, 21, 0.12575391155561255], "B": [47.0, 46, 0.28455059955696715], "A": [26.0, 26, 0.15612071611548986], "DQB1": [2.0, 2, 0.016279254159051078], "DPB1": [5.0, 5, 0.042426627634592574], "DRB4": [1.0, 1, 0.008231083563565151]}