{"A": [575.0, 259, 0.1496907588923798], "B": [1118.0, 258, 0.29345628099008314], "C": [399.0, 178, 0.10358933910242764], "DPB1": [133.0, 49, 0.04892829787720842], "DQB1": [82.0, 44, 0.028937320810809034], "DRA": [269.0, 8, 0.10051255908603828], "DRB5": [70.0, 3, 0.024980148137585218], "E": [237.0, 56, 0.06249547156028947], "F": [31.0, 8, 0.00851217316322737], "L": [6.0, 1, 0.0015648408752507112], "T": [11.0, 1, 0.006850298326805581], "DMA": [27.0, 1, 0.009819077858443393], "DRB1": [213.0, 28, 0.07601102219008073], "DOB": [1.0, 1, 0.00034774241672238024], "DPA1": [177.0, 29, 0.06461613688199998], "DMB": [4.0, 1, 0.0014436579118474574], "DQA1": [48.0, 17, 0.017865266659112283], "DOA": [1.0, 1, 0.0003796072596889728]}