{"B": [27.0, 26, 0.2669777681924281], "L": [1.0, 1, 0.009824911785670255], "T": [1.0, 1, 0.023459920080816123], "DRB1": [3.0, 2, 0.04032997497039176], "DRA": [3.0, 1, 0.04222785614546901], "DOB": [1.0, 1, 0.013099882380893673], "F": [2.0, 2, 0.020687998687981938], "E": [11.0, 8, 0.10927042111442858], "DQB1": [2.0, 2, 0.026587909424924935], "A": [29.0, 26, 0.28440345737317246], "C": [11.0, 11, 0.10758323023436929], "DPA1": [2.0, 1, 0.027504733887853385], "DQA1": [2.0, 1, 0.028041935721600516]}