{"A": [153.0, 125, 0.24827944446182196], "B": [150.0, 118, 0.24542288303631732], "C": [43.0, 35, 0.06958775261242282], "DQB1": [6.0, 6, 0.01319829726550862], "DRA": [38.0, 4, 0.08850622872164603], "DRB1": [48.0, 23, 0.1067727419232158], "DRB3": [13.0, 8, 0.02891761760420428], "L": [1.0, 1, 0.0016257026741274302], "T": [3.0, 1, 0.0116455564107429], "DRB4": [12.0, 3, 0.02669318548080395], "DMA": [10.0, 1, 0.022668831181217094], "F": [3.0, 3, 0.0051347842387425464], "E": [34.0, 18, 0.05588577901170162], "DQA1": [9.0, 6, 0.02088011872082418], "DMB": [1.0, 1, 0.002249709761166242], "DPB1": [11.0, 9, 0.025224544966898712], "DPA1": [12.0, 10, 0.027306821928638522]}