{"A": [118.0, 93, 0.14286370506246443], "B": [159.0, 119, 0.19409372116554735], "C": [159.0, 113, 0.19197825826456044], "DMA": [12.0, 2, 0.020295555461066882], "DRA": [65.0, 4, 0.11295206192874804], "DRB1": [46.0, 16, 0.07634270737102937], "DRB5": [16.0, 2, 0.026553985172531953], "E": [59.0, 24, 0.07235440413218909], "L": [1.0, 1, 0.0012129186885947818], "T": [3.0, 1, 0.008688620148365234], "DPB1": [24.0, 20, 0.04106127823011215], "F": [7.0, 3, 0.008939012659845499], "DPA1": [33.0, 17, 0.056026619577389615], "DQB1": [19.0, 11, 0.03118249231024412], "DMB": [1.0, 1, 0.0016784834377523749], "DRB3": [1.0, 1, 0.001659624073283247], "DQA1": [7.0, 5, 0.012116552316274957]}