{"A": [2633.0, 775, 0.19720351004749345], "B": [4466.0, 833, 0.33725388460009137], "C": [821.0, 339, 0.06132279765016762], "DMA": [108.0, 2, 0.011299710870480255], "DMB": [39.0, 4, 0.004049538638978929], "DPB1": [343.0, 91, 0.036302724763569945], "DRA": [840.0, 8, 0.0902992145379555], "DRB5": [249.0, 5, 0.025564243923165166], "E": [789.0, 154, 0.0598568478814047], "F": [84.0, 11, 0.006635821241261859], "H": [2.0, 2, 0.00015006712530747296], "HFE": [2.0, 1, 0.00015709032410409776], "L": [18.0, 1, 0.0013506041277672567], "T": [39.0, 1, 0.006987439220198937], "DPA1": [419.0, 61, 0.04400665744074008], "DRB3": [76.0, 9, 0.007802741117110654], "DRB1": [661.0, 49, 0.06786331418960713], "DPB2": [1.0, 1, 0.00010597523797486493], "DOB": [8.0, 5, 0.0008003580016398558], "DQB1": [289.0, 78, 0.02934127255456186], "DQA1": [104.0, 36, 0.011136231257192056], "DOA": [3.0, 3, 0.0003276365923047617], "K": [1.0, 1, 7.523951021820237e-05], "DQA2": [1.0, 1, 0.00010707914670376976]}