{"A": [49.0, 40, 0.12143486295892933], "B": [132.0, 86, 0.3298342103374259], "DPB1": [21.0, 16, 0.07354411446712875], "L": [2.0, 1, 0.004965569772415627], "T": [1.0, 1, 0.005928392669463538], "DMA": [8.0, 1, 0.027696002394745685], "DRA": [26.0, 3, 0.09248292564363117], "F": [4.0, 4, 0.010455839520782953], "E": [20.0, 11, 0.05020539179490338], "DRB3": [6.0, 4, 0.020383012998380252], "DRB1": [14.0, 10, 0.04756036366288725], "DMB": [1.0, 1, 0.0034357730243481863], "DPA1": [9.0, 5, 0.031277382014755904], "C": [69.0, 62, 0.1705341727834511], "DQB1": [2.0, 2, 0.006718845025392008], "DQA1": [1.0, 1, 0.003543140931359067]}