{"A": [13194.0, 1485, 0.12098594186416396], "B": [23276.0, 1310, 0.21519949056814844], "C": [32852.0, 1378, 0.3004244434730828], "DMA": [676.0, 2, 0.008659342551108703], "DPA1": [3226.0, 76, 0.041482351880045384], "DPB1": [3000.0, 222, 0.038874158947541974], "DQA1": [1638.0, 94, 0.021474024661748834], "DQB1": [1099.0, 190, 0.01366071540368802], "DRA": [4371.0, 8, 0.05752811467812268], "DRB1": [4627.0, 98, 0.058160449392786105], "DRB3": [9.0, 5, 0.00011312817042037496], "DRB4": [1635.0, 11, 0.02055161762636812], "DRB5": [1341.0, 6, 0.016856097392635872], "DRB7": [2.0, 1, 5.3698171559537985e-05], "E": [7262.0, 255, 0.06745089746287446], "F": [799.0, 14, 0.007727816836468092], "HFE": [3.0, 1, 2.884930420462284e-05], "K": [14.0, 7, 0.0001289640442303634], "L": [63.0, 2, 0.0005787496820684693], "T": [338.0, 1, 0.007414208328073464], "DMB": [156.0, 3, 0.001983171108732937], "DPB2": [2.0, 2, 2.594950300879735e-05], "V": [1.0, 1, 1.9474675372172867e-05], "H": [13.0, 11, 0.00011942453756968415], "DOB": [17.0, 7, 0.0002082273988394493], "DOA": [21.0, 9, 0.0002807922317605323], "G": [1.0, 1, 9.900105376021016e-06]}