{"A": [3652.0, 986, 0.16339288796671342], "B": [7137.0, 1381, 0.3219530452079895], "C": [3101.0, 998, 0.1383627443765865], "DMA": [107.0, 2, 0.0066875332125369245], "DPA1": [732.0, 70, 0.045925515437862344], "DPB1": [647.0, 164, 0.04090609118428118], "DRA": [1020.0, 9, 0.06550032529662334], "DRB1": [1121.0, 147, 0.06875080960441457], "DRB3": [124.0, 13, 0.007604906682379489], "DRB5": [54.0, 7, 0.0033118142003910676], "E": [1560.0, 201, 0.07069684556923368], "F": [217.0, 12, 0.01024032463210898], "HFE": [1.0, 1, 4.692000379414279e-05], "L": [41.0, 2, 0.0018377144186780727], "T": [117.0, 1, 0.012522121012589755], "DRB4": [47.0, 7, 0.0028825049521922254], "DMB": [46.0, 2, 0.002853233867087759], "DQA1": [247.0, 67, 0.01579939487135348], "K": [9.0, 6, 0.0004045079558574634], "DPA2": [1.0, 1, 6.701943243174284e-05], "H": [7.0, 6, 0.00031375612026211], "DQB1": [321.0, 126, 0.019468152240940825], "DOB": [4.0, 2, 0.00023905228210446475], "Y": [2.0, 1, 0.00011923602905938713], "G": [1.0, 1, 4.830407470252459e-05], "DOA": [1.0, 1, 6.523936782532204e-05]}