{"A": [922.0, 297, 0.18734540655695495], "B": [1404.0, 284, 0.28764292499531824], "C": [853.0, 287, 0.17285270510224846], "DMA": [33.0, 2, 0.00936711521747819], "DOA": [2.0, 2, 0.0005925834086633553], "DRA": [189.0, 8, 0.055120714359962575], "DRB1": [226.0, 39, 0.06294922554276684], "DRB3": [42.0, 10, 0.011698528640691184], "E": [367.0, 96, 0.07553552470826888], "HFE": [1.0, 1, 0.00021309231457665068], "L": [4.0, 1, 0.0008142615086195375], "T": [33.0, 1, 0.01604041952274043], "Y": [2.0, 2, 0.0005415234304896924], "DMB": [6.0, 2, 0.0016902094951647976], "DOB": [1.0, 1, 0.00027142050287317916], "F": [40.0, 7, 0.00857282049420762], "DPA1": [147.0, 28, 0.04188611116753223], "DQA1": [86.0, 21, 0.024983409100404665], "DPB1": [119.0, 48, 0.0341696406049532], "DQB1": [28.0, 22, 0.0077123633260852975]}