{"A": [52.0, 48, 0.1268447295881821], "B": [92.0, 64, 0.22627228939888047], "C": [45.0, 44, 0.1094703781344246], "DRB1": [22.0, 9, 0.07356336521492671], "DRB5": [19.0, 3, 0.06353199723107306], "F": [7.0, 3, 0.018010208224613307], "T": [5.0, 1, 0.02917620099879], "DMA": [2.0, 1, 0.006815204202770794], "DRA": [34.0, 2, 0.11903890007506321], "E": [23.0, 13, 0.05682899519266163], "DPA1": [16.0, 12, 0.054730528770144005], "DPB1": [17.0, 16, 0.058600230731932657], "DQB1": [12.0, 10, 0.0396796333583544], "DQA1": [5.0, 4, 0.017437338878183085]}