{"A": [2516.0, 570, 0.12750973354281292], "B": [5633.0, 635, 0.2878371944963577], "C": [848.0, 377, 0.04285915208628349], "DMA": [276.0, 2, 0.019539865841152183], "DMB": [47.0, 3, 0.0033022330364507572], "DPA1": [1007.0, 62, 0.0715653418337296], "DPB1": [604.0, 111, 0.043256458642922206], "DQB1": [414.0, 106, 0.028441360279899287], "DRA": [1671.0, 8, 0.12154862666933941], "DRB1": [1762.0, 83, 0.12240761312452991], "DRB3": [243.0, 11, 0.016881413160760937], "E": [678.0, 110, 0.034804504337386785], "HFE": [3.0, 1, 0.00015944452629817714], "L": [39.0, 2, 0.001980108984894607], "T": [76.0, 1, 0.00921373990312168], "DRB4": [291.0, 10, 0.020216013291281615], "J": [1.0, 1, 5.081839240005829e-05], "K": [6.0, 3, 0.0003054682873452726], "DPB2": [6.0, 2, 0.0004302536573046172], "DPA2": [2.0, 1, 0.00015183121330986037], "F": [92.0, 9, 0.004917814457619474], "DOB": [15.0, 4, 0.0010154405050741572], "DQA1": [563.0, 65, 0.040792677915038975], "DOA": [11.0, 4, 0.0008128918146861913]}