{"A": [3160.0, 656, 0.2166061627572603], "B": [3497.0, 615, 0.24168729375923473], "C": [1333.0, 348, 0.09112318617742786], "DMA": [88.0, 3, 0.008426479961935743], "DPA1": [655.0, 56, 0.06296012827707213], "DPB1": [577.0, 102, 0.05589086880333775], "DQA1": [252.0, 51, 0.024695930087306705], "DQB1": [299.0, 90, 0.027782558386284604], "DRA": [736.0, 8, 0.0724106499117644], "DRB1": [757.0, 69, 0.07112944657688813], "DRB5": [261.0, 5, 0.024524155292691946], "DRB7": [1.0, 1, 0.0002007034318206513], "E": [954.0, 102, 0.0662376870238358], "F": [198.0, 9, 0.014315302413720808], "HFE": [1.0, 1, 7.188518331685218e-05], "L": [55.0, 1, 0.0037769236143256695], "T": [41.0, 1, 0.006722909072423779], "DRB3": [76.0, 11, 0.007141133341933286], "DRB4": [10.0, 2, 0.0009396228081491166], "DMB": [27.0, 3, 0.0025658109181617354], "DPB2": [1.0, 1, 9.698941615044362e-05], "V": [1.0, 1, 0.0001455779244347084], "DOB": [3.0, 2, 0.00027468535376913957], "G": [1.0, 1, 7.400569019935521e-05], "DOA": [2.0, 2, 0.00019990381655443358]}