{"A": [5637.0, 830, 0.20467561406016369], "B": [6721.0, 814, 0.24605173001875147], "C": [3088.0, 587, 0.11181765496252112], "DMA": [184.0, 2, 0.009332880053184361], "DMB": [75.0, 4, 0.003775343647996391], "DOA": [12.0, 10, 0.0006353406999656078], "DPB1": [704.0, 112, 0.03612202157230462], "DRA": [1600.0, 5, 0.08338327617849284], "DRB1": [1422.0, 50, 0.07077624011021369], "DRB4": [215.0, 10, 0.010701048961811493], "E": [2669.0, 195, 0.09816116383308579], "F": [332.0, 11, 0.012714748129090785], "HFE": [1.0, 1, 3.807796458724154e-05], "K": [7.0, 6, 0.0002553279070996278], "L": [25.0, 2, 0.0009093893458677438], "T": [142.0, 1, 0.012333776268068732], "V": [4.0, 2, 0.0003084536086873647], "Y": [43.0, 3, 0.002080470926798788], "DRB3": [90.0, 13, 0.004479508867735044], "J": [1.0, 1, 3.64087935368419e-05], "DPB2": [2.0, 1, 0.0001027516209351595], "H": [2.0, 2, 7.275114766941951e-05], "DQB1": [471.0, 73, 0.02318228792920806], "DOB": [21.0, 4, 0.001018516067371873], "DPA1": [867.0, 46, 0.04414461593372148], "DQA1": [440.0, 46, 0.022840829070378165], "DRB5": [1.0, 1, 4.9772320752611595e-05]}