{"L": [1.0, 1, 0.00675458613235272], "T": [1.0, 1, 0.01612859782365704], "DMA": [2.0, 1, 0.018837217305492576], "DRA": [4.0, 1, 0.03870863477677689], "DPA1": [3.0, 3, 0.028364085827810654], "DRB1": [10.0, 7, 0.09242230213556281], "E": [7.0, 4, 0.04780552104004619], "B": [54.0, 46, 0.3670922182343098], "C": [26.0, 25, 0.17482169521119265], "A": [24.0, 20, 0.16181478472259195], "DPB1": [4.0, 4, 0.0381108180234676], "DQB1": [1.0, 1, 0.00913953876673899]}