{"A": [1926.0, 525, 0.1711557953362409], "B": [3110.0, 584, 0.2786571400773947], "C": [2103.0, 479, 0.18637584263345125], "DMA": [102.0, 2, 0.01266237852348447], "DOB": [6.0, 3, 0.000712224811754601], "DQB1": [99.0, 48, 0.011925808792379818], "DRA": [518.0, 5, 0.06607025619735557], "E": [558.0, 102, 0.050227618043719766], "K": [1.0, 1, 8.92724603937606e-05], "L": [21.0, 2, 0.0018695901308558277], "T": [58.0, 1, 0.0123297131899827], "DRB3": [76.0, 12, 0.00925803338325706], "DRB4": [170.0, 8, 0.020708758883601318], "DMB": [18.0, 3, 0.0022176090729631895], "F": [72.0, 7, 0.006748689282562329], "DRB1": [673.0, 49, 0.08198232193331581], "DPA1": [328.0, 34, 0.040874245390810665], "DQA1": [112.0, 16, 0.014229658218180466], "DPB1": [252.0, 62, 0.03164588082498822], "DOA": [2.0, 2, 0.00025916281330778306]}