{"A": [212.0, 123, 0.11780917949217672], "B": [442.0, 168, 0.24765095099548326], "C": [64.0, 56, 0.03546812786520934], "DMA": [27.0, 2, 0.020959785246681736], "DQA1": [49.0, 25, 0.038929647424320035], "DRA": [165.0, 8, 0.13160370605868577], "DRB1": [224.0, 43, 0.17063224810060448], "DRB3": [37.0, 7, 0.02818479098090342], "E": [51.0, 27, 0.028706913741918957], "L": [3.0, 1, 0.0016701532039630823], "T": [2.0, 1, 0.002658660728458298], "DRB4": [27.0, 5, 0.020567279904983575], "DMB": [8.0, 2, 0.006163258961426055], "F": [13.0, 4, 0.007619706324068522], "DPA1": [92.0, 24, 0.0716921617122203], "DPB1": [59.0, 38, 0.04633152586060436], "DQB1": [31.0, 25, 0.023351903398292052]}