{"A": [255.0, 188, 0.16576223791868427], "B": [451.0, 291, 0.29559455047032396], "C": [148.0, 121, 0.09594495809776447], "DMA": [14.0, 2, 0.012713152328922887], "DPA1": [64.0, 28, 0.05833993931345895], "DRB1": [93.0, 46, 0.08287016309431115], "DRB5": [4.0, 2, 0.003564308090077899], "F": [15.0, 5, 0.010284620965966848], "L": [1.0, 1, 0.0006512342108011854], "T": [12.0, 1, 0.018660201177466647], "DRB4": [4.0, 3, 0.003564308090077899], "DMB": [4.0, 2, 0.003604811591101512], "DRA": [94.0, 4, 0.08770294553409323], "DPB2": [1.0, 1, 0.0009197844008222929], "E": [88.0, 25, 0.05794302321342503], "DQB1": [27.0, 23, 0.023791756501269974], "DOB": [2.0, 2, 0.0017366245621364947], "DQA1": [33.0, 20, 0.03066906111491833], "DRB3": [9.0, 5, 0.008019693202675272], "DPB1": [41.0, 29, 0.03766262612170151]}