{"A": [64.0, 54, 0.16916082653160086], "B": [87.0, 67, 0.23185343657107588], "DRB3": [5.0, 4, 0.01811588907729574], "L": [1.0, 1, 0.0026479611589258914], "Y": [1.0, 1, 0.0035220454249790985], "DRA": [25.0, 1, 0.09484200752231299], "DPA1": [15.0, 9, 0.055597038892390364], "DQB1": [6.0, 5, 0.02149752170505761], "F": [6.0, 2, 0.016727178271946842], "DRB1": [27.0, 12, 0.09782580101739699], "E": [34.0, 15, 0.09102732899097271], "DPB1": [17.0, 12, 0.06349654094350993], "DQA1": [12.0, 9, 0.04534633484660589], "DMB": [1.0, 1, 0.0036643502906348203], "DRB4": [3.0, 2, 0.010869533446377443], "C": [28.0, 23, 0.07380620530891714]}