{"DRB5": [8.0, 2, 0.0317020181036459], "L": [1.0, 1, 0.002896135549842651], "T": [2.0, 1, 0.013830782407963165], "DMB": [2.0, 1, 0.008015567077342288], "DRB1": [26.0, 20, 0.1030315588368492], "DMA": [9.0, 1, 0.036345395755277246], "DRA": [23.0, 2, 0.09543239861494583], "E": [24.0, 15, 0.0702767061836357], "DQB1": [7.0, 7, 0.027431051775793604], "F": [2.0, 2, 0.0060982988715226625], "DPA1": [15.0, 9, 0.060807750241907], "DPB1": [12.0, 12, 0.04902184652706635], "DQA1": [4.0, 4, 0.016532107097018467], "B": [91.0, 81, 0.2652424014684175], "A": [46.0, 43, 0.1329795718404983], "C": [21.0, 19, 0.06054264833349543], "DRB3": [5.0, 2, 0.01981376131477869]}