{"A": [2611.0, 630, 0.28028293587036673], "B": [3197.0, 760, 0.34602452627080793], "C": [744.0, 326, 0.0796485259588644], "DMA": [114.0, 2, 0.01709520966237261], "DPA1": [127.0, 28, 0.019117631454788814], "DRA": [414.0, 8, 0.06378683184238847], "DRB3": [134.0, 14, 0.01971807020259471], "DRB5": [1.0, 1, 0.0001471497776313038], "E": [513.0, 101, 0.05578021824336894], "F": [119.0, 7, 0.013473746065358547], "K": [5.0, 4, 0.0005391901732967719], "L": [10.0, 3, 0.001075428575571846], "T": [52.0, 1, 0.013353120997601449], "DRB4": [1.0, 1, 0.0001471497776313038], "DMB": [9.0, 2, 0.001339397407757663], "DQA1": [11.0, 7, 0.0016881988160278875], "DPA2": [2.0, 1, 0.00032160156038928876], "H": [1.0, 1, 0.00010754285755718461], "DQB1": [64.0, 33, 0.009312945926532293], "DRB1": [405.0, 53, 0.05959565994067804], "DPB1": [115.0, 46, 0.017444918618413834]}