{"A": [2035.0, 523, 0.09735763810331687], "B": [5631.0, 853, 0.27162241330230397], "C": [3166.0, 621, 0.15105376255855904], "DMA": [186.0, 2, 0.012430779247747244], "DPB1": [822.0, 149, 0.055572349024615726], "DQA1": [490.0, 42, 0.03351527721408332], "DRA": [1378.0, 8, 0.09462278761310719], "DRB1": [1369.0, 66, 0.08977985258393714], "DRB3": [260.0, 12, 0.01705095812404942], "E": [1060.0, 173, 0.051367039826871276], "F": [152.0, 11, 0.0076700962592154915], "HFE": [3.0, 1, 0.0001505159517011636], "K": [7.0, 6, 0.00033642311985905094], "L": [17.0, 1, 0.0008147911874479961], "T": [95.0, 1, 0.010872236119067711], "Y": [11.0, 2, 0.0007012508963358823], "DRB4": [227.0, 9, 0.014886798054458533], "DMB": [51.0, 3, 0.0033826179600113773], "DPB2": [1.0, 1, 6.769338549446662e-05], "DPA1": [899.0, 72, 0.06031229931314404], "DQB1": [391.0, 101, 0.025357106485418623], "DOB": [7.0, 4, 0.00044733633820674294], "DOA": [6.0, 5, 0.0004185662720614032], "DRB5": [1.0, 1, 6.558060816942085e-05], "H": [2.0, 1, 9.585778675858776e-05], "J": [1.0, 1, 4.7972664058179085e-05]}