{"A": [94.0, 83, 0.10303245916843923], "B": [213.0, 147, 0.23539664884394776], "C": [107.0, 85, 0.1169620605819009], "DPA1": [45.0, 27, 0.06916705806245187], "DPB1": [48.0, 37, 0.07434791106017992], "DRA": [81.0, 4, 0.1274301328538819], "DRB3": [16.0, 6, 0.024040086098110612], "DRB5": [14.0, 2, 0.021035075335846785], "F": [3.0, 2, 0.0034683193380019087], "T": [8.0, 1, 0.020976153556194553], "DMA": [6.0, 1, 0.009187074887684445], "DQB1": [18.0, 14, 0.026744595784148055], "DOB": [2.0, 1, 0.0029282404143227796], "DRB1": [62.0, 19, 0.09315533363017861], "E": [34.0, 20, 0.03774836858832705], "DQA1": [20.0, 15, 0.0313413231845485], "DMB": [2.0, 1, 0.0030391586118350064]}