{"A": [27.0, 24, 0.0839657264591568], "B": [83.0, 74, 0.2602500600322687], "C": [48.0, 46, 0.1488656658022471], "T": [2.0, 1, 0.014878458428492565], "DRB3": [9.0, 5, 0.03836636190268588], "DMB": [1.0, 1, 0.004311371476438186], "DRB1": [29.0, 16, 0.1236249439086545], "DMA": [3.0, 1, 0.013032848127248257], "DRA": [14.0, 1, 0.06248952539966877], "DPB2": [1.0, 1, 0.004400265733684334], "F": [3.0, 2, 0.009840363715674476], "DPA1": [18.0, 12, 0.07849669446756422], "DPB1": [13.0, 12, 0.05712983361828515], "DQA1": [2.0, 2, 0.008892203670153758], "E": [16.0, 10, 0.05040009165076079], "DQB1": [9.0, 7, 0.03794006899265604], "H": [1.0, 1, 0.003115516614360441]}