{"A": [35.0, 35, 0.161835358937636], "B": [66.0, 58, 0.3076973577723365], "DRA": [12.0, 2, 0.07963931612931062], "L": [1.0, 1, 0.004632305112448496], "DRB4": [6.0, 2, 0.03803001051118765], "DMB": [1.0, 1, 0.0064103616202570105], "DRB1": [12.0, 5, 0.0760600210223753], "F": [1.0, 1, 0.004877047457486601], "DPA1": [9.0, 3, 0.05835639543958105], "E": [11.0, 6, 0.05151943767129065], "C": [33.0, 30, 0.15217185404817185], "DQB1": [1.0, 1, 0.006267909139806854], "DPB1": [5.0, 3, 0.032670568875441126], "DQA1": [3.0, 2, 0.019832056262670122]}