{"A": [2850.0, 769, 0.16872173063922097], "B": [6314.0, 785, 0.37688182944827325], "C": [900.0, 378, 0.0531353679167832], "DMA": [146.0, 2, 0.012074212399139429], "DMB": [29.0, 3, 0.0023801335047909243], "DPB1": [345.0, 78, 0.02886201033369157], "DQB1": [211.0, 83, 0.01693268924021375], "DRA": [834.0, 8, 0.07086521630166957], "DRB1": [762.0, 58, 0.06183736237786138], "DRB5": [199.0, 6, 0.016149127445137027], "E": [1511.0, 155, 0.09060740319332475], "F": [150.0, 11, 0.009366320857569374], "L": [54.0, 1, 0.0032026664275389585], "T": [62.0, 1, 0.008780262611317974], "V": [2.0, 2, 0.000251459445847317], "DRB4": [127.0, 9, 0.010306227062976896], "K": [1.0, 1, 5.947142429234351e-05], "DOA": [18.0, 8, 0.0015538390458533413], "DRB3": [4.0, 2, 0.0003246055767866739], "DPA1": [508.0, 46, 0.04217260729218132], "DQA1": [301.0, 54, 0.02547614881798303], "H": [1.0, 1, 5.9308637547017744e-05]}