{"A": [456.0, 261, 0.23069331205522586], "B": [431.0, 206, 0.2198476825882247], "C": [286.0, 153, 0.14429497784724904], "DMA": [21.0, 2, 0.014841207952126572], "DMB": [4.0, 2, 0.002805480868295211], "DPB1": [43.0, 29, 0.03074113785413826], "DRA": [101.0, 5, 0.07333857046296421], "E": [167.0, 51, 0.08557751881093122], "L": [1.0, 1, 0.000506829572921945], "T": [10.0, 1, 0.01210207433382248], "DRB4": [15.0, 5, 0.010402344792555276], "DRB1": [121.0, 25, 0.08391224799327923], "DQB1": [22.0, 17, 0.01508725266949869], "F": [15.0, 5, 0.008004109681879708], "DPA1": [57.0, 20, 0.04043762079128959], "DQA1": [36.0, 12, 0.026038369308864925], "DRB3": [1.0, 1, 0.0006934896528370184], "DOB": [1.0, 1, 0.0006757727638959267]}