{"A": [3595.0, 904, 0.14664999665763903], "B": [4886.0, 883, 0.20096067726673955], "C": [5187.0, 821, 0.21101553622744393], "DMA": [190.0, 2, 0.010827209937011984], "DPA2": [1.0, 1, 6.110567251017032e-05], "DPB1": [817.0, 110, 0.0470962730310336], "DQA1": [530.0, 56, 0.03091008165817196], "DQB1": [513.0, 76, 0.0283672900349714], "DRA": [1322.0, 5, 0.07740259530698079], "DRB1": [1307.0, 59, 0.07308505435779149], "DRB5": [388.0, 6, 0.021696251790989364], "DRB7": [1.0, 1, 0.00011944122119987958], "E": [1452.0, 189, 0.059996074670972725], "F": [227.0, 12, 0.009766987468433958], "HFE": [1.0, 1, 4.2779807020014175e-05], "L": [8.0, 2, 0.00032693764926974335], "T": [131.0, 1, 0.012783333314692995], "DPA1": [863.0, 41, 0.04936674994995023], "DRB3": [2.0, 2, 0.0001118363494380895], "DRB4": [258.0, 8, 0.014426889077513546], "DMB": [55.0, 3, 0.0031104484687468643], "DPB2": [2.0, 1, 0.00011543932461328568], "DOB": [12.0, 3, 0.0006538752985394867], "DOA": [11.0, 9, 0.0006543094786845993], "K": [1.0, 1, 4.0979375983490254e-05], "G": [1.0, 1, 4.404174823004409e-05], "H": [9.0, 8, 0.0003678048554284613]}