{"A": [1603.0, 526, 0.1261887398989908], "B": [2250.0, 547, 0.17858462233659494], "C": [1211.0, 449, 0.09507060234551715], "DMA": [136.0, 2, 0.014955666896544564], "DPB1": [614.0, 131, 0.06830252731981976], "DQA1": [286.0, 42, 0.03218801791968857], "DQB1": [386.0, 61, 0.041189991954829655], "DRA": [1456.0, 8, 0.16450888588116055], "DRB5": [5.0, 2, 0.0005395440525025715], "E": [544.0, 121, 0.04337695269625102], "F": [54.0, 8, 0.0044836577227562405], "HFE": [2.0, 1, 0.00016510975589476975], "K": [6.0, 5, 0.000474482839218181], "L": [9.0, 1, 0.0007097761084837662], "T": [21.0, 1, 0.003954540525989436], "Y": [1.0, 1, 0.00010489679273168927], "DRB3": [93.0, 10, 0.010035519376547833], "DRB4": [1.0, 1, 0.00010790881050051432], "DMB": [37.0, 3, 0.004037996738388564], "DRB1": [1093.0, 74, 0.11794432987706215], "DPB2": [2.0, 2, 0.0002227705082755463], "DOB": [2.0, 1, 0.00021030403214333812], "DOA": [6.0, 5, 0.000688724758652685], "DPA1": [833.0, 50, 0.09195443085145551]}