{"A": [1898.0, 404, 0.14666519970981115], "B": [3373.0, 502, 0.2627977674271549], "C": [1466.0, 380, 0.11297435260333898], "DPB1": [571.0, 77, 0.06235170007558167], "DQA1": [286.0, 39, 0.03159643054536064], "DQB1": [329.0, 73, 0.03446228653525582], "DRA": [819.0, 8, 0.09083551369618117], "DRB1": [731.0, 39, 0.07743157102402515], "DRB5": [216.0, 5, 0.022879917019410986], "E": [739.0, 103, 0.05784267459577491], "L": [15.0, 1, 0.0011612184162451973], "T": [38.0, 1, 0.007024317298442989], "Y": [3.0, 3, 0.00030890664665163503], "DRB3": [168.0, 6, 0.017795491015097437], "DMB": [27.0, 3, 0.0028924895095562187], "DMA": [77.0, 1, 0.008311920660200568], "DPA2": [1.0, 1, 0.00011575219501634709], "DPB2": [1.0, 1, 0.00010933809142652373], "K": [1.0, 1, 7.762704386732151e-05], "DOA": [6.0, 5, 0.0006760666051552383], "F": [77.0, 6, 0.006275859403379103], "DPA1": [509.0, 32, 0.05515555134612267], "H": [2.0, 2, 0.0001548291221660263], "DOB": [1.0, 1, 0.00010321941477735087]}