{"A": [46.0, 45, 0.17261262987221918], "B": [84.0, 78, 0.317810677493802], "C": [35.0, 33, 0.1309778337082767], "DRB1": [15.0, 12, 0.07715708663071838], "DRB3": [1.0, 1, 0.005143805775381226], "E": [21.0, 15, 0.07981914847572656], "HFE": [1.0, 1, 0.003935232498644089], "DMA": [2.0, 1, 0.01048394001547166], "DRA": [6.0, 2, 0.03231520334180676], "F": [3.0, 1, 0.011873741861903058], "DPA1": [8.0, 8, 0.042096433472085436], "DMB": [1.0, 1, 0.00520225811373783], "DRB4": [3.0, 1, 0.015431417326143676], "DPB1": [14.0, 12, 0.07423762929874525], "DQA1": [2.0, 2, 0.010729657359584274], "DQB1": [2.0, 2, 0.01017330475575398]}