{"A": [261.0, 159, 0.12829058303923657], "B": [541.0, 245, 0.26811801595122675], "C": [317.0, 183, 0.15539196368378072], "DQA1": [53.0, 21, 0.03724528151633009], "DRA": [125.0, 7, 0.0881871260468045], "DRB7": [1.0, 1, 0.0014392138970838494], "E": [97.0, 42, 0.04829465452622234], "L": [3.0, 1, 0.0014772952866964695], "T": [6.0, 1, 0.00705497008374436], "DRB1": [140.0, 41, 0.09433049887253694], "DMA": [22.0, 1, 0.015106252736567122], "DQB1": [18.0, 14, 0.011993449142365413], "F": [13.0, 4, 0.006739834532453185], "DPA1": [91.0, 25, 0.06272436045719842], "DPB1": [71.0, 34, 0.04931669241937901], "DRB3": [32.0, 10, 0.0215612568851513], "DRB4": [1.0, 1, 0.0006737892776609781], "DMB": [1.0, 1, 0.0006814459739980348], "DOA": [1.0, 1, 0.0007167399885875743], "DOB": [1.0, 1, 0.0006565756829762086]}