{"A": [108.0, 86, 0.16640973804281975], "B": [205.0, 131, 0.3184808347452496], "C": [49.0, 41, 0.07529499046472725], "DRA": [51.0, 4, 0.1127888224512445], "DRB1": [39.0, 17, 0.08237385909360553], "DRB5": [1.0, 1, 0.0021121502331693724], "L": [5.0, 1, 0.0077182132151855255], "T": [2.0, 1, 0.007371818460865653], "DMB": [1.0, 1, 0.002136151940364479], "DMA": [5.0, 1, 0.010762292218630199], "DPA1": [16.0, 11, 0.0345712865750941], "E": [38.0, 19, 0.05930777564318206], "F": [6.0, 3, 0.00975119502460327], "DRB4": [1.0, 1, 0.0021121502331693724], "DPB1": [30.0, 19, 0.0653217118443501], "DQA1": [15.0, 11, 0.03304360032751304], "DQB1": [5.0, 5, 0.010443409486226341]}