{"A": [5609.0, 696, 0.1222736749997764], "B": [10014.0, 1010, 0.22010482995396538], "C": [5513.0, 724, 0.11985344977403425], "DMA": [569.0, 3, 0.017327646757326648], "DPA1": [1823.0, 60, 0.05572816873128832], "DPB1": [1352.0, 179, 0.041649092053167004], "DRA": [3854.0, 6, 0.12058690277347302], "DRB1": [4662.0, 75, 0.1393123501106224], "E": [2496.0, 235, 0.05511441020490053], "F": [496.0, 13, 0.011404619821457903], "G": [4.0, 3, 9.41431886489174e-05], "HFE": [2.0, 1, 4.572283804009026e-05], "K": [36.0, 16, 0.0007883738387040631], "L": [106.0, 2, 0.002314968983287088], "T": [184.0, 1, 0.0095952214626877], "V": [5.0, 2, 0.00023148844984513783], "Y": [40.0, 2, 0.0011619371705819054], "DRB4": [637.0, 10, 0.019035170961061023], "DMB": [145.0, 3, 0.004382204960262818], "DPB2": [7.0, 1, 0.0002159166752550396], "DQB1": [773.0, 150, 0.022842537181373017], "DOB": [8.0, 3, 0.00023295285366410948], "DOA": [5.0, 4, 0.00015893695693218625], "DQA1": [1135.0, 72, 0.03537402732470772], "H": [1.0, 1, 2.1839330031010264e-05], "DRB5": [1.0, 1, 2.9882528981257492e-05], "DRB3": [4.0, 2, 0.00011953011592502997]}