{"B": [62.0, 46, 0.33878404731455736], "L": [1.0, 1, 0.005429359364338842], "T": [1.0, 1, 0.01296422192443436], "DMB": [1.0, 1, 0.007513355888024459], "DRB1": [16.0, 4, 0.11886297854312851], "DMA": [4.0, 1, 0.030282838999060414], "DRA": [5.0, 2, 0.03889266577330308], "DPA1": [8.0, 7, 0.060797730404243897], "DPB1": [3.0, 3, 0.022975204105464754], "E": [17.0, 7, 0.0933208705501488], "DRB4": [1.0, 1, 0.007428936158945532], "A": [32.0, 23, 0.17342303426784322], "C": [8.0, 8, 0.04323762298503448], "DQA1": [5.0, 2, 0.03874074129762611], "DQB1": [1.0, 1, 0.007346392423846136]}