{"A": [59.0, 54, 0.1507839080948956], "B": [58.0, 49, 0.1494532754838887], "DRA": [37.0, 2, 0.13572055057634275], "DRB5": [7.0, 2, 0.024522844698731835], "T": [2.0, 1, 0.012227076628499348], "DRB4": [6.0, 2, 0.021019581170341573], "DMA": [3.0, 1, 0.01071035910778855], "DQB1": [13.0, 12, 0.045036398914972596], "DRB1": [27.0, 8, 0.09458811526653707], "E": [29.0, 11, 0.0750713178053297], "DQA1": [13.0, 9, 0.04749932698063515], "F": [1.0, 1, 0.002695594703401153], "DMB": [1.0, 1, 0.003543073341212879], "DPA1": [21.0, 13, 0.07525976476507357], "C": [44.0, 38, 0.11214261561724469], "DPB1": [11.0, 9, 0.03972619684510502]}