{"A": [17485.0, 1832, 0.14009725578178106], "B": [40454.0, 2131, 0.32681345049869565], "C": [11321.0, 1419, 0.09046150386126667], "DMA": [908.0, 2, 0.01016318039659899], "DOB": [31.0, 6, 0.00033178458785321474], "DPA1": [4705.0, 108, 0.052864508357771456], "DPB1": [4343.0, 281, 0.04917395533973647], "DQA1": [2103.0, 127, 0.024090420713452004], "DQB1": [2034.0, 226, 0.022091858944325235], "DRA": [7764.0, 9, 0.08928745072552895], "DRB1": [6038.0, 136, 0.06631731346616077], "DRB3": [861.0, 11, 0.009456642413773505], "DRB4": [498.0, 11, 0.0054696956121477415], "DRB5": [1769.0, 6, 0.019429501080099103], "E": [8893.0, 296, 0.07217475893637783], "F": [1029.0, 11, 0.008696229190932646], "HFE": [2.0, 1, 1.6805430644566196e-05], "K": [13.0, 9, 0.00010463802218810178], "L": [142.0, 3, 0.001139840600205399], "T": [405.0, 1, 0.007762626125673885], "DMB": [284.0, 3, 0.003154710348043225], "J": [3.0, 2, 2.4103131349124393e-05], "DPB2": [13.0, 3, 0.00014738319362318976], "DPA2": [1.0, 1, 1.2002241394857304e-05], "V": [1.0, 1, 1.7016717490194205e-05], "DOA": [53.0, 11, 0.0006192232084313565], "H": [7.0, 4, 5.618932536223798e-05], "G": [3.0, 1, 2.5951749092715052e-05]}