{"A": [10.0, 10, 0.18327172173770245], "DRB5": [1.0, 1, 0.025122640507864828], "DMA": [1.0, 1, 0.025602080212213395], "DRA": [5.0, 2, 0.13152441207058646], "F": [1.0, 1, 0.019330677278385906], "DRB1": [2.0, 2, 0.050245281015729656], "E": [4.0, 3, 0.07425547987748977], "B": [19.0, 18, 0.3510940917256151], "DPA1": [3.0, 3, 0.0771005174206886], "C": [2.0, 2, 0.03655446874986326], "DPB1": [1.0, 1, 0.025898629403860653]}