{"A": [322.0, 207, 0.17844489982598305], "B": [607.0, 231, 0.3391653049564537], "C": [336.0, 190, 0.18569600759050292], "DPB1": [38.0, 23, 0.029758647291059405], "DRA": [59.0, 3, 0.04692898753918254], "L": [5.0, 2, 0.002775939894491111], "T": [6.0, 1, 0.00795406568460721], "W": [1.0, 1, 0.0006500919069150124], "DRB1": [69.0, 20, 0.05241639914631605], "DMA": [6.0, 1, 0.004644931487575965], "DPA1": [29.0, 14, 0.022536519439720425], "F": [18.0, 6, 0.010521372187996281], "E": [148.0, 37, 0.08307742775011331], "DQA1": [19.0, 8, 0.015053690719500754], "DRB3": [11.0, 5, 0.008356237545064878], "DQB1": [16.0, 8, 0.012019477034517561]}