{"A": [1006.0, 361, 0.12357714734914697], "B": [1754.0, 427, 0.21724222111093164], "C": [685.0, 261, 0.083916193877348], "DMA": [92.0, 2, 0.01578729798893842], "DPB1": [373.0, 76, 0.06474859338874417], "DRA": [720.0, 8, 0.12694441145069665], "DRB1": [656.0, 53, 0.11046224067557499], "DRB5": [5.0, 3, 0.0008419378100272484], "E": [519.0, 108, 0.06457740672448666], "F": [74.0, 6, 0.009587900432575432], "L": [23.0, 2, 0.002830478152213868], "T": [34.0, 1, 0.009990995345656681], "Y": [6.0, 2, 0.000982124542473533], "DRB3": [108.0, 6, 0.018185856696588565], "DRB4": [56.0, 4, 0.009429703472305182], "DMB": [21.0, 2, 0.0035763221975930164], "DPA1": [375.0, 49, 0.06459695266588371], "DQB1": [157.0, 57, 0.02614310448780165], "DOB": [4.0, 3, 0.0006563427599336506], "K": [2.0, 2, 0.0002468040936255539], "DOA": [4.0, 3, 0.0007164857219992838], "DQA1": [256.0, 43, 0.04495947905545506]}