{"A": [3120.0, 504, 0.24133077127342503], "B": [4228.0, 642, 0.32973689636356485], "C": [740.0, 356, 0.05708274478768815], "DMA": [62.0, 2, 0.006699302531973674], "DPB1": [321.0, 70, 0.035086856491720636], "DRA": [388.0, 5, 0.04307554068249942], "DRB1": [697.0, 40, 0.07390276867064399], "E": [971.0, 140, 0.0760764773273643], "F": [125.0, 10, 0.010198110900908145], "L": [56.0, 1, 0.004339482285250666], "T": [43.0, 1, 0.00795639282365754], "DRB4": [211.0, 9, 0.02237228721593383], "DMB": [14.0, 3, 0.0015012855380791446], "DPB2": [1.0, 1, 0.00010944570564789051], "DQB1": [84.0, 54, 0.008807541823397647], "DPA1": [399.0, 37, 0.04327843827014361], "DQA1": [338.0, 35, 0.03737798859762227], "DRB3": [2.0, 2, 0.0002120595944638278], "K": [3.0, 3, 0.00023311034103228647], "DOA": [3.0, 2, 0.00033836600630582884], "DOB": [2.0, 1, 0.00020664201358336506], "H": [1.0, 1, 7.74907550937619e-05]}