{"A": [625.0, 321, 0.2610188704907943], "B": [625.0, 309, 0.2631760512386521], "C": [331.0, 205, 0.13785893006856792], "DMA": [14.0, 2, 0.008167698884853924], "DPB1": [44.0, 33, 0.02596724565488032], "DRA": [83.0, 6, 0.04975203920169004], "DRB3": [40.0, 8, 0.022899273492046315], "E": [210.0, 50, 0.08883502753914001], "L": [6.0, 1, 0.002510353750063289], "T": [15.0, 1, 0.014985553976412663], "DMB": [7.0, 2, 0.004052911189075243], "DQA1": [6.0, 6, 0.003582483997486152], "DQB1": [21.0, 14, 0.011888539487954045], "F": [25.0, 7, 0.011012438801110169], "DRB1": [124.0, 40, 0.07098774782534358], "K": [3.0, 3, 0.0012586220082659492], "DPA1": [35.0, 23, 0.020497481875782837], "DRB5": [1.0, 1, 0.0005724818373011579], "DOB": [1.0, 1, 0.0005578563889029532], "H": [1.0, 1, 0.00041839229167721484]}