{"A": [1224.0, 507, 0.19793618272158192], "B": [1254.0, 456, 0.2044634899949318], "C": [1365.0, 412, 0.22013618975146282], "DMB": [12.0, 4, 0.002690309078880681], "DOA": [2.0, 2, 0.00047160796601892417], "DOB": [6.0, 4, 0.0012960613080739048], "DPA1": [194.0, 26, 0.04399325344315229], "DRA": [263.0, 7, 0.061043640511386756], "DRB1": [299.0, 45, 0.06628034876733005], "DRB5": [31.0, 3, 0.006871875624706459], "E": [491.0, 88, 0.08042634318284812], "F": [54.0, 7, 0.009210625895418587], "L": [6.0, 1, 0.0009720459810554287], "T": [33.0, 1, 0.012765780335080879], "K": [1.0, 1, 0.00016245233230203566], "DPB2": [1.0, 1, 0.0002288149474305734], "DMA": [37.0, 1, 0.008358441184003338], "V": [1.0, 1, 0.0003434437121975338], "DQA1": [60.0, 27, 0.013871906187978513], "DPB1": [172.0, 59, 0.03930551951538416], "DQB1": [102.0, 49, 0.022359457677808326], "DRB3": [30.0, 5, 0.006650202217457864], "H": [1.0, 1, 0.0001620076635092381]}