{"A": [393.0, 234, 0.1745933399645049], "B": [371.0, 213, 0.16618181299756948], "C": [210.0, 142, 0.093039943629815], "DMA": [24.0, 2, 0.014894507878796991], "DQB1": [30.0, 21, 0.018066486408540795], "DRA": [194.0, 7, 0.12370229517377344], "E": [109.0, 48, 0.049049510609165646], "L": [2.0, 2, 0.0008901371040704407], "T": [20.0, 1, 0.021254689892400938], "DRB4": [38.0, 8, 0.023141342141276975], "DQA1": [55.0, 15, 0.034933245204014425], "DPB2": [1.0, 1, 0.0006286019755548988], "V": [1.0, 1, 0.0009435108956104478], "F": [16.0, 4, 0.00749733153553278], "DRB1": [227.0, 31, 0.13823907015973352], "DPA1": [107.0, 27, 0.06665910502461604], "DPB1": [99.0, 50, 0.06215150343633146], "DMB": [5.0, 1, 0.0030795147287285447], "DRB3": [1.0, 1, 0.0006089826879283415], "H": [1.0, 1, 0.00044506855203522034]}