{"A": [440.0, 242, 0.22507640646332203], "B": [713.0, 272, 0.36774035110102427], "C": [168.0, 129, 0.08570410007813194], "DMA": [14.0, 2, 0.0100042635905453], "DPA1": [44.0, 21, 0.03156243860750033], "DPB1": [38.0, 23, 0.027468959820041088], "DRA": [61.0, 3, 0.04478659403476049], "DRB1": [72.0, 23, 0.05048700598503117], "DRB5": [21.0, 3, 0.014725376745634093], "HFE": [1.0, 1, 0.0005364545764885117], "L": [5.0, 1, 0.00256235374809978], "T": [10.0, 1, 0.012236774326437294], "DRB3": [4.0, 4, 0.002804833665835065], "E": [181.0, 47, 0.0937840382164284], "F": [20.0, 4, 0.010790930674034041], "DQA1": [13.0, 10, 0.009507400052845226], "DQB1": [14.0, 12, 0.009707840965640252], "K": [1.0, 1, 0.0005138773482007977]}