{"B": [23.0, 22, 0.2509874164481443], "DRB5": [2.0, 2, 0.02967218113358619], "DMA": [2.0, 1, 0.030238444132318753], "DRA": [12.0, 1, 0.18641111441570618], "E": [3.0, 3, 0.03288849228044632], "DPB1": [3.0, 3, 0.045883044571433475], "DQA1": [2.0, 2, 0.030947157666669972], "DPA1": [5.0, 5, 0.07588575060026354], "DRB3": [1.0, 1, 0.014836090566793095], "DRB1": [7.0, 7, 0.10385263396755168], "C": [9.0, 9, 0.09714203169483325], "A": [8.0, 7, 0.08658439740620233], "DQB1": [1.0, 1, 0.01467124511605095]}