{"A": [52.0, 45, 0.15647350013376826], "B": [59.0, 52, 0.17900449045817926], "C": [73.0, 62, 0.21906617986659085], "DRA": [26.0, 4, 0.11229274715482192], "T": [1.0, 1, 0.007198253022744996], "DMB": [3.0, 2, 0.012515144459999822], "DPB1": [7.0, 7, 0.02976574898594552], "DPA1": [15.0, 11, 0.06329498347586116], "DRB1": [25.0, 14, 0.10312104049438055], "F": [4.0, 3, 0.01269547795365976], "E": [18.0, 10, 0.054863437706567486], "DRB3": [2.0, 2, 0.008249683239550444], "DQA1": [3.0, 3, 0.012906242724374815], "DQB1": [7.0, 6, 0.028553070323555144]}