{"A": [174.0, 120, 0.24218241331957902], "B": [175.0, 115, 0.24558727673473027], "C": [118.0, 87, 0.16379113136092546], "DQB1": [12.0, 12, 0.02264080798849704], "DRA": [33.0, 2, 0.06592470561356491], "T": [4.0, 1, 0.013318122346174731], "DRB4": [7.0, 3, 0.01335553280220331], "DMB": [1.0, 1, 0.0019296143172014525], "DRB1": [28.0, 16, 0.05342213120881324], "F": [6.0, 3, 0.008808383511374928], "E": [67.0, 27, 0.09445853701842977], "DPA1": [15.0, 12, 0.029276906881677205], "DQA1": [8.0, 6, 0.01591931811691198], "DRB3": [2.0, 1, 0.0038158665149152313], "DPB1": [13.0, 12, 0.025569252265001483]}