{"A": [63.0, 57, 0.13743424055260467], "B": [89.0, 70, 0.19575770483014318], "C": [96.0, 68, 0.20885296812665186], "DRA": [27.0, 3, 0.08453938158361901], "DRB1": [21.0, 9, 0.06279766796785682], "DRB5": [4.0, 3, 0.01196146056530606], "T": [4.0, 1, 0.020873921378671362], "DRB4": [2.0, 1, 0.00598073028265303], "DQA1": [16.0, 11, 0.04990171829588622], "DMA": [5.0, 1, 0.015237165891873655], "DPB1": [30.0, 17, 0.09248194896534899], "F": [3.0, 2, 0.0069028313492868545], "DPA1": [9.0, 5, 0.02753198250807516], "DMB": [1.0, 1, 0.0030243465633870443], "E": [20.0, 12, 0.04419340365687341], "DQB1": [11.0, 10, 0.032528527481762874]}