{"B": [32.0, 27, 0.15127201747420946], "C": [20.0, 20, 0.09351454758708794], "E": [13.0, 11, 0.06173771769437222], "T": [1.0, 1, 0.011215633648516757], "DRB4": [2.0, 1, 0.012853872271333808], "DMA": [3.0, 1, 0.01964876276591294], "DRA": [14.0, 2, 0.09421132264754074], "DQB1": [5.0, 5, 0.03177762867079747], "F": [2.0, 2, 0.009890443505608434], "DPA1": [11.0, 7, 0.07232149973353907], "DPB1": [10.0, 8, 0.06625451537540786], "DQA1": [5.0, 3, 0.03351546773873171], "DRB1": [24.0, 14, 0.15424646725600571], "A": [40.0, 35, 0.18754010363093593]}