{"A": [183.0, 132, 0.15729973160108768], "B": [252.0, 170, 0.21839962734696472], "C": [117.0, 88, 0.10029465175655182], "DMA": [17.0, 2, 0.02041294226884344], "L": [1.0, 1, 0.0008611299175242026], "T": [3.0, 1, 0.006168616925532851], "DPA1": [39.0, 22, 0.04700911519112965], "DRB4": [15.0, 4, 0.017674127146189628], "DMB": [2.0, 2, 0.002383329266683147], "DQA1": [16.0, 12, 0.01966246645013596], "DRB1": [99.0, 25, 0.11664923916485154], "DRA": [96.0, 3, 0.11843744497023072], "DPB1": [36.0, 22, 0.04372811071536028], "F": [11.0, 3, 0.009972893646178468], "E": [80.0, 30, 0.06965301768313846], "DQB1": [13.0, 8, 0.015147381561586222], "DRB5": [29.0, 3, 0.034169979149299944], "G": [1.0, 1, 0.0009280220153456501], "DOB": [1.0, 1, 0.0011481732233656035]}