{"A": [1307.0, 437, 0.1698065699807047], "B": [2254.0, 490, 0.295261807469342], "C": [428.0, 243, 0.055454614691250494], "DMA": [65.0, 2, 0.011797012854567494], "DPB1": [291.0, 82, 0.05342606795710928], "DRA": [524.0, 8, 0.09771271799564779], "DRB3": [79.0, 8, 0.01406940778241648], "E": [557.0, 98, 0.07330053678335734], "L": [8.0, 1, 0.001041263571441892], "T": [33.0, 1, 0.010256105896489747], "Y": [1.0, 1, 0.00017312270544604273], "DMB": [21.0, 2, 0.0037824688068665707], "DQB1": [100.0, 39, 0.017611494973770275], "V": [1.0, 1, 0.0002759247761847954], "DPB2": [1.0, 1, 0.00018383132640146808], "H": [2.0, 2, 0.000260315892860473], "F": [68.0, 8, 0.00931835872387384], "DRB1": [573.0, 52, 0.10204772986486887], "DPA1": [381.0, 38, 0.06941358191386009], "DQA1": [74.0, 33, 0.01374522146780977], "DOA": [4.0, 4, 0.0007577854411024659], "K": [1.0, 1, 0.0001305151960544732], "DOB": [1.0, 1, 0.0001735439285736487]}