{"A": [7425.0, 1650, 0.14844278197023197], "B": [14315.0, 2072, 0.2885548907435481], "C": [5355.0, 1439, 0.10676702049263453], "DMA": [411.0, 3, 0.011478476325933183], "DPA1": [2227.0, 96, 0.06243432517453494], "DPB1": [1559.0, 236, 0.04404433562680735], "DQA1": [775.0, 123, 0.02215161779558938], "DQB1": [807.0, 243, 0.021870236672049712], "DRA": [3267.0, 9, 0.09374598277837709], "DRB1": [3043.0, 203, 0.08339392280152952], "DRB3": [182.0, 17, 0.004987740371304099], "DRB5": [559.0, 8, 0.01531948828329116], "E": [3147.0, 272, 0.06372831382417427], "F": [490.0, 11, 0.010332616663674752], "H": [5.0, 5, 0.00010014388078062542], "HFE": [2.0, 1, 4.193226106420839e-05], "L": [93.0, 3, 0.0018626761825196326], "T": [255.0, 1, 0.012195299259507275], "Y": [16.0, 3, 0.00042624346926433185], "DRB4": [126.0, 7, 0.0034530510262874526], "DMB": [131.0, 3, 0.0036308731886260295], "K": [13.0, 9, 0.0002610887490141539], "DPB2": [4.0, 2, 0.00011315226117068603], "V": [1.0, 1, 4.245945583580869e-05], "DOB": [17.0, 5, 0.0004539855928721685], "DOA": [5.0, 4, 0.00014576054891841364], "G": [1.0, 1, 2.158460045930491e-05]}