{"A": [2277.0, 568, 0.19565135339078368], "B": [2609.0, 642, 0.2260311867564603], "C": [1360.0, 404, 0.11653966230698945], "DMA": [89.0, 2, 0.010682911399677806], "DOA": [1.0, 1, 0.00012529311010858074], "DPA1": [363.0, 44, 0.04373881663342191], "DPB1": [446.0, 79, 0.0541546814834563], "DRA": [762.0, 5, 0.09397572872779361], "DRB1": [740.0, 56, 0.08716083247778199], "DRB5": [3.0, 2, 0.00035335472626127834], "DRB7": [1.0, 1, 0.00025158856509803013], "E": [898.0, 118, 0.07815724104867311], "F": [147.0, 11, 0.013322593324715575], "K": [6.0, 4, 0.0005179087570636485], "L": [8.0, 1, 0.0006886548314727103], "T": [58.0, 1, 0.011921680372292279], "Y": [7.0, 2, 0.0008014805623571956], "DRB3": [35.0, 6, 0.00412247180638158], "DRB4": [85.0, 5, 0.01001171724406955], "DMB": [30.0, 3, 0.0035737012087788374], "DQB1": [95.0, 40, 0.011065237816811511], "DOB": [5.0, 2, 0.0005738790262272586], "DQA1": [296.0, 48, 0.036362409799324674], "G": [1.0, 1, 9.276864494765124e-05], "DQA2": [1.0, 1, 0.00012284597905177252]}