{"A": [127.0, 94, 0.17609875653201884], "B": [162.0, 108, 0.22648635544340603], "C": [110.0, 76, 0.15211087854232186], "DRA": [44.0, 4, 0.08756814498044253], "DRB5": [19.0, 3, 0.03611403323376269], "T": [2.0, 1, 0.0066339503773062535], "DQA1": [15.0, 10, 0.02973616428890205], "K": [1.0, 1, 0.001392947494594497], "DMA": [11.0, 1, 0.021307134513371035], "DRB1": [52.0, 27, 0.09883840674503473], "DOB": [1.0, 1, 0.0018521795761457238], "F": [6.0, 4, 0.00877516779015438], "E": [41.0, 11, 0.05758501482957858], "DPB1": [27.0, 12, 0.05290511391631685], "DPA1": [17.0, 7, 0.03305537343175012], "DQB1": [4.0, 2, 0.007518477094280419], "DOA": [1.0, 1, 0.00202190121061326]}