{"A": [136.0, 111, 0.1633718046807807], "B": [109.0, 83, 0.13201982612086907], "C": [133.0, 98, 0.15933267968125983], "DPB1": [39.0, 28, 0.06620398421568996], "DRB1": [71.0, 22, 0.11691396002519185], "F": [7.0, 3, 0.008869269443807426], "T": [3.0, 1, 0.00862083052381282], "DMA": [2.0, 1, 0.0033562011962935414], "DRA": [66.0, 4, 0.11379496291432924], "E": [44.0, 21, 0.05353822055932464], "DQA1": [22.0, 12, 0.037783483780148376], "DPA1": [45.0, 14, 0.07580385460594032], "DRB3": [9.0, 4, 0.014820079439813052], "DOB": [1.0, 1, 0.0016046071412936273], "DQB1": [27.0, 22, 0.043966235671445385]}