{"A": [2609.0, 422, 0.19707367433678538], "B": [3634.0, 464, 0.27676675262636685], "C": [2095.0, 433, 0.15781692722760862], "DMA": [80.0, 2, 0.008441591181115685], "DOA": [1.0, 1, 0.00011014426740300346], "DPB1": [400.0, 89, 0.04269685114772799], "DRA": [607.0, 8, 0.06580882411262509], "DRB1": [632.0, 60, 0.06543972069915074], "DRB3": [100.0, 14, 0.010354386186574483], "E": [897.0, 123, 0.06863095398427313], "K": [5.0, 3, 0.00037940820381729927], "L": [9.0, 2, 0.0006810654198815279], "T": [51.0, 1, 0.00921540370605129], "Y": [6.0, 2, 0.0006039220875324876], "DPA1": [423.0, 36, 0.044805928363904554], "DMB": [24.0, 2, 0.0025132919198321705], "DPA2": [1.0, 1, 0.00011314956801427233], "DOB": [6.0, 2, 0.0006053914843391359], "F": [107.0, 8, 0.00852491236208203], "DQA1": [273.0, 41, 0.029482092325218777], "DQB1": [94.0, 42, 0.009624977204098014], "DRB4": [3.0, 1, 0.0003106315855972345]}