{"A": [515.0, 241, 0.15433423327805582], "B": [711.0, 218, 0.21483206391727702], "C": [741.0, 267, 0.22145641686943943], "DMA": [30.0, 2, 0.012559029729437877], "DMB": [4.0, 3, 0.00166185140864279], "DPB1": [106.0, 41, 0.04488923727747088], "DRB4": [19.0, 3, 0.007805099874299844], "DRB5": [4.0, 2, 0.0016431789209052305], "H": [1.0, 1, 0.0003002249807584602], "K": [2.0, 2, 0.0006020980400938196], "L": [6.0, 1, 0.0018013498845507612], "T": [7.0, 1, 0.005018139547666464], "DRB3": [27.0, 6, 0.011091457716110305], "DRB1": [178.0, 35, 0.07312146198028274], "DRA": [152.0, 4, 0.06537918953531163], "DOB": [2.0, 2, 0.0008005999486892273], "F": [34.0, 7, 0.010746958389032911], "E": [258.0, 45, 0.07831551416891908], "DQA1": [63.0, 19, 0.026992102176315313], "DQB1": [42.0, 23, 0.017061674462065975], "DPA1": [118.0, 24, 0.04958811789467451]}