{"A": [2099.0, 441, 0.08589228285694364], "B": [5182.0, 732, 0.21380289233082733], "C": [2902.0, 390, 0.11842792944792871], "DMA": [308.0, 2, 0.017606467023369078], "DPA1": [1472.0, 62, 0.08446758842240897], "DPB1": [1166.0, 116, 0.06742509682473882], "DQB1": [413.0, 74, 0.02290915549219185], "DRA": [2475.0, 6, 0.14536431807109343], "DRB1": [2139.0, 70, 0.11998371803471049], "DRB5": [3.0, 1, 0.00016828010944559675], "DRB6": [1.0, 1, 0.00011761986707323125], "E": [1486.0, 130, 0.061593314376248945], "L": [42.0, 2, 0.0017218003169004762], "T": [58.0, 1, 0.005677528921295231], "DRB3": [244.0, 11, 0.013686782234908537], "DMB": [77.0, 3, 0.004368271174358616], "DPB2": [12.0, 2, 0.0006948060188965103], "DPA2": [1.0, 1, 6.129712035740019e-05], "V": [3.0, 1, 0.00026072024693602126], "F": [184.0, 9, 0.007941657268821591], "DOB": [9.0, 3, 0.0004919429476858504], "DQA1": [452.0, 64, 0.026443641573349476], "H": [2.0, 2, 8.199049128097505e-05], "DOA": [10.0, 7, 0.0005966904279146658], "DQA2": [2.0, 2, 0.00011700726359889148], "DRB4": [1.0, 1, 5.609336981519892e-05], "K": [1.0, 1, 4.110776690025099e-05]}