{"A": [7123.0, 895, 0.1894289797545574], "B": [8770.0, 1110, 0.23515679343784612], "C": [3819.0, 728, 0.10128570500514379], "DMA": [314.0, 2, 0.011665219576467564], "DPA1": [1760.0, 83, 0.06563518621544676], "DPB1": [1373.0, 184, 0.05159829301040714], "DQA1": [543.0, 82, 0.02064545342687269], "DQB1": [674.0, 131, 0.024297449806195495], "DRA": [2624.0, 8, 0.10015859218417049], "DRB1": [2595.0, 100, 0.09459989667984126], "DRB5": [18.0, 4, 0.0006561842544266446], "E": [2718.0, 234, 0.07321599793095672], "HFE": [1.0, 1, 2.7889397633224148e-05], "K": [12.0, 5, 0.0003205877327207943], "L": [10.0, 1, 0.0002664251762954898], "T": [145.0, 1, 0.009224463838100053], "DRB3": [221.0, 17, 0.008056484457127136], "DRB4": [11.0, 2, 0.0004010014888162828], "DMB": [91.0, 3, 0.0033550734069453247], "DPA2": [7.0, 2, 0.00027885592804079097], "DPB2": [6.0, 1, 0.00022577473702566252], "H": [1.0, 1, 2.664251762954898e-05], "F": [296.0, 9, 0.008302842458508897], "DOB": [18.0, 4, 0.0006394204231091755], "DOA": [13.0, 7, 0.0005041203070196731], "J": [1.0, 1, 2.6666848695877334e-05]}