{"A": [5112.0, 816, 0.1605344050445297], "B": [7379.0, 883, 0.2336411033000901], "C": [5128.0, 796, 0.1605980676119317], "DMA": [203.0, 2, 0.008905393406024493], "DOB": [10.0, 3, 0.00041947665894401806], "DPB1": [957.0, 124, 0.04246885349613225], "DQB1": [293.0, 39, 0.01247275004938654], "DRA": [2033.0, 8, 0.09163377139274262], "DRB3": [274.0, 11, 0.011794992377109025], "E": [2751.0, 175, 0.08750662337238052], "F": [262.0, 11, 0.008678210487686792], "HFE": [1.0, 1, 3.293312451308336e-05], "L": [37.0, 1, 0.00116404772856965], "T": [127.0, 1, 0.009540489397342445], "DRB4": [191.0, 9, 0.008222056730028555], "DMB": [67.0, 3, 0.0029169517063993497], "K": [1.0, 1, 3.154710097456385e-05], "DPB2": [4.0, 2, 0.0001777370173463829], "DRB1": [1967.0, 49, 0.0846742700940637], "DPA1": [1130.0, 55, 0.04976182495871528], "DOA": [20.0, 8, 0.0009158295183319598], "W": [1.0, 1, 3.683865530469902e-05], "DQA1": [531.0, 40, 0.023840366022031625], "H": [1.0, 1, 3.146074942080135e-05]}