{"A": [30395.0, 1793, 0.2373476408579806], "B": [42189.0, 2044, 0.3321669842009127], "C": [7337.0, 1368, 0.05713685238786955], "DMA": [573.0, 2, 0.00625053494704633], "DPA1": [4221.0, 83, 0.04622093237185766], "DPB1": [3130.0, 193, 0.034538894315462296], "DQA1": [3585.0, 69, 0.040023314515926355], "DRA": [3795.0, 7, 0.042533924597055024], "DRB1": [6897.0, 104, 0.07382659213157622], "DRB5": [4.0, 1, 4.2816640354691146e-05], "DRB7": [1.0, 1, 2.286408594940507e-05], "E": [9529.0, 329, 0.07537080546997725], "F": [1305.0, 14, 0.010748426572036606], "HFE": [3.0, 1, 2.456742759606562e-05], "K": [30.0, 8, 0.0002353348279330348], "L": [556.0, 3, 0.00434960029238226], "T": [470.0, 1, 0.008779510127631032], "V": [7.0, 2, 0.00011608941125181492], "DRB4": [1767.0, 10, 0.018914250876684812], "DMB": [105.0, 3, 0.0011367088185073543], "J": [2.0, 2, 1.5660332842058266e-05], "DQB1": [917.0, 169, 0.00970665130352058], "DPB2": [1.0, 1, 1.104901060699343e-05], "H": [16.0, 8, 0.000125168353737619], "DOB": [10.0, 3, 0.00010430696144801585], "DOA": [13.0, 6, 0.00014802446082782167], "DRB3": [8.0, 5, 8.563328070938229e-05], "G": [2.0, 1, 1.686142031667041e-05]}