{"A": [120.0, 98, 0.2420586167463855], "B": [111.0, 84, 0.2257546685936331], "C": [160.0, 116, 0.32186540864369517], "E": [46.0, 20, 0.09398752010014176], "L": [1.0, 1, 0.0020208360795888934], "T": [1.0, 1, 0.004825351510303764], "Y": [1.0, 1, 0.002687908183530858], "DRB4": [1.0, 1, 0.0027650890677021565], "DRA": [5.0, 1, 0.014476054530911291], "F": [4.0, 3, 0.008510418225665428], "DRB1": [13.0, 10, 0.03594615788012804], "DQA1": [3.0, 3, 0.008651704465739951], "DMB": [1.0, 1, 0.0027965105343805904], "DOB": [1.0, 1, 0.002694448106118525], "DRB3": [2.0, 2, 0.005530178135404313], "DPA1": [5.0, 4, 0.01414327166813172], "DPB1": [3.0, 3, 0.008551491672700492], "DQB1": [1.0, 1, 0.002734365855838799]}