{"C": [6.0, 6, 0.20074997717917512], "DRA": [3.0, 1, 0.14446125808775936], "E": [1.0, 1, 0.03398304502986959], "B": [11.0, 11, 0.37209717992301655], "A": [6.0, 6, 0.2012984743845827], "DPB1": [1.0, 1, 0.047410065395596696]}