{"A": [658.0, 318, 0.22232510642426548], "B": [773.0, 272, 0.2633398413229016], "C": [243.0, 142, 0.08188114555361936], "DRA": [149.0, 5, 0.07225864088289466], "DRB5": [47.0, 4, 0.021768589874607055], "HFE": [1.0, 1, 0.0003543384439748877], "L": [5.0, 2, 0.001692483352380052], "T": [20.0, 1, 0.016165244045390305], "DQA1": [48.0, 20, 0.023187021927606716], "DMA": [24.0, 1, 0.011328010712723892], "DPB2": [1.0, 1, 0.0004780829263424065], "E": [178.0, 52, 0.06091940816404421], "DRB1": [152.0, 38, 0.0704005459774526], "DOB": [1.0, 1, 0.00045132889396801395], "DPA1": [122.0, 35, 0.05780468301748188], "F": [21.0, 3, 0.0074839955501209], "DPB1": [108.0, 39, 0.051566504364098334], "DQB1": [68.0, 45, 0.03114503686078532], "DMB": [3.0, 1, 0.0014052740562185888], "DRB3": [8.0, 2, 0.003705291893550137], "K": [1.0, 1, 0.00033942575557338286]}