{"T": [2.0, 1, 0.025362595330620522], "DMA": [1.0, 1, 0.007405490621345306], "DRA": [9.0, 1, 0.0684790073926754], "DQB1": [1.0, 1, 0.007186068677009148], "F": [3.0, 3, 0.016774396623566022], "DPB1": [3.0, 3, 0.022473805514970694], "DRB1": [5.0, 4, 0.036334055108473214], "DPA1": [4.0, 3, 0.029735456594520614], "DRB3": [1.0, 1, 0.007266811021694644], "DQA1": [3.0, 3, 0.022737170423349256], "E": [14.0, 8, 0.07517529409343518], "C": [29.0, 28, 0.15331585215526328], "B": [67.0, 51, 0.3581156539038443], "A": [32.0, 30, 0.16963834253923235]}