{"A": [354.0, 241, 0.21525430041808422], "B": [381.0, 271, 0.23358664593625134], "C": [121.0, 109, 0.07337514392397726], "DRA": [98.0, 3, 0.0855294255832042], "DRB1": [113.0, 37, 0.09418827479095122], "E": [117.0, 45, 0.07206219629513416], "L": [3.0, 1, 0.001827517798613266], "T": [9.0, 1, 0.013091238609674115], "DRB4": [21.0, 6, 0.017504015669114827], "DMA": [19.0, 1, 0.016139198743987553], "DPB1": [51.0, 33, 0.04382279488257705], "DQB1": [20.0, 15, 0.01648526343440444], "DPA1": [64.0, 23, 0.05457190654147677], "F": [17.0, 4, 0.010903077689325127], "DQA1": [52.0, 19, 0.045205683324030924], "DRB5": [1.0, 1, 0.0008335245556721346], "DRB3": [5.0, 5, 0.004167622778360673], "DMB": [1.0, 1, 0.0008429964256229544], "H": [1.0, 1, 0.0006091725995377553]}