{"A": [2582.0, 659, 0.12282220401014214], "B": [5726.0, 861, 0.2746290360466709], "C": [3253.0, 650, 0.15431911815615887], "DMA": [157.0, 2, 0.010432781095829005], "DOA": [7.0, 6, 0.0004855411609549165], "DPB1": [779.0, 138, 0.052364797385744], "DQA1": [479.0, 59, 0.032575964419893216], "DRA": [1379.0, 8, 0.09415119131661864], "DRB1": [1523.0, 93, 0.09930940407796618], "DRB3": [306.0, 17, 0.01995316982787764], "DRB7": [1.0, 1, 0.00013928095017106746], "E": [1004.0, 161, 0.04837571747177759], "F": [170.0, 9, 0.008529453000389578], "H": [1.0, 1, 4.7655434593202825e-05], "L": [18.0, 1, 0.0008577978226776509], "T": [68.0, 1, 0.007737830565059303], "Y": [3.0, 1, 0.0001901590642505472], "DRB4": [9.0, 4, 0.0005868579361140483], "DMB": [34.0, 2, 0.0022422122660115027], "K": [8.0, 6, 0.0003822898906799656], "DPB2": [4.0, 2, 0.00026922864079458915], "DPA1": [883.0, 54, 0.05890089990471866], "DQB1": [159.0, 55, 0.010252625498703578], "DOB": [7.0, 4, 0.0004447840562032264]}