{"A": [72.0, 53, 0.17585874943215865], "B": [47.0, 40, 0.11574541657988953], "DRB1": [24.0, 10, 0.08035493419746574], "DRB5": [17.0, 3, 0.05691807838987157], "HFE": [1.0, 1, 0.0025614574296470094], "L": [2.0, 1, 0.004893879432190546], "T": [1.0, 1, 0.005842801587887624], "Y": [1.0, 1, 0.0032546673893694405], "DMA": [5.0, 1, 0.017060088605855082], "DRA": [38.0, 2, 0.13321587620383782], "F": [4.0, 2, 0.010304883492182206], "E": [39.0, 18, 0.09648707677562393], "DPA1": [10.0, 7, 0.0342509058600309], "DMB": [2.0, 1, 0.006772338204142473], "DQA1": [12.0, 7, 0.04190384263813155], "DPB1": [13.0, 11, 0.04487000910543816], "DQB1": [13.0, 9, 0.04304197169743883], "C": [52.0, 40, 0.12666302297883905]}