{"A": [24.0, 23, 0.11150499827444313], "L": [1.0, 1, 0.004654519772861107], "T": [2.0, 1, 0.02222812057104912], "DMA": [2.0, 1, 0.012980543692253876], "DRA": [14.0, 1, 0.0933581063984063], "DRB3": [3.0, 2, 0.019106193524553457], "E": [9.0, 7, 0.04235441239806454], "DPA1": [8.0, 7, 0.05212111030452898], "DRB1": [15.0, 10, 0.09553096762276729], "DPB1": [7.0, 6, 0.04595814118068264], "F": [1.0, 1, 0.0049004358031275435], "DQA1": [4.0, 3, 0.02656955037008215], "C": [29.0, 27, 0.13436808034570155], "B": [66.0, 54, 0.30917294976095594], "DQB1": [4.0, 4, 0.025191869980522336]}