{"A": [18017.0, 1276, 0.1370237259583755], "B": [38123.0, 1035, 0.2923309672979928], "C": [14722.0, 943, 0.11165935856865862], "DMA": [1181.0, 2, 0.012547089210191218], "DMB": [287.0, 4, 0.003026023869316958], "DOB": [32.0, 5, 0.00032508265276316365], "DPA1": [4999.0, 104, 0.053313477207696004], "DPB1": [4564.0, 238, 0.04905013999225816], "DQA1": [2298.0, 81, 0.024986443173539003], "DQB1": [3478.0, 198, 0.035855864093636294], "DRA": [7560.0, 8, 0.0825231875293784], "DRB1": [9057.0, 108, 0.09442075872949633], "DRB3": [3544.0, 17, 0.03694680014765761], "DRB5": [20.0, 3, 0.0002085033868377969], "DRB7": [1.0, 1, 2.226816171427671e-05], "E": [6188.0, 310, 0.04766906758116153], "F": [803.0, 14, 0.006441402686082203], "HFE": [5.0, 1, 3.9878513098633073e-05], "K": [43.0, 15, 0.000328521598941182], "L": [303.0, 2, 0.0023085947762634044], "T": [398.0, 1, 0.007240791145655335], "V": [4.0, 2, 6.460781928706976e-05], "Y": [114.0, 3, 0.0011552960112686036], "DPB2": [6.0, 2, 6.456619053752912e-05], "DPA2": [2.0, 1, 2.278461294093797e-05], "DOA": [28.0, 10, 0.00031051221513931666], "H": [15.0, 10, 0.00011428687011204972]}