{"A": [1689.0, 526, 0.15272873623722666], "B": [2495.0, 749, 0.2274762807629798], "C": [1203.0, 463, 0.10848551552162079], "DMA": [149.0, 2, 0.01882162737326147], "DPB1": [381.0, 92, 0.048685250127068654], "DRA": [899.0, 9, 0.1166787332081395], "DRB1": [852.0, 65, 0.10560890201264153], "DRB5": [295.0, 8, 0.03656646255132542], "E": [645.0, 107, 0.059077741087089616], "F": [109.0, 13, 0.010396070528317525], "L": [11.0, 1, 0.0009964960458361011], "T": [30.0, 1, 0.006489362247393743], "Y": [1.0, 1, 0.00012049422619553913], "DPA1": [386.0, 52, 0.04894620122689395], "DRB4": [154.0, 6, 0.0190889329928953], "DMB": [24.0, 3, 0.003008704314700735], "DQA1": [164.0, 34, 0.02120196321765674], "DOB": [6.0, 4, 0.0007247243969717099], "DOA": [6.0, 4, 0.0007911334054591574], "DQB1": [111.0, 41, 0.013606029512035546], "G": [2.0, 2, 0.0001952551472667144], "K": [1.0, 1, 9.083919705866813e-05], "DRB3": [1.0, 1, 0.000123954110343476], "H": [1.0, 1, 9.059054962146374e-05]}