{"A": [1464.0, 502, 0.09225443451554834], "B": [2824.0, 635, 0.17942598007707197], "C": [1962.0, 438, 0.1232991829151947], "DMA": [143.0, 2, 0.012588152801262797], "DPB1": [864.0, 154, 0.07693806121760016], "DRA": [1613.0, 8, 0.14588863026821516], "DRB1": [1438.0, 101, 0.12421524048067276], "DRB3": [44.0, 10, 0.0038007444931499315], "DRB5": [22.0, 2, 0.0019003722465749657], "E": [629.0, 125, 0.04014855118331174], "F": [102.0, 8, 0.006779504553736261], "L": [7.0, 2, 0.0004419122091301357], "T": [50.0, 1, 0.007537127002904276], "DRB4": [168.0, 9, 0.01451193351929974], "DMB": [38.0, 2, 0.003319761848097383], "DQA1": [510.0, 84, 0.045947032815360986], "DQB1": [382.0, 109, 0.032630735171240245], "DPA1": [986.0, 73, 0.08712918815357343], "H": [6.0, 5, 0.0003787818935401164], "DOB": [6.0, 3, 0.0005050425247201551], "Y": [1.0, 1, 8.396944889157918e-05], "DOA": [3.0, 3, 0.0002756606609030329]}