{"A": [1807.0, 415, 0.19461943112608124], "B": [2481.0, 409, 0.2694196520057651], "C": [642.0, 262, 0.06895695813670054], "DMA": [63.0, 2, 0.009478691523855871], "DRA": [628.0, 8, 0.09707973785055399], "DRB1": [587.0, 52, 0.0866634495107241], "E": [772.0, 112, 0.08422061423217292], "F": [98.0, 8, 0.011132833976786213], "L": [14.0, 1, 0.0015105943912714346], "T": [43.0, 1, 0.011078632504176808], "DRB3": [110.0, 6, 0.016240169414275384], "DMB": [21.0, 3, 0.0031356277515785843], "DPA1": [354.0, 50, 0.05346528501213796], "K": [2.0, 2, 0.00021639151128394882], "DPB1": [292.0, 80, 0.04444185918619046], "DQB1": [176.0, 48, 0.025695556939920164], "DOA": [3.0, 3, 0.00047114725464811964], "DQA1": [144.0, 34, 0.02217336767187713]}