{"A": [5526.0, 882, 0.20945625607997426], "B": [3833.0, 989, 0.14648587025968007], "C": [4707.0, 869, 0.1779269258905134], "DMA": [218.0, 2, 0.011543001273721301], "DPB1": [818.0, 127, 0.04381442139808818], "DRA": [1594.0, 7, 0.08671848418675446], "DRB1": [1453.0, 34, 0.07549494868033996], "DRB5": [1012.0, 5, 0.05258147836510946], "E": [1945.0, 252, 0.0746749807763758], "HFE": [1.0, 1, 3.975008982039091e-05], "L": [11.0, 1, 0.0004177023580852574], "T": [162.0, 1, 0.014688827308923277], "Y": [24.0, 3, 0.001212184777920853], "DPA1": [798.0, 47, 0.04241563032627781], "DMB": [54.0, 3, 0.002837614366496542], "DQB1": [559.0, 65, 0.02872179545611068], "H": [16.0, 11, 0.0006075670663058289], "K": [2.0, 2, 7.615433493494838e-05], "F": [234.0, 12, 0.009355132090121164], "DOB": [9.0, 3, 0.00045567529972937175], "DOA": [5.0, 5, 0.00027635022604215995], "DPB2": [1.0, 1, 5.36318866519965e-05], "DQA1": [371.0, 44, 0.02010469484318123], "G": [1.0, 1, 4.0922658841641385e-05]}