{"A": [23532.0, 1829, 0.20473381605119612], "B": [23630.0, 1441, 0.2072855000826556], "C": [18635.0, 1449, 0.16168702115569436], "DMA": [732.0, 2, 0.008896549854138534], "DMB": [232.0, 3, 0.0027983103904514234], "DOB": [38.0, 6, 0.0004416160621225881], "DPA1": [3750.0, 70, 0.0457512103076184], "DPB1": [3436.0, 231, 0.04224401791406018], "DQA1": [2365.0, 105, 0.029417313365137573], "DQB1": [1657.0, 173, 0.01954207030143988], "DRA": [5117.0, 8, 0.06389797036403216], "DRB1": [5407.0, 107, 0.06448473734710551], "DRB3": [784.0, 8, 0.00935010802295741], "DRB5": [7.0, 3, 8.348310734783402e-05], "E": [12000.0, 314, 0.10575113703576443], "F": [1252.0, 14, 0.011489117767255391], "HFE": [1.0, 1, 9.124023602894671e-06], "K": [35.0, 9, 0.00030590104750967547], "L": [197.0, 3, 0.0017170729783845364], "T": [543.0, 1, 0.011301087195514774], "V": [11.0, 3, 0.00020325218536661107], "DRB4": [662.0, 9, 0.00789511672346659], "DPB2": [5.0, 2, 6.155188603241444e-05], "H": [12.0, 11, 0.00010459327787113929], "DOA": [41.0, 8, 0.0005201420467482863], "G": [3.0, 3, 2.817950652575434e-05]}