{"A": [32.0, 25, 0.18375108089642886], "B": [25.0, 23, 0.1447419413052965], "DRA": [11.0, 2, 0.09065954064816453], "DRB1": [15.0, 7, 0.11807039257038794], "DPA1": [12.0, 11, 0.09662772357484621], "DRB4": [5.0, 3, 0.03935679752346264], "DQA1": [5.0, 4, 0.04104790991704893], "DMA": [1.0, 1, 0.008021576289133227], "E": [13.0, 9, 0.07561297649664511], "DPB1": [6.0, 6, 0.048686941801225604], "F": [1.0, 1, 0.006056636852313848], "C": [23.0, 20, 0.1317112226657134], "DRB5": [1.0, 1, 0.007871359504692529], "DQB1": [1.0, 1, 0.00778389995464039]}