{"A": [4368.0, 916, 0.16928261567417566], "B": [5741.0, 779, 0.22433226353840097], "C": [3685.0, 532, 0.14242369361140061], "DMA": [238.0, 2, 0.012885061102034655], "DPA1": [1235.0, 69, 0.0671177311050799], "DPB1": [966.0, 119, 0.05290395970987565], "DQA1": [368.0, 51, 0.02039006780484791], "DQB1": [517.0, 115, 0.027160489674992256], "DRA": [1878.0, 5, 0.1044638972549139], "DRB1": [1627.0, 57, 0.08643449684022157], "DRB3": [7.0, 4, 0.00037187552420500994], "DRB5": [11.0, 5, 0.0005843758237507299], "E": [1728.0, 141, 0.06783385945793778], "F": [190.0, 12, 0.007766671610918136], "HFE": [2.0, 1, 8.128593120158628e-05], "L": [52.0, 1, 0.0020189467328189615], "T": [97.0, 1, 0.00899272100969706], "DRB4": [6.0, 4, 0.0003187504493185799], "DMB": [56.0, 2, 0.003008811059476898], "DPB2": [5.0, 2, 0.00027418289293834033], "K": [1.0, 1, 3.89324656761486e-05], "DOB": [10.0, 4, 0.0005176786494407593], "DOA": [12.0, 9, 0.0006781384061200067], "G": [1.0, 1, 4.184187314063955e-05], "H": [2.0, 2, 7.76517974161139e-05]}