{"A": [179.0, 132, 0.11568947040452712], "B": [253.0, 155, 0.164867777529255], "C": [285.0, 179, 0.1836964160244809], "DPB1": [61.0, 35, 0.05571241164451743], "DRA": [134.0, 5, 0.12430440106297794], "F": [9.0, 3, 0.006135287548701759], "T": [7.0, 1, 0.010822522480607532], "DQA1": [34.0, 13, 0.031416719834888605], "DMA": [18.0, 1, 0.016251486865645117], "DRB1": [113.0, 30, 0.10011267585191205], "DOB": [2.0, 1, 0.001726638101702766], "DOA": [1.0, 1, 0.0009424279678616689], "E": [118.0, 38, 0.07724953381584938], "DPA1": [76.0, 16, 0.06888029086179769], "DQB1": [38.0, 26, 0.03329214058320222], "DMB": [4.0, 2, 0.003584082120201196], "DRB3": [6.0, 3, 0.005315717301871436]}