{"B": [45.0, 42, 0.2803390265843466], "C": [9.0, 9, 0.05545671207090889], "DPA1": [9.0, 7, 0.0779793614177148], "DRB5": [3.0, 1, 0.02540900540577224], "DMA": [1.0, 1, 0.008631303363029502], "DRA": [15.0, 1, 0.13302361653610173], "DQA1": [6.0, 5, 0.053001597213603036], "A": [14.0, 13, 0.08650169599888582], "DOA": [1.0, 1, 0.009009567653839558], "DRB3": [3.0, 2, 0.02540900540577224], "DMB": [1.0, 1, 0.00856591470118837], "DRB1": [9.0, 7, 0.07622701621731671], "E": [15.0, 7, 0.09387736775841128], "DQB1": [3.0, 3, 0.025126683123485885], "F": [1.0, 1, 0.006517007150183658], "DPB1": [4.0, 4, 0.03492511939943983]}