{"A": [447.0, 152, 0.11984582011877312], "B": [268.0, 161, 0.0724477034149316], "C": [443.0, 180, 0.11844974112867275], "DMA": [56.0, 2, 0.020974093013255236], "DMB": [8.0, 3, 0.002973599767030775], "DOA": [5.0, 5, 0.0019547568189644537], "DRA": [465.0, 5, 0.17894073892191073], "E": [190.0, 48, 0.051599088208347674], "K": [1.0, 1, 0.0002693379477914426], "L": [4.0, 1, 0.0010744028355330172], "T": [16.0, 1, 0.01026183449014542], "DRB4": [111.0, 9, 0.04079511590499524], "DPB2": [1.0, 1, 0.0003793638878041839], "DPA1": [205.0, 38, 0.07707433878913102], "DQB1": [77.0, 21, 0.027984877807500738], "F": [22.0, 8, 0.006221421990963523], "DOB": [1.0, 1, 0.00035813427851100573], "DPB1": [183.0, 55, 0.06933424321659787], "DRB1": [405.0, 9, 0.14884704451822586], "DQA1": [131.0, 16, 0.05021434294091422]}