{"A": [1913.0, 449, 0.20227103041522196], "B": [1161.0, 413, 0.12377285165039927], "C": [1022.0, 294, 0.10776671229672585], "DOA": [5.0, 4, 0.0007708965198481687], "DPB1": [472.0, 70, 0.07052482818490521], "DRA": [684.0, 8, 0.10380439067734352], "DRB3": [132.0, 11, 0.019132092506074547], "DRB5": [2.0, 2, 0.000289880189485978], "E": [849.0, 109, 0.09092838237073333], "F": [88.0, 9, 0.009814156962770229], "HFE": [1.0, 1, 0.00011088540199535262], "K": [6.0, 4, 0.0006373120725844513], "L": [21.0, 1, 0.0022244866183137027], "T": [40.0, 1, 0.010117387005589038], "DRB4": [69.0, 7, 0.010000866537266243], "DMB": [20.0, 3, 0.0029317428254831868], "DQA1": [245.0, 32, 0.03703615741254932], "DMA": [90.0, 1, 0.013293551437687122], "DPA1": [520.0, 54, 0.07710146649086817], "DQB1": [179.0, 67, 0.025656007215006202], "DOB": [2.0, 2, 0.00028247449121443843], "DRB1": [630.0, 45, 0.09131225968808308], "J": [1.0, 1, 0.00010602467204487141], "G": [1.0, 1, 0.00011415635780642499]}