{"A": [3991.0, 798, 0.1738036625609604], "B": [2780.0, 788, 0.12206648884406303], "C": [5477.0, 898, 0.23786741797366628], "DMA": [303.0, 2, 0.018433152618855576], "DMB": [53.0, 4, 0.0031998544512629834], "DPB1": [570.0, 121, 0.035077882845928006], "DQB1": [383.0, 106, 0.02260962147282339], "DRA": [1569.0, 5, 0.09807109962148337], "DRB1": [1465.0, 33, 0.08745500018164593], "DRB5": [458.0, 7, 0.02734088060286268], "E": [1183.0, 151, 0.05218371562606235], "F": [182.0, 12, 0.00835988291415822], "L": [22.0, 2, 0.0009598241281987023], "T": [105.0, 1, 0.010938459167469465], "DRB4": [280.0, 10, 0.01671494884017806], "K": [2.0, 1, 8.749623592329517e-05], "DPA1": [913.0, 66, 0.05575560746741989], "DOA": [6.0, 4, 0.0003810095054349068], "DQA1": [455.0, 73, 0.028328900109500996], "H": [3.0, 2, 0.00013088510839073214], "DOB": [3.0, 2, 0.0001745134778543095], "DRB3": [1.0, 1, 5.969624585777878e-05]}