{"A": [204.0, 143, 0.19359174651242325], "B": [305.0, 159, 0.29183069550021346], "C": [157.0, 95, 0.14858375992542694], "DRA": [46.0, 3, 0.06265495279283272], "DRB5": [1.0, 1, 0.0013008478230070299], "T": [8.0, 1, 0.0181608558819805], "DMB": [1.0, 1, 0.0013156301846321099], "DMA": [3.0, 1, 0.003977019489422255], "DPA1": [27.0, 12, 0.03593031400788382], "DPB1": [31.0, 22, 0.04157188197308566], "F": [11.0, 3, 0.011010345983203593], "DRB1": [40.0, 22, 0.05203391292028119], "DOB": [1.0, 1, 0.0012676144844630548], "E": [106.0, 38, 0.10189094581202479], "DRB3": [4.0, 3, 0.0052033912920281195], "K": [1.0, 1, 0.0009533203167691043], "DQA1": [6.0, 5, 0.00814046176741118], "DQB1": [16.0, 13, 0.02058230333291123]}