{"A": [388.0, 231, 0.17317878321863467], "B": [729.0, 363, 0.32806881276942423], "C": [289.0, 224, 0.12863993803314602], "DPA1": [84.0, 34, 0.05257542867711126], "DRA": [101.0, 6, 0.06470312209884828], "DRB1": [116.0, 50, 0.07097260917728823], "DRB5": [2.0, 1, 0.001223665675470487], "E": [166.0, 63, 0.07504886079548374], "L": [3.0, 1, 0.0013414546615673267], "T": [8.0, 1, 0.008541666283676341], "DRB4": [5.0, 3, 0.003059164188676217], "DMB": [5.0, 2, 0.0030939274180929923], "DQA1": [28.0, 19, 0.017867430839487032], "DMA": [8.0, 1, 0.0049880722954293135], "DQB1": [30.0, 24, 0.01815104085281222], "F": [13.0, 5, 0.006120091584377608], "DOB": [1.0, 1, 0.0005962020718077007], "DPB1": [53.0, 39, 0.033428750914252625], "DRB3": [13.0, 6, 0.007953826890558166], "H": [1.0, 1, 0.00044715155385577555]}