{"B": [29.0, 28, 0.21420105061312902], "C": [16.0, 15, 0.11689182579733659], "DRB1": [12.0, 4, 0.12050365187534419], "T": [2.0, 1, 0.03504844776766547], "DRB4": [1.0, 1, 0.010041970989612016], "DRA": [8.0, 1, 0.08411627464239711], "DQA1": [4.0, 3, 0.041893847722287623], "DMB": [1.0, 1, 0.010156084296312153], "E": [11.0, 6, 0.08162343762866371], "DPB1": [1.0, 1, 0.01035214769971586], "DPA1": [3.0, 2, 0.030818462692257565], "A": [32.0, 29, 0.23442240474110673], "DQB1": [1.0, 1, 0.009930393534171881]}