{"A": [7164.0, 1172, 0.218063927907811], "B": [12884.0, 1393, 0.3954152638237526], "C": [2740.0, 698, 0.08317519685281889], "DPA1": [912.0, 66, 0.038928141465203875], "DPB1": [798.0, 127, 0.034325151764926384], "DRA": [806.0, 9, 0.035213095147355856], "DRB1": [1281.0, 94, 0.053449938176037055], "DRB3": [114.0, 17, 0.004756668971169574], "DRB5": [368.0, 7, 0.015354861240266696], "E": [2608.0, 176, 0.08040978453846223], "F": [312.0, 14, 0.010016925829776788], "K": [9.0, 7, 0.0002752028588077355], "L": [92.0, 2, 0.0028054844556235454], "T": [132.0, 1, 0.00961151480448919], "DRB4": [15.0, 2, 0.000625877496206523], "DMB": [39.0, 2, 0.0016457733252521521], "DMA": [103.0, 1, 0.00437970916620244], "DPB2": [2.0, 1, 8.613881004491836e-05], "DOB": [8.0, 4, 0.00032527356007229513], "DOA": [1.0, 1, 4.438493797799246e-05], "DQA1": [61.0, 31, 0.0026546007241446973], "DQB1": [203.0, 68, 0.008376095351083888], "H": [2.0, 2, 6.098879251355533e-05]}