{"A": [13147.0, 2421, 0.15897184258915775], "B": [23457.0, 3118, 0.2859831683417658], "C": [11143.0, 2205, 0.13437259265566961], "DMA": [684.0, 3, 0.011553922254675147], "DMB": [161.0, 5, 0.0026989608173107558], "DOA": [26.0, 11, 0.0004584312946975087], "DOB": [34.0, 7, 0.0005491651697008057], "DPA1": [2786.0, 99, 0.04724058154197497], "DPB1": [2519.0, 319, 0.043043049638713866], "DQA1": [1168.0, 143, 0.02019191493447705], "DQB1": [1064.0, 308, 0.017440241493888245], "DRA": [4277.0, 9, 0.0742290154604423], "DRB1": [5205.0, 255, 0.08627482816393459], "DRB3": [414.0, 21, 0.006862205352520446], "DRB5": [512.0, 9, 0.00848659212678857], "E": [5278.0, 324, 0.06464515615882518], "F": [866.0, 15, 0.01104493203316545], "HFE": [5.0, 1, 6.340437236559108e-05], "K": [13.0, 7, 0.000157913433168904], "L": [155.0, 2, 0.0018776603228740786], "T": [542.0, 1, 0.01567770492539932], "V": [2.0, 2, 5.136122078667224e-05], "Y": [20.0, 5, 0.00032225426148919353], "DRB4": [447.0, 11, 0.007409192735692365], "DPB2": [11.0, 2, 0.00018820313312745168], "DPA2": [4.0, 2, 7.245225415200423e-05], "H": [11.0, 8, 0.00013325331323622491]}