{"A": [4714.0, 1034, 0.20444863657631634], "B": [3723.0, 976, 0.16280290014407992], "C": [1113.0, 571, 0.048139860337434816], "DMA": [218.0, 3, 0.013207813509176115], "DMB": [52.0, 3, 0.003126620295541691], "DOB": [8.0, 3, 0.00046346308704267624], "DPA1": [1225.0, 71, 0.07450257910243022], "DPB1": [908.0, 140, 0.055649569667722734], "DQA1": [966.0, 64, 0.0598980779935565], "DQB1": [367.0, 123, 0.02157635236427659], "DRA": [1820.0, 8, 0.11329400600315774], "DRB1": [2045.0, 103, 0.1215787788214526], "DRB3": [30.0, 10, 0.001783551767551872], "DRB4": [449.0, 9, 0.02669382478769302], "DRB5": [44.0, 4, 0.0026158759257427456], "E": [1416.0, 166, 0.06220581031936083], "F": [264.0, 12, 0.01207675283296795], "K": [2.0, 2, 8.713784481909421e-05], "L": [33.0, 2, 0.0014338389255382797], "T": [124.0, 1, 0.0128648871285637], "Y": [6.0, 1, 0.0003467536324779246], "DPB2": [6.0, 2, 0.00036820231077552823], "DPA2": [2.0, 1, 0.00012993405782710772], "V": [1.0, 1, 9.210992687356863e-05], "DOA": [9.0, 5, 0.0005691732931510157], "J": [1.0, 1, 4.348934446907304e-05]}