{"A": [956.0, 348, 0.18935705803995076], "B": [1438.0, 209, 0.28718182539417686], "C": [290.0, 118, 0.057284433722368334], "DMA": [35.0, 3, 0.009684371560460927], "DMB": [12.0, 3, 0.0032952017517412506], "DPB1": [165.0, 47, 0.04618371567112254], "DRA": [370.0, 5, 0.10518800885950501], "DRB1": [305.0, 23, 0.08281199907934003], "E": [426.0, 72, 0.08546853547228506], "HFE": [1.0, 1, 0.00020772045426449142], "K": [2.0, 2, 0.00039795666169244745], "L": [4.0, 1, 0.000793734728521615], "T": [17.0, 1, 0.0080549376153675], "DQB1": [97.0, 29, 0.026044298289688253], "F": [31.0, 4, 0.006476448399675887], "DOB": [3.0, 2, 0.000793734728521615], "DPA1": [235.0, 29, 0.06527277033142631], "DQA1": [87.0, 22, 0.024636781847002943], "DOA": [3.0, 2, 0.0008664673928881375]}