{"A": [7903.0, 950, 0.24595227123787466], "B": [9395.0, 960, 0.2948017791864158], "C": [4319.0, 722, 0.13404699438745032], "DMA": [174.0, 2, 0.0075646336068691715], "DOB": [11.0, 5, 0.00045727984845618237], "DPB1": [541.0, 100, 0.023792355583030445], "DRA": [1090.0, 5, 0.048688484684464683], "DRB1": [1018.0, 75, 0.04342866281565538], "E": [3428.0, 175, 0.10806193168881298], "HFE": [4.0, 1, 0.00013054928729043394], "K": [22.0, 9, 0.0006878024436065543], "L": [127.0, 2, 0.003959627778677397], "T": [235.0, 1, 0.01749509770772049], "V": [2.0, 2, 0.00013219062262387267], "Y": [1.0, 1, 4.1469995082853254e-05], "DRB4": [1.0, 1, 4.2660768974121204e-05], "DMB": [51.0, 3, 0.002200423072426547], "F": [372.0, 9, 0.012211061145779868], "H": [11.0, 9, 0.0003429598863421368], "DPA1": [792.0, 48, 0.034564049235032826], "DRB3": [57.0, 8, 0.0024316638315249085], "DQA1": [193.0, 45, 0.008587312835958748], "DOA": [16.0, 9, 0.0007260828886750827], "DQB1": [227.0, 72, 0.009576394617601895], "DRB5": [1.0, 1, 4.2660768974121204e-05], "G": [1.0, 1, 3.360007467873263e-05]}