{"A": [331.0, 203, 0.16051946230881056], "B": [583.0, 378, 0.28506422501751416], "C": [268.0, 194, 0.1296132849753172], "DMA": [21.0, 2, 0.014226523688401074], "DRA": [117.0, 4, 0.08143788181965388], "DRB5": [23.0, 4, 0.01528964361446493], "F": [17.0, 5, 0.008695613628123834], "L": [1.0, 1, 0.0004858380091711524], "T": [15.0, 1, 0.01740125679907134], "DPA1": [57.0, 28, 0.03876279962827616], "DRB4": [24.0, 6, 0.01595441072813732], "DRB1": [129.0, 45, 0.0857549576637381], "E": [125.0, 47, 0.06140203621443532], "DQB1": [32.0, 23, 0.021036185997099575], "DPB1": [56.0, 37, 0.038376825805519495], "DQA1": [32.0, 19, 0.022186602418815957], "DRB3": [4.0, 4, 0.002659068454689553], "Y": [1.0, 1, 0.0006462117209363871], "K": [1.0, 1, 0.0004871715078239552]}