{"A": [3857.0, 732, 0.10549018547093122], "B": [10102.0, 1033, 0.2785763485570646], "C": [3845.0, 637, 0.10487543671803586], "DMA": [475.0, 2, 0.01814829460871321], "DOB": [10.0, 5, 0.00036533639550386947], "DPB1": [1395.0, 186, 0.05391603492410966], "DQB1": [920.0, 83, 0.03410888836245015], "DRA": [3109.0, 6, 0.12204613878129382], "DRB1": [3074.0, 72, 0.11524871829940717], "DRB5": [5.0, 3, 0.00018745725162558094], "E": [1382.0, 145, 0.0382863105754592], "F": [295.0, 9, 0.008510127045699645], "K": [7.0, 4, 0.0001923280530401889], "L": [67.0, 3, 0.001835815387406944], "T": [139.0, 1, 0.009094249646510047], "Y": [14.0, 3, 0.0005102295193517633], "DRB3": [309.0, 12, 0.011584858150460902], "DRB4": [4.0, 3, 0.00014996580130046476], "DMB": [89.0, 3, 0.003374656568468697], "DPB2": [4.0, 2, 0.00015479717376504158], "DPA1": [1839.0, 85, 0.07053176053059876], "V": [1.0, 1, 5.80863669447158e-05], "H": [11.0, 8, 0.00030140252629069227], "DQA1": [564.0, 54, 0.02205375984983827], "DOA": [10.0, 5, 0.00039881343572932364]}