{"A": [13121.0, 1356, 0.17406039833510917], "B": [18291.0, 1679, 0.2446498465368385], "C": [11350.0, 1170, 0.15015642514202374], "DMA": [781.0, 2, 0.014473176739140746], "DOA": [34.0, 14, 0.0006576870923081848], "DOB": [66.0, 6, 0.001169519576124666], "DPA1": [2410.0, 78, 0.044832262678402526], "DPA2": [4.0, 2, 7.948613763069787e-05], "DPB1": [2796.0, 180, 0.05241450949733305], "DQA1": [1407.0, 81, 0.026685064390887133], "DQB1": [955.0, 67, 0.017173298960973138], "DRA": [4884.0, 8, 0.09299285853138717], "DRB1": [4130.0, 142, 0.07510224394133438], "DRB3": [24.0, 10, 0.00043642950474383175], "DRB5": [1259.0, 5, 0.02289436443635351], "E": [4204.0, 259, 0.056489639452352323], "G": [2.0, 2, 2.8644709382154152e-05], "HFE": [4.0, 1, 5.564788814068915e-05], "K": [20.0, 9, 0.00026652945509287077], "L": [54.0, 3, 0.0007176597398946814], "T": [337.0, 1, 0.010694305666488355], "V": [2.0, 2, 5.6347523097970546e-05], "Y": [79.0, 4, 0.0013964817268752492], "DRB4": [9.0, 2, 0.0001636610642789369], "DMB": [216.0, 3, 0.003972500378406923], "DPB2": [8.0, 2, 0.00015016324454459159], "H": [15.0, 7, 0.00019934992774852262], "F": [574.0, 14, 0.008031497723106408]}