{"B": [21.0, 21, 0.20859923750689083], "C": [8.0, 8, 0.07860025765148708], "T": [1.0, 1, 0.023567234116091306], "DRB4": [2.0, 2, 0.027009639099340597], "DRB1": [9.0, 8, 0.12154337594703268], "DMA": [1.0, 1, 0.013762545113595306], "DRA": [9.0, 1, 0.12726306422689304], "DPB1": [2.0, 1, 0.027843913666115595], "DQB1": [1.0, 1, 0.013354765999118405], "DRB5": [2.0, 1, 0.027009639099340597], "DMB": [1.0, 1, 0.01365828340818928], "E": [9.0, 6, 0.0898120333335546], "DPA1": [2.0, 2, 0.0276305503430036], "DOB": [1.0, 1, 0.013159805911540036], "A": [19.0, 14, 0.18718565457780717]}