{"A": [349.0, 197, 0.1779309632848424], "B": [460.0, 235, 0.23646038645351194], "C": [213.0, 125, 0.1082980726229066], "DPB1": [49.0, 22, 0.03530234089179635], "DRA": [120.0, 5, 0.08781086473925814], "DRB1": [156.0, 35, 0.10902360172683175], "E": [166.0, 55, 0.08572495167003684], "L": [4.0, 1, 0.0020430447544261703], "T": [17.0, 1, 0.020733120841213728], "Y": [3.0, 2, 0.0020380859079348447], "DRB4": [19.0, 5, 0.013278515594934636], "DMA": [17.0, 1, 0.01210750949887672], "DQB1": [12.0, 11, 0.008293248336485492], "DPA1": [79.0, 24, 0.056479880912271886], "F": [16.0, 3, 0.008603946400964775], "K": [1.0, 1, 0.0005121630948881708], "DQA1": [33.0, 17, 0.024053659725939366], "DOA": [3.0, 3, 0.0022302560267441064], "DMB": [1.0, 1, 0.0007068109377686499], "DOB": [1.0, 1, 0.0006810149181420568], "DRB3": [11.0, 5, 0.007687561660225316]}