{"A": [4832.0, 1286, 0.17047731904988017], "B": [8477.0, 1779, 0.3015479114742484], "C": [3841.0, 1201, 0.13514469724105185], "DMA": [232.0, 3, 0.011434244125647263], "DMB": [71.0, 4, 0.0034727633428894068], "DPA1": [808.0, 68, 0.039975289741429235], "DPB1": [838.0, 179, 0.04177967153592416], "DQB1": [291.0, 135, 0.013917139856762432], "DRA": [1299.0, 9, 0.06577937419260545], "DRB1": [1476.0, 174, 0.07138317535705323], "DRB3": [96.0, 15, 0.004642808153304275], "DRB5": [217.0, 6, 0.01049468092986487], "DRB7": [1.0, 1, 0.0001033024814110201], "E": [2039.0, 233, 0.07286684487906019], "F": [285.0, 12, 0.010605622190972884], "HFE": [2.0, 1, 7.399891218554448e-05], "K": [7.0, 4, 0.0002480960784116448], "L": [54.0, 1, 0.0019086452997930266], "T": [198.0, 1, 0.0167106955223709], "Y": [18.0, 5, 0.0008462278513645458], "DRB4": [134.0, 9, 0.0064805863806538825], "DQA1": [382.0, 77, 0.01926833393506332], "V": [2.0, 1, 0.00014985853202759204], "DPA2": [1.0, 1, 5.284915488285476e-05], "DPB2": [1.0, 1, 4.9920657898366675e-05], "H": [7.0, 7, 0.0002474169833065034], "DOB": [5.0, 3, 0.00023563522219666996], "DOA": [2.0, 2, 0.00010289091774005986]}