{"A": [309.0, 190, 0.161676376145157], "B": [437.0, 233, 0.2305387765867742], "C": [294.0, 162, 0.15340885848455046], "DPB1": [71.0, 34, 0.052496186609039625], "DRA": [124.0, 6, 0.09312165308676701], "DRB5": [23.0, 3, 0.01649626964340608], "F": [36.0, 7, 0.019867453177849798], "L": [2.0, 1, 0.001048358615072062], "T": [2.0, 1, 0.0025032702442679302], "DMB": [6.0, 2, 0.004352276674693106], "DMA": [15.0, 1, 0.010963750401898663], "DPA1": [64.0, 24, 0.04695789699592255], "E": [177.0, 49, 0.09380681939809016], "DRB1": [108.0, 24, 0.0774607444125155], "DOA": [1.0, 1, 0.000762948899149389], "DQB1": [34.0, 24, 0.02411483668644773], "DOB": [1.0, 1, 0.0006989057433813747], "DQA1": [13.0, 8, 0.009724618195017408]}