{"A": [235.0, 129, 0.1492476839901548], "B": [453.0, 215, 0.2900764024406504], "C": [262.0, 121, 0.1659418970744266], "DPB1": [57.0, 30, 0.05115592185003877], "DRA": [72.0, 4, 0.06563162233639648], "DRB1": [88.0, 23, 0.07661119461239789], "HFE": [1.0, 1, 0.0006660324616277102], "L": [3.0, 1, 0.001908766388661166], "T": [8.0, 1, 0.01215400413636972], "DRB3": [6.0, 4, 0.005223490541754402], "DMB": [4.0, 2, 0.0035218989258798622], "DMA": [12.0, 1, 0.010646350951514696], "DPB2": [1.0, 1, 0.0008986288496446039], "F": [9.0, 4, 0.006028841388970138], "E": [132.0, 35, 0.08491545233099268], "DPA1": [59.0, 23, 0.05254511271025357], "DRB4": [2.0, 1, 0.001741163513918134], "DQB1": [15.0, 10, 0.012913629394892826], "DQA1": [9.0, 8, 0.008171906101455616]}