{"A": [79.0, 70, 0.14584695579111223], "B": [121.0, 68, 0.2252320076774138], "C": [77.0, 45, 0.14176728548632858], "DRA": [51.0, 3, 0.1351392046064483], "DRB1": [33.0, 13, 0.08351299161072646], "L": [2.0, 1, 0.00369906581951957], "DMA": [8.0, 1, 0.020631939634572258], "DPA1": [26.0, 17, 0.06731071493807769], "DPB1": [26.0, 18, 0.06783048879860339], "E": [34.0, 15, 0.06358025308974966], "DQB1": [10.0, 8, 0.025025778630823756], "DQA1": [7.0, 6, 0.01847606312978785], "F": [1.0, 1, 0.0019472507868364306]}