{"A": [429.0, 269, 0.14649539520044863], "B": [682.0, 340, 0.23481482714477506], "C": [387.0, 251, 0.13179309824496452], "DMA": [33.0, 3, 0.015742018392062303], "DRA": [202.0, 6, 0.09900541668229415], "DRB1": [229.0, 75, 0.10719437288468436], "DRB5": [3.0, 2, 0.0014042930945591839], "E": [168.0, 63, 0.058109751890725786], "L": [2.0, 1, 0.0006842084968016461], "T": [23.0, 1, 0.018788156631128428], "Y": [1.0, 1, 0.0004550318643777938], "DRB4": [21.0, 4, 0.009830051661914288], "DMB": [6.0, 3, 0.0028405019412674403], "DPA1": [122.0, 33, 0.058420744906987045], "DQB1": [41.0, 30, 0.0189787611186906], "F": [22.0, 6, 0.007923936251143751], "DOA": [1.0, 1, 0.0004979365952819416], "DRB3": [17.0, 5, 0.00795766086916871], "DPB1": [91.0, 48, 0.043912624605539886], "DQA1": [72.0, 31, 0.035151211523184574]}