{"B": [83.0, 69, 0.3063231300165743], "C": [31.0, 25, 0.11316286996738488], "DMA": [4.0, 2, 0.02045347120316683], "DRB1": [16.0, 12, 0.08028178959145632], "E": [18.0, 9, 0.06673794063247332], "T": [2.0, 1, 0.01751244920009709], "DRA": [22.0, 2, 0.1155821647206408], "F": [1.0, 1, 0.003860813728551664], "DPA1": [15.0, 9, 0.0769943887245648], "DQA1": [5.0, 3, 0.02616606179311382], "DMB": [1.0, 1, 0.005074630165937226], "DRB3": [4.0, 3, 0.02007044739786408], "A": [28.0, 24, 0.10249089122024035], "DQB1": [6.0, 6, 0.029771163640165056], "DPB1": [3.0, 3, 0.01551778799776943]}