{"A": [10377.0, 1320, 0.12745586445579213], "B": [17326.0, 1374, 0.21456593652558753], "C": [7070.0, 1035, 0.08660090710542173], "DMA": [847.0, 3, 0.01453286403835864], "DPA1": [3794.0, 102, 0.06534703856442418], "DPB1": [3707.0, 220, 0.06434160845423646], "DQA1": [2289.0, 113, 0.04019526709782858], "DQB1": [1736.0, 143, 0.028903806971423043], "DRA": [7158.0, 8, 0.12618874035734723], "DRB1": [6810.0, 134, 0.11465815314027589], "DRB3": [1188.0, 8, 0.020002039050021698], "DRB5": [32.0, 4, 0.000538775462626847], "E": [4883.0, 275, 0.060750210671976536], "F": [690.0, 13, 0.008938995270149859], "H": [3.0, 3, 3.6914844796199635e-05], "HFE": [15.0, 1, 0.0001932123681787717], "K": [18.0, 8, 0.00022209699851766582], "L": [144.0, 2, 0.0017719125502175823], "T": [253.0, 1, 0.007433582776941614], "Y": [52.0, 3, 0.0008510723441039682], "DRB4": [659.0, 10, 0.011095407183471632], "DMB": [224.0, 3, 0.003814285377460519], "DPB2": [7.0, 2, 0.00012165407614967506], "G": [1.0, 1, 1.3260789871070074e-05], "DOB": [40.0, 5, 0.0006562639074879934], "DOA": [43.0, 12, 0.0007701296173330218]}