{"A": [167.0, 121, 0.10084174542783159], "B": [282.0, 158, 0.1716909689562586], "C": [212.0, 129, 0.12766585702550715], "DMA": [15.0, 2, 0.012653041605311409], "DPB1": [76.0, 45, 0.06485131645944936], "DRA": [173.0, 6, 0.14993771602675682], "DRB1": [153.0, 39, 0.12664415125855508], "F": [10.0, 3, 0.0063690622489751955], "L": [2.0, 1, 0.0012098893797779522], "T": [11.0, 1, 0.015889353336168834], "DRB4": [17.0, 3, 0.014071572362061675], "DMB": [7.0, 2, 0.00586001977377301], "DPA1": [107.0, 30, 0.09060418093570882], "DQB1": [37.0, 25, 0.030286070449849083], "E": [60.0, 21, 0.03669848967444563], "DQA1": [48.0, 24, 0.04143871125739486], "Y": [1.0, 1, 0.0008046351700465021], "DRB3": [3.0, 3, 0.002483218652128531]}