{"B": [66.0, 55, 0.2299918692348806], "DPB1": [11.0, 7, 0.05372396945447983], "DRB5": [2.0, 2, 0.009475320455369612], "DMB": [1.0, 1, 0.00479149727572668], "DMA": [2.0, 1, 0.009656147181617124], "DRA": [26.0, 3, 0.1289758325513252], "F": [2.0, 2, 0.007290808534823304], "DPA1": [12.0, 10, 0.058158863484682445], "DRB1": [16.0, 7, 0.0758025636429569], "DOA": [2.0, 2, 0.010079324946548552], "DQA1": [2.0, 2, 0.009882463131186275], "E": [25.0, 11, 0.08751996868947255], "A": [49.0, 40, 0.16935193649945443], "C": [34.0, 28, 0.1171893175665468], "DQB1": [6.0, 6, 0.02811011735092985]}