{"A": [3017.0, 591, 0.18699246906640093], "B": [5595.0, 753, 0.3496418078821516], "C": [2085.0, 529, 0.12887535849916887], "DMA": [163.0, 2, 0.014112898055501455], "DPB1": [371.0, 67, 0.03249406440038024], "DQA1": [172.0, 17, 0.015241172305720802], "DRA": [798.0, 8, 0.07098925234817809], "DRB1": [970.0, 52, 0.08241198299269639], "E": [747.0, 114, 0.046896719659652024], "HFE": [2.0, 1, 0.00012999733825096705], "L": [11.0, 1, 0.0006830197740129505], "T": [46.0, 1, 0.00682018715124518], "Y": [12.0, 3, 0.0009910719404036105], "DRB3": [123.0, 12, 0.010450179286702738], "DMB": [30.0, 3, 0.0025777881278174716], "K": [3.0, 3, 0.00018678940505319647], "DQB1": [127.0, 39, 0.010670133376477061], "F": [114.0, 9, 0.007452556339557601], "DOB": [4.0, 2, 0.00033116110255173355], "DPA1": [365.0, 35, 0.031723584163025745], "DOA": [2.0, 2, 0.0001807532711138944], "DRB5": [1.0, 1, 8.496080720896536e-05], "H": [1.0, 1, 6.209270672845004e-05]}