{"A": [21.0, 20, 0.11397422823162728], "B": [50.0, 37, 0.2736099142908014], "C": [5.0, 5, 0.027062778988436217], "L": [1.0, 1, 0.005437248114282532], "DRB4": [2.0, 2, 0.014879460507499763], "DRB1": [18.0, 10, 0.13391514456749787], "DMA": [1.0, 1, 0.007581709838745109], "DRA": [20.0, 3, 0.15579670413735047], "E": [5.0, 5, 0.027487195264085124], "DQA1": [3.0, 3, 0.02327821848927209], "F": [1.0, 1, 0.005724518667870946], "DRB3": [5.0, 2, 0.037198651268749404], "DQB1": [6.0, 6, 0.04414239950558263], "DPB1": [9.0, 8, 0.06902575984463692], "DPA1": [8.0, 5, 0.06088606828356225]}