{"A": [38.0, 37, 0.13718261616097316], "C": [39.0, 36, 0.1404090537130167], "DRA": [16.0, 3, 0.08290416927127542], "E": [24.0, 14, 0.08776064044168684], "T": [3.0, 1, 0.02590755289727357], "DRB4": [1.0, 1, 0.004948633699479221], "DRB1": [18.0, 11, 0.08907540659062597], "DMA": [1.0, 1, 0.005043073273896764], "F": [5.0, 3, 0.019038691610388358], "DPA1": [9.0, 6, 0.0455615585434811], "DQB1": [4.0, 4, 0.019574595522384473], "DQA1": [6.0, 5, 0.03096762182252231], "B": [73.0, 60, 0.2657130012026157], "DPB1": [9.0, 7, 0.04591338525038057]}