{"A": [26226.0, 2583, 0.1998585855998782], "B": [43246.0, 2640, 0.3322853215274933], "C": [8379.0, 1186, 0.06367925359751206], "DMA": [1033.0, 2, 0.010996915002248621], "DMB": [345.0, 4, 0.0036449116542478983], "DPA1": [4182.0, 102, 0.04469051498749607], "DPB1": [3213.0, 259, 0.03460053385155843], "DQA1": [1026.0, 77, 0.01117838938310918], "DQB1": [2510.0, 248, 0.02592876284026653], "DRA": [8333.0, 8, 0.09114503992179372], "DRB1": [6393.0, 98, 0.06678290109406936], "DRB5": [2520.0, 7, 0.026324559793063473], "DRB7": [2.0, 1, 4.4626396601574264e-05], "E": [8139.0, 471, 0.06282534166401285], "F": [1033.0, 15, 0.008303146197663223], "H": [9.0, 7, 6.871080681127425e-05], "HFE": [7.0, 1, 5.594283241601359e-05], "L": [124.0, 3, 0.0009466822271775563], "T": [439.0, 1, 0.008002854619318262], "Y": [1.0, 1, 1.015467155679026e-05], "DRB3": [715.0, 16, 0.007469071528587453], "K": [4.0, 4, 3.062195558205005e-05], "DPB2": [4.0, 1, 4.313118228244936e-05], "V": [1.0, 1, 1.618462159148003e-05], "DOB": [67.0, 8, 0.0006820183787193148], "DOA": [33.0, 10, 0.0003667009680906252], "DQA2": [1.0, 1, 1.0895116357806218e-05], "G": [1.0, 1, 8.227580494390537e-06]}