{"A": [4322.0, 676, 0.20226251771300494], "B": [5648.0, 784, 0.26650158406395175], "C": [2636.0, 564, 0.12302434839373363], "DMA": [190.0, 2, 0.012421213922168458], "DPA1": [820.0, 51, 0.05381273641941262], "DPB1": [566.0, 83, 0.03743073877151402], "DRA": [1119.0, 5, 0.07516257286426221], "E": [1856.0, 135, 0.08797953781842154], "F": [249.0, 11, 0.012290841101993416], "K": [13.0, 9, 0.0006111617655738302], "L": [71.0, 2, 0.0033287469465065936], "T": [120.0, 1, 0.013433882549465991], "DRB3": [84.0, 11, 0.005388647269841976], "DRB4": [1.0, 1, 6.415056273621399e-05], "DMB": [48.0, 2, 0.0031142182273762066], "DQB1": [230.0, 67, 0.01459068910233667], "DPB2": [1.0, 1, 6.621726900993223e-05], "DRB1": [1148.0, 83, 0.07364484602117366], "DOB": [9.0, 4, 0.0005626051177194243], "DOA": [8.0, 5, 0.0005459187330858689], "DQA1": [205.0, 42, 0.013715941606901066], "H": [1.0, 1, 4.6883759809952014e-05]}