{"A": [80.0, 66, 0.1619437099049817], "B": [139.0, 72, 0.2837026273314751], "C": [94.0, 66, 0.1897653745085487], "E": [34.0, 18, 0.06971497437929862], "L": [1.0, 1, 0.0020279903452973297], "T": [6.0, 1, 0.029054606777070245], "DMB": [1.0, 1, 0.002806410881876103], "DMA": [2.0, 1, 0.005655667731414437], "DRA": [16.0, 2, 0.046487370843312385], "F": [4.0, 3, 0.008540547237063875], "DPA1": [21.0, 11, 0.05961203804260964], "DRB3": [4.0, 2, 0.011099512701352678], "DRB1": [21.0, 14, 0.05827244168210156], "DPB1": [13.0, 11, 0.037187653075670984], "DQA1": [8.0, 7, 0.023152889775477848], "DQB1": [4.0, 4, 0.010976184782448759]}