{"A": [64.0, 48, 0.15698461723426824], "B": [102.0, 79, 0.25226195465692586], "C": [58.0, 53, 0.1418796600242271], "DRA": [28.0, 4, 0.09857710523387138], "DRB5": [6.0, 3, 0.020174287186707225], "L": [1.0, 1, 0.0024573607111545753], "T": [3.0, 1, 0.01760305450604846], "DRB4": [7.0, 4, 0.02353666838449176], "DRB1": [15.0, 9, 0.05043571796676806], "DMA": [1.0, 1, 0.0034265487778949296], "H": [1.0, 1, 0.0024573607111545753], "E": [35.0, 14, 0.08695973881908627], "DPA1": [12.0, 9, 0.041276127807286046], "DPB1": [12.0, 9, 0.041594862384948486], "DQA1": [11.0, 9, 0.03857544366364526], "F": [2.0, 1, 0.005174384898031536], "DQB1": [5.0, 5, 0.01662510703349021]}