{"B": [164.0, 106, 0.23912360815825812], "C": [35.0, 33, 0.05047626506364506], "DMA": [10.0, 2, 0.020201515025471906], "DPA1": [36.0, 18, 0.0730040956782571], "DRB3": [8.0, 4, 0.01585856760052027], "L": [5.0, 1, 0.0072437914279292505], "T": [2.0, 1, 0.006918688806109334], "DMB": [3.0, 2, 0.0060145419734927725], "DRA": [59.0, 2, 0.1224607918681352], "K": [1.0, 1, 0.001452734749315729], "DRB1": [43.0, 14, 0.08523980085279645], "F": [7.0, 3, 0.010677111975998696], "DPB1": [38.0, 23, 0.07765493575042405], "DQA1": [15.0, 11, 0.031012482050822108], "DQB1": [9.0, 9, 0.0176426564555788], "E": [40.0, 16, 0.058591848007457266], "A": [122.0, 101, 0.17642656455578798]}