{"A": [309.0, 185, 0.1858266562747674], "B": [432.0, 250, 0.2619435687583338], "C": [231.0, 156, 0.13854043086520185], "DMA": [21.0, 2, 0.017642032660488926], "DRA": [83.0, 4, 0.07164213673856064], "DRB5": [36.0, 6, 0.029677127172058417], "F": [20.0, 6, 0.012686187888151774], "L": [1.0, 1, 0.0006024781747977188], "T": [8.0, 1, 0.01150877698611416], "DRB4": [27.0, 5, 0.022257845379043812], "DMB": [6.0, 2, 0.005002394542259847], "DQA1": [19.0, 11, 0.01633594467706731], "DRB1": [88.0, 23, 0.07254408864280947], "DPA1": [42.0, 18, 0.0354192533107134], "DPB1": [31.0, 21, 0.026344656971592398], "E": [131.0, 44, 0.07979834541029268], "DQB1": [15.0, 8, 0.012228075547746292]}