{"A": [721.0, 378, 0.1922620123062785], "B": [820.0, 299, 0.22046849200628263], "C": [514.0, 257, 0.1366898789642993], "DMA": [33.0, 2, 0.012292832180893967], "DPB1": [121.0, 66, 0.04559580739425535], "DRB3": [45.0, 6, 0.016449039996906122], "F": [45.0, 8, 0.012656754118656873], "K": [2.0, 1, 0.0005357601316467136], "L": [6.0, 1, 0.0016028809048080055], "T": [22.0, 1, 0.014033647195617512], "DRB4": [1.0, 1, 0.00036553422215346944], "DMB": [6.0, 2, 0.002218128120794917], "DQA1": [54.0, 18, 0.02058700162112782], "DRA": [205.0, 6, 0.07846084568458882], "E": [230.0, 65, 0.06212395733148863], "DPA1": [131.0, 29, 0.04898578731134827], "DRB1": [305.0, 52, 0.11148793775680817], "DQB1": [61.0, 37, 0.022049836578568727], "DOA": [2.0, 2, 0.000777670416852401], "DOB": [1.0, 1, 0.0003561957566240012]}