{"A": [216.0, 160, 0.17199290589009536], "B": [281.0, 206, 0.22559920415228993], "DPA1": [33.0, 16, 0.03684777773060472], "DPB1": [20.0, 19, 0.022504434275623802], "DRA": [75.0, 4, 0.08571541878509654], "DRB1": [85.0, 27, 0.09277811246776367], "DRB5": [22.0, 3, 0.024013158521068247], "E": [109.0, 36, 0.08791365553991728], "HFE": [1.0, 1, 0.0008350499251270151], "L": [1.0, 1, 0.0007977164886934168], "T": [15.0, 1, 0.028571806261698852], "DMB": [1.0, 1, 0.0011039106964747284], "DMA": [11.0, 1, 0.01223571245252905], "DPA2": [1.0, 1, 0.0011927657184283558], "DOB": [2.0, 1, 0.0021272439698491116], "F": [12.0, 4, 0.010078354715942187], "DQA1": [18.0, 10, 0.020491342303312142], "DQB1": [13.0, 9, 0.014031931519634324], "DRB3": [4.0, 3, 0.004366028822012409], "DOA": [1.0, 1, 0.0011610853540610687], "C": [196.0, 136, 0.15564238440977748]}