{"A": [15853.0, 1333, 0.2320571788096586], "B": [16192.0, 1490, 0.23897832013071071], "C": [11037.0, 1180, 0.16112005896873813], "DMA": [339.0, 2, 0.0069320716149349195], "DPA1": [1690.0, 68, 0.034690521701882755], "DPB1": [1256.0, 128, 0.025980919015385517], "DQB1": [1268.0, 156, 0.02516054958622549], "DRA": [2560.0, 7, 0.05378540197315229], "DRB1": [2779.0, 114, 0.055762459300773205], "DRB5": [1.0, 1, 2.0065656459436203e-05], "E": [7297.0, 290, 0.10819344579593107], "F": [765.0, 12, 0.011811269913896662], "HFE": [4.0, 1, 6.140435844893371e-05], "K": [22.0, 10, 0.0003235105197879092], "L": [85.0, 4, 0.0012465056752196295], "T": [369.0, 1, 0.012921102427144006], "V": [3.0, 2, 9.326455023602552e-05], "Y": [4.0, 2, 7.802228555343882e-05], "DRB3": [158.0, 13, 0.00317037372059092], "DRB4": [350.0, 11, 0.007022979760802671], "DMB": [99.0, 3, 0.0020090738530010497], "DQA1": [837.0, 70, 0.017516612655852904], "DPB2": [2.0, 1, 4.142420315466082e-05], "J": [1.0, 1, 1.4678165136080729e-05], "DOB": [24.0, 6, 0.00046927272478856637], "DOA": [18.0, 11, 0.0003842053583428302], "W": [3.0, 2, 5.151471417951409e-05], "H": [6.0, 5, 8.79886358978562e-05], "G": [1.0, 1, 1.580392411406922e-05]}