{"A": [941.0, 355, 0.08228451188518794], "B": [2696.0, 504, 0.23769651920482815], "C": [1022.0, 292, 0.08912394270017786], "DMA": [150.0, 2, 0.01832312426481824], "DPB1": [550.0, 123, 0.06796299115985349], "DQA1": [206.0, 33, 0.025753532885957553], "DQB1": [418.0, 65, 0.04954753770335393], "DRA": [1108.0, 6, 0.13906221389750784], "DRB1": [1039.0, 40, 0.12454142924145546], "E": [504.0, 118, 0.04464081020148927], "F": [114.0, 8, 0.010514410673229417], "L": [24.0, 1, 0.0021024782003134504], "T": [46.0, 1, 0.009622235016975574], "Y": [2.0, 2, 0.0002330416775428339], "DRB3": [75.0, 11, 0.008989997298468874], "DMB": [38.0, 3, 0.004606692555063898], "K": [3.0, 2, 0.0002635311193439549], "DPA1": [678.0, 67, 0.08313784168340364], "DPA2": [1.0, 1, 0.00013098659092448508], "DPB2": [1.0, 1, 0.00012372831333459737], "J": [1.0, 1, 8.768326132205257e-05], "DOB": [3.0, 2, 0.00035041303338557506], "DOA": [5.0, 5, 0.0006375376570228922], "H": [3.0, 3, 0.0002628097750391813]}