{"A": [1897.0, 498, 0.1162962670012473], "B": [2741.0, 572, 0.16942673415506476], "C": [532.0, 262, 0.03252558354773113], "DPA1": [1079.0, 58, 0.09275994156235914], "DPB1": [922.0, 112, 0.07987496594318788], "DQA1": [493.0, 52, 0.04321022054800973], "DRA": [1833.0, 9, 0.1612879097300439], "DRB1": [1561.0, 71, 0.13118107052680186], "DRB3": [377.0, 18, 0.03168178320858699], "E": [1076.0, 139, 0.06681650773900605], "F": [144.0, 8, 0.009311347746151192], "L": [6.0, 2, 0.0003685033836581277], "T": [57.0, 1, 0.008359166079844065], "Y": [8.0, 2, 0.0006535270363904658], "DRB4": [10.0, 4, 0.0008403656023497876], "DMB": [54.0, 3, 0.004589542141923954], "K": [6.0, 5, 0.00036951482935892766], "DPB2": [1.0, 1, 8.674392364461081e-05], "DMA": [224.0, 1, 0.01918342975012828], "DQB1": [341.0, 79, 0.028338061850793007], "DOB": [20.0, 6, 0.0016377928162583453], "DOA": [10.0, 6, 0.0008939347244119255], "H": [5.0, 3, 0.00030708615304843973]}