{"A": [19697.0, 1681, 0.16189226614227542], "B": [25008.0, 1853, 0.20724279385823108], "C": [11567.0, 1245, 0.09481166516639598], "DMA": [1054.0, 3, 0.012101701106904865], "DMB": [301.0, 4, 0.0034298069141105], "DPA1": [5105.0, 112, 0.058838601523465886], "DPB1": [5382.0, 233, 0.06251022068395024], "DQA1": [3169.0, 107, 0.03723825972351887], "DQB1": [2519.0, 154, 0.028065417433174707], "DRA": [9541.0, 8, 0.11255397004270037], "DRB1": [8239.0, 110, 0.09282615127669432], "DRB3": [1664.0, 8, 0.018747750421704016], "DRB5": [10.0, 3, 0.00011266676936120199], "E": [8895.0, 277, 0.07405340421473997], "F": [1132.0, 13, 0.009813502893027992], "G": [4.0, 3, 3.54950176040601e-05], "HFE": [4.0, 1, 3.447796838904405e-05], "K": [58.0, 17, 0.00047889046395084377], "L": [254.0, 3, 0.0020914694245998166], "T": [343.0, 1, 0.006743879349587085], "U": [1.0, 1, 4.6043919519552446e-05], "Y": [73.0, 3, 0.0007995101947642676], "DRB4": [1263.0, 9, 0.014229812970319814], "DPB2": [18.0, 2, 0.00020933369596002713], "V": [8.0, 1, 0.0001396457752546581], "DOB": [32.0, 8, 0.0003513229479642737], "DOA": [41.0, 9, 0.0004913797307558081], "H": [12.0, 7, 9.880957911495198e-05], "DQA2": [1.0, 1, 1.1750791960719114e-05]}