{"A": [225.0, 158, 0.2080277945121713], "B": [449.0, 174, 0.4185618559334332], "C": [152.0, 98, 0.14015140495671952], "DRB5": [2.0, 1, 0.0025347706297612882], "F": [10.0, 5, 0.00975192735081072], "L": [2.0, 1, 0.0018525102868967077], "T": [6.0, 1, 0.013270269767573803], "DRB4": [1.0, 1, 0.0012673853148806441], "DMA": [2.0, 1, 0.002583144115062076], "DRA": [31.0, 2, 0.04113783627947879], "DRB1": [21.0, 10, 0.026615091612493525], "E": [106.0, 38, 0.09926994238492247], "DPA1": [8.0, 7, 0.010372164875804812], "DQA1": [3.0, 3, 0.003965529832888265], "DPB1": [11.0, 9, 0.014371855867970856], "DQB1": [5.0, 4, 0.006266516279132073]}