{"A": [2299.0, 552, 0.20255229700331143], "B": [2322.0, 413, 0.20626943408483772], "C": [1830.0, 462, 0.16079195371862653], "DMA": [76.0, 2, 0.009353875553998105], "DPA1": [358.0, 34, 0.044230495637366724], "DPB1": [332.0, 76, 0.041334968054713025], "DRA": [495.0, 8, 0.06259567185748267], "DRB1": [584.0, 51, 0.07053113496777755], "DRB3": [81.0, 6, 0.00978257180203764], "E": [1231.0, 116, 0.10985739894008219], "L": [15.0, 2, 0.001323979456176019], "T": [42.0, 1, 0.008851913191967247], "DRB4": [66.0, 8, 0.007970984431289928], "DMB": [25.0, 2, 0.0030536226514497403], "K": [6.0, 4, 0.0005310453738221104], "V": [2.0, 1, 0.0003742312015393724], "DQB1": [145.0, 65, 0.017317433347777193], "F": [116.0, 7, 0.01077972796288148], "DOB": [1.0, 1, 0.00011768706277120168], "DQA1": [251.0, 43, 0.03161644552744775], "DOA": [5.0, 2, 0.0006423556812611405], "DRB5": [1.0, 1, 0.00012077249138318074]}