{"A": [455.0, 303, 0.1624428035782038], "B": [840.0, 351, 0.3023728727762115], "C": [320.0, 221, 0.11393419262256628], "DOA": [3.0, 3, 0.0015617722370199884], "DPA2": [1.0, 1, 0.0005347951316398596], "DPB1": [104.0, 47, 0.05246911515465866], "DRA": [149.0, 4, 0.07635126783308568], "E": [211.0, 65, 0.07630352347307712], "L": [8.0, 2, 0.0028613491349782265], "T": [10.0, 1, 0.008540410272157236], "DRB4": [5.0, 3, 0.0024469714824720164], "DRB1": [140.0, 39, 0.06851520150921647], "DMA": [17.0, 1, 0.008478475999191208], "DPA1": [95.0, 30, 0.0475612503087377], "DPB2": [1.0, 1, 0.0005051608653247643], "DQB1": [44.0, 34, 0.021294089611912037], "DOB": [2.0, 2, 0.0009537830449927423], "F": [34.0, 5, 0.012803231768231105], "DQA1": [72.0, 30, 0.0367504529523766], "Y": [1.0, 1, 0.00047573401880099153], "DMB": [2.0, 1, 0.0009899111906364068], "DRB3": [3.0, 2, 0.0014681828894832101], "G": [1.0, 1, 0.00038545214502656546]}