{"A": [11190.0, 988, 0.20741710484685574], "B": [14262.0, 1184, 0.26654428423973187], "C": [2235.0, 713, 0.041314930841758885], "DMA": [307.0, 2, 0.007949368893574008], "DPA1": [2426.0, 61, 0.06305882238424454], "DPB1": [1777.0, 156, 0.04654609275535856], "DQB1": [687.0, 136, 0.017261897751598018], "DRA": [2790.0, 5, 0.07422660374049599], "DRB1": [3917.0, 74, 0.0995263041455416], "DRB4": [1103.0, 11, 0.028025916127784628], "DRB5": [3.0, 2, 7.622642645816309e-05], "E": [3560.0, 245, 0.06684016870573171], "K": [11.0, 7, 0.00020482800961356358], "L": [155.0, 3, 0.0028783126450466056], "T": [222.0, 2, 0.009843671463793374], "Y": [1.0, 1, 2.469958235962323e-05], "DMB": [97.0, 3, 0.002492661892474704], "DPB2": [9.0, 2, 0.00023604652419969833], "G": [1.0, 1, 2.001224765420801e-05], "H": [6.0, 5, 0.00011141855400180408], "F": [500.0, 12, 0.009775435093337918], "DOB": [7.0, 4, 0.00017331775066947301], "DOA": [26.0, 7, 0.0007027408399370095], "DQA1": [2065.0, 53, 0.054723725728959], "DRB3": [1.0, 1, 2.5408808819387694e-05]}