{"A": [21333.0, 1848, 0.21033580888492306], "B": [40582.0, 1568, 0.4034309282721835], "C": [14272.0, 1291, 0.14033343017226863], "DMA": [370.0, 2, 0.005096157019962313], "DMB": [90.0, 3, 0.001230214808872966], "DPB1": [1317.0, 134, 0.01834967509512758], "DQB1": [755.0, 123, 0.010090799000187639], "DRA": [2217.0, 8, 0.03137385468652029], "DRB1": [1707.0, 69, 0.023070904835163733], "DRB5": [451.0, 5, 0.006095476321417014], "DRB6": [2.0, 1, 5.668005402137227e-05], "E": [9357.0, 343, 0.09344820637112014], "F": [1025.0, 14, 0.010659498151809948], "HFE": [1.0, 1, 1.033991434391796e-05], "K": [18.0, 10, 0.00017828547641855245], "L": [229.0, 3, 0.0022619789077014613], "T": [498.0, 1, 0.011745737207853784], "V": [3.0, 2, 6.281947960202381e-05], "Y": [1.0, 1, 1.3138216405439445e-05], "DRB4": [5.0, 3, 6.757734280950127e-05], "DPB2": [12.0, 1, 0.00016741067502188818], "G": [9.0, 4, 9.58043390980717e-05], "DPA2": [1.0, 1, 1.4769291020575856e-05], "W": [1.0, 1, 1.1566122134703102e-05], "H": [13.0, 8, 0.00012840928296995195], "DOB": [41.0, 7, 0.0005399774976172338], "DPA1": [1823.0, 60, 0.025205106066237132], "DOA": [35.0, 9, 0.000503195433111386], "DQA1": [383.0, 60, 0.005398848947689382], "DRB3": [1.0, 1, 1.3515468561900253e-05], "J": [1.0, 1, 9.886657824732513e-06]}