{"A": [3254.0, 784, 0.11909247161199393], "B": [8468.0, 1119, 0.3124798875699444], "C": [1577.0, 601, 0.05755903105626768], "DMA": [228.0, 2, 0.011656855181265652], "DPA1": [1487.0, 65, 0.07631647572578495], "DPB1": [995.0, 156, 0.05146016353729159], "DQA1": [502.0, 76, 0.026267067928672966], "DQB1": [541.0, 119, 0.026839927990626317], "DRA": [2134.0, 8, 0.11209908817831228], "DRB1": [1683.0, 82, 0.08443464854389848], "DRB3": [316.0, 11, 0.01585344559707185], "DRB5": [442.0, 6, 0.022174756183246068], "E": [1694.0, 186, 0.06279907168128243], "F": [158.0, 10, 0.006099236274377786], "K": [1.0, 1, 3.67662163226706e-05], "L": [52.0, 2, 0.0019066101012000965], "T": [93.0, 1, 0.008142154952032991], "DRB4": [6.0, 3, 0.0003010147898178199], "DMB": [59.0, 2, 0.0029936148888889628], "DPB2": [7.0, 2, 0.0003624978364494236], "H": [5.0, 1, 0.00018332789434616313], "DOB": [13.0, 4, 0.0006355367004000323], "DOA": [5.0, 3, 0.00026683581965922286], "G": [1.0, 1, 3.9513740846292e-05]}