{"A": [673.0, 336, 0.16251620867789937], "B": [1000.0, 382, 0.24347595518651804], "C": [540.0, 227, 0.13004402380289173], "DQA1": [109.0, 34, 0.03763130124556625], "DRA": [256.0, 7, 0.08872836691597155], "DRB5": [59.0, 4, 0.01953005442782643], "E": [352.0, 79, 0.08609884773961031], "L": [4.0, 1, 0.0009676836321099202], "T": [15.0, 1, 0.008664879581637848], "DRB4": [34.0, 5, 0.011254607636374554], "DMB": [6.0, 2, 0.002008676630288774], "DPB2": [2.0, 2, 0.0006833642144281395], "DRB1": [214.0, 32, 0.07083782453482806], "DMA": [28.0, 1, 0.009445380185174691], "H": [1.0, 1, 0.00024192090802748004], "F": [42.0, 6, 0.010697505512316005], "DOA": [2.0, 2, 0.0007042372249618012], "DRB3": [2.0, 2, 0.0006620357433161502], "DPA1": [153.0, 30, 0.05181000411917251], "DPB1": [130.0, 54, 0.0443615070473042], "DQB1": [59.0, 38, 0.0193130538230728], "DOB": [1.0, 1, 0.00032256121070330676]}