{"A": [12676.0, 1262, 0.22001789941715064], "B": [18257.0, 1331, 0.3195064717461697], "C": [3824.0, 841, 0.06619248538890748], "DMA": [343.0, 2, 0.008316674372026676], "DOB": [11.0, 4, 0.00025503453363602476], "DPB1": [1419.0, 132, 0.03480482867142445], "DQA1": [1062.0, 74, 0.026353689230710076], "DQB1": [436.0, 103, 0.010258399167102378], "DRA": [2901.0, 9, 0.07227105878410037], "DRB1": [2802.0, 92, 0.06666743382022157], "DRB3": [342.0, 13, 0.008137138603324687], "DRB5": [6.0, 2, 0.00014275681760218752], "E": [5238.0, 291, 0.09209039494016096], "F": [609.0, 16, 0.011149225174144331], "K": [25.0, 9, 0.00043591114249524323], "L": [143.0, 1, 0.0024865867029512413], "T": [270.0, 1, 0.011210608911701196], "V": [4.0, 2, 0.00014745094893533488], "DRB4": [365.0, 10, 0.00868437307079974], "DMB": [117.0, 3, 0.0028153915562340506], "DPB2": [4.0, 2, 9.823729458707233e-05], "DOA": [17.0, 7, 0.0004302610857213341], "DPA1": [1536.0, 65, 0.03738587738216368], "H": [6.0, 5, 0.00010433230921473741], "G": [2.0, 2, 3.747892851502858e-05]}