{"A": [2061.0, 574, 0.09008306494159211], "B": [5209.0, 721, 0.22955881805050066], "C": [2426.0, 504, 0.1057477120715701], "DMA": [276.0, 3, 0.016852100418421112], "DPB1": [961.0, 116, 0.059356716853434396], "DQA1": [559.0, 62, 0.0349315687709624], "DQB1": [424.0, 55, 0.02512166037683259], "DRA": [2277.0, 8, 0.14284633354673426], "DRB1": [1704.0, 58, 0.10209502425776568], "DRB5": [553.0, 7, 0.0331329509475026], "E": [1193.0, 139, 0.05281760006602171], "F": [148.0, 11, 0.006823048968641117], "HFE": [2.0, 1, 9.167497839845378e-05], "L": [31.0, 2, 0.0013574337472073972], "T": [52.0, 1, 0.005436985320180194], "DRB4": [5.0, 2, 0.0002995746016953218], "DMB": [46.0, 3, 0.002787405498501472], "DPA1": [1452.0, 54, 0.08899638305260472], "DPA2": [1.0, 1, 6.547319398579885e-05], "DOB": [17.0, 5, 0.000992532202259172], "DRB3": [3.0, 3, 0.0001797447610171931], "DOA": [6.0, 5, 0.00038240518877761403], "H": [1.0, 1, 4.378818539378701e-05]}