{"A": [5973.0, 774, 0.11024697934604565], "B": [11644.0, 1186, 0.21669597341708954], "C": [7120.0, 908, 0.13105970893427657], "DMA": [784.0, 2, 0.02021482756467189], "DPA1": [2006.0, 62, 0.051921315939575684], "DPA2": [2.0, 2, 5.5297124153715875e-05], "DPB1": [1460.0, 192, 0.03808100149731252], "DQA1": [1228.0, 82, 0.03240512277456989], "DQB1": [836.0, 145, 0.020916922293769905], "DRA": [4493.0, 7, 0.11902864998496673], "DRB1": [5993.0, 85, 0.15163110017728446], "DRB3": [7.0, 7, 0.00017710957804788777], "DRB5": [3.0, 2, 7.590410487766617e-05], "E": [2769.0, 206, 0.051769050304862355], "F": [513.0, 14, 0.00998718650259252], "HFE": [2.0, 1, 3.8713268390328306e-05], "K": [47.0, 13, 0.0008714735700913384], "L": [103.0, 1, 0.0019045974345261838], "T": [230.0, 1, 0.01015527468526684], "V": [1.0, 1, 3.919999226757615e-05], "Y": [39.0, 2, 0.0009592104904018664], "DRB4": [1073.0, 10, 0.027148368177911934], "DMB": [162.0, 3, 0.004145399182296178], "DPB2": [4.0, 1, 0.00010446595877493231], "DOB": [7.0, 3, 0.00017258488079848914], "DOA": [3.0, 2, 8.074261355512697e-05], "H": [4.0, 3, 7.39649489136382e-05], "G": [2.0, 2, 3.985525270862708e-05]}