{"A": [121.0, 86, 0.16697501831935238], "B": [234.0, 120, 0.32557904671681387], "C": [79.0, 63, 0.10871969913945448], "DRA": [53.0, 4, 0.10497427986902601], "DRB5": [16.0, 3, 0.030266063307584346], "E": [56.0, 23, 0.07827574583285306], "T": [2.0, 1, 0.00660215596660541], "DMA": [2.0, 1, 0.0038554574919489604], "DRB1": [23.0, 7, 0.0435074660046525], "F": [4.0, 2, 0.005822074137698141], "Y": [1.0, 1, 0.0018388286339028413], "DPA1": [20.0, 9, 0.038702293597342056], "DMB": [1.0, 1, 0.0019131247403231585], "DQA1": [10.0, 7, 0.01972909888458257], "DPB1": [19.0, 8, 0.03705109535699213], "DQB1": [14.0, 12, 0.02618855200086812]}