{"A": [9310.0, 1304, 0.13645307168874551], "B": [4828.0, 914, 0.07134694097151212], "C": [9259.0, 1130, 0.13533581441548323], "DMA": [744.0, 3, 0.0152330323763876], "DPA1": [4504.0, 88, 0.09257049700125362], "DPB1": [3724.0, 292, 0.07713023048352256], "DQA1": [2187.0, 119, 0.045827222748004014], "DQB1": [1723.0, 151, 0.03423231219406187], "DRA": [7092.0, 9, 0.14919122069731872], "DRB1": [6403.0, 108, 0.12864323754668844], "DRB3": [1147.0, 9, 0.023044478129947157], "DRB5": [15.0, 3, 0.00030136632253636216], "E": [3511.0, 214, 0.05212397440950548], "F": [570.0, 12, 0.008811708093527175], "HFE": [2.0, 1, 3.074109192634525e-05], "K": [20.0, 11, 0.00029447322275282233], "L": [111.0, 3, 0.0016298528651478403], "T": [237.0, 1, 0.008309437700992794], "DRB4": [675.0, 10, 0.013561484514136295], "DMB": [214.0, 3, 0.00434835074168754], "DPB2": [10.0, 2, 0.00020738352607528013], "DPA2": [1.0, 1, 2.19549271806845e-05], "V": [1.0, 1, 3.112758534514843e-05], "W": [1.0, 1, 1.7193335067779637e-05], "J": [1.0, 1, 1.4696768605882866e-05], "DOB": [25.0, 4, 0.0004894453048492012], "DOA": [36.0, 13, 0.0007693846194474137], "H": [2.0, 2, 2.9366718290952074e-05]}