{"A": [70.0, 59, 0.23090714278163038], "B": [58.0, 40, 0.19290424348557456], "C": [36.0, 35, 0.118428669260053], "DRA": [31.0, 2, 0.14677156537817246], "DRB4": [4.0, 2, 0.01808710845544713], "DMA": [2.0, 1, 0.009216141140466382], "DRB1": [20.0, 8, 0.09043554227723564], "F": [7.0, 3, 0.02435504733662153], "DPB1": [7.0, 6, 0.032630121335164755], "DPA1": [9.0, 6, 0.04163153411727917], "DQA1": [4.0, 4, 0.018864288896892123], "E": [20.0, 8, 0.06682552524360309], "DQB1": [2.0, 2, 0.00894307029185997]}