{"A": [892.0, 291, 0.2282893290052792], "B": [1161.0, 342, 0.2995900857851773], "C": [214.0, 148, 0.05461973034606582], "DPB1": [87.0, 30, 0.03146453596181459], "DQB1": [35.0, 21, 0.012142444380325638], "DRA": [169.0, 4, 0.0620795223612615], "DRB1": [249.0, 28, 0.08735543453068942], "E": [287.0, 75, 0.0744004756218846], "L": [5.0, 1, 0.0012819838305609705], "T": [29.0, 1, 0.01775449850568623], "DRB4": [37.0, 5, 0.012980526416206863], "DMB": [7.0, 2, 0.0024836818050666077], "DQA1": [123.0, 25, 0.045005644851631076], "DPB2": [1.0, 1, 0.0003621273913130989], "DMA": [32.0, 1, 0.01144064552301129], "F": [36.0, 5, 0.00971795466255786], "DOB": [2.0, 2, 0.0006837247096325177], "DPA1": [134.0, 29, 0.048091257545723215], "H": [1.0, 1, 0.0002563967661121941]}