{"A": [2991.0, 686, 0.17726392619036477], "B": [2126.0, 626, 0.12704034711254228], "C": [4367.0, 698, 0.25810841519694067], "DMA": [104.0, 2, 0.00861027623137867], "DMB": [22.0, 3, 0.001807606067805458], "DPA1": [597.0, 52, 0.04961566999907396], "DPB1": [477.0, 103, 0.039948792015901326], "DQB1": [279.0, 97, 0.022414315240787682], "DRA": [1029.0, 6, 0.08753066558926197], "DRB1": [919.0, 51, 0.07466022365452656], "DRB5": [241.0, 5, 0.01957901403780294], "E": [1203.0, 136, 0.07221753098202839], "F": [154.0, 11, 0.009626674389926475], "HFE": [1.0, 1, 6.215264416523065e-05], "K": [4.0, 3, 0.0002381475514766569], "L": [27.0, 2, 0.001603095892250826], "T": [54.0, 1, 0.007655743345999588], "Y": [2.0, 1, 0.0001579461612645546], "DRB4": [134.0, 6, 0.010886256767907028], "V": [1.0, 1, 0.00012586812077562185], "DPA2": [2.0, 2, 0.0001775547570013547], "H": [2.0, 2, 0.00011874784387043156], "J": [1.0, 1, 5.942814469497397e-05], "DOB": [3.0, 1, 0.00023749568774086312], "DOA": [5.0, 5, 0.0004320970680013048], "DQA1": [351.0, 59, 0.02974076858436168], "DRB3": [1.0, 1, 8.124072214855992e-05]}