{"A": [129.0, 87, 0.1807120414680134], "B": [202.0, 116, 0.2853140848188687], "C": [87.0, 70, 0.12154347684820316], "DRA": [45.0, 4, 0.09047962678152242], "E": [44.0, 14, 0.06243428121086603], "L": [2.0, 1, 0.0028068497359231407], "T": [6.0, 1, 0.020106583729227207], "DMA": [7.0, 1, 0.013698569449110902], "DRB1": [37.0, 19, 0.07105079306563997], "F": [11.0, 6, 0.0162533047148364], "DPA1": [35.0, 15, 0.06875527194764476], "DQA1": [7.0, 5, 0.01401962967057444], "DQB1": [7.0, 7, 0.013292685909877986], "DRB3": [1.0, 1, 0.0019202917044767558], "DPB1": [19.0, 12, 0.0376125089452146]}