{"A": [11131.0, 974, 0.1460256465360963], "B": [15499.0, 1007, 0.20500907856242498], "C": [6453.0, 863, 0.08442511118827359], "DMA": [702.0, 3, 0.01286506133952708], "DOA": [10.0, 7, 0.0001912944274727923], "DPA1": [5463.0, 77, 0.10050015547059385], "DPB1": [4011.0, 199, 0.07435821200653894], "DQA1": [987.0, 77, 0.018511995147979354], "DQB1": [1172.0, 102, 0.02084202382167639], "DRA": [5721.0, 8, 0.10772284325981688], "DRB1": [7678.0, 76, 0.13807431166597786], "DRB3": [2034.0, 20, 0.03657764390838747], "DRB5": [9.0, 2, 0.00016184798189551976], "E": [2422.0, 176, 0.03218415800870337], "F": [465.0, 15, 0.006434273516566846], "HFE": [4.0, 1, 5.50314054964709e-05], "K": [11.0, 6, 0.00014496722257613346], "L": [52.0, 3, 0.0006834237775661181], "T": [380.0, 1, 0.011925269602846358], "DMB": [132.0, 3, 0.0024007450647835432], "DPB2": [1.0, 1, 1.856246184110987e-05], "DOB": [39.0, 7, 0.0006834237775661181], "H": [10.0, 7, 0.0001314276495319458], "U": [1.0, 1, 7.34921958607207e-05]}