{"A": [162.0, 120, 0.14891111321312783], "B": [408.0, 205, 0.37813486232510213], "C": [216.0, 120, 0.1980071478147313], "DPA1": [22.0, 13, 0.028357984097065074], "DRB5": [17.0, 2, 0.021420561021225352], "T": [5.0, 1, 0.010994405599129507], "DMB": [3.0, 2, 0.0038230546742427604], "DMA": [10.0, 1, 0.012840794325700873], "DRA": [37.0, 1, 0.048815160860135015], "DRB1": [39.0, 19, 0.04914128704869346], "DQB1": [9.0, 9, 0.011214293711112098], "F": [9.0, 4, 0.008725819314121806], "E": [55.0, 22, 0.051209182536904874], "DQA1": [4.0, 3, 0.005256700177083795], "DRB3": [6.0, 3, 0.007560198007491302], "DPB1": [12.0, 11, 0.015587435274132646]}