{"A": [138.0, 94, 0.10263121519152026], "B": [292.0, 106, 0.21895642651711092], "C": [304.0, 131, 0.2254701166344689], "DRA": [82.0, 4, 0.08752963996385069], "DRB5": [22.0, 3, 0.02242812095538515], "E": [49.0, 28, 0.03691216535465916], "T": [5.0, 1, 0.00889528861421247], "DRB4": [29.0, 5, 0.029564341259371327], "DMB": [3.0, 2, 0.003093134449942063], "DRB1": [68.0, 21, 0.06932328295300863], "DMA": [18.0, 1, 0.018700476979802396], "F": [9.0, 4, 0.007059834248859118], "DPB1": [59.0, 30, 0.06200600024748723], "DQA1": [33.0, 18, 0.03508774391653028], "DPA1": [51.0, 17, 0.053187691231187655], "DQB1": [19.0, 18, 0.019154521482604183]}