{"A": [1335.0, 435, 0.12127153225736159], "B": [2343.0, 405, 0.21459734676471218], "C": [3326.0, 422, 0.3013109156362498], "DPB1": [293.0, 81, 0.03761200982232135], "DRA": [428.0, 8, 0.05580360721172411], "DRB1": [480.0, 43, 0.059770743836982665], "DRB4": [164.0, 8, 0.020421670810969076], "DRB5": [135.0, 5, 0.016810521704151375], "E": [701.0, 98, 0.06450133078722632], "F": [81.0, 10, 0.007760938262262393], "HFE": [1.0, 1, 9.526497495507624e-05], "L": [5.0, 1, 0.0004550293283666278], "T": [28.0, 1, 0.006084505459222255], "DMB": [18.0, 3, 0.002266873381317382], "DMA": [72.0, 1, 0.009136711033096014], "DPA1": [337.0, 40, 0.04292873371414323], "H": [3.0, 3, 0.0002730175970199767], "DQA1": [194.0, 39, 0.025195353102767156], "DQB1": [106.0, 51, 0.013052712901807742], "DOA": [4.0, 3, 0.0005298402591126949], "DOB": [1.0, 1, 0.00012134115423110075]}