{"A": [1081.0, 363, 0.12830534841086874], "B": [1812.0, 546, 0.21684615210205035], "C": [397.0, 240, 0.0469920719658507], "DMA": [88.0, 2, 0.014590881575644761], "DPA1": [471.0, 46, 0.07839358969861175], "DPB1": [403.0, 83, 0.06759357766084713], "DQA1": [168.0, 39, 0.02850817841945933], "DRA": [750.0, 8, 0.12776774641774488], "DRB1": [776.0, 74, 0.1262555888196922], "DRB3": [169.0, 15, 0.027496384678515437], "DRB5": [2.0, 1, 0.00032540100211260876], "E": [680.0, 114, 0.0817524989993984], "F": [92.0, 7, 0.01151750751569758], "L": [7.0, 1, 0.0008323555742907833], "T": [35.0, 1, 0.009937491388046825], "Y": [5.0, 2, 0.0007907955178768192], "DRB4": [6.0, 2, 0.0009762030063378262], "DMB": [40.0, 2, 0.006581974815459585], "DPB2": [1.0, 1, 0.00016794214090992243], "H": [4.0, 3, 0.00047563175673759046], "DQB1": [139.0, 53, 0.02236408776186157], "DOB": [2.0, 1, 0.00031708783782506033], "DOA": [7.0, 5, 0.0012115029341602903]}