{"A": [1065.0, 442, 0.1754517183541601], "B": [960.0, 380, 0.1594607166696871], "C": [824.0, 305, 0.13537867246963967], "DMA": [69.0, 2, 0.015879502904046012], "DMB": [20.0, 4, 0.0045678851129337455], "DPB1": [235.0, 83, 0.05470880162285899], "DQA2": [1.0, 1, 0.00023553157613564625], "DRA": [580.0, 8, 0.13714403303772846], "DRB1": [553.0, 51, 0.12488289951449875], "E": [295.0, 77, 0.0492269685325572], "L": [6.0, 1, 0.0009902641449206734], "T": [23.0, 1, 0.009064117126056766], "DRB4": [72.0, 8, 0.016259618019970903], "DQB1": [57.0, 25, 0.012729173181375371], "DPA1": [290.0, 40, 0.06699564832302826], "F": [51.0, 6, 0.008861960397772326], "DQA1": [114.0, 22, 0.026850599679463672], "DRB5": [1.0, 1, 0.00022582802805515146], "K": [1.0, 1, 0.0001654970269644797], "DOB": [2.0, 2, 0.0004401173977425215], "DOA": [2.0, 2, 0.0004804468804041867]}