{"A": [441.0, 272, 0.20726686694685453], "B": [565.0, 243, 0.2677405809232713], "C": [347.0, 191, 0.16264315455945688], "DMA": [13.0, 2, 0.008535214492852243], "E": [151.0, 42, 0.07188550009215593], "L": [2.0, 1, 0.000941701093680778], "T": [22.0, 1, 0.024734528072800566], "DMB": [6.0, 2, 0.0039094863586141395], "DQA1": [19.0, 9, 0.012766916389849297], "DRA": [80.0, 5, 0.05396624306792851], "DQB1": [26.0, 21, 0.01656463849723917], "F": [12.0, 4, 0.005948728522617479], "DPA1": [59.0, 19, 0.038885159337020324], "DPB1": [59.0, 37, 0.0391854308376923], "DRB3": [15.0, 4, 0.009663898863990007], "DRB1": [116.0, 40, 0.07473415121485605], "DOB": [1.0, 1, 0.0006278007291205187]}