{"A": [6937.0, 1026, 0.20020833824172615], "B": [4923.0, 1023, 0.14325664057748805], "C": [10322.0, 1205, 0.2970908951459129], "DMA": [326.0, 2, 0.013143404096877236], "DMB": [58.0, 4, 0.002320681918759836], "DPB1": [505.0, 114, 0.02059601340760626], "DQA1": [423.0, 69, 0.017453878719810637], "DQB1": [428.0, 109, 0.01674447582148859], "DRA": [1542.0, 6, 0.06387571067911453], "DRB1": [1563.0, 34, 0.06183569814682349], "DRB5": [558.0, 7, 0.022075700298098213], "E": [2211.0, 193, 0.06463567177954213], "F": [308.0, 14, 0.009375896262456511], "L": [31.0, 2, 0.0008963217730523453], "T": [158.0, 1, 0.01090830338013413], "DRB4": [445.0, 10, 0.017605173176798754], "W": [2.0, 2, 6.771220452614906e-05], "H": [4.0, 4, 0.00011565442232933488], "DOB": [7.0, 5, 0.000269860318768448], "DPA1": [923.0, 52, 0.037355344464793674], "DRB3": [1.0, 1, 3.95621869141545e-05], "K": [3.0, 2, 8.697889767128387e-05], "DOA": [1.0, 1, 4.208407930708865e-05]}