{"A": [399.0, 244, 0.1278527006448073], "B": [1051.0, 348, 0.3395581719190224], "C": [143.0, 102, 0.045697039918241956], "DPA1": [117.0, 34, 0.052573083542303445], "DPB1": [132.0, 51, 0.05977123961982108], "DRA": [239.0, 5, 0.10991977135194726], "DRB3": [44.0, 8, 0.019326780351477727], "DRB5": [57.0, 4, 0.025036965455323416], "E": [161.0, 62, 0.05225597368556942], "F": [21.0, 4, 0.00709754109449408], "L": [4.0, 2, 0.0012840702605784388], "T": [16.0, 1, 0.012264409634805832], "DPB2": [1.0, 1, 0.00045339594252383024], "DMA": [23.0, 1, 0.010295433565095831], "DRB1": [182.0, 32, 0.0799425914538397], "DQB1": [55.0, 30, 0.023890047934465523], "DOB": [2.0, 1, 0.000856046840385626], "DQA1": [58.0, 27, 0.026570891381656966], "DMB": [11.0, 1, 0.004886600713867948], "DOA": [1.0, 1, 0.00046724468977223403]}