{"A": [34.0, 31, 0.11859699205367578], "B": [64.0, 58, 0.2250863670284639], "C": [38.0, 37, 0.132188408838157], "E": [18.0, 11, 0.0635975404533549], "L": [1.0, 1, 0.0034945120565407902], "T": [5.0, 1, 0.04172097182972447], "DRB1": [23.0, 17, 0.10997460664329618], "DMA": [3.0, 1, 0.014618264175453076], "DRA": [25.0, 2, 0.1251629154891734], "DRB3": [3.0, 2, 0.014344513909995155], "DPA1": [11.0, 7, 0.053805667118334316], "DPB1": [9.0, 7, 0.04436276309616262], "DQA1": [4.0, 4, 0.01994783965608701], "DQB1": [7.0, 7, 0.03309863765158141]}