{"A": [882.0, 342, 0.15329315779724526], "B": [1214.0, 391, 0.21273910735400764], "C": [644.0, 311, 0.11162335559337491], "DMA": [68.0, 2, 0.016509841058912948], "DOB": [11.0, 4, 0.002553744199859764], "DPA1": [272.0, 27, 0.06629238861969644], "DPB1": [180.0, 57, 0.044208727250643585], "DQB1": [151.0, 52, 0.035575290412457196], "DRA": [453.0, 5, 0.11300386366309934], "DRB1": [360.0, 23, 0.08576824238139841], "DRB5": [208.0, 6, 0.0495549844870302], "E": [338.0, 56, 0.059503696201965564], "L": [16.0, 2, 0.0027859027634833788], "T": [26.0, 1, 0.010809788282710016], "DRB4": [12.0, 4, 0.0028589414127132805], "DMB": [11.0, 2, 0.0026504769347029367], "DPB2": [2.0, 1, 0.0004918410806665244], "V": [1.0, 1, 0.0003691186446781653], "F": [32.0, 5, 0.005866185261820909], "DOA": [2.0, 2, 0.000506864115002952], "H": [1.0, 1, 0.00017411892271771117], "DQA1": [92.0, 30, 0.02286036356181283]}