{"A": [1373.0, 502, 0.14215567418941616], "B": [3472.0, 747, 0.3624497787667089], "C": [1808.0, 488, 0.18668400501301666], "DMA": [78.0, 2, 0.011281531462166906], "DPA1": [201.0, 40, 0.029183024357040652], "DPB1": [129.0, 55, 0.018874032291768986], "DQB1": [74.0, 31, 0.01038586571645261], "DRA": [417.0, 8, 0.06196844838449387], "DRB1": [469.0, 50, 0.06656352746605901], "DRB3": [67.0, 7, 0.009509075352294144], "DRB5": [199.0, 4, 0.028243373061291564], "E": [426.0, 79, 0.044676209535742716], "F": [74.0, 9, 0.00808122116265765], "HFE": [1.0, 1, 0.00010857987080624969], "L": [8.0, 1, 0.0008298038301762295], "T": [34.0, 1, 0.008420972202529143], "DMB": [23.0, 3, 0.0033014038748551753], "H": [2.0, 2, 0.00020745095754405737], "DOB": [3.0, 1, 0.00041490191508811473], "DQA1": [45.0, 27, 0.006661120589891217]}