{"A": [14723.0, 1542, 0.11339310240497294], "B": [26866.0, 1369, 0.20862569493161842], "C": [28701.0, 1364, 0.22044607737283228], "DMA": [990.0, 2, 0.010651366150748685], "DMB": [312.0, 4, 0.003331363921896237], "DPA1": [5271.0, 77, 0.05692773697479096], "DPB1": [5183.0, 292, 0.05640957863946248], "DQA1": [2894.0, 109, 0.031866177611071154], "DQB1": [1974.0, 231, 0.02060889920229484], "DRA": [8043.0, 8, 0.08890973160239088], "DRB1": [7151.0, 103, 0.07549651900324975], "DRB4": [2180.0, 11, 0.023015300157612148], "DRB5": [2400.0, 5, 0.025337945127646404], "E": [6462.0, 274, 0.05041158323081783], "F": [845.0, 13, 0.00686433776413778], "HFE": [3.0, 1, 2.4230771307598815e-05], "K": [11.0, 7, 8.510698174736675e-05], "L": [51.0, 2, 0.0003935068417006855], "S": [1.0, 1, 3.1672431409558004e-05], "T": [348.0, 1, 0.006411493762201506], "V": [7.0, 2, 0.00011449859633358589], "DPB2": [13.0, 2, 0.00014166882657548431], "DPA2": [2.0, 2, 2.3073776770401053e-05], "H": [7.0, 7, 5.401074297852546e-05], "DOB": [9.0, 4, 9.258984510604365e-05], "DOA": [28.0, 9, 0.0003144529843530619], "J": [1.0, 1, 7.722866836851129e-06], "DRB3": [1.0, 1, 1.0557477136519333e-05]}