{"A": [548.0, 229, 0.19876182462796385], "B": [690.0, 235, 0.252334113488297], "C": [316.0, 150, 0.11430218177157356], "DMA": [17.0, 2, 0.008613529230757167], "DPB1": [69.0, 35, 0.03536574640781923], "DRA": [149.0, 5, 0.07756746346258322], "E": [259.0, 58, 0.09515360319199911], "F": [34.0, 5, 0.013007173823967596], "HFE": [1.0, 1, 0.000380371592526273], "L": [3.0, 1, 0.0010900977847856056], "T": [14.0, 1, 0.012147030072440328], "Y": [7.0, 2, 0.003383183739836232], "DRB4": [28.0, 5, 0.013921315363920375], "DMB": [4.0, 1, 0.002011358875631353], "V": [1.0, 1, 0.0007703076544971139], "DQB1": [45.0, 20, 0.02212494763194488], "DRB1": [147.0, 23, 0.07308690566058197], "DPA1": [90.0, 19, 0.04577575372126527], "DQA1": [46.0, 20, 0.023853459165690576], "K": [1.0, 1, 0.0003643632729871984], "DRB3": [10.0, 6, 0.004971898344257276], "DOB": [1.0, 1, 0.000484487904349158], "DOA": [1.0, 1, 0.0005288832103253756]}