{"A": [37.0, 34, 0.20611493300945308], "B": [51.0, 44, 0.2864523370973458], "C": [24.0, 23, 0.13333187801421575], "DRA": [9.0, 2, 0.07195999886943703], "DMA": [3.0, 1, 0.023345801159931862], "DPB1": [6.0, 6, 0.04723243169036408], "DRB1": [9.0, 6, 0.06872584161687806], "E": [11.0, 8, 0.062068818213029175], "DQB1": [2.0, 2, 0.015102715812104069], "DRB3": [1.0, 1, 0.007636204624097563], "DQA1": [3.0, 2, 0.023892968374617764], "DRB4": [1.0, 1, 0.007636204624097563], "DOB": [1.0, 1, 0.00744111910450383], "DPA1": [5.0, 4, 0.03905874778992432]}