{"A": [59.0, 48, 0.10539805162074771], "B": [123.0, 86, 0.22154407656827851], "C": [89.0, 59, 0.15855706523318874], "DRA": [44.0, 4, 0.11281689752745239], "DRB1": [66.0, 10, 0.161619712750002], "L": [1.0, 1, 0.0017896675225717708], "T": [2.0, 1, 0.008546734661170636], "Y": [1.0, 1, 0.00238043155914886], "DRB4": [4.0, 2, 0.009795134106060728], "DMA": [2.0, 1, 0.004991032073126364], "F": [3.0, 2, 0.0056526674488145846], "DQA1": [12.0, 8, 0.030648056324041575], "DQB1": [9.0, 7, 0.021794173385985122], "DPB1": [22.0, 14, 0.05553727580984626], "DMB": [1.0, 1, 0.002476610612043764], "E": [27.0, 14, 0.04885594218445004], "DPA1": [19.0, 9, 0.04759647061307095]}