{"A": [2720.0, 528, 0.15467157442068954], "B": [5637.0, 577, 0.32319460115201176], "C": [1013.0, 409, 0.05744683000988342], "DMA": [152.0, 2, 0.012074384020223117], "DPA1": [575.0, 55, 0.04585112806630905], "DPB1": [574.0, 95, 0.0461248339776802], "DRA": [1039.0, 5, 0.08480043006236059], "DRB1": [1161.0, 50, 0.09049897200964686], "DRB5": [5.0, 3, 0.00038974578815524055], "E": [1333.0, 122, 0.07677941690486337], "K": [4.0, 4, 0.0002284987200822307], "L": [50.0, 1, 0.002848415842265946], "T": [59.0, 1, 0.008025706406286935], "V": [2.0, 2, 0.0002415368482107139], "DRB4": [239.0, 8, 0.0186298486738205], "DMB": [34.0, 3, 0.0026803880794494498], "DPB2": [1.0, 1, 8.046040626606899e-05], "F": [127.0, 9, 0.0076172276256807215], "DOB": [21.0, 7, 0.0015951128716689298], "DOA": [11.0, 5, 0.0009120983106071246], "DQA1": [581.0, 40, 0.04723444912434219], "DQB1": [233.0, 74, 0.01796035201994494], "J": [1.0, 1, 5.702034270545163e-05], "H": [1.0, 1, 5.696831684531892e-05]}