{"A": [1634.0, 598, 0.13624432051882965], "B": [3116.0, 793, 0.2619619801019357], "C": [1248.0, 523, 0.10377576932077678], "DPA1": [572.0, 61, 0.06688103140931927], "DPB1": [440.0, 131, 0.051844220961782976], "DRA": [972.0, 9, 0.11632512423072139], "DRB1": [885.0, 117, 0.10115315890155843], "DRB3": [42.0, 12, 0.004800488897023112], "DRB5": [41.0, 4, 0.004686191542332086], "E": [645.0, 127, 0.05447523691360274], "L": [16.0, 1, 0.001336528191350543], "T": [41.0, 1, 0.008177863671912856], "DRB4": [69.0, 7, 0.007886517473680826], "DMB": [29.0, 2, 0.003352289459744765], "DPB2": [4.0, 2, 0.0004719184593170732], "DMA": [118.0, 1, 0.013744475026318627], "DQB1": [170.0, 84, 0.019214655294169228], "DOB": [13.0, 6, 0.0014479055406297551], "F": [67.0, 5, 0.005892407429590123], "DQA1": [302.0, 62, 0.03600098788342277], "K": [1.0, 1, 8.376228829598556e-05], "DOA": [2.0, 2, 0.00024316648368529137]}