{"A": [2240.0, 590, 0.22515101023948128], "B": [3611.0, 724, 0.36595512231744964], "C": [639.0, 361, 0.06405333710678819], "DMA": [48.0, 2, 0.006739798507168768], "DPB1": [125.0, 53, 0.01775485851912622], "DQA1": [171.0, 32, 0.02457327902979941], "DRA": [270.0, 6, 0.03895207078407832], "DRB1": [393.0, 50, 0.05414872761307267], "DRB5": [2.0, 1, 0.0002755660438324309], "E": [1110.0, 146, 0.1130113123763158], "F": [117.0, 8, 0.01240404559550621], "L": [39.0, 2, 0.003927193267920305], "T": [53.0, 1, 0.012743578713309573], "V": [3.0, 2, 0.0006404112217885217], "DRB4": [70.0, 7, 0.009644811534135083], "DMB": [16.0, 2, 0.0022295798091896686], "DPA1": [257.0, 42, 0.036224265060799954], "DQB1": [66.0, 44, 0.008992638563731663], "DOB": [7.0, 1, 0.0009398411239467397], "DRB3": [7.0, 3, 0.0009644811534135082], "G": [3.0, 3, 0.00032555811373123476], "K": [2.0, 1, 0.00020194730202175405], "DOA": [1.0, 1, 0.00014656600339294632]}