{"A": [5939.0, 1058, 0.18221789412716782], "B": [6560.0, 1038, 0.20293455228411014], "C": [6562.0, 953, 0.20078392750550944], "DMA": [238.0, 2, 0.010200805081708139], "DPA1": [951.0, 74, 0.0409165297622036], "DPB1": [915.0, 169, 0.03967163625836106], "DQA1": [355.0, 51, 0.015572099537973902], "DQB1": [572.0, 135, 0.023789814079755812], "DRA": [1603.0, 8, 0.07059145366693483], "DRB1": [1374.0, 94, 0.05778754634050844], "DRB5": [380.0, 5, 0.01598199971571558], "DRB7": [1.0, 1, 8.983566155991705e-05], "E": [3342.0, 237, 0.10386212440033768], "F": [403.0, 14, 0.013041704469973549], "HFE": [5.0, 1, 0.00016088048273624116], "L": [47.0, 3, 0.0014446656341181917], "T": [153.0, 1, 0.011229457694989632], "DRB3": [120.0, 13, 0.005046947278647026], "DRB4": [3.0, 2, 0.00012617368196617563], "DMB": [61.0, 2, 0.0025946853007362404], "K": [6.0, 4, 0.00018493159973450446], "DPB2": [3.0, 2, 0.00013023855574085914], "DPA2": [4.0, 1, 0.00018383832515671974], "H": [3.0, 3, 9.221270005009735e-05], "DOB": [18.0, 6, 0.0007377016004007788], "DOA": [14.0, 8, 0.0006263442539038042]}