{"A": [31089.0, 2244, 0.21232383713473918], "B": [35562.0, 2086, 0.24487961810909772], "C": [13606.0, 1192, 0.09266964281663934], "DMA": [987.0, 3, 0.009416487800013142], "DPA1": [6141.0, 99, 0.05881277571622179], "DPB1": [5390.0, 288, 0.05201901061843565], "DQA1": [2581.0, 110, 0.02520119448573838], "DQB1": [3158.0, 234, 0.029236235280046808], "DRA": [8023.0, 8, 0.07864474316828744], "DRB1": [7562.0, 154, 0.07079433365910104], "DRB5": [2562.0, 5, 0.02398506781732569], "DRB7": [1.0, 1, 1.999691836760643e-05], "E": [9613.0, 330, 0.06650036079375021], "F": [1677.0, 15, 0.012080270930286739], "H": [15.0, 10, 0.0001026301695417757], "HFE": [7.0, 1, 5.013554031993016e-05], "K": [27.0, 9, 0.00018524135267338987], "L": [500.0, 3, 0.0034210056513925232], "T": [578.0, 1, 0.009442989229147481], "DRB3": [694.0, 19, 0.006497126098838419], "DRB4": [99.0, 8, 0.0009268234636671519], "DMB": [232.0, 3, 0.0021966311843204032], "DPB2": [8.0, 2, 7.730767410157125e-05], "G": [5.0, 5, 3.6867474866531023e-05], "V": [2.0, 1, 2.9009069198655364e-05], "DPA2": [1.0, 1, 1.0230347050276142e-05], "W": [1.0, 1, 8.011585884457706e-06], "DOB": [27.0, 5, 0.0002463124069002617], "DOA": [18.0, 7, 0.00017925524433113333], "J": [1.0, 1, 6.8482597149337085e-06]}