{"A": [10485.0, 1499, 0.15110411212914343], "B": [15447.0, 1459, 0.22445353799184448], "C": [8158.0, 1247, 0.11724830435339344], "DMA": [745.0, 2, 0.014998364895781158], "DOB": [19.0, 7, 0.0003657564319365042], "DPA1": [3552.0, 85, 0.0717829634743575], "DPB1": [2582.0, 247, 0.05258300576900117], "DQA1": [1040.0, 81, 0.02142803306838533], "DQB1": [1504.0, 113, 0.029381435199864647], "DRA": [5948.0, 8, 0.12303246160193634], "DRB1": [5226.0, 122, 0.10323978179464752], "DRB3": [610.0, 15, 0.012050567718089357], "DRB5": [7.0, 3, 0.0001382852033223369], "E": [3951.0, 275, 0.057675044214492495], "F": [488.0, 14, 0.007417871079492469], "HFE": [3.0, 1, 4.534033887072937e-05], "K": [8.0, 4, 0.00011581905409613578], "L": [90.0, 2, 0.0012993978503007386], "T": [218.0, 1, 0.007515432814733838], "DRB4": [13.0, 4, 0.0002568153775986257], "DMB": [166.0, 3, 0.0033165999900717615], "DPB2": [6.0, 2, 0.00012234880102488056], "DPA2": [1.0, 1, 2.158769204077019e-05], "DOA": [18.0, 8, 0.00037825764779006893], "H": [2.0, 2, 2.887550778446086e-05]}