{"A": [2540.0, 678, 0.14288989023171236], "B": [5267.0, 865, 0.29874838395832737], "C": [1324.0, 506, 0.07427981137553273], "DMA": [160.0, 2, 0.012573829374239759], "DOB": [19.0, 6, 0.0014277491474672791], "DPA1": [678.0, 62, 0.05348574604220435], "DPB1": [666.0, 148, 0.05294480297224527], "DQB1": [278.0, 96, 0.02119970917366035], "DRA": [1269.0, 5, 0.1024637657521688], "DRB1": [1220.0, 86, 0.0940800285857209], "DRB5": [6.0, 2, 0.00046268866517567653], "E": [1211.0, 160, 0.06900570338187625], "F": [126.0, 11, 0.007476355462939534], "HFE": [4.0, 1, 0.00023598447679447113], "L": [54.0, 3, 0.003043360024864464], "T": [79.0, 1, 0.010631254917811053], "Y": [12.0, 1, 0.0008995476233148469], "DRB4": [171.0, 8, 0.01318662695750678], "DMB": [49.0, 2, 0.003821563009149859], "DQA1": [432.0, 77, 0.03474502695053596], "K": [2.0, 2, 0.00011302641683614423], "H": [5.0, 5, 0.0002817925948948577], "DOA": [3.0, 3, 0.00024609138167710283], "DRB3": [22.0, 7, 0.0016965251056441475], "G": [1.0, 1, 6.073641770005194e-05]}