{"B": [72.0, 61, 0.3024925182431397], "DRB5": [7.0, 2, 0.0399830154419381], "T": [1.0, 1, 0.009967754549950955], "DMA": [1.0, 1, 0.005820864298253802], "DRA": [14.0, 2, 0.08372913821958802], "DPA1": [13.0, 10, 0.075961163984109], "DQA1": [14.0, 10, 0.08340207127341775], "DRB1": [17.0, 9, 0.0971016089304211], "E": [17.0, 9, 0.07175128113770045], "A": [31.0, 30, 0.12917229461862673], "DPB1": [4.0, 4, 0.023553149747374456], "C": [9.0, 9, 0.037399449632922244], "DQB1": [5.0, 4, 0.028241971224861037], "DRB3": [2.0, 1, 0.0114237186976966]}