{"A": [1791.0, 526, 0.15398378365885892], "B": [3990.0, 638, 0.34588104069225534], "C": [770.0, 281, 0.06602146352522471], "DMA": [134.0, 2, 0.01609399986737137], "DPB1": [355.0, 93, 0.04313095509895152], "DRA": [829.0, 8, 0.10229981220934524], "DRB1": [852.0, 63, 0.1004127404101433], "DRB3": [244.0, 16, 0.02875670030525231], "E": [643.0, 99, 0.05599682866779863], "F": [99.0, 9, 0.008977723096904784], "L": [12.0, 2, 0.0010335998389601727], "T": [61.0, 1, 0.012545815329252233], "DMB": [32.0, 3, 0.003814227015152691], "DPB2": [1.0, 1, 0.00012165221472297564], "DQB1": [80.0, 42, 0.00932366603703991], "H": [2.0, 2, 0.00017226663982669542], "DPA1": [397.0, 38, 0.047864164871183335], "DQA1": [27.0, 13, 0.003318824482911179], "DOA": [2.0, 2, 0.00025073603884469877]}