{"A": [1188.0, 412, 0.1577029954778041], "B": [2497.0, 458, 0.33420774079907456], "C": [545.0, 221, 0.07214978235570413], "DMA": [62.0, 2, 0.011497276754126283], "DPB1": [235.0, 69, 0.044083156666555934], "DRA": [561.0, 9, 0.10688758582384499], "DRB3": [103.0, 16, 0.018742630813510443], "E": [556.0, 89, 0.07476035439205529], "F": [78.0, 5, 0.0109211837755566], "L": [12.0, 2, 0.0015958664107740626], "T": [25.0, 1, 0.007938769000582664], "DMB": [12.0, 3, 0.0022084211947075412], "DRB1": [429.0, 50, 0.07806396717471825], "DQB1": [57.0, 36, 0.010256889548752802], "DOB": [1.0, 1, 0.00017731849008600695], "K": [1.0, 1, 0.00013335388732909216], "DPA1": [311.0, 38, 0.0578927885601111], "DQA1": [51.0, 13, 0.009679096017429145], "DOA": [5.0, 5, 0.0009678339897124682], "H": [1.0, 1, 0.00013298886756450522]}