{"A": [15425.0, 1134, 0.15075972272627086], "B": [27762.0, 1283, 0.2735806440247325], "C": [9588.0, 1159, 0.09345514245669899], "DMA": [921.0, 2, 0.012574756429140693], "DPA1": [3813.0, 62, 0.052259775611425724], "DPA2": [11.0, 2, 0.00016104646928104786], "DPB1": [3947.0, 154, 0.05451406969076083], "DQA1": [1862.0, 76, 0.026018422042182885], "DQB1": [2728.0, 115, 0.036142804162698765], "DRA": [6940.0, 6, 0.09735550922900486], "DRB1": [5278.0, 57, 0.07071301704078045], "DRB5": [4148.0, 5, 0.05557362536664595], "E": [5488.0, 255, 0.05433095237862699], "F": [734.0, 14, 0.007566722862241544], "HFE": [7.0, 1, 7.17486701294657e-05], "L": [97.0, 2, 0.0009497814376535985], "T": [334.0, 1, 0.007809015389646404], "Y": [72.0, 4, 0.0009377083476143624], "DMB": [226.0, 3, 0.0030622860431772066], "K": [8.0, 6, 7.854749196241076e-05], "DPB2": [8.0, 2, 0.00011063454731303474], "V": [4.0, 1, 8.302940881519821e-05], "DOB": [67.0, 7, 0.00087471280168785], "DOA": [56.0, 12, 0.0007980967609620249], "DRB3": [6.0, 5, 8.03861504821301e-05], "H": [13.0, 7, 0.00012729029576800802], "G": [1.0, 1, 1.0552164296326815e-05]}