{"A": [676.0, 276, 0.17488801755659159], "B": [796.0, 282, 0.20763515527600032], "C": [366.0, 163, 0.09442988600926586], "DRA": [259.0, 4, 0.09617319141582287], "DRB3": [40.0, 6, 0.014185451859520094], "F": [43.0, 6, 0.01173365798264771], "L": [6.0, 2, 0.0015550931030304193], "T": [20.0, 1, 0.012377502112718515], "Y": [3.0, 2, 0.0010342124034716867], "DRB4": [27.0, 5, 0.009575180005176064], "DMB": [13.0, 2, 0.004662661307234304], "DMA": [32.0, 1, 0.011564933271730887], "DPA1": [151.0, 32, 0.05478111710922142], "DPB1": [171.0, 49, 0.06251594358591786], "DQB1": [56.0, 30, 0.019638970018846708], "DOB": [2.0, 1, 0.0006911524902357419], "H": [1.0, 1, 0.0002591821838384032], "DRB1": [278.0, 26, 0.09858889042366467], "E": [321.0, 61, 0.08411848633698492], "DQA1": [105.0, 27, 0.03883683035953573], "DOA": [2.0, 2, 0.0007544851885441963]}