{"A": [3220.0, 418, 0.11966668357242462], "B": [1972.0, 536, 0.07389222678658232], "C": [3926.0, 569, 0.1455066023762876], "DMA": [390.0, 2, 0.02024705136447761], "DMB": [77.0, 3, 0.003967210705390164], "DOA": [17.0, 6, 0.0009212418712573631], "DPB1": [1279.0, 170, 0.06716905670858052], "DQB1": [543.0, 51, 0.027354862387642655], "DRA": [3013.0, 6, 0.16071537284491516], "DRB1": [2642.0, 18, 0.1345922399183411], "DRB5": [3.0, 2, 0.00015282994691711706], "E": [1123.0, 122, 0.042273693831711534], "F": [128.0, 10, 0.005017402752967717], "G": [2.0, 2, 8.024699277653935e-05], "HFE": [2.0, 1, 7.794765200930326e-05], "K": [20.0, 8, 0.0007466714698420908], "L": [28.0, 1, 0.0010424787255039847], "T": [105.0, 1, 0.009334613424447444], "DRB4": [916.0, 10, 0.04666407712535974], "J": [1.0, 1, 3.726538431677649e-05], "DPB2": [12.0, 2, 0.0006310143684567566], "DPA1": [1637.0, 80, 0.08531131592412083], "V": [2.0, 1, 0.0001578553030053008], "DOB": [12.0, 4, 0.0005957021288594198], "DQA1": [1012.0, 37, 0.05376987366769882], "H": [2.0, 2, 7.446276610742748e-05]}