{"A": [200.0, 137, 0.12012212272478638], "B": [274.0, 158, 0.1659273685307504], "C": [59.0, 48, 0.03533947027410132], "DPB1": [104.0, 35, 0.08826888956363453], "DQA1": [42.0, 16, 0.036064790439949534], "DRA": [182.0, 7, 0.1568936242930092], "DRB1": [144.0, 29, 0.11855648606904759], "DRB3": [40.0, 9, 0.03293235724140211], "E": [115.0, 35, 0.06996227138587997], "F": [18.0, 6, 0.011402947327246294], "L": [2.0, 2, 0.0012034132367866374], "T": [5.0, 1, 0.007183774006090167], "Y": [1.0, 1, 0.0008003282205814044], "DRB4": [1.0, 1, 0.0008233089310350528], "DMB": [8.0, 3, 0.006661317714738155], "DMA": [24.0, 1, 0.020136502404857322], "DPA1": [119.0, 23, 0.1002260332022097], "DQB1": [29.0, 19, 0.023610670566683013], "DOB": [3.0, 1, 0.0024068264735732747], "DOA": [1.0, 1, 0.0008757907752444585], "H": [1.0, 1, 0.0006017066183933187]}