{"A": [166.0, 121, 0.1877153695130852], "B": [271.0, 153, 0.30898364765715536], "C": [49.0, 40, 0.05525897765745823], "DMB": [2.0, 1, 0.003135442919030175], "DRA": [49.0, 3, 0.07952958745210655], "DRB5": [23.0, 3, 0.035652452068073444], "E": [73.0, 22, 0.08361566780749473], "L": [2.0, 1, 0.002265758021780929], "DPB2": [1.0, 1, 0.0016000456133195221], "DMA": [11.0, 1, 0.017376576787907685], "DRB1": [49.0, 21, 0.07595522397111298], "F": [7.0, 2, 0.00834913330600542], "DPA1": [27.0, 17, 0.042815013652963765], "DPB1": [31.0, 17, 0.04953757692923349], "DQB1": [18.0, 13, 0.027591897687465537], "DRB3": [6.0, 3, 0.009300639669932203], "DQA1": [7.0, 6, 0.011316989285874537]}