{"A": [322.0, 189, 0.20502975238728255], "B": [255.0, 145, 0.16371016879955752], "C": [335.0, 179, 0.21272613214585875], "DMA": [9.0, 2, 0.00800540520084051], "DPA1": [64.0, 22, 0.05714543823230892], "DRB1": [101.0, 25, 0.08815606842473639], "DRB5": [1.0, 1, 0.0008728323606409543], "L": [2.0, 1, 0.0012758005855354095], "T": [10.0, 1, 0.015231780411185282], "DMB": [4.0, 2, 0.00353100364077477], "DPB1": [50.0, 25, 0.044989621677825255], "DRA": [68.0, 3, 0.06214566407763595], "E": [115.0, 36, 0.07417062075686487], "DOA": [3.0, 2, 0.0027854132305713325], "F": [19.0, 4, 0.012760456961186056], "DQA1": [20.0, 14, 0.018206737522744907], "DRB3": [14.0, 6, 0.01221965304897336], "DQB1": [19.0, 16, 0.016399550242709487], "H": [1.0, 1, 0.0006379002927677048]}