{"A": [314.0, 211, 0.2917794491718619], "B": [200.0, 126, 0.18738270673773305], "C": [228.0, 143, 0.2112880427853098], "L": [2.0, 1, 0.0018618591937718182], "T": [9.0, 1, 0.020005859572293266], "DRB4": [9.0, 4, 0.011464031889741084], "DRB1": [32.0, 16, 0.040761002274634965], "DMA": [2.0, 1, 0.002596180249839584], "DRA": [12.0, 1, 0.01600468765783461], "F": [21.0, 5, 0.020582397312128804], "E": [121.0, 41, 0.11388944595998315], "DPA1": [25.0, 16, 0.03257659125756566], "DPB1": [18.0, 16, 0.023636266521705553], "DMB": [1.0, 1, 0.0012882561088219148], "DQA1": [12.0, 10, 0.015942169346671194], "DOA": [1.0, 1, 0.0013549785367688665], "DRB3": [2.0, 1, 0.0025475626421646853], "DQB1": [4.0, 4, 0.005038512781170156]}