{"A": [3184.0, 673, 0.09334334342791556], "B": [8498.0, 1036, 0.2511894995612152], "C": [5043.0, 810, 0.14743964715604077], "DMA": [274.0, 2, 0.011221234814728562], "DPA1": [1592.0, 83, 0.06544763159888332], "DPB1": [1385.0, 203, 0.05737746917144201], "DQB1": [722.0, 143, 0.02869226361845517], "DRA": [2284.0, 8, 0.09610529101205223], "DRB1": [2472.0, 73, 0.09934101294521938], "DRB3": [472.0, 11, 0.018968025125462598], "E": [1760.0, 238, 0.05226320263320125], "F": [286.0, 10, 0.008843576507049377], "L": [28.0, 3, 0.0008223564647908326], "T": [122.0, 1, 0.008555783350459992], "Y": [25.0, 2, 0.0009766195880404306], "DRB4": [352.0, 10, 0.014145645856277193], "DMB": [96.0, 3, 0.0039017432268863748], "DQA1": [952.0, 55, 0.039901420968705185], "K": [6.0, 5, 0.0001767029183265101], "DPB2": [10.0, 2, 0.0004148116188377911], "V": [1.0, 1, 6.226186000350597e-05], "DPA2": [1.0, 1, 4.391457247177707e-05], "H": [5.0, 4, 0.00014684936871264866], "DOB": [6.0, 3, 0.00023495898994023787], "DOA": [9.0, 6, 0.00038473364488222217]}