{"A": [19593.0, 1487, 0.18595610816521407], "B": [20010.0, 1764, 0.19148336852261028], "C": [14915.0, 1458, 0.14117174686088124], "DMA": [827.0, 2, 0.01096465101683054], "DPA1": [3578.0, 80, 0.04762011327752322], "DPB1": [2755.0, 184, 0.03694982912820891], "DQB1": [2411.0, 221, 0.031018732068671007], "DRA": [5892.0, 6, 0.08026258687571601], "DRB1": [7130.0, 150, 0.0927617351579893], "DRB4": [1141.0, 12, 0.014844479637484682], "DRB5": [15.0, 4, 0.00019515091547964088], "DRB7": [1.0, 1, 2.778949036430086e-05], "E": [10865.0, 320, 0.10445092694008147], "F": [991.0, 14, 0.009920527720108844], "HFE": [5.0, 1, 4.976627930569639e-05], "K": [38.0, 12, 0.00036230579843667636], "L": [116.0, 3, 0.0011029587872692403], "T": [550.0, 1, 0.012487107598337805], "DRB3": [537.0, 18, 0.006986402774171143], "DMB": [207.0, 3, 0.002723685845364715], "DQA1": [2034.0, 89, 0.027599523145013648], "J": [2.0, 2, 1.903389750979511e-05], "DPA2": [1.0, 1, 1.4216997116797849e-05], "V": [2.0, 1, 4.031357402944999e-05], "DOB": [37.0, 8, 0.00046907442676967693], "DOA": [26.0, 11, 0.0003598240784222223], "G": [8.0, 5, 8.197489782979605e-05], "H": [8.0, 6, 7.60661232599476e-05]}