{"A": [153.0, 133, 0.17411796711339161], "B": [185.0, 116, 0.2122747538351023], "C": [121.0, 78, 0.13732592993150008], "DMA": [7.0, 2, 0.011128329884361356], "DRA": [47.0, 4, 0.07676989030589677], "DRB5": [1.0, 1, 0.0015599905990918543], "L": [2.0, 2, 0.00228020523699375], "T": [6.0, 1, 0.01633401921402059], "DRB4": [13.0, 5, 0.020279877788194105], "DMB": [4.0, 2, 0.006310871059962502], "DQA1": [31.0, 17, 0.050437664799544056], "DRB1": [73.0, 15, 0.11387931373370536], "F": [10.0, 3, 0.012003385877738476], "E": [37.0, 15, 0.042650776185687536], "DPB1": [32.0, 11, 0.051461620380852516], "DPA1": [31.0, 15, 0.04947142601028076], "DOA": [1.0, 1, 0.0016594322309064742], "DQB1": [13.0, 10, 0.020054545812769727]}