{"A": [14825.0, 1605, 0.156211103254246], "B": [23849.0, 1635, 0.2533738739198543], "C": [10013.0, 1233, 0.105219548748078], "DMA": [695.0, 2, 0.010230145162978401], "DMB": [201.0, 4, 0.0029362323118201903], "DPA1": [3734.0, 82, 0.05517369747844799], "DPA2": [1.0, 1, 1.578394515119892e-05], "DPB1": [4267.0, 218, 0.0635361890254846], "DQA1": [2458.0, 93, 0.03702884759654586], "DQB1": [1683.0, 164, 0.024039123842444308], "DRA": [6980.0, 8, 0.10556343782337921], "DRB1": [6003.0, 125, 0.08670724053727884], "DRB3": [1110.0, 9, 0.016032823087852657], "DRB5": [19.0, 4, 0.00027443571051279325], "E": [6087.0, 324, 0.06496711138488004], "F": [803.0, 14, 0.008924509444813194], "L": [95.0, 2, 0.0010028421720837018], "T": [281.0, 1, 0.007082933626640296], "V": [2.0, 2, 4.4756796115391916e-05], "DRB4": [9.0, 3, 0.000129995862874481], "DPB2": [21.0, 2, 0.0003130957058149549], "H": [7.0, 3, 7.389363373248327e-05], "K": [14.0, 5, 0.00014819290497859408], "DOB": [33.0, 8, 0.00046447426917560914], "DOA": [32.0, 13, 0.0004916709395305736], "Y": [1.0, 1, 1.404081528620001e-05]}