{"A": [234.0, 158, 0.23183709668279953], "B": [334.0, 183, 0.33364759538146205], "C": [70.0, 65, 0.06916400494903611], "DRA": [27.0, 3, 0.03839474089859938], "DRB1": [44.0, 14, 0.05975710818175684], "L": [2.0, 1, 0.0019851295476769754], "T": [8.0, 1, 0.018960365875851547], "DRB4": [4.0, 3, 0.005432464380159713], "DMA": [7.0, 1, 0.009688240387899335], "DPA1": [30.0, 18, 0.041680114640880554], "DQB1": [7.0, 7, 0.009401181413443057], "DOB": [1.0, 1, 0.001323419698451317], "F": [13.0, 4, 0.013585074829635708], "E": [117.0, 32, 0.11741565136425917], "DQA1": [16.0, 9, 0.022663562335978802], "DMB": [2.0, 1, 0.0027470984649671276], "DPB1": [14.0, 12, 0.019600918777062746], "DRB3": [2.0, 1, 0.0027162321900798567]}