{"A": [788.0, 269, 0.18326131924321246], "B": [1072.0, 326, 0.2513702267053771], "C": [194.0, 145, 0.04499469809936879], "DMA": [64.0, 2, 0.02079238744310172], "DMB": [11.0, 3, 0.003546618170633236], "DPB1": [138.0, 63, 0.045352893363464396], "DRA": [349.0, 6, 0.11649597567538818], "DRB1": [348.0, 38, 0.11094140434879696], "DRB5": [116.0, 3, 0.03698046811626565], "E": [204.0, 55, 0.04805602185448429], "L": [12.0, 1, 0.0027958741783094126], "T": [20.0, 1, 0.01112664524120231], "DRB4": [59.0, 7, 0.018809031197066152], "K": [3.0, 2, 0.0007008870309760101], "F": [21.0, 4, 0.005151284028815997], "DPA1": [172.0, 32, 0.05609363911254406], "DQA1": [71.0, 26, 0.02360717719827748], "DOB": [2.0, 2, 0.0006213053729576472], "DOA": [3.0, 3, 0.00101735660671551], "DQB1": [58.0, 40, 0.018284787013042463]}