{"A": [1402.0, 354, 0.19269230214512362], "B": [2398.0, 413, 0.33230738346853245], "C": [818.0, 323, 0.11212040983613185], "DMA": [30.0, 2, 0.005759932586908172], "DRA": [356.0, 5, 0.0702275074831502], "DRB5": [156.0, 5, 0.02939075714008874], "E": [513.0, 96, 0.071417850486714], "F": [47.0, 9, 0.0068134303434377735], "L": [12.0, 1, 0.001652301829675118], "T": [24.0, 1, 0.007890731177882044], "V": [2.0, 2, 0.0005837920068742519], "Y": [8.0, 3, 0.0014651479007475154], "DMB": [10.0, 2, 0.0019054322446590164], "DRB1": [240.0, 19, 0.04521654944629037], "DQB1": [129.0, 31, 0.02403385204596573], "DPA1": [206.0, 25, 0.03970307555307891], "DOA": [2.0, 2, 0.0004008239940956018], "K": [1.0, 1, 0.00013806974727995802], "DQA1": [91.0, 25, 0.017881290720971957], "DPB1": [197.0, 37, 0.038261668023253335], "H": [1.0, 1, 0.00013769181913959316]}