{"T": [1.0, 1, 0.07696311901655838], "DRA": [1.0, 1, 0.04617787140993502], "F": [2.0, 2, 0.06786949400307453], "DQB1": [3.0, 3, 0.13083730232814922], "A": [10.0, 10, 0.32173107129872763], "B": [7.0, 7, 0.22707300404058955], "E": [2.0, 2, 0.0651772539273068], "C": [2.0, 2, 0.06417088397565902]}