{"A": [1667.0, 432, 0.17014218708205936], "B": [2737.0, 564, 0.28166032045153994], "C": [446.0, 286, 0.045396909801462666], "DMA": [101.0, 2, 0.01440050025340445], "DMB": [32.0, 3, 0.004527970076678027], "DPB1": [271.0, 74, 0.039086521617501535], "DQB1": [92.0, 39, 0.01272862699332823], "DRA": [631.0, 7, 0.092437177359477], "DRB1": [749.0, 49, 0.10479198163412994], "DRB5": [1.0, 1, 0.0001399091877625233], "E": [705.0, 148, 0.07288507184080785], "L": [12.0, 2, 0.001227013789026801], "T": [48.0, 1, 0.011719451963166656], "DRB4": [127.0, 7, 0.017768466845840457], "DPA1": [435.0, 44, 0.06225958855432287], "DPB2": [2.0, 1, 0.00028883314277778645], "DOB": [20.0, 4, 0.002726697308948447], "DOA": [12.0, 8, 0.0017859324206817714], "F": [72.0, 6, 0.007751049641345095], "DQA1": [384.0, 27, 0.05603362969889058], "H": [1.0, 1, 0.00010225114908556675], "DRB3": [1.0, 1, 0.0001399091877625233]}