{"A": [19770.0, 1459, 0.177733913695062], "B": [29843.0, 1568, 0.27050828692819145], "C": [20905.0, 1365, 0.1874255646310044], "DMA": [1024.0, 2, 0.012860071569285354], "DOB": [48.0, 6, 0.000576415160438999], "DPA1": [3205.0, 65, 0.040404733512349605], "DPB1": [2244.0, 170, 0.028508069488970497], "DQB1": [985.0, 139, 0.012003756763185299], "DRA": [5380.0, 5, 0.06942035263940664], "DRB1": [6913.0, 99, 0.08519223573091882], "E": [5696.0, 267, 0.05186885646666211], "HFE": [1.0, 1, 9.427993908804068e-06], "K": [23.0, 5, 0.00020771776881785064], "L": [100.0, 3, 0.0009006486881859361], "T": [528.0, 1, 0.011355001918713354], "DRB3": [729.0, 17, 0.008983818869931985], "DRB4": [1562.0, 10, 0.019249279938043568], "DMB": [193.0, 3, 0.0024054597943761954], "DPB2": [5.0, 2, 6.360251045436765e-05], "F": [640.0, 13, 0.006068693716053247], "DOA": [25.0, 7, 0.00032772608308492227], "DQA1": [1082.0, 57, 0.013906953921307714], "G": [2.0, 1, 1.9412211647036105e-05]}