{"A": [4369.0, 554, 0.1196202802713576], "B": [2429.0, 660, 0.06705400864288699], "C": [4328.0, 612, 0.11817484576639069], "DMA": [575.0, 2, 0.02199228777272491], "DMB": [111.0, 3, 0.004213305092268681], "DOA": [41.0, 12, 0.0016368692551852486], "DPA1": [2118.0, 80, 0.08131848983301294], "DPB1": [1835.0, 194, 0.07099702664087934], "DQB1": [742.0, 66, 0.02753873566614373], "DRA": [4342.0, 6, 0.1706292551706936], "DRB1": [4020.0, 29, 0.1508754741816954], "DRB3": [4.0, 4, 0.00015012484993203522], "DRB5": [2.0, 2, 7.506242496601761e-05], "E": [1841.0, 167, 0.05105633275567951], "HFE": [1.0, 1, 2.871299063886347e-05], "K": [37.0, 9, 0.0010176692995049698], "L": [43.0, 1, 0.0011794594448469638], "T": [139.0, 1, 0.009103894698574548], "DRB4": [1166.0, 10, 0.04376139375518827], "DQA1": [1340.0, 43, 0.05245280157098004], "DPB2": [13.0, 2, 0.0005036243757546014], "F": [207.0, 10, 0.005977846059721653], "DOB": [14.0, 3, 0.0005120134024141858], "Y": [1.0, 1, 3.6483617959818024e-05], "H": [2.0, 2, 5.4858578830091336e-05], "DQA2": [1.0, 1, 3.914388176938809e-05]}