{"A": [20537.0, 1826, 0.2309615677819702], "B": [28944.0, 1819, 0.3281978454454605], "C": [5903.0, 1134, 0.06620495887993359], "DMA": [536.0, 3, 0.00842068263335469], "DOB": [36.0, 6, 0.000540798824748076], "DPB1": [1948.0, 158, 0.03095800668242547], "DQA1": [1470.0, 81, 0.02363530280295465], "DQB1": [589.0, 112, 0.008979152173949899], "DRA": [3975.0, 8, 0.06416242265515981], "DRB1": [4462.0, 114, 0.06878632475562846], "DRB3": [568.0, 11, 0.008756304899416622], "DRB5": [6.0, 2, 9.249617851496432e-05], "E": [8071.0, 364, 0.09193970819376013], "F": [882.0, 14, 0.01046219743669693], "H": [14.0, 7, 0.00015773299055152218], "HFE": [8.0, 1, 9.435140272586618e-05], "K": [18.0, 10, 0.00020335619119072208], "L": [191.0, 3, 0.0021519286568100525], "T": [422.0, 1, 0.01135284794988572], "V": [7.0, 3, 0.0001671908681281125], "Y": [3.0, 2, 4.49571838534505e-05], "DPA1": [2073.0, 81, 0.032692083232711444], "DRB4": [553.0, 10, 0.008525064453129212], "DMB": [127.0, 3, 0.001980083912414094], "J": [1.0, 1, 1.1276931353194279e-05], "DPB2": [7.0, 2, 0.00011138876136885843], "DOA": [25.0, 10, 0.0004099681219039753]}