{"A": [2554.0, 494, 0.21073035461832626], "B": [1433.0, 465, 0.11921388901060566], "C": [1371.0, 358, 0.11281287857750676], "DMA": [91.0, 2, 0.010488838330112283], "DOA": [1.0, 1, 0.00012031328061334522], "DPB1": [602.0, 79, 0.07019141825188298], "DQB1": [257.0, 68, 0.028744625157500224], "DRA": [896.0, 8, 0.10610970806595643], "DRB1": [801.0, 50, 0.09059590030184896], "DRB3": [127.0, 10, 0.014364143992927363], "DRB5": [1.0, 1, 0.00011310349600730208], "E": [1045.0, 99, 0.08733645370427322], "F": [136.0, 11, 0.011835775639818883], "HFE": [1.0, 1, 8.65290356273629e-05], "K": [7.0, 6, 0.0005802116213293163], "L": [21.0, 3, 0.001735870352498931], "T": [51.0, 1, 0.010066211144649884], "DRB4": [108.0, 9, 0.012215177568788623], "DMB": [31.0, 2, 0.003546051653228937], "DQA1": [310.0, 33, 0.03656865767392341], "DPB2": [3.0, 2, 0.00035024188261024086], "DPA1": [618.0, 58, 0.07150481019992677], "DPA2": [1.0, 1, 0.00012359604406800677], "DOB": [1.0, 1, 0.00011021399063485275], "H": [3.0, 3, 0.0002479814789284187], "G": [1.0, 1, 8.908151455442376e-05], "DQA2": [1.0, 1, 0.00011796341185136583]}