{"A": [149.0, 112, 0.1880972948790556], "B": [225.0, 131, 0.2863869734555481], "C": [44.0, 41, 0.055394159733963236], "L": [3.0, 1, 0.003794104794319853], "T": [4.0, 1, 0.012079415699562989], "DMB": [2.0, 1, 0.0035002852311233662], "DMA": [9.0, 1, 0.015871522345704422], "DRA": [38.0, 3, 0.06885266948750902], "E": [64.0, 23, 0.08183692702729758], "DRB1": [56.0, 23, 0.09690677314031432], "F": [8.0, 3, 0.010652164853216928], "DPA1": [45.0, 17, 0.07966166388073867], "DQA1": [9.0, 8, 0.01624351115068187], "DRB3": [6.0, 2, 0.010382868550747961], "DQB1": [14.0, 12, 0.023957507804133256], "DPB1": [26.0, 21, 0.04638215796608259]}