{"A": [9054.0, 1009, 0.15886291180606008], "B": [11854.0, 1288, 0.20971109677927147], "C": [5625.0, 917, 0.09842820752768468], "DMA": [527.0, 2, 0.012917320569785899], "DPB1": [2331.0, 209, 0.05779704346025645], "DQA1": [1009.0, 104, 0.025311292036197374], "DQB1": [1242.0, 174, 0.029540711101908854], "DRA": [4711.0, 9, 0.1186413384493543], "DRB1": [4612.0, 99, 0.11092799185963492], "DRB5": [10.0, 3, 0.00024052036396278171], "DRB6": [1.0, 1, 5.04337202969079e-05], "DRB7": [1.0, 1, 5.137514974245017e-05], "E": [3648.0, 278, 0.0648350598225755], "F": [344.0, 11, 0.006366373022839647], "HFE": [3.0, 1, 5.520252479489632e-05], "J": [2.0, 1, 3.51884587277056e-05], "K": [23.0, 6, 0.00040540774613781586], "L": [27.0, 3, 0.00047461075834152194], "T": [174.0, 1, 0.0073033301104463485], "Y": [1.0, 1, 2.33806810114306e-05], "DPA1": [3290.0, 99, 0.08095030778384152], "DRB3": [469.0, 15, 0.011280405069854463], "DRB4": [9.0, 4, 0.00021646832756650353], "DMB": [134.0, 3, 0.003259597568886517], "DPB2": [35.0, 2, 0.0008689418046000754], "H": [6.0, 4, 0.0001054690574092271], "DOB": [22.0, 6, 0.0005156265028895547], "DOA": [30.0, 11, 0.0007675570180644947], "G": [3.0, 3, 5.683091785669267e-05]}