{"DRB1": [4.0, 4, 0.09535733007377999], "DRB5": [4.0, 2, 0.09535733007377999], "DRA": [7.0, 1, 0.17472828422342626], "DPB1": [1.0, 1, 0.024575682557624764], "DPA1": [1.0, 1, 0.024387363151052926], "DQA1": [2.0, 2, 0.04972735767519385], "DOB": [1.0, 1, 0.02323029847600297], "E": [3.0, 2, 0.052846786016442174], "B": [12.0, 11, 0.21041658784875417], "A": [7.0, 7, 0.12173691933599372], "C": [6.0, 6, 0.10406160952193155], "DQB1": [1.0, 1, 0.023574451046017828]}