{"A": [162.0, 124, 0.1352637748151161], "B": [323.0, 197, 0.2719214524214093], "C": [148.0, 113, 0.123237598045299], "DRA": [100.0, 5, 0.11984154340918056], "DRB5": [2.0, 1, 0.0022891081325349095], "E": [73.0, 33, 0.0617394002923034], "L": [1.0, 1, 0.0008364852254381671], "T": [5.0, 1, 0.00998679528409838], "DRB4": [6.0, 3, 0.006867324397604729], "DMB": [4.0, 2, 0.004630241449900158], "DRB1": [86.0, 41, 0.0984316496990011], "DMA": [5.0, 1, 0.005831983505599435], "DQB1": [14.0, 13, 0.01584571518410276], "DPA1": [58.0, 22, 0.06791020793186897], "F": [5.0, 3, 0.004403399649760957], "DPB1": [35.0, 25, 0.04129674806667708], "DQA1": [22.0, 19, 0.026262150723652455], "DRB3": [2.0, 2, 0.0022891081325349095], "DOB": [1.0, 1, 0.0011153136339175562]}