{"A": [29975.0, 2113, 0.17964898220748754], "B": [20313.0, 1971, 0.12274790772498974], "C": [42773.0, 2256, 0.2556526519821628], "DMA": [1186.0, 3, 0.009929561097440915], "DMB": [344.0, 4, 0.0028582563064992934], "DPA1": [6548.0, 96, 0.05503193938640233], "DPB1": [4619.0, 285, 0.03911964030086808], "DQA1": [3479.0, 129, 0.029809941113759484], "DQB1": [2499.0, 286, 0.020302482586397694], "DRA": [10299.0, 7, 0.08859343329876838], "DRB1": [9097.0, 118, 0.07473664327736211], "DRB3": [7.0, 6, 5.750868450495051e-05], "DRB5": [2217.0, 6, 0.01821382193535361], "E": [11948.0, 367, 0.07253269949058831], "F": [1449.0, 16, 0.00915979101989657], "H": [19.0, 14, 0.00011408037923368636], "HFE": [6.0, 1, 3.771138459964417e-05], "K": [34.0, 14, 0.00020470415812414352], "L": [271.0, 4, 0.0016271464617015265], "T": [567.0, 1, 0.008129021697964475], "V": [7.0, 2, 8.909952860438174e-05], "Y": [18.0, 2, 0.00014375177066442031], "DRB4": [1288.0, 10, 0.010581597948910892], "DPB2": [8.0, 2, 6.78416145632774e-05], "DPA2": [2.0, 2, 1.795535228550589e-05], "J": [4.0, 3, 2.4038855205983225e-05], "DOB": [33.0, 7, 0.00026418614138327365], "DOA": [34.0, 9, 0.0002971336584723624], "G": [1.0, 1, 6.470635803970412e-06]}