{"DMB": [1.0, 1, 0.011813606923932707], "DMA": [1.0, 1, 0.011903787129458911], "DRA": [7.0, 2, 0.08561390429579468], "F": [2.0, 2, 0.017975747711344293], "E": [9.0, 5, 0.07768209423781582], "DRB1": [10.0, 8, 0.11680869767484024], "DRB3": [1.0, 1, 0.011680869767484024], "DPA1": [2.0, 2, 0.023898791018530534], "DPB1": [2.0, 2, 0.024083337667322274], "C": [18.0, 17, 0.15296528638291068], "B": [34.0, 30, 0.29211828030088144], "A": [19.0, 18, 0.16190451456406135], "DQB1": [1.0, 1, 0.011551082325623092]}