{"DRB5": [1.0, 1, 0.028214010864398946], "T": [1.0, 1, 0.04923621503787268], "DMA": [2.0, 1, 0.057504892372477245], "DRA": [6.0, 2, 0.17725037413634162], "DRB1": [1.0, 1, 0.028214010864398946], "F": [1.0, 1, 0.02170933977174213], "DRB4": [1.0, 1, 0.028214010864398946], "DQB1": [2.0, 2, 0.05580104370958903], "A": [8.0, 8, 0.16465881750370534], "B": [11.0, 11, 0.22827699699377332], "DQA1": [1.0, 1, 0.029426331643728588], "DPA1": [1.0, 1, 0.028862608815304672], "C": [5.0, 5, 0.10263134742226866]}