{"A": [11521.0, 1307, 0.17642583699739664], "B": [20151.0, 1451, 0.31113084840604677], "C": [3560.0, 936, 0.054367207796148086], "DMA": [463.0, 2, 0.009904505442071875], "DOB": [20.0, 5, 0.00040910287175400535], "DPB1": [1741.0, 138, 0.037674899483455634], "DRA": [3837.0, 9, 0.08433439117335538], "DRB1": [4586.0, 111, 0.09626665560724719], "DRB2": [1.0, 1, 0.00015147863089269928], "DRB3": [564.0, 11, 0.011839161308872092], "DRB5": [8.0, 3, 0.0001679313660832921], "E": [6677.0, 284, 0.10356820373637582], "F": [646.0, 15, 0.010434127480107488], "H": [4.0, 3, 6.13654307631008e-05], "HFE": [3.0, 1, 4.8178017275328424e-05], "K": [15.0, 8, 0.00023075198576060776], "L": [128.0, 3, 0.0019636937844192256], "T": [267.0, 1, 0.00978076728489527], "DRB4": [588.0, 10, 0.012342955407121969], "DMB": [116.0, 3, 0.002462675317391914], "DPB2": [5.0, 2, 0.00010833845379568054], "G": [1.0, 1, 1.6533065908642695e-05], "DPA1": [1884.0, 74, 0.04045698238416966], "V": [6.0, 1, 0.00019513494811322578], "DQB1": [511.0, 121, 0.010607431386252834], "DOA": [11.0, 7, 0.0002456247122443371], "DQA1": [1133.0, 61, 0.02480521752208143]}