{"A": [6295.0, 1196, 0.13298400391515872], "B": [8799.0, 1194, 0.18741806438907535], "C": [9491.0, 1121, 0.19995426165574526], "DMA": [419.0, 2, 0.012365095851187632], "DOA": [13.0, 9, 0.0004004556140036044], "DPA1": [1799.0, 56, 0.05329364339749885], "DPB1": [1894.0, 180, 0.05654119280179078], "DQA1": [1174.0, 79, 0.035457889904116024], "DQB1": [1128.0, 97, 0.03230205045060186], "DRA": [2952.0, 6, 0.08950780938377036], "DRB1": [2935.0, 79, 0.0849926949012519], "DRB5": [869.0, 7, 0.0251647876896722], "E": [2273.0, 227, 0.04863805100798576], "F": [432.0, 13, 0.009625848622841684], "H": [19.0, 11, 0.00040211387349449527], "HFE": [4.0, 1, 8.861746450509562e-05], "L": [15.0, 2, 0.0003174583211798647], "T": [221.0, 1, 0.011168262123878302], "DRB4": [519.0, 9, 0.015029372624786963], "DMB": [108.0, 3, 0.003163039272846652], "DPB2": [5.0, 2, 0.00014945632302969575], "V": [2.0, 1, 8.973161057720998e-05], "DOB": [31.0, 6, 0.0008747740405845161], "DRB3": [1.0, 1, 2.8958328756814957e-05], "J": [2.0, 2, 4.236643166065531e-05]}