{"A": [1473.0, 454, 0.1529381645361668], "B": [2417.0, 481, 0.25302546851277624], "C": [988.0, 336, 0.10230222811995428], "DPB1": [458.0, 87, 0.06719855374834162], "DQA1": [253.0, 36, 0.0375556054812669], "DRA": [710.0, 7, 0.10580650782415055], "DRB1": [668.0, 54, 0.09507348495419003], "DRB5": [2.0, 2, 0.00028465115255745514], "E": [594.0, 93, 0.06247016166048055], "F": [74.0, 9, 0.008103944484481556], "L": [10.0, 1, 0.001040171410577197], "T": [33.0, 1, 0.008196278775110252], "DPA1": [358.0, 36, 0.05212387944129676], "DRB3": [106.0, 6, 0.015086511085545122], "DRB4": [4.0, 2, 0.0005693023051149103], "DMB": [19.0, 2, 0.0027349153350832763], "DPB2": [1.0, 1, 0.0001469108074732742], "DMA": [68.0, 1, 0.009862836499681595], "H": [1.0, 1, 0.0001040171410577197], "DOB": [5.0, 2, 0.0006934476070514647], "DQB1": [171.0, 47, 0.024067254948732835], "DOA": [2.0, 2, 0.0003027962459475718], "K": [3.0, 2, 0.00031290792296228946]}