{"A": [5022.0, 984, 0.11617026839424234], "B": [7433.0, 1100, 0.1733631851372592], "C": [4027.0, 724, 0.0928998333878307], "DMA": [441.0, 2, 0.014250715432585995], "DPA1": [2727.0, 75, 0.08845940224656125], "DPB1": [2314.0, 228, 0.07564199252211143], "DQB1": [1001.0, 195, 0.03138843647250246], "DRA": [4037.0, 8, 0.13403491359880496], "DRB1": [3065.0, 103, 0.09718932978190128], "DRB5": [771.0, 5, 0.024447952124582676], "E": [2858.0, 261, 0.06696587790909621], "F": [305.0, 13, 0.00744165846692379], "L": [46.0, 1, 0.0010660262574701226], "T": [144.0, 1, 0.00796838723401367], "V": [3.0, 2, 0.0001473843383467229], "DRB4": [449.0, 9, 0.014237523351410663], "DMB": [93.0, 3, 0.0029824858468218782], "DPB2": [2.0, 1, 6.546194409386231e-05], "H": [11.0, 5, 0.0002549193224385076], "DOB": [14.0, 5, 0.0004325903653501947], "DOA": [25.0, 10, 0.000843268071328638], "DRB3": [3.0, 2, 9.512821838359017e-05], "DQA1": [1497.0, 86, 0.04950866374961277], "K": [2.0, 2, 4.647618354696903e-05], "J": [1.0, 1, 2.3195647770245274e-05], "G": [3.0, 3, 7.49239950100843e-05]}