{"A": [770.0, 290, 0.23990669413646393], "B": [1111.0, 166, 0.34901184004126423], "C": [216.0, 92, 0.06711512654960293], "DRA": [151.0, 4, 0.0675257619462481], "E": [322.0, 65, 0.10162032294066184], "K": [2.0, 2, 0.0006259848389677818], "L": [2.0, 1, 0.0006242713768173224], "T": [16.0, 1, 0.011925079372405847], "DMB": [4.0, 2, 0.0017277813863428926], "DPB2": [1.0, 1, 0.0004408514362060473], "DMA": [23.0, 1, 0.010010580704078285], "DRB1": [117.0, 17, 0.049969767285916906], "DOB": [2.0, 1, 0.00083236183575643], "DPA1": [78.0, 20, 0.03407899837890119], "F": [37.0, 4, 0.012159199266424621], "DPB1": [64.0, 31, 0.02817817982977752], "DQB1": [29.0, 15, 0.012248050272075171], "DRB5": [1.0, 1, 0.00042709202808475995], "DOA": [1.0, 1, 0.00045431701792283225], "DRB4": [1.0, 1, 0.00042709202808475995], "DQA1": [24.0, 12, 0.010690647327996647]}