{"A": [1114.0, 431, 0.17737670903880456], "B": [1358.0, 368, 0.21801462711035344], "C": [868.0, 337, 0.1378307592276641], "DMA": [52.0, 2, 0.011566302323058808], "DPA1": [232.0, 43, 0.05180121724173346], "DPB1": [133.0, 52, 0.029925703203839266], "DQB1": [155.0, 62, 0.03345495280195286], "DRA": [415.0, 7, 0.094841934508762], "DRB1": [416.0, 48, 0.09079763921022944], "DRB3": [79.0, 7, 0.017242820907711842], "DRB5": [158.0, 5, 0.034485641815423684], "E": [360.0, 78, 0.058061327443455865], "L": [13.0, 1, 0.002073702925621401], "T": [26.0, 1, 0.009903173884449045], "DMB": [19.0, 2, 0.004194132645992624], "K": [2.0, 2, 0.0003199068768359569], "DPB2": [2.0, 2, 0.00045059048502796506], "DOB": [1.0, 1, 0.00021268747955091296], "F": [59.0, 6, 0.009908662231758094], "DQA1": [75.0, 28, 0.01707315509676274], "DOA": [2.0, 2, 0.0004643535410115549]}