{"A": [1646.0, 459, 0.1406094442949824], "B": [2535.0, 461, 0.21834189990816305], "C": [1580.0, 438, 0.1346036290551654], "DMA": [107.0, 2, 0.012768745553597664], "DOB": [9.0, 5, 0.0010269698483997304], "DPA1": [501.0, 43, 0.060015435917081555], "DPB1": [450.0, 96, 0.05432234333234094], "DQB1": [124.0, 30, 0.014358982538777465], "DRA": [942.0, 7, 0.11549853317244341], "DRB3": [159.0, 9, 0.01861879667722957], "E": [808.0, 111, 0.06991479356608644], "L": [12.0, 1, 0.0010269698483997304], "T": [35.0, 1, 0.007152244623205094], "DRB4": [92.0, 8, 0.010773140215755473], "DMB": [28.0, 2, 0.003316040688940543], "DRB1": [824.0, 40, 0.09648986454111425], "F": [110.0, 7, 0.009911262001526696], "DQA1": [252.0, 39, 0.030777002644229418], "DOA": [3.0, 3, 0.00037369155174173455], "W": [1.0, 1, 0.00010021002081963182]}