{"A": [165.0, 106, 0.1573255563478404], "B": [289.0, 141, 0.27783543529737825], "C": [94.0, 78, 0.08938367501595411], "DRA": [72.0, 3, 0.09853459443560998], "DRB5": [46.0, 2, 0.06012332463221521], "E": [58.0, 24, 0.056016553340354845], "T": [5.0, 1, 0.01140446694856597], "DMB": [3.0, 3, 0.003965644188933168], "DMA": [11.0, 1, 0.014651693033921014], "DRB1": [48.0, 9, 0.06273738222492022], "DOA": [4.0, 3, 0.0055613814920497], "F": [9.0, 2, 0.00905126858108089], "DQB1": [27.0, 15, 0.03489766886261187], "DPA1": [32.0, 13, 0.04278641393117164], "Y": [1.0, 1, 0.0012705461964543155], "DQA1": [22.0, 12, 0.029990184178807076], "DPB1": [33.0, 13, 0.044464211292130955]}