{"A": [6886.0, 955, 0.12742316806134835], "B": [17384.0, 1170, 0.32434376509119534], "C": [2864.0, 699, 0.05285297219487268], "DMA": [401.0, 2, 0.010365864960929606], "DOB": [19.0, 7, 0.0004696404588483861], "DPA1": [2314.0, 70, 0.06004617018882746], "DPB1": [2100.0, 203, 0.05491386304030916], "DQA1": [1559.0, 85, 0.04124474429367387], "DQB1": [1052.0, 168, 0.026388484012111035], "DRA": [3502.0, 8, 0.09301188090960809], "DRB1": [3248.0, 97, 0.08238861928504612], "DRB4": [504.0, 11, 0.012784440923541638], "DRB5": [929.0, 8, 0.02356497146422655], "E": [3514.0, 185, 0.0658652273503221], "HFE": [4.0, 1, 7.76241808019652e-05], "K": [15.0, 9, 0.000278839835200106], "L": [269.0, 2, 0.004986840135403258], "T": [142.0, 1, 0.006285782928404887], "U": [1.0, 1, 0.00010366392512711422], "Y": [39.0, 2, 0.0009616590335821131], "DMB": [87.0, 3, 0.002231915721297414], "DPB2": [4.0, 2, 0.00010473262538615665], "F": [436.0, 10, 0.008509802483825815], "DOA": [14.0, 8, 0.00037776070458008166], "DRB3": [15.0, 6, 0.000380489313200644], "H": [2.0, 1, 3.7076878330135744e-05]}