{"C": [8.0, 8, 0.049580643236768834], "DPB1": [10.0, 8, 0.08781899646667066], "E": [14.0, 9, 0.08812684903731029], "DMB": [3.0, 2, 0.025846727369167845], "DMA": [1.0, 1, 0.008681343543842635], "DRA": [18.0, 2, 0.16055378883436025], "DPA1": [11.0, 5, 0.09586065936151139], "DQB1": [7.0, 7, 0.058968829849657005], "DQA1": [5.0, 4, 0.044424062665757234], "F": [2.0, 1, 0.013109579299635564], "DRB1": [10.0, 6, 0.0851877156736618], "DRB3": [3.0, 2, 0.025556314702098543], "A": [12.0, 12, 0.074574164212681], "B": [29.0, 25, 0.18171032574687696]}