{"B": [89.0, 72, 0.2588320320649409], "C": [80.0, 63, 0.23012222426494455], "L": [1.0, 1, 0.0028896506491298346], "T": [2.0, 1, 0.013799813121770367], "DMB": [1.0, 1, 0.003998809484149368], "DMA": [2.0, 1, 0.008058669494774299], "DRA": [15.0, 2, 0.062099159047966646], "F": [6.0, 4, 0.018253931478076652], "E": [21.0, 9, 0.06135442743576779], "DPB1": [9.0, 9, 0.036684059205941685], "DQA1": [3.0, 3, 0.012371316841587106], "H": [2.0, 2, 0.005779301298259669], "A": [70.0, 59, 0.2019071018226238], "DPA1": [9.0, 7, 0.036402955303980446], "DRB3": [3.0, 2, 0.01186163712152172], "DRB1": [9.0, 8, 0.03558491136456516]}