{"A": [4373.0, 984, 0.19068388238860712], "B": [4452.0, 878, 0.19573303236819026], "C": [5565.0, 919, 0.24199962789391372], "DMA": [116.0, 2, 0.007065978175140219], "DMB": [40.0, 4, 0.0024180855301550908], "DOB": [4.0, 3, 0.00023298342334341022], "DPA1": [876.0, 67, 0.05356476360591828], "DPB1": [709.0, 155, 0.04368799007647773], "DQB1": [347.0, 100, 0.020510738819115516], "DRA": [896.0, 8, 0.05607682584754959], "DRB1": [1123.0, 81, 0.06712496753709177], "DRB3": [196.0, 10, 0.01171548854609972], "DRB5": [4.0, 2, 0.00023909160298162696], "E": [1609.0, 203, 0.07106628453578129], "F": [256.0, 10, 0.011774055653458333], "HFE": [1.0, 1, 4.572883810608481e-05], "L": [22.0, 2, 0.0009610566212915671], "T": [92.0, 1, 0.009596480613791968], "DQA1": [238.0, 38, 0.014837221682686003], "DPB2": [2.0, 1, 0.0001233971481883268], "DPA2": [1.0, 1, 6.531799931387558e-05], "H": [5.0, 4, 0.00021842195938444705], "K": [3.0, 3, 0.0001314128824256289], "DOA": [2.0, 2, 0.00012716625098823585]}