{"A": [828.0, 414, 0.16875244521905386], "B": [1145.0, 422, 0.2352879493816588], "C": [282.0, 184, 0.05731705490380612], "DMA": [67.0, 2, 0.01907542990403455], "DPA1": [221.0, 41, 0.06316152240541022], "DPB1": [257.0, 72, 0.07401746079399887], "DRA": [423.0, 8, 0.12373740676292264], "DRB1": [436.0, 57, 0.12180806690131783], "DRB3": [56.0, 9, 0.015645072813013302], "E": [254.0, 59, 0.05243563264527556], "L": [7.0, 2, 0.0014292544848567123], "T": [31.0, 1, 0.015113710045904656], "DMB": [22.0, 3, 0.006216122680170463], "V": [1.0, 1, 0.00043284413246834943], "DQB1": [65.0, 35, 0.017957687742714668], "F": [58.0, 10, 0.01246807315676842], "DOB": [1.0, 1, 0.0002722389494965166], "DQA1": [49.0, 28, 0.01427765678101653], "DOA": [2.0, 1, 0.0005943702961119167]}