{"A": [301.0, 172, 0.1559054557431488], "B": [761.0, 226, 0.39742385772234207], "C": [127.0, 94, 0.06560146825615833], "DPB1": [51.0, 35, 0.03732899648407002], "DRB1": [84.0, 20, 0.05964086417767699], "DRB5": [25.0, 2, 0.0177502571957372], "E": [161.0, 45, 0.0844682995652939], "K": [1.0, 1, 0.0005203277589674473], "L": [4.0, 1, 0.0020756140166110215], "T": [13.0, 1, 0.01610748829448466], "V": [1.0, 1, 0.0011000352815307927], "DRB4": [11.0, 2, 0.007810113166124368], "DMA": [15.0, 1, 0.010853401537240837], "DRA": [77.0, 5, 0.05724353532347625], "F": [8.0, 5, 0.0043705532415094705], "DPA1": [45.0, 19, 0.03268495635352988], "DQA1": [39.0, 20, 0.02888022315300179], "DQB1": [23.0, 21, 0.0161487895465218], "Y": [2.0, 1, 0.0013803840790083005], "DMB": [2.0, 1, 0.0014361571731096462], "DRB3": [1.0, 1, 0.000710010287829488], "G": [1.0, 1, 0.000559211642626765]}