{"B": [36.0, 34, 0.15047465048568398], "C": [16.0, 13, 0.06614871102186289], "DRA": [24.0, 3, 0.14280339379425694], "DRB1": [24.0, 11, 0.1363852637360881], "E": [11.0, 9, 0.04619044275748279], "K": [1.0, 1, 0.004164554599443679], "T": [2.0, 1, 0.0198338046936468], "Y": [1.0, 1, 0.005524099729601869], "DMA": [3.0, 1, 0.017373504493099007], "DOB": [1.0, 1, 0.005537540361547372], "F": [1.0, 1, 0.00437258230277804], "DRB4": [6.0, 4, 0.03409631593402203], "DQA1": [9.0, 5, 0.05334208801396805], "A": [49.0, 47, 0.2031339259402596], "DPA1": [10.0, 7, 0.05813356548137855], "DQB1": [1.0, 1, 0.005619577996533259], "DPB1": [8.0, 6, 0.04686597865834687]}