{"A": [391.0, 212, 0.17063908740907824], "B": [276.0, 180, 0.12144658433003915], "C": [546.0, 251, 0.2376344639363928], "DMA": [42.0, 2, 0.025605357681930754], "DRA": [151.0, 5, 0.09458442209267456], "DRB1": [143.0, 12, 0.08554755938213106], "DRB5": [45.0, 4, 0.026920560644726556], "L": [3.0, 1, 0.0013116404547704364], "T": [9.0, 1, 0.009395803519139857], "DRB4": [28.0, 6, 0.01675057106782986], "DMB": [5.0, 2, 0.003025164011844272], "DQB1": [37.0, 27, 0.021888742272366556], "F": [14.0, 4, 0.0064443839698999595], "E": [140.0, 42, 0.06188748812422378], "DPA1": [84.0, 26, 0.05140692500127094], "DQA1": [44.0, 22, 0.027453363407486768], "DOA": [1.0, 1, 0.0006363691626509067], "H": [1.0, 1, 0.00043721348492347875], "DPB1": [59.0, 35, 0.03638606536562655], "DRB3": [1.0, 1, 0.0005982346809939235]}