{"A": [8855.0, 968, 0.2349887693147379], "B": [11566.0, 1097, 0.30946831450606843], "C": [2080.0, 687, 0.055047410922237514], "DMA": [339.0, 2, 0.01256718572935323], "DMB": [47.0, 3, 0.0017291535383844605], "DPB1": [825.0, 108, 0.03093811226978851], "DQA1": [1044.0, 52, 0.03960957294176957], "DQB1": [269.0, 64, 0.009676719281474457], "DRA": [1627.0, 5, 0.06197078523447647], "DRB1": [2133.0, 71, 0.0775924063516416], "DRB5": [2.0, 2, 7.275424880603994e-05], "DRB7": [1.0, 1, 7.770153772485064e-05], "E": [2928.0, 245, 0.07870506311982105], "F": [373.0, 12, 0.010440444370089803], "HFE": [1.0, 1, 2.7830063655032467e-05], "L": [130.0, 3, 0.003456158726356267], "T": [189.0, 1, 0.01199803156045488], "DRB4": [449.0, 9, 0.016333328856955966], "DPB2": [4.0, 2, 0.00015019627137535563], "V": [1.0, 1, 5.635991614471759e-05], "DOB": [42.0, 6, 0.0014888068359688537], "DOA": [17.0, 8, 0.0006578317436864846], "DPA1": [1149.0, 51, 0.04275817377674971], "DRB3": [3.0, 3, 0.00010913137320905991], "H": [3.0, 3, 7.975750906976002e-05]}