{"A": [931.0, 389, 0.13551338715770836], "B": [499.0, 238, 0.07323311806718953], "C": [942.0, 321, 0.13674090300821365], "DMA": [80.0, 3, 0.01626680650362698], "DPB1": [378.0, 104, 0.0777509386531468], "DQA1": [227.0, 43, 0.047238869628745656], "DRA": [703.0, 8, 0.14686853052338425], "DRB3": [100.0, 7, 0.019952730823737212], "DRB5": [3.0, 2, 0.0005985819247121164], "E": [388.0, 77, 0.05720543641372362], "F": [57.0, 10, 0.00875102623649731], "L": [8.0, 1, 0.001166579371519234], "T": [29.0, 1, 0.010097646716875637], "DRB4": [62.0, 6, 0.012370693110717071], "DMB": [31.0, 3, 0.0062556345843967015], "DPA1": [423.0, 44, 0.08634028245071665], "DQB1": [167.0, 47, 0.03295082647035625], "DRB1": [653.0, 46, 0.130291332279004], "DOA": [1.0, 1, 0.000212246180475611], "DOB": [1.0, 1, 0.0001944298952532057]}