{"A": [20671.0, 1631, 0.15412083246192798], "B": [12471.0, 1506, 0.09375093305516846], "C": [15760.0, 1468, 0.11718474881270097], "DMA": [1175.0, 2, 0.012238199254746042], "DMB": [285.0, 5, 0.0029459263002962186], "DOA": [50.0, 13, 0.0005435972204362911], "DOB": [19.0, 6, 0.0001892273827927498], "DPA1": [7408.0, 116, 0.07745356478597726], "DPB1": [7111.0, 231, 0.0749224307695088], "DQA1": [3789.0, 90, 0.040389231009883585], "DQB1": [2908.0, 220, 0.029390811849941655], "DRA": [11782.0, 8, 0.12608394315657065], "DRB1": [12497.0, 118, 0.12772486519939136], "DRB3": [2083.0, 14, 0.02128918094025224], "DRB5": [11.0, 3, 0.00011242486334266665], "DRB7": [1.0, 1, 2.183086437272145e-05], "E": [11238.0, 280, 0.08487151308370974], "F": [1437.0, 13, 0.011300775253458474], "HFE": [3.0, 1, 2.3457232492179208e-05], "K": [75.0, 17, 0.0005617502840647674], "L": [124.0, 2, 0.000926218242090828], "T": [561.0, 1, 0.010005812837497333], "V": [6.0, 2, 9.500859736677614e-05], "Y": [3.0, 3, 2.980548837295101e-05], "DRB4": [1328.0, 11, 0.013572747138096483], "DPB2": [8.0, 2, 8.439767154402622e-05], "DPA2": [1.0, 1, 1.1168586820969364e-05], "W": [1.0, 1, 8.746339892917248e-06], "H": [15.0, 12, 0.00011204252928518081], "G": [3.0, 1, 2.4149186253010453e-05], "DQA2": [1.0, 1, 1.0659601744492895e-05]}