{"A": [5708.0, 863, 0.10267190801067334], "B": [8296.0, 1160, 0.15045647135888535], "C": [12164.0, 1072, 0.21820218794660298], "DMA": [942.0, 2, 0.02367000585000286], "DMB": [211.0, 4, 0.005261714531460537], "DPA1": [2633.0, 66, 0.06641391860312318], "DPB1": [1810.0, 204, 0.046007386625795586], "DQB1": [1057.0, 115, 0.025772703468053357], "DRA": [4757.0, 8, 0.12281226040155473], "DRB1": [5612.0, 92, 0.1383742101096424], "E": [2220.0, 200, 0.0404476878587082], "F": [563.0, 16, 0.010681387577202597], "HFE": [4.0, 1, 7.545418250142352e-05], "K": [19.0, 9, 0.00034332343378335275], "L": [35.0, 2, 0.0006307067786871955], "T": [239.0, 1, 0.010283837935663787], "DRB3": [1287.0, 19, 0.03173335859071806], "DPB2": [1.0, 1, 2.545120137854073e-05], "H": [4.0, 4, 7.208077470710805e-05], "DOB": [16.0, 5, 0.00038443079843790965], "DQA1": [207.0, 24, 0.00532327783833041], "DOA": [11.0, 4, 0.0002885145484292479], "Y": [1.0, 1, 2.3968607123480103e-05], "J": [1.0, 1, 1.803665047465535e-05], "DQA2": [1.0, 1, 2.5716318059567195e-05]}