{"A": [98.0, 75, 0.12432248359043081], "B": [168.0, 104, 0.21488561508428658], "C": [59.0, 49, 0.07464326615836521], "DRA": [64.0, 4, 0.11653180694766913], "L": [3.0, 1, 0.003812735186828534], "T": [5.0, 1, 0.015173412362977753], "Y": [1.0, 1, 0.00169043598898223], "DRB4": [7.0, 2, 0.012172827446254062], "DMA": [13.0, 1, 0.0230381047251624], "DPA1": [43.0, 22, 0.07649492715404646], "DPB1": [37.0, 20, 0.06632948832958845], "DQB1": [12.0, 7, 0.020635840813649744], "DRB3": [15.0, 4, 0.026084630241972988], "F": [3.0, 2, 0.004014176527150886], "DRB1": [61.0, 19, 0.10607749631735683], "E": [55.0, 25, 0.07067394743604674], "DQA1": [22.0, 14, 0.039901332823268056], "DMB": [2.0, 1, 0.0035174728659630246]}