{"A": [33.0, 29, 0.1544024643791311], "B": [77.0, 59, 0.3632498748754214], "C": [47.0, 41, 0.21930733979438638], "DMA": [2.0, 2, 0.013072241952986813], "L": [1.0, 1, 0.004687400627302753], "T": [1.0, 1, 0.011192573175433153], "DRA": [7.0, 1, 0.047008807336819246], "DPB1": [4.0, 4, 0.026447315765888376], "E": [12.0, 6, 0.05687148805376919], "DPA1": [4.0, 4, 0.02624465434239498], "DRB1": [8.0, 6, 0.05130977365816546], "DQA1": [2.0, 2, 0.01337862262375994], "DRB3": [2.0, 1, 0.012827443414541366]}