{"B": [48.0, 45, 0.32469129768938726], "C": [10.0, 10, 0.06690675582495889], "L": [1.0, 1, 0.006721198737525523], "DRB1": [13.0, 12, 0.11955510563328797], "DMA": [1.0, 1, 0.009372053201435082], "DRA": [7.0, 2, 0.06740527675071349], "F": [3.0, 1, 0.02122891589719877], "DRB5": [1.0, 1, 0.009196546587175997], "DPA1": [7.0, 7, 0.06585573015874306], "A": [26.0, 26, 0.17443285903873162], "E": [6.0, 3, 0.04077361890956443], "DRB3": [1.0, 1, 0.009196546587175997], "DPB1": [6.0, 6, 0.056883658813343424], "DQA1": [1.0, 1, 0.009591710698343714], "DQB1": [2.0, 2, 0.01818872547241475]}