{"A": [691.0, 284, 0.1264921677719631], "B": [1768.0, 333, 0.3263189606599771], "C": [298.0, 168, 0.05440225142471113], "DMA": [41.0, 2, 0.010484536569337934], "DOB": [3.0, 3, 0.0007335629111180003], "DPA1": [229.0, 38, 0.05878434025671781], "DPB1": [206.0, 74, 0.053288577805848655], "DQB1": [108.0, 54, 0.026799498352844276], "DRA": [359.0, 6, 0.09432372459481467], "DRB1": [343.0, 36, 0.0860695499534231], "DRB5": [77.0, 3, 0.019321735703829675], "E": [375.0, 64, 0.0695328312890909], "L": [22.0, 1, 0.0040345960111490015], "T": [16.0, 1, 0.007006404798129223], "U": [1.0, 1, 0.0010254910083996535], "Y": [5.0, 2, 0.0012196373643588111], "DRB4": [56.0, 4, 0.014052171420967038], "DMB": [7.0, 2, 0.0017764818983892986], "K": [1.0, 1, 0.0001838940875080806], "F": [38.0, 9, 0.007337038453948721], "H": [1.0, 1, 0.00018339072777950007], "DQA1": [139.0, 44, 0.036378225303177296], "DRB3": [1.0, 1, 0.0002509316325172685]}