{"A": [58.0, 52, 0.14530155926432256], "B": [59.0, 52, 0.1490283020211732], "DMA": [3.0, 2, 0.010498888659662158], "DRA": [35.0, 3, 0.1258494235413098], "DRB1": [26.0, 15, 0.08928642890089716], "DRB5": [4.0, 2, 0.013736373677061101], "T": [3.0, 1, 0.01797848907732997], "DMB": [1.0, 1, 0.003473117208120563], "DPA1": [17.0, 11, 0.05972164762469381], "E": [30.0, 17, 0.0761266281041924], "DPB1": [16.0, 13, 0.05664265284595079], "DQB1": [17.0, 15, 0.05773092603720402], "F": [1.0, 1, 0.0026423715934980646], "C": [64.0, 54, 0.1598958810583243], "DRB3": [1.0, 1, 0.0034340934192652753], "DQA1": [8.0, 5, 0.02865321696699464]}