{"A": [5382.0, 930, 0.2094799880515355], "B": [6082.0, 931, 0.23868203017433617], "C": [2723.0, 620, 0.10569671978142157], "DMA": [222.0, 2, 0.012070676632855463], "DOB": [11.0, 5, 0.000571902578679053], "DPB1": [792.0, 138, 0.04356175317444154], "DQA1": [561.0, 73, 0.031217838415863623], "DQB1": [304.0, 89, 0.01603946033456243], "DRA": [1404.0, 5, 0.07843445076916827], "DRB1": [1823.0, 66, 0.09726471973283772], "E": [1759.0, 202, 0.0693486074058106], "L": [29.0, 2, 0.0011308073714790367], "T": [129.0, 1, 0.012010973586446708], "Y": [16.0, 2, 0.0008298392227258281], "DPA1": [1034.0, 70, 0.05643648588681107], "DRB4": [242.0, 9, 0.012911718143360795], "DMB": [54.0, 2, 0.002913867270707737], "K": [2.0, 2, 7.820076847279076e-05], "DPB2": [2.0, 2, 0.00011014618549067048], "G": [2.0, 2, 8.404468037439557e-05], "F": [252.0, 9, 0.010345488407815368], "DOA": [11.0, 7, 0.0006243079942552213], "H": [4.0, 4, 0.00015597343054883265]}