{"A": [78.0, 72, 0.14868801900486808], "C": [27.0, 25, 0.05132868734039357], "DMA": [12.0, 2, 0.031955264213612285], "DRA": [48.0, 5, 0.1313298701798654], "T": [2.0, 1, 0.009120129873601763], "DMB": [1.0, 1, 0.0026427649065550564], "DQB1": [6.0, 6, 0.015504220785122997], "F": [11.0, 7, 0.02211697201335989], "DRB1": [47.0, 22, 0.12281433318552486], "E": [27.0, 14, 0.052133657529311185], "DPB1": [31.0, 20, 0.0835072895569366], "DRB3": [1.0, 1, 0.0026130709188409546], "DPA1": [20.0, 16, 0.05346283029352758], "DQA1": [7.0, 4, 0.019077459169194313], "B": [132.0, 106, 0.2537054310292854]}