{"A": [14237.0, 1395, 0.15869842791889477], "B": [21941.0, 1496, 0.2465954263336385], "C": [14051.0, 1388, 0.15619833295252497], "DMA": [627.0, 2, 0.009763408813741372], "DOB": [27.0, 8, 0.0004020207100688394], "DPA1": [3123.0, 69, 0.04881650711612402], "DPB1": [2618.0, 219, 0.04123871299801239], "DQA1": [1345.0, 66, 0.021434706637973], "DQB1": [775.0, 63, 0.011710438653376962], "DRA": [5231.0, 9, 0.08369119413469965], "DRB1": [5264.0, 67, 0.08043403285862805], "DRB3": [825.0, 10, 0.012606017687759905], "DRB5": [2.0, 2, 3.056004287941795e-05], "E": [8246.0, 296, 0.09310446908695941], "F": [817.0, 15, 0.009605673189731054], "HFE": [2.0, 1, 2.3379746271646395e-05], "L": [139.0, 3, 0.0015522466305435743], "T": [438.0, 1, 0.011679329328681083], "V": [2.0, 2, 4.7347377846061465e-05], "DRB4": [529.0, 10, 0.008083131341606046], "DMB": [212.0, 3, 0.0032761755059594194], "DPB2": [11.0, 2, 0.00017349519188824197], "DPA2": [9.0, 3, 0.00015027786433678307], "K": [1.0, 1, 1.1197893113638507e-05], "DOA": [38.0, 9, 0.0006176537750091125], "H": [5.0, 4, 5.583620973178324e-05]}