{"A": [979.0, 398, 0.14262465453424802], "B": [1553.0, 437, 0.2281170936440949], "C": [792.0, 344, 0.11506735132371504], "DMA": [85.0, 2, 0.017298587133468706], "DPB1": [277.0, 94, 0.057026012383572924], "DRA": [577.0, 8, 0.12065036269042669], "E": [399.0, 97, 0.058878653193788315], "F": [50.0, 8, 0.0076830476843003925], "HFE": [1.0, 1, 0.00015278037515485592], "L": [9.0, 2, 0.0013135487911352258], "T": [15.0, 1, 0.005227485385200463], "DRB3": [69.0, 8, 0.013779416532225041], "DMB": [16.0, 2, 0.0032315364199421047], "DQB1": [127.0, 42, 0.02508031321477289], "DRB1": [547.0, 54, 0.10923682381343619], "DOB": [1.0, 1, 0.00019459982090892235], "DOA": [2.0, 2, 0.00042486335401629256], "DPA1": [346.0, 38, 0.07068521617413591], "DQA1": [112.0, 37, 0.023327653531457066]}