{"A": [4343.0, 887, 0.1648263796047127], "B": [8461.0, 972, 0.32376734621101655], "C": [4637.0, 727, 0.17550480339191027], "DMA": [144.0, 2, 0.007634474982719211], "DPB1": [710.0, 84, 0.038078213113616144], "DQA1": [298.0, 44, 0.016169413757345517], "DRA": [1032.0, 8, 0.05621568310804878], "DRB1": [1066.0, 94, 0.05545796366192295], "DRB5": [20.0, 4, 0.001040487123113001], "E": [2055.0, 150, 0.07899903281530309], "F": [216.0, 11, 0.008646537948728097], "L": [64.0, 2, 0.0024333728047109893], "T": [79.0, 1, 0.0071722205515759915], "DRB3": [110.0, 10, 0.005722679177121506], "DRB4": [13.0, 4, 0.0006763166300234508], "DMB": [33.0, 3, 0.0017363128866948205], "K": [1.0, 1, 3.812580903995946e-05], "DPA1": [741.0, 51, 0.03943625590929845], "DOB": [16.0, 4, 0.0008111242682369965], "DOA": [15.0, 9, 0.0008301097466270059], "DQB1": [287.0, 64, 0.014765090325375214], "J": [1.0, 1, 3.8056172859064556e-05]}