{"A": [9810.0, 1338, 0.14279151472504673], "B": [10701.0, 1229, 0.15704793041918133], "C": [7519.0, 1026, 0.10914616962440349], "DMA": [712.0, 2, 0.014477486909770125], "DMB": [119.0, 3, 0.002401361332103406], "DPA1": [3651.0, 71, 0.07452222347810673], "DPB1": [2289.0, 201, 0.047082607557988376], "DQB1": [1178.0, 151, 0.023243204587410592], "DRA": [5263.0, 8, 0.10995314807668807], "DRB1": [6100.0, 108, 0.12171190284893856], "DRB3": [829.0, 12, 0.01654084712488034], "DRB4": [1349.0, 10, 0.026916288023478376], "DRB5": [6.0, 2, 0.00011971662575305432], "E": [6719.0, 276, 0.09906291247789857], "F": [572.0, 12, 0.008781749256248543], "HFE": [2.0, 1, 3.052945470493362e-05], "K": [16.0, 6, 0.00023395673614686553], "L": [166.0, 3, 0.0024206570650670044], "T": [261.0, 1, 0.009087900325548034], "DQA1": [1565.0, 76, 0.03256783245705892], "DPB2": [15.0, 2, 0.00030893368952382894], "DPA2": [2.0, 1, 4.360755672041678e-05], "V": [3.0, 1, 9.273986192282061e-05], "H": [7.0, 5, 0.00010207590033415078], "DOB": [34.0, 7, 0.0006610629735925955], "DOA": [27.0, 12, 0.0005730658400091425], "G": [5.0, 4, 7.857507147508727e-05]}