{"A": [214.0, 146, 0.09339520040197181], "B": [513.0, 199, 0.22573692795079198], "C": [256.0, 152, 0.11142067148212521], "DPB1": [113.0, 41, 0.06969001367994714], "DRA": [222.0, 5, 0.13906078107130318], "DRB1": [158.0, 29, 0.0945230433134731], "E": [133.0, 41, 0.058794335170455354], "F": [12.0, 4, 0.0055238724469479404], "L": [3.0, 1, 0.001311667704669892], "T": [2.0, 1, 0.002087999715785333], "DMB": [6.0, 2, 0.0036302722331267717], "DQA1": [68.0, 24, 0.042428806724669144], "DMA": [14.0, 1, 0.008535296548114852], "DPA1": [123.0, 28, 0.07527598975357122], "DQB1": [47.0, 21, 0.027805196215208015], "DRB5": [62.0, 3, 0.0370913207938945], "DRB4": [1.0, 1, 0.0005982471095789437], "DOA": [3.0, 3, 0.0019091471504889795], "DOB": [1.0, 1, 0.0005829634242977298], "DRB3": [1.0, 1, 0.0005982471095789437]}