{"B": [73.0, 44, 0.3455718807247428], "C": [8.0, 7, 0.037458129283141836], "DRA": [21.0, 3, 0.14151460901234028], "DRB5": [3.0, 2, 0.019307771695102605], "T": [1.0, 1, 0.011231318175582563], "DRB1": [9.0, 7, 0.05792331508530782], "DMA": [3.0, 1, 0.019676240620581664], "DPA1": [10.0, 8, 0.06583876171893226], "F": [1.0, 1, 0.004952137408830351], "DRB4": [1.0, 1, 0.006435923898367535], "E": [15.0, 8, 0.07133544800635234], "A": [23.0, 23, 0.10798636245867496], "DPB1": [6.0, 6, 0.039808301487199965], "DQB1": [7.0, 7, 0.044550895429810826], "DOB": [1.0, 1, 0.006271502484905591], "DQA1": [3.0, 3, 0.020137402510126547]}