{"B": [67.0, 50, 0.29713713491274635], "E": [15.0, 10, 0.06683008066860868], "L": [2.0, 1, 0.008813115260921144], "T": [1.0, 1, 0.010521976389945072], "DRA": [11.0, 1, 0.06944504417363746], "DRB1": [12.0, 10, 0.07235336573759982], "DQA1": [2.0, 2, 0.012577049903606216], "F": [1.0, 1, 0.004639372875105463], "DPA1": [13.0, 10, 0.08018471662682278], "DRB3": [1.0, 1, 0.006029447144799984], "A": [48.0, 36, 0.21112949346381585], "C": [31.0, 25, 0.13598292647822743], "DPB1": [2.0, 2, 0.012431369788892631], "DQB1": [2.0, 2, 0.01192490657527108]}