{"A": [12.0, 12, 0.1480520734722738], "T": [1.0, 1, 0.029513648633361776], "DRA": [7.0, 1, 0.12395732426011946], "DPA1": [5.0, 5, 0.0865055218564052], "DQA1": [2.0, 2, 0.03527803313206524], "E": [4.0, 4, 0.04998806170742824], "DRB1": [8.0, 7, 0.1352985240720405], "C": [13.0, 11, 0.15995271698026312], "DPB1": [4.0, 4, 0.06973881453134133], "B": [13.0, 13, 0.16171528135470128]}