{"A": [584.0, 362, 0.15899332857970483], "B": [857.0, 516, 0.2352455065708488], "C": [572.0, 359, 0.15530201991722203], "DMA": [27.0, 2, 0.010268561598247433], "DPB1": [111.0, 62, 0.04270417680540996], "DRA": [199.0, 7, 0.07776067750318441], "DRB1": [246.0, 66, 0.09180598309477646], "E": [271.0, 77, 0.07473230940946743], "K": [2.0, 1, 0.0005469885409659099], "L": [8.0, 2, 0.0021819652382326256], "T": [16.0, 1, 0.010420191290208967], "DRB4": [37.0, 7, 0.01380821696953955], "DMB": [10.0, 2, 0.0037743590610842133], "DQA1": [75.0, 39, 0.029192308363073214], "DPA1": [145.0, 37, 0.055357266229235126], "J": [1.0, 1, 0.00027299473756883075], "DQB1": [45.0, 32, 0.016607179868770538], "DOB": [3.0, 1, 0.0010909826191163128], "DRB3": [23.0, 6, 0.008583486224308368], "F": [32.0, 5, 0.009188987131999837], "DRB5": [4.0, 1, 0.0014927802129231945], "DOA": [1.0, 1, 0.0003969843793331603], "H": [1.0, 1, 0.0002727456547790782]}