{"A": [214.0, 142, 0.13390551971189907], "B": [454.0, 221, 0.28642770239447995], "C": [205.0, 137, 0.12792445878407632], "DRA": [118.0, 4, 0.10597602318705326], "E": [86.0, 29, 0.05450749394487017], "L": [1.0, 1, 0.000626868564719904], "T": [8.0, 1, 0.011974691885542742], "DMA": [7.0, 1, 0.006118747618996315], "DPB1": [43.0, 30, 0.03802195845317843], "J": [1.0, 1, 0.0006274410474274107], "F": [22.0, 4, 0.014519745276202041], "DRB3": [28.0, 8, 0.024016657321004265], "DQA1": [16.0, 7, 0.014313498894437808], "DPA1": [57.0, 17, 0.050014984642633264], "DRB1": [131.0, 37, 0.11236364675184138], "DQB1": [22.0, 16, 0.018660561521637437]}