{"A": [3076.0, 689, 0.15700459398511918], "B": [7754.0, 808, 0.39904905440895366], "C": [1264.0, 453, 0.06434104705124298], "DMA": [127.0, 2, 0.009055439722471324], "DOB": [3.0, 3, 0.0002045397902713507], "DPA1": [507.0, 47, 0.03628896370998148], "DPB1": [480.0, 109, 0.034621715851335964], "DQA1": [376.0, 54, 0.027438160615775562], "DRA": [747.0, 8, 0.05472522247471832], "DRB1": [862.0, 52, 0.06031191508690359], "DRB5": [261.0, 6, 0.018261496331417444], "E": [1588.0, 155, 0.08210121515179698], "F": [181.0, 11, 0.009744424936327921], "K": [11.0, 7, 0.0005640282963200832], "L": [91.0, 1, 0.004653280228673228], "T": [76.0, 1, 0.009279600419630952], "V": [4.0, 2, 0.00043360853024642233], "Y": [12.0, 2, 0.0008161733378788848], "DRB4": [142.0, 7, 0.009935373482993398], "DMB": [20.0, 2, 0.0014152500639987395], "J": [2.0, 2, 0.0001023632923001828], "DPB2": [4.0, 2, 0.00028888609553788703], "DOA": [4.0, 3, 0.0002977099736220456], "DRB3": [6.0, 2, 0.00041980451336591826], "H": [5.0, 4, 0.00025567473783918835], "DQB1": [265.0, 92, 0.018335350829139226], "G": [1.0, 1, 5.5107082138004026e-05]}