{"A": [10237.0, 1133, 0.18895873967234691], "B": [11028.0, 1181, 0.2052416503212785], "C": [4934.0, 845, 0.09082563577940404], "DMA": [845.0, 3, 0.021788673110810706], "DPA1": [2487.0, 60, 0.064374021931876], "DPB1": [1646.0, 161, 0.04293440340126266], "DQA1": [907.0, 73, 0.023935510105465935], "DQB1": [1120.0, 176, 0.02802396773016127], "DRA": [4443.0, 8, 0.11770949554894523], "DRB1": [3789.0, 121, 0.09587132058248692], "DRB5": [1293.0, 6, 0.03271618303329522], "E": [3042.0, 216, 0.056875672909916956], "HFE": [4.0, 1, 7.743011959827613e-05], "K": [21.0, 10, 0.00038939982607669193], "L": [80.0, 3, 0.0014793674310108595], "T": [367.0, 1, 0.016205035961611113], "Y": [1.0, 1, 2.459627888937958e-05], "DRB4": [8.0, 4, 0.00020242031265766568], "DMB": [141.0, 3, 0.0036081995788935324], "V": [3.0, 1, 0.00011760541859680141], "DPB2": [4.0, 1, 0.00010447079280849884], "H": [5.0, 4, 9.246046443817872e-05], "F": [362.0, 12, 0.007047814445105914], "DOB": [20.0, 6, 0.0004931224770036199], "DOA": [24.0, 11, 0.0006459707985609172], "G": [4.0, 3, 7.971419392270906e-05], "DRB3": [7.0, 4, 0.00017711777357545748]}