{"A": [18378.0, 1445, 0.12771172683627102], "B": [20135.0, 1651, 0.1410777823743151], "C": [29565.0, 1698, 0.20489220416554405], "DMA": [1324.0, 2, 0.012852875749470527], "DMB": [443.0, 4, 0.004267891938850493], "DPA1": [7700.0, 85, 0.07503499073104213], "DPB1": [5678.0, 287, 0.055758263447722875], "DQA1": [1972.0, 61, 0.01959208068655719], "DQB1": [3874.0, 182, 0.03649299163926259], "DRA": [11796.0, 10, 0.11765440688726271], "DRB1": [11057.0, 112, 0.10532698766765292], "DRB5": [6.0, 2, 5.715491779017071e-05], "E": [8581.0, 297, 0.06040091113092272], "F": [1532.0, 15, 0.011229047162614114], "G": [2.0, 2, 1.5005273402139213e-05], "HFE": [3.0, 1, 2.186298431228593e-05], "K": [38.0, 14, 0.000265276210383839], "L": [145.0, 4, 0.001009467446280319], "T": [539.0, 1, 0.008960060657883264], "V": [8.0, 2, 0.00011806857292050739], "Y": [3.0, 2, 2.777978710553807e-05], "DRB3": [1686.0, 23, 0.01606053189903797], "DRB4": [1.0, 1, 9.525819631695119e-06], "J": [2.0, 2, 1.3936404611849843e-05], "DPB2": [1.0, 1, 9.83270815075746e-06], "DPA2": [2.0, 2, 2.0819049181412796e-05], "H": [16.0, 9, 0.00011138951131369036], "DOB": [43.0, 6, 0.0003991457488740571], "DOA": [60.0, 12, 0.0006079825916324932]}