{"A": [1106.0, 271, 0.20490585470736605], "B": [1448.0, 387, 0.27048442506825626], "C": [196.0, 129, 0.036213485997328446], "DPB1": [174.0, 49, 0.045554345378957535], "DQB1": [63.0, 39, 0.015821844477404215], "DRA": [297.0, 5, 0.07897626571074037], "E": [326.0, 71, 0.06117724261558245], "L": [19.0, 1, 0.00352650600317534], "T": [17.0, 1, 0.007534211655906769], "DRB4": [106.0, 7, 0.026919992208745535], "DMB": [4.0, 2, 0.0010273924985327414], "K": [2.0, 2, 0.00037223003606492734], "DRB1": [405.0, 34, 0.10285468721265983], "DMA": [35.0, 1, 0.009058307906910812], "F": [54.0, 7, 0.010552238803373746], "DPA1": [244.0, 33, 0.06339129807038799], "DQA1": [229.0, 27, 0.060656289932905665], "DOA": [2.0, 2, 0.0005403020311008838], "DOB": [1.0, 1, 0.0002474741054859888], "H": [1.0, 1, 0.0001856055791144916]}