{"A": [635.0, 245, 0.1708149660986506], "B": [427.0, 227, 0.115812258006678], "C": [560.0, 213, 0.15022950696895201], "DRA": [312.0, 6, 0.12046134079812944], "DRB1": [212.0, 23, 0.07817319796824734], "DRB5": [131.0, 5, 0.04830513648037926], "E": [246.0, 73, 0.06702863245340139], "HFE": [1.0, 1, 0.0002821030958739531], "L": [5.0, 1, 0.0013474541121351682], "T": [11.0, 1, 0.007078390752026836], "Y": [10.0, 3, 0.0035844895798547195], "DRB4": [2.0, 2, 0.0007374829997004467], "DMB": [9.0, 2, 0.0033563856975003287], "K": [1.0, 1, 0.00027023050446480233], "DMA": [46.0, 1, 0.0172858133632078], "H": [1.0, 1, 0.00026949082242703364], "DOB": [1.0, 1, 0.00035932109656937826], "DOA": [5.0, 4, 0.0019612346705181203], "F": [30.0, 4, 0.008511871509510919], "DPA1": [161.0, 22, 0.06073214886613621], "DPB1": [153.0, 48, 0.05816007339915627], "DQB1": [142.0, 33, 0.05177950083452359], "DQA1": [87.0, 29, 0.0334589699219564]}