{"A": [33.0, 30, 0.12073328784345186], "B": [92.0, 66, 0.3393715058239178], "C": [41.0, 32, 0.14959323898760127], "T": [3.0, 1, 0.026255723916044794], "DMA": [4.0, 1, 0.020443388087302054], "DRA": [9.0, 1, 0.047260303048880625], "E": [21.0, 13, 0.07782254699469734], "F": [4.0, 2, 0.015435641725859185], "DRB1": [13.0, 10, 0.06519679758927976], "DPA1": [12.0, 6, 0.061565145734173994], "DMB": [1.0, 1, 0.005072128483781381], "DRB3": [4.0, 2, 0.020060553104393773], "DQB1": [3.0, 3, 0.014878243552425383], "DPB1": [5.0, 5, 0.02585023011039159], "DQA1": [2.0, 2, 0.010461264997799096]}