{"A": [86.0, 76, 0.16080432423446753], "B": [136.0, 119, 0.25639682372653133], "C": [76.0, 65, 0.141718936788098], "DRA": [39.0, 4, 0.10466579681362469], "DRB1": [24.0, 11, 0.061514902189511486], "DRB5": [2.0, 2, 0.005126241849125957], "E": [26.0, 9, 0.049243133187221955], "L": [2.0, 1, 0.003746459599589317], "T": [3.0, 1, 0.013418691899182654], "DRB3": [4.0, 3, 0.010252483698251914], "DRB4": [4.0, 3, 0.010252483698251914], "DMB": [1.0, 1, 0.00259224729870574], "DMA": [4.0, 1, 0.010448141784096417], "DPA1": [21.0, 13, 0.05506290813802537], "F": [9.0, 4, 0.01774979706548945], "DPB1": [20.0, 17, 0.05284581365701276], "DQA1": [8.0, 6, 0.021386040214322354], "DOB": [1.0, 1, 0.0024976397330595448], "DQB1": [8.0, 8, 0.020277134425431564]}