{"C": [5.0, 5, 0.03602182663987846], "DRB5": [4.0, 2, 0.03961051798302741], "DRB4": [4.0, 3, 0.03961051798302741], "DRB1": [17.0, 9, 0.16834470142786648], "DMA": [4.0, 1, 0.04036644389873404], "DRA": [8.0, 1, 0.08294908471739856], "F": [1.0, 1, 0.007619602522671698], "E": [8.0, 4, 0.0585387913365405], "B": [32.0, 29, 0.23308007275963233], "A": [21.0, 18, 0.15170503711122585], "DQA1": [1.0, 1, 0.010328133106902653], "DQB1": [1.0, 1, 0.00979260027913733], "DPA1": [6.0, 6, 0.06078165690499032], "DPB1": [6.0, 5, 0.06125101332896709]}