{"A": [735.0, 345, 0.13782473203900764], "B": [2007.0, 350, 0.37945619765760585], "C": [321.0, 193, 0.06002882896192645], "DMA": [44.0, 2, 0.011525832085767145], "DPB1": [126.0, 44, 0.03338809835164488], "DQB1": [111.0, 52, 0.02821500410086533], "DRA": [298.0, 5, 0.08020417699896218], "DRB5": [167.0, 5, 0.04292656257070614], "E": [392.0, 75, 0.07445587000188457], "F": [47.0, 5, 0.00929585383181403], "L": [30.0, 2, 0.005635764776509399], "T": [22.0, 1, 0.009868522896964025], "K": [1.0, 1, 0.00018837444937646545], "DRB1": [225.0, 28, 0.05783518909226874], "DPA2": [1.0, 1, 0.0002808912321534471], "H": [4.0, 3, 0.0007514353035345865], "DPA1": [196.0, 37, 0.051539056885084845], "DMB": [3.0, 1, 0.0007798987620018057], "DOB": [1.0, 1, 0.00025047843451152886], "DQA1": [58.0, 23, 0.015549231567411]}