{"A": [40.0, 38, 0.1482026124973264], "B": [120.0, 84, 0.4482822824299294], "C": [11.0, 11, 0.04064466743284987], "DPA1": [16.0, 9, 0.08312974126286814], "DRB5": [3.0, 1, 0.015236560723039735], "T": [3.0, 1, 0.026589292242167384], "DRA": [9.0, 2, 0.04786072603590129], "E": [21.0, 10, 0.07881125089860129], "DQB1": [5.0, 5, 0.02511210933982475], "F": [1.0, 1, 0.003907936323776762], "DRB3": [1.0, 1, 0.0050788535743465785], "DMB": [2.0, 1, 0.010273135639019217], "DRB1": [8.0, 5, 0.04063082859477263], "DQA1": [1.0, 1, 0.005297085563869283], "DPB1": [4.0, 4, 0.020942917441707128]}