{"A": [366.0, 151, 0.18216153733075585], "B": [659.0, 187, 0.33070097272993965], "C": [88.0, 71, 0.04367906072236108], "DPB1": [71.0, 40, 0.04993617432619176], "DRB1": [118.0, 16, 0.08050584795891083], "DRB5": [2.0, 1, 0.001364505897608658], "E": [132.0, 39, 0.06654609666326505], "L": [1.0, 1, 0.0004986173467082733], "T": [3.0, 1, 0.003571794849622664], "DRB4": [37.0, 4, 0.025243359105760175], "DMB": [2.0, 2, 0.0013800116464451203], "DMA": [21.0, 1, 0.014600733908190354], "DRA": [125.0, 4, 0.08929487124056659], "DPA1": [48.0, 18, 0.03350097238266774], "F": [22.0, 7, 0.011549146459010456], "DOA": [2.0, 2, 0.0014514863532331143], "DQA1": [71.0, 18, 0.050521363869076824], "DQB1": [20.0, 13, 0.013493447209685618]}