{"A": [572.0, 269, 0.10251407929161623], "B": [759.0, 336, 0.13715249832753107], "C": [828.0, 315, 0.14799016168311255], "DMA": [78.0, 3, 0.019528185125294], "DPB1": [232.0, 82, 0.05875661838708398], "DRA": [543.0, 5, 0.1396780686292145], "DRB1": [572.0, 46, 0.14052491768064246], "DRB5": [175.0, 3, 0.04299276327642034], "E": [209.0, 62, 0.03794083029700713], "L": [6.0, 1, 0.001077284777406028], "T": [13.0, 1, 0.005573403597850793], "DMB": [11.0, 3, 0.002733111379715293], "DPB2": [1.0, 1, 0.0002535876537880169], "DQB1": [185.0, 46, 0.044944498244207036], "DOB": [1.0, 1, 0.00023939661720133953], "DPA1": [279.0, 34, 0.07011844367269579], "F": [35.0, 7, 0.006616177403345377], "DQA1": [158.0, 39, 0.04048421231203277], "DOA": [2.0, 2, 0.0005226667180332034], "H": [2.0, 2, 0.0003590949258020093]}