{"A": [4514.0, 1210, 0.1408025878981925], "B": [10113.0, 1432, 0.31805596859826246], "C": [1852.0, 858, 0.05761095650359802], "DMA": [382.0, 2, 0.016645323471356367], "DMB": [118.0, 5, 0.00510279649016791], "DPA1": [1295.0, 68, 0.05664471926938779], "DPB1": [934.0, 200, 0.041169659948944524], "DQB1": [541.0, 144, 0.02287513515102767], "DRA": [2474.0, 9, 0.11076171779336352], "DRB1": [2330.0, 117, 0.09962648946334302], "DRB3": [486.0, 16, 0.020780460892353952], "DRB5": [705.0, 7, 0.03014449573890851], "E": [1330.0, 180, 0.04202171579588522], "F": [204.0, 12, 0.006711674101853245], "HFE": [2.0, 1, 6.542364496160111e-05], "L": [49.0, 3, 0.0015312177269457216], "S": [1.0, 1, 0.00012827444995280218], "T": [185.0, 1, 0.01380417528413652], "DRB4": [30.0, 4, 0.0012827444995280218], "DPB2": [1.0, 1, 4.4135667702832704e-05], "DPA2": [2.0, 1, 9.344959928348753e-05], "H": [4.0, 3, 0.00012499736546495686], "DOB": [12.0, 6, 0.0004999894618598275], "DQA1": [293.0, 70, 0.013066456372731338], "Y": [1.0, 1, 4.156465793373565e-05], "DOA": [8.0, 6, 0.00036387015285416387]}