{"DRA": [1.0, 1, 0.10801197871926944], "E": [3.0, 3, 0.2286784973807411], "DRB1": [1.0, 1, 0.10315750776559442], "C": [1.0, 1, 0.07504919502292563], "B": [4.0, 4, 0.3035047335913356], "A": [1.0, 1, 0.07525424746834347], "DPB1": [1.0, 1, 0.10634384005179039]}