{"A": [13228.0, 1518, 0.17143426901795955], "B": [21537.0, 1486, 0.2814252899087429], "C": [4348.0, 970, 0.05619633726711571], "DMA": [696.0, 3, 0.012600636618761193], "DOB": [14.0, 5, 0.0002423605960945552], "DPA1": [3653.0, 86, 0.06638862960157482], "DPB1": [2908.0, 225, 0.05325730393915412], "DQB1": [889.0, 121, 0.015617896338700614], "DRA": [5564.0, 8, 0.10349788619820975], "DRB1": [6100.0, 111, 0.10836851265715344], "DRB3": [881.0, 14, 0.015651255680483964], "DRB5": [4.0, 3, 7.106131977518259e-05], "E": [5660.0, 286, 0.07430070641419609], "F": [769.0, 13, 0.010511904438184304], "HFE": [11.0, 1, 0.0001495036505585324], "K": [12.0, 9, 0.00015623087961552035], "L": [110.0, 3, 0.0014281963698429146], "T": [317.0, 1, 0.009827710856947187], "V": [2.0, 2, 5.504846918754473e-05], "Y": [1.0, 1, 1.7269453015752803e-05], "DMB": [248.0, 3, 0.004455867755902927], "DPB2": [5.0, 2, 9.168833302178035e-05], "DPA2": [3.0, 2, 5.8240228997190905e-05], "H": [9.0, 6, 0.00011685243025987483], "DOA": [29.0, 9, 0.0005480356563936641], "DQA1": [727.0, 79, 0.01347035324242277], "W": [1.0, 1, 1.5203022740363583e-05], "DRB4": [1.0, 1, 1.7765329943795647e-05], "G": [2.0, 2, 2.7984325044209073e-05]}