{"A": [3884.0, 875, 0.1368638985063322], "B": [8139.0, 1141, 0.2891713044681095], "C": [3356.0, 775, 0.11793607188839692], "DMA": [259.0, 3, 0.012749385220054534], "DOB": [6.0, 3, 0.0002824174050379862], "DPB1": [875.0, 162, 0.04357115370518481], "DQB1": [529.0, 118, 0.02526868715471355], "DRA": [1917.0, 8, 0.09695555642839383], "DRB1": [2063.0, 92, 0.09965032909274792], "DRB3": [455.0, 18, 0.0219781385056715], "E": [1590.0, 197, 0.056751829648915626], "L": [14.0, 1, 0.0004942304588164758], "T": [96.0, 1, 0.008092273880304129], "V": [1.0, 1, 7.483788102553986e-05], "DMB": [77.0, 3, 0.003761642936547622], "DPB2": [6.0, 1, 0.00029915864296549573], "DPA2": [2.0, 2, 0.00010556939833616401], "F": [212.0, 11, 0.007879472729993536], "DPA1": [1239.0, 62, 0.0612239815879475], "DOA": [13.0, 8, 0.00066797529664363], "DQA1": [322.0, 38, 0.01622208516386162]}