{"B": [85.0, 67, 0.4570683685329112], "C": [17.0, 17, 0.09041733938825437], "DRB5": [1.0, 1, 0.0073106771437517854], "E": [30.0, 12, 0.1620623355759736], "DMA": [2.0, 1, 0.014900387766272723], "DRA": [3.0, 1, 0.022964127028020313], "F": [2.0, 2, 0.011250436872517157], "DQB1": [1.0, 1, 0.007229447397710098], "DRB1": [2.0, 2, 0.014621354287503571], "DRB4": [1.0, 1, 0.0073106771437517854], "A": [37.0, 34, 0.1973283592981527], "DPB1": [1.0, 1, 0.0075364895651804115]}