{"A": [2271.0, 639, 0.1460052813164931], "B": [4480.0, 835, 0.29040487700231254], "C": [1931.0, 566, 0.12380800515120302], "DMA": [125.0, 3, 0.011226418768726086], "DPA1": [614.0, 54, 0.05535544933294798], "DPB1": [409.0, 110, 0.03715831914808185], "DRA": [1038.0, 8, 0.09578327663271126], "DRB1": [1180.0, 76, 0.10399279779893204], "DRB3": [267.0, 16, 0.023530573739249876], "E": [866.0, 152, 0.05639523115735348], "L": [4.0, 1, 0.0002576340190428818], "T": [62.0, 1, 0.009535265175382304], "DMB": [24.0, 3, 0.002139143067204534], "DPB2": [3.0, 2, 0.00027290613872841353], "J": [2.0, 1, 0.00012893465062602672], "DQB1": [236.0, 83, 0.020567464453566556], "F": [129.0, 9, 0.008747677269058311], "DOB": [2.0, 1, 0.00017175601269525458], "DQA1": [157.0, 23, 0.014430859676024338], "DRB5": [1.0, 1, 8.812948966011189e-05]}