{"A": [120.0, 92, 0.20386272470823746], "B": [76.0, 66, 0.13018010905611418], "C": [84.0, 70, 0.1423150683113091], "DQA1": [14.0, 9, 0.0340036654103193], "DRA": [41.0, 4, 0.0999726812735886], "DRB1": [57.0, 13, 0.13273983030159955], "L": [1.0, 1, 0.0017019561414966906], "DRB4": [8.0, 2, 0.01863015162127713], "DMA": [6.0, 1, 0.014239266649468495], "DPA1": [29.0, 19, 0.06908681226223602], "DPB1": [16.0, 14, 0.03841120064000768], "E": [43.0, 16, 0.07399427032883397], "DRB3": [8.0, 3, 0.01863015162127713], "F": [6.0, 2, 0.010751261850607336], "DOB": [1.0, 1, 0.002269274855328921], "DQB1": [4.0, 4, 0.009211574968298138]}