{"A": [174.0, 123, 0.17523060762618903], "B": [243.0, 132, 0.24674107503020803], "C": [104.0, 80, 0.1044501526618945], "DPB1": [47.0, 29, 0.06688671975293356], "DQA1": [26.0, 10, 0.03743477151065945], "DRB1": [65.0, 26, 0.08973128751618746], "E": [66.0, 25, 0.0673252092794602], "L": [1.0, 1, 0.0010089101810845894], "T": [1.0, 1, 0.0024090752907815036], "DRB3": [11.0, 4, 0.015185294810431724], "DMA": [5.0, 1, 0.0070341320513276715], "DRA": [59.0, 4, 0.08528126529366523], "DOB": [1.0, 1, 0.0013452135747794526], "F": [10.0, 4, 0.01062214753572248], "DQB1": [22.0, 13, 0.030033138625076075], "DPA1": [40.0, 11, 0.0564886619907387], "DMB": [2.0, 1, 0.002792337268860379]}