{"A": [200.0, 134, 0.1447087113479552], "B": [518.0, 249, 0.37789304637790816], "C": [201.0, 133, 0.14503598173056775], "DRB5": [3.0, 2, 0.00297547125580627], "E": [113.0, 47, 0.08281636832004703], "L": [4.0, 1, 0.0028994555667893216], "T": [8.0, 1, 0.013846637478000422], "DMB": [1.0, 1, 0.001003094476389235], "DRB1": [58.0, 24, 0.05752577761225455], "DMA": [10.0, 1, 0.010107516861326642], "DRA": [47.0, 4, 0.04880939710995148], "DPA1": [39.0, 19, 0.03957034762032017], "F": [13.0, 3, 0.0099210958010601], "DPB1": [32.0, 21, 0.032718695507861995], "DQA1": [11.0, 11, 0.011378852966540384], "DRB3": [13.0, 6, 0.012893708775160505], "DRB4": [1.0, 1, 0.0009918237519354234], "DQB1": [5.0, 5, 0.004904017440125149]}