{"A": [1447.0, 366, 0.14387910807771379], "B": [3269.0, 312, 0.3277318026200555], "C": [1131.0, 261, 0.11215195070951514], "DMA": [85.0, 2, 0.011806683615740056], "DOB": [5.0, 3, 0.0006640942694984747], "DPB1": [309.0, 69, 0.04341791924429178], "DRB3": [254.0, 15, 0.03462045301873846], "K": [5.0, 4, 0.0004994377763291365], "L": [11.0, 2, 0.0010957555446724832], "T": [43.0, 1, 0.01022791984736082], "Y": [7.0, 2, 0.0009274753462850055], "DMB": [17.0, 2, 0.002343447808578708], "DQA1": [167.0, 31, 0.023740332487274377], "DRA": [504.0, 6, 0.07192844097306773], "DPA1": [314.0, 49, 0.04378238664411553], "E": [492.0, 99, 0.04955270495344117], "F": [54.0, 9, 0.005663365309221574], "DQB1": [214.0, 59, 0.028844319693564855], "DRB5": [2.0, 1, 0.00027260199227353117], "DRB1": [634.0, 44, 0.08641483155070938], "DOA": [3.0, 2, 0.000434968517551989]}