{"C": [50.0, 45, 0.11966563781416246], "DRA": [23.0, 5, 0.07922334500308591], "DRB5": [8.0, 2, 0.026317476600927415], "T": [3.0, 1, 0.017222466305018676], "DMA": [3.0, 1, 0.010057394445297166], "DRB1": [22.0, 9, 0.07237306065255039], "DPA1": [21.0, 11, 0.07067149966542147], "DMB": [1.0, 1, 0.003327067354378608], "E": [22.0, 10, 0.05347861769621113], "DQA1": [6.0, 6, 0.020586229255217636], "B": [120.0, 74, 0.2903622418366785], "DPB1": [13.0, 12, 0.04408685390049182], "A": [64.0, 54, 0.15359051917918295], "DQB1": [12.0, 11, 0.03903759029137567]}