{"A": [6875.0, 1030, 0.2329417299834076], "B": [5445.0, 779, 0.18601455965220476], "C": [3913.0, 763, 0.1322207033458814], "DMA": [291.0, 3, 0.013773597165086917], "DPA1": [1065.0, 66, 0.05060166182109784], "DPB1": [748.0, 133, 0.03581438625993543], "DQB1": [353.0, 115, 0.01621312087832797], "DRA": [1864.0, 8, 0.09064866384096984], "DRB1": [2186.0, 69, 0.1015300442945617], "DRB5": [20.0, 7, 0.0009289116586876641], "E": [1965.0, 212, 0.06743885788128826], "F": [315.0, 11, 0.011257365281545532], "H": [4.0, 4, 0.00013577705084102536], "HFE": [5.0, 1, 0.0001776643358664802], "L": [27.0, 2, 0.0009164950931769213], "T": [107.0, 1, 0.00867257424086532], "V": [1.0, 1, 7.195921069717785e-05], "DRB4": [298.0, 10, 0.013840783714446197], "DMB": [63.0, 2, 0.002959322539921439], "DQA1": [645.0, 83, 0.031244633066581266], "K": [5.0, 4, 0.00017018715430210866], "DOB": [5.0, 3, 0.00022629508473504228], "DRB3": [41.0, 5, 0.0019042689003097115], "DOA": [6.0, 5, 0.0002964375452624777]}