{"A": [408.0, 263, 0.172335520432023], "B": [900.0, 371, 0.383293634407635], "C": [184.0, 144, 0.07750816963171285], "DMA": [22.0, 2, 0.01298126787268606], "DQB1": [31.0, 26, 0.017749807687198013], "DRA": [102.0, 5, 0.06183803968443178], "DRB5": [32.0, 3, 0.018528251590840983], "E": [173.0, 59, 0.07401739528648546], "L": [5.0, 1, 0.002115808839567693], "T": [13.0, 1, 0.013135531305516554], "Y": [1.0, 1, 0.000562846234991794], "DMB": [5.0, 2, 0.0029279374850583227], "DRB1": [96.0, 35, 0.05558475477252295], "F": [20.0, 7, 0.008910380357987288], "DPA1": [77.0, 27, 0.045608515859207346], "DPB1": [59.0, 42, 0.03521664422182891], "DQA1": [18.0, 12, 0.010869967913279023], "DRB3": [8.0, 2, 0.004632062897710246], "DRB4": [1.0, 1, 0.0005790078622137807], "DOB": [1.0, 1, 0.0005642156905513848], "K": [1.0, 1, 0.00042432323662693354], "DOA": [1.0, 1, 0.0006159167299246192]}