{"A": [3529.0, 812, 0.13518308031789136], "B": [8673.0, 1255, 0.3349766126307473], "C": [4020.0, 836, 0.15357189880447172], "DMA": [238.0, 2, 0.012735835206577216], "DPB1": [597.0, 140, 0.03231664981670888], "DRA": [1408.0, 8, 0.07741306087272216], "DRB1": [1359.0, 85, 0.07136084115417918], "DRB5": [6.0, 3, 0.00031505890134295443], "DRB7": [1.0, 1, 0.00011216096887809178], "E": [1648.0, 232, 0.06394416860393055], "F": [284.0, 11, 0.011474681254098727], "HFE": [3.0, 1, 0.00012051680037044246], "K": [8.0, 6, 0.0003078526135720726], "L": [30.0, 1, 0.0011512873174074202], "T": [161.0, 1, 0.014753199337722856], "DRB3": [225.0, 15, 0.011814708800360793], "DRB4": [4.0, 3, 0.00021003926756196965], "DMB": [45.0, 2, 0.002389793370982069], "DQA1": [189.0, 50, 0.010350792538066087], "DPB2": [1.0, 1, 5.4201499135675796e-05], "DPA2": [2.0, 2, 0.00011476224646462324], "G": [1.0, 1, 4.135728940932588e-05], "DOB": [3.0, 2, 0.00015350497565432269], "DPA1": [830.0, 54, 0.04458505946782384], "DQB1": [382.0, 103, 0.019835875051588455], "Y": [1.0, 1, 5.104413025398594e-05], "DOA": [4.0, 3, 0.00022342822485675652], "H": [10.0, 6, 0.0003837624391358067], "DQA2": [1.0, 1, 5.476609808500575e-05]}