{"A": [3089.0, 847, 0.15227655792588513], "B": [5894.0, 1003, 0.29295420421343227], "C": [1934.0, 613, 0.09507944412800826], "DMA": [118.0, 2, 0.008126002367058594], "DOA": [7.0, 4, 0.0005031767283808988], "DPA1": [853.0, 68, 0.058966418761103215], "DPB1": [704.0, 138, 0.049042107342426006], "DRA": [1269.0, 8, 0.08978787022249608], "DRB1": [1282.0, 112, 0.08663093312566204], "DRB3": [22.0, 8, 0.0014866462782874923], "DRB5": [13.0, 3, 0.0008784728008062456], "E": [1507.0, 169, 0.07524912483414878], "F": [165.0, 11, 0.008579277153517877], "L": [35.0, 2, 0.0017285222466734344], "T": [73.0, 1, 0.00860850344922802], "DRB4": [113.0, 8, 0.007635955883931211], "DMB": [33.0, 2, 0.002255309978992957], "DQA1": [510.0, 74, 0.035944002790200255], "K": [3.0, 2, 0.000148565707673827], "DPB2": [4.0, 1, 0.0002790074200816029], "DPA2": [1.0, 1, 7.384371008981033e-05], "H": [1.0, 1, 4.938634990495526e-05], "DQB1": [349.0, 94, 0.023321575782771616], "DOB": [6.0, 3, 0.0003950907992396421]}