{"A": [11928.0, 1577, 0.15753313199794572], "B": [27189.0, 1564, 0.3620528513774394], "C": [4424.0, 958, 0.05826857758745061], "DMA": [517.0, 2, 0.009538379866641094], "DMB": [129.0, 3, 0.0023619524260941305], "DPA1": [3070.0, 86, 0.056856907015378266], "DPB1": [2246.0, 235, 0.04191749781024088], "DQA1": [900.0, 82, 0.01699369841448539], "DQB1": [1444.0, 186, 0.025851681196264718], "DRA": [4217.0, 9, 0.0799371725958803], "DRB1": [2919.0, 110, 0.052845522480241394], "DRB5": [1894.0, 5, 0.03428894127357904], "E": [5565.0, 284, 0.0744461946777751], "F": [838.0, 13, 0.011673468246758632], "HFE": [3.0, 1, 4.155097224554211e-05], "L": [288.0, 2, 0.003810557775861249], "T": [293.0, 1, 0.009256814311355992], "DRB4": [14.0, 3, 0.00025345574331051034], "K": [11.0, 7, 0.00014594161248914563], "DPB2": [9.0, 2, 0.00016818505647325744], "V": [3.0, 1, 8.414674650112687e-05], "H": [24.0, 15, 0.00031754648132177073], "DOB": [30.0, 5, 0.0005292441355362846], "DOA": [26.0, 10, 0.0005007085287596934], "DRB3": [18.0, 4, 0.0003258716699706561]}