{"A": [1015.0, 306, 0.17841817935994309], "B": [1876.0, 338, 0.33249135322614415], "C": [605.0, 237, 0.10605800581380706], "DMA": [34.0, 2, 0.008348948309536839], "DPB1": [188.0, 30, 0.04669950010612612], "DQA1": [109.0, 15, 0.027393068224236337], "DRA": [263.0, 7, 0.06635439817957849], "DRB1": [275.0, 36, 0.06626368425888184], "E": [441.0, 74, 0.07852079869604722], "HFE": [1.0, 1, 0.00018434387806326073], "L": [9.0, 1, 0.0015849200392245493], "T": [29.0, 1, 0.012194407776982105], "DMB": [9.0, 2, 0.002193273185593568], "K": [1.0, 1, 0.0001765855812737731], "V": [2.0, 1, 0.0007466461908403636], "DOB": [2.0, 2, 0.0004696059375480146], "F": [49.0, 8, 0.009084912561267498], "DRB3": [19.0, 6, 0.004578218185159109], "Y": [4.0, 1, 0.0009369322346224951], "DQB1": [68.0, 32, 0.01620314412665668], "DRB5": [1.0, 1, 0.0002409588518504794], "DPA1": [164.0, 21, 0.040425694271374685], "DOA": [1.0, 1, 0.0002563187786616653], "H": [1.0, 1, 0.00017610222658050547]}