{"A": [7623.0, 902, 0.16995669454547993], "B": [7471.0, 991, 0.16794440999434315], "C": [6704.0, 737, 0.14906009132881612], "DMA": [422.0, 2, 0.013143305457638978], "DMB": [114.0, 4, 0.0035236629991451333], "DOA": [23.0, 11, 0.0007477347358219491], "DPA1": [1980.0, 77, 0.06190391621002702], "DPB1": [1997.0, 146, 0.06291754123326246], "DQA1": [1096.0, 46, 0.03493526407705076], "DQB1": [637.0, 51, 0.019251701079929785], "DRA": [3087.0, 8, 0.09878474671782975], "DRB1": [2847.0, 43, 0.08701009591502318], "DRB5": [907.0, 7, 0.02771976009656692], "E": [3029.0, 189, 0.06840450231220627], "HFE": [9.0, 1, 0.000210431390086182], "K": [17.0, 9, 0.00038075310685615056], "L": [51.0, 2, 0.0011391326983406184], "T": [170.0, 1, 0.009066735202478705], "Y": [20.0, 2, 0.0005941792487061287], "DRB4": [502.0, 9, 0.015342138443744865], "DPB2": [4.0, 1, 0.00012618652085923972], "F": [313.0, 11, 0.0073605167335396285], "DOB": [16.0, 6, 0.0004764999522470561]}