{"A": [18374.0, 1636, 0.15768476389499342], "B": [39333.0, 1832, 0.34034357200318843], "C": [8223.0, 880, 0.07037709423903436], "DMA": [1332.0, 2, 0.01596871754062869], "DMB": [392.0, 4, 0.004663900168045117], "DOA": [12.0, 9, 0.00015016704338123961], "DOB": [7.0, 2, 8.024437202580232e-05], "DPA1": [3822.0, 78, 0.045995705105548394], "DPB1": [3703.0, 241, 0.04490772489440904], "DQB1": [718.0, 127, 0.008352717353111187], "DRA": [8373.0, 9, 0.10313546150719313], "DRB1": [8500.0, 123, 0.09999419071594093], "DRB3": [2380.0, 22, 0.02799837340046346], "E": [6340.0, 249, 0.05511227463429471], "F": [1025.0, 14, 0.00927815227807599], "HFE": [3.0, 1, 2.699994834433463e-05], "K": [13.0, 10, 0.0001120757233652756], "L": [163.0, 3, 0.0014014106400220476], "T": [518.0, 1, 0.010634214948988027], "Y": [1.0, 1, 1.14356577332194e-05], "DPB2": [3.0, 2, 3.6429054016131906e-05], "DPA2": [3.0, 1, 3.856609265555028e-05], "H": [10.0, 8, 8.597611288478819e-05], "J": [1.0, 1, 8.60546298828565e-06], "DQA1": [292.0, 35, 0.0035826962706698613], "G": [2.0, 2, 1.853093799837323e-05]}