{"A": [118.0, 87, 0.18570906930672365], "B": [126.0, 95, 0.19993835364777673], "C": [86.0, 64, 0.13497849410008853], "DRA": [63.0, 4, 0.14230906347871167], "DRB1": [29.0, 4, 0.06256319626806212], "DRB5": [22.0, 3, 0.04746173509990919], "L": [1.0, 1, 0.0015766775802516283], "T": [6.0, 1, 0.02258874023471614], "DMB": [3.0, 2, 0.006545600863468881], "DMA": [9.0, 1, 0.01978670184682196], "F": [3.0, 2, 0.004979938409094479], "E": [29.0, 13, 0.04622981569254405], "DQB1": [16.0, 12, 0.03413409635468216], "DPB1": [9.0, 8, 0.020015891443503294], "DPA1": [19.0, 11, 0.04193197181501904], "DQA1": [13.0, 9, 0.02925065385862656]}