{"A": [5433.0, 1032, 0.18468836529550428], "B": [8571.0, 1026, 0.29376888015483527], "C": [6336.0, 933, 0.21479789549258083], "DMA": [185.0, 3, 0.008785193968832393], "DPB1": [527.0, 83, 0.025315806575238735], "DQA1": [212.0, 46, 0.010303311102297857], "DQB1": [401.0, 79, 0.0184782792543237], "DRA": [1119.0, 9, 0.054597256966493764], "DRB1": [1249.0, 82, 0.05820122085176181], "DRB3": [360.0, 13, 0.016775371902829666], "DRB5": [10.0, 2, 0.0004659825528563796], "E": [1655.0, 188, 0.056986356190666415], "F": [266.0, 13, 0.00953746768558092], "HFE": [2.0, 1, 7.129933616770966e-05], "L": [48.0, 4, 0.00163468040075019], "T": [106.0, 1, 0.008619763536562911], "U": [1.0, 1, 0.00019043470654997962], "DRB4": [3.0, 2, 0.00013979476585691388], "DMB": [47.0, 3, 0.0022150057029525407], "DPA1": [704.0, 57, 0.03355931359973485], "K": [3.0, 2, 0.00010244794826293506], "DOB": [11.0, 5, 0.0004994856780070025], "DOA": [4.0, 2, 0.0001982746479882922], "H": [2.0, 2, 6.811168336459124e-05]}