{"A": [548.0, 229, 0.11650504096044002], "B": [1065.0, 344, 0.22829070356502945], "C": [547.0, 193, 0.11597556738579733], "DMA": [55.0, 2, 0.01633452996694195], "DPB1": [143.0, 63, 0.04296170584355544], "DRA": [417.0, 6, 0.12724511493820148], "DRB1": [454.0, 31, 0.13230913656845839], "E": [236.0, 72, 0.05082170363548917], "K": [3.0, 2, 0.0006407189829834338], "L": [7.0, 1, 0.0014909187770092006], "T": [20.0, 1, 0.010171472017442167], "Y": [3.0, 1, 0.0008498857383505985], "DRB4": [66.0, 7, 0.019234367871185577], "DMB": [21.0, 3, 0.0061895718924321365], "DPB2": [2.0, 1, 0.000601637326804891], "DQB1": [95.0, 55, 0.02737821218028183], "V": [1.0, 1, 0.0004515189222442896], "F": [52.0, 5, 0.01166055207071612], "DPA1": [195.0, 33, 0.058135223685897894], "DQA1": [107.0, 35, 0.032522884452645645], "G": [1.0, 1, 0.00022953321809272145]}