{"A": [1317.0, 371, 0.21405420454631258], "B": [1413.0, 443, 0.2315552382695497], "C": [896.0, 266, 0.14523156546874877], "DMA": [35.0, 2, 0.007946681853386033], "DPB1": [147.0, 47, 0.0337626591176293], "DRA": [272.0, 6, 0.06345236253217952], "DRB1": [285.0, 40, 0.06349692177553076], "E": [603.0, 89, 0.09927236262169574], "K": [2.0, 1, 0.0003265503561239797], "L": [15.0, 2, 0.0024424238543123387], "T": [25.0, 1, 0.00972003102515005], "DRB4": [41.0, 4, 0.00913464488700618], "DMB": [8.0, 2, 0.0018026239355732818], "F": [76.0, 7, 0.01302876320005127], "DPA1": [202.0, 33, 0.04603942971084864], "DRB3": [23.0, 6, 0.005124312985393711], "DQA1": [101.0, 26, 0.023469318661194324], "H": [1.0, 1, 0.0001628282569541559], "DOB": [1.0, 1, 0.00021710434260554121], "DQB1": [134.0, 56, 0.029522974233722413], "DOA": [1.0, 1, 0.00023699836603154696]}