{"A": [701.0, 321, 0.20535451662162474], "B": [461.0, 273, 0.13616378872960022], "C": [1032.0, 364, 0.30149558700566775], "DMA": [31.0, 2, 0.01268608827949687], "DPB1": [54.0, 34, 0.022354312738612745], "DQB1": [40.0, 27, 0.015884134428808507], "DRA": [143.0, 4, 0.06012612061728397], "DRB1": [148.0, 15, 0.0594316490426206], "DRB5": [54.0, 4, 0.02168452059663184], "E": [220.0, 56, 0.0652802757198726], "F": [25.0, 6, 0.007724633097583388], "L": [1.0, 1, 0.0002934796735249747], "T": [20.0, 1, 0.014015412731301625], "DRB4": [46.0, 7, 0.018471999026760454], "DMB": [5.0, 2, 0.0020306421855010876], "DPA1": [99.0, 27, 0.04066886142548386], "DQA1": [39.0, 20, 0.016333978079624372]}