{"DRB4": [3.0, 2, 0.05487012054775696], "DRA": [3.0, 1, 0.0574522438676514], "DPA1": [2.0, 2, 0.037421001752876396], "DRB1": [3.0, 3, 0.05487012054775696], "DQA1": [2.0, 2, 0.038151880693362256], "E": [9.0, 8, 0.12163551630651288], "F": [1.0, 1, 0.01407331622118262], "B": [25.0, 23, 0.3363251190599428], "A": [6.0, 6, 0.08005640538935031], "DPB1": [1.0, 1, 0.018854983508688684], "C": [14.0, 10, 0.18628929210491874]}