{"A": [220.0, 156, 0.24069728635233129], "B": [286.0, 151, 0.31549247616098963], "C": [56.0, 47, 0.06110145629275926], "DMA": [6.0, 2, 0.00917021583674045], "DRA": [48.0, 3, 0.07537557801493326], "E": [77.0, 32, 0.08533207301217796], "L": [1.0, 1, 0.0010960750680775538], "T": [6.0, 1, 0.015703245419777766], "DRB4": [9.0, 3, 0.013497733422617965], "DMB": [2.0, 2, 0.0030335815015479772], "DRB1": [47.0, 18, 0.07048816342922715], "F": [9.0, 6, 0.010385864045645525], "DQA1": [16.0, 10, 0.02502704738777081], "DPB1": [18.0, 13, 0.02782930365898839], "DPA1": [24.0, 15, 0.036821403053271994], "DQB1": [3.0, 3, 0.004449252868937033], "DRB3": [3.0, 2, 0.004499244474205988]}