{"A": [381.0, 219, 0.14379791826094504], "B": [883.0, 324, 0.336018189249226], "C": [384.0, 203, 0.14453528019671638], "DPB1": [62.0, 35, 0.03306744455433643], "DRA": [133.0, 6, 0.07204770794201311], "DRB1": [138.0, 35, 0.07139643610372677], "E": [172.0, 70, 0.06575505237501099], "L": [5.0, 1, 0.001890555422851381], "T": [11.0, 1, 0.009931388312808823], "DMB": [6.0, 2, 0.0031394677930986574], "K": [1.0, 1, 0.00037914890090486985], "DMA": [25.0, 1, 0.01318097165041421], "F": [29.0, 5, 0.01154455591929074], "DOB": [1.0, 1, 0.0005041481127603684], "DPA1": [96.0, 25, 0.050808858076815046], "DQA1": [13.0, 9, 0.007014748350204812], "DQB1": [45.0, 28, 0.023022763816056818], "DOA": [2.0, 2, 0.0011006899035565013], "DRB3": [21.0, 5, 0.010864675059262769]}