{"A": [3366.0, 783, 0.1828384216252631], "B": [6240.0, 840, 0.34175305219153196], "C": [3254.0, 643, 0.17627305105268895], "DMA": [116.0, 2, 0.008802198033911374], "DMB": [29.0, 3, 0.002183878678868163], "DPB1": [402.0, 77, 0.03085749919197449], "DRA": [630.0, 8, 0.049117336290649474], "DRB1": [678.0, 73, 0.050483896743893864], "DRB3": [82.0, 12, 0.00610572202507271], "DRB5": [8.0, 3, 0.0005956801975680692], "E": [1422.0, 136, 0.07823948915986825], "F": [143.0, 11, 0.008192963120802036], "H": [3.0, 3, 0.00016325496290557374], "HFE": [2.0, 1, 0.00011393023836008201], "L": [47.0, 2, 0.0025576610855206554], "T": [71.0, 2, 0.009225743059883896], "V": [1.0, 1, 0.00011536263013830355], "W": [1.0, 1, 6.372059805716126e-05], "DPA1": [403.0, 45, 0.030697215008870606], "DOB": [7.0, 5, 0.0005079043290395627], "DQA1": [138.0, 32, 0.010717008085738809], "DQB1": [137.0, 53, 0.010087678679093708], "DOA": [2.0, 1, 0.0001584129609070463], "DRB4": [2.0, 2, 0.0001489200493920173]}