{"A": [6418.0, 1143, 0.17800858951745138], "B": [5237.0, 1090, 0.1464530027414541], "C": [5105.0, 961, 0.1412056303295872], "DMA": [494.0, 2, 0.01914026688958849], "DPA1": [1482.0, 65, 0.05764080373646189], "DPB1": [1011.0, 147, 0.03962540582939661], "DQA1": [671.0, 65, 0.026607549972509453], "DQB1": [670.0, 101, 0.02519030176786897], "DRA": [2593.0, 9, 0.10322494685807869], "DRB1": [3171.0, 98, 0.120561130664634], "DRB3": [610.0, 8, 0.0231921443410365], "DRB5": [9.0, 3, 0.00034217917880217783], "E": [2267.0, 229, 0.06368920447662714], "F": [422.0, 15, 0.012345404032134676], "HFE": [2.0, 1, 5.81737285833693e-05], "K": [5.0, 2, 0.00013931357233940453], "L": [41.0, 1, 0.0011392443644609007], "T": [255.0, 1, 0.016918859396329908], "DRB4": [519.0, 10, 0.019732332644258926], "DMB": [92.0, 3, 0.0035375796919598895], "DPB2": [1.0, 1, 3.924477695024978e-05], "H": [16.0, 11, 0.00044458316661888803], "DOB": [7.0, 3, 0.0002593401805276847], "DOA": [11.0, 8, 0.00044487837456485006], "G": [2.0, 2, 5.988976777461914e-05]}