{"A": [211.0, 127, 0.08844636916284201], "B": [516.0, 216, 0.21808295137437744], "C": [299.0, 124, 0.12499244499356191], "DMA": [23.0, 2, 0.013468064390087265], "DPB1": [117.0, 40, 0.06930502699575877], "DRA": [258.0, 5, 0.15522374774293926], "DRB1": [195.0, 37, 0.1120474531329683], "L": [5.0, 2, 0.0020997101338084316], "T": [11.0, 1, 0.011030111273723072], "DMB": [6.0, 2, 0.0034867913737182442], "DPB2": [1.0, 1, 0.0005931139965603199], "DQB1": [39.0, 21, 0.022160496286298174], "F": [21.0, 6, 0.009284712476413999], "DOB": [1.0, 1, 0.0005599227023489152], "E": [152.0, 36, 0.06453780638586978], "DPA1": [123.0, 26, 0.07230082342744497], "DQA1": [30.0, 18, 0.017978768020734694], "DRB3": [24.0, 3, 0.013790455770211481], "DOA": [1.0, 1, 0.0006112303603330786]}