{"A": [6435.0, 1182, 0.21863992502000923], "B": [7569.0, 1029, 0.2592948458290815], "C": [2217.0, 553, 0.07512104708353115], "DMA": [231.0, 3, 0.010964092540639335], "DPA1": [1258.0, 79, 0.05993798485718536], "DPB1": [937.0, 159, 0.04498853288826009], "DQB1": [637.0, 126, 0.029338484214806178], "DRA": [1532.0, 8, 0.07471031865430743], "DRB1": [1634.0, 97, 0.07610317832235719], "DRB5": [495.0, 5, 0.023054512404875646], "DRB7": [1.0, 1, 9.948371413497855e-05], "E": [1780.0, 175, 0.061259574894002015], "F": [331.0, 13, 0.011862071101829215], "HFE": [1.0, 1, 3.563170277040779e-05], "L": [39.0, 3, 0.0013275085029416619], "T": [176.0, 1, 0.014304847784114564], "S": [1.0, 1, 0.00013972431760530697], "DRB3": [108.0, 12, 0.005030075433791051], "DMB": [54.0, 3, 0.0025436176909511563], "DQA1": [618.0, 59, 0.03001998795674646], "K": [7.0, 6, 0.0002389247480368881], "DPB2": [1.0, 1, 4.8075248454403294e-05], "DOB": [6.0, 3, 0.00027230943650085373], "DOA": [12.0, 6, 0.0005945241880576408], "H": [1.0, 1, 3.4038679562606716e-05], "G": [1.0, 1, 3.668278544800094e-05]}