{"A": [2957.0, 610, 0.16587003148261148], "B": [1444.0, 519, 0.08166919148631403], "C": [3109.0, 507, 0.17392112891856362], "DMA": [165.0, 2, 0.012929458628684047], "DPA1": [958.0, 56, 0.07535684193579895], "DPB1": [840.0, 166, 0.06658512355214194], "DQA1": [601.0, 66, 0.048198352618130866], "DQB1": [410.0, 121, 0.03117581247796275], "DRA": [1429.0, 8, 0.11505082475726798], "DRB1": [1199.0, 69, 0.09219462659624446], "DRB5": [325.0, 5, 0.024990203205821057], "E": [1358.0, 118, 0.07715950456644197], "F": [122.0, 9, 0.007218185583918556], "K": [2.0, 2, 0.00011270126127306731], "L": [40.0, 2, 0.0022478554483843535], "T": [50.0, 1, 0.00670928532524306], "DRB3": [5.0, 4, 0.00038446466470493936], "DRB4": [184.0, 5, 0.01414829966114177], "W": [1.0, 1, 6.580260607449924e-05], "DMB": [43.0, 3, 0.003343968799604098], "DPB2": [2.0, 2, 0.00015874030743745176], "G": [1.0, 1, 6.056169054644178e-05], "DPA2": [2.0, 1, 0.00016805249464046736], "DOB": [3.0, 2, 0.00022478554483843535], "H": [1.0, 1, 5.619638620960884e-05]}