{"B": [40.0, 36, 0.2682009493984601], "L": [1.0, 1, 0.006662199678260107], "DMA": [1.0, 1, 0.009289784793095519], "DRA": [8.0, 1, 0.07635838794638512], "E": [10.0, 7, 0.06735950966211326], "DPA1": [9.0, 7, 0.08392840054451813], "DRB3": [3.0, 2, 0.027347456357202538], "DRB1": [12.0, 10, 0.10938982542881015], "F": [1.0, 1, 0.007014189094498633], "A": [22.0, 21, 0.14630141952842232], "DPB1": [5.0, 5, 0.04698694238978814], "C": [20.0, 18, 0.13263888914392513], "DQA1": [1.0, 1, 0.009507514124183694], "DQB1": [1.0, 1, 0.009014531910337133]}