{"A": [2073.0, 563, 0.22968241760429733], "B": [2944.0, 578, 0.32888246190134574], "C": [604.0, 287, 0.06673910964414193], "DMA": [49.0, 2, 0.007584104751596256], "DPB1": [212.0, 62, 0.03319293312762291], "DQB1": [59.0, 36, 0.008861306972802338], "DRA": [423.0, 7, 0.06726818673072482], "DRB1": [476.0, 47, 0.07229449451815885], "DRB3": [57.0, 7, 0.008657113839359357], "E": [795.0, 131, 0.08922131817399565], "HFE": [1.0, 1, 0.00011619410823450201], "L": [17.0, 2, 0.0018869880770674284], "T": [49.0, 1, 0.012987159770707316], "DRB4": [54.0, 7, 0.008201476268866761], "DMB": [16.0, 2, 0.0024576814408388613], "DPB2": [1.0, 1, 0.00015677220531124179], "V": [1.0, 1, 0.00023530992518669945], "F": [74.0, 9, 0.008647922303355185], "DPA1": [202.0, 41, 0.03138487449163189], "DQA1": [132.0, 31, 0.020909492883386872], "DOA": [3.0, 3, 0.0004846821965000941], "DOB": [1.0, 1, 0.0001479990648680336]}