{"B": [40.0, 38, 0.22575825789580417], "C": [38.0, 33, 0.21213279355686124], "DQA1": [6.0, 5, 0.04801772321260366], "DRA": [16.0, 3, 0.12854940802537554], "DRB1": [7.0, 7, 0.053712709111726445], "F": [1.0, 1, 0.005904196514133784], "E": [18.0, 10, 0.10205981022309857], "DQB1": [3.0, 3, 0.022763957671160257], "A": [12.0, 12, 0.06717233411162042], "DPB1": [8.0, 8, 0.06328204449125631], "DPA1": [9.0, 7, 0.07064676518635941]}