{"A": [133.0, 102, 0.1233074604570761], "B": [222.0, 96, 0.2075224792779127], "C": [352.0, 148, 0.32545833409694597], "DPB1": [35.0, 25, 0.045855040161847035], "DRA": [43.0, 5, 0.05721989717450874], "DRB1": [45.0, 16, 0.057189993909719336], "DRB5": [6.0, 2, 0.007625332521295912], "E": [62.0, 22, 0.058224056530227185], "HFE": [1.0, 1, 0.000972284519191026], "L": [1.0, 1, 0.0009288155945191644], "DRB4": [9.0, 3, 0.011437998781943867], "DMB": [4.0, 2, 0.0051413226848131535], "DMA": [6.0, 1, 0.007770854134297742], "DPA1": [40.0, 17, 0.052004183478569825], "DQA1": [18.0, 10, 0.023858950584211037], "F": [3.0, 2, 0.0029336653936397816], "DOB": [1.0, 1, 0.0012384207926922192], "DQB1": [9.0, 7, 0.011310909906588937]}