{"A": [3588.0, 750, 0.15526997478496699], "B": [7214.0, 819, 0.3147644281858899], "C": [4578.0, 715, 0.19757220990267427], "DMA": [162.0, 2, 0.009793317999087569], "DMB": [67.0, 4, 0.004019638611952469], "DOA": [4.0, 4, 0.00025240758602734174], "DPB1": [497.0, 93, 0.030392943179684176], "DQB1": [177.0, 71, 0.010383066504108068], "DRA": [1142.0, 9, 0.07093197575887186], "DRB1": [1324.0, 82, 0.07854035451212578], "DRB3": [224.0, 12, 0.013287794116855116], "DRB5": [7.0, 3, 0.0004152435661517224], "E": [1185.0, 130, 0.05194293151525074], "F": [159.0, 9, 0.00725744549766944], "HFE": [1.0, 1, 4.538273932153495e-05], "L": [15.0, 2, 0.0006503064973035642], "T": [80.0, 1, 0.008281608378151999], "Y": [8.0, 2, 0.00046131774824900083], "DPB2": [2.0, 2, 0.00012246321667434818], "DPA1": [633.0, 64, 0.038413098171247266], "DOB": [10.0, 3, 0.0005780502198253904], "H": [1.0, 1, 4.335376648690428e-05], "DQA1": [104.0, 44, 0.0064344215094313765], "DRB4": [1.0, 1, 5.9320509450246055e-05], "K": [2.0, 1, 8.694552254281261e-05]}