{"C": [40.0, 35, 0.190398515347628], "T": [1.0, 1, 0.01141768874715351], "B": [55.0, 47, 0.26468278459310407], "DMA": [3.0, 1, 0.020002744789860534], "DRA": [18.0, 1, 0.12331103846925788], "DPA1": [9.0, 6, 0.06023815097636161], "DPB1": [9.0, 8, 0.06070331044336054], "DRB4": [1.0, 1, 0.006542720518031785], "DRB1": [7.0, 6, 0.0457990436262225], "DRB3": [3.0, 3, 0.019628161554095358], "DQA1": [4.0, 4, 0.027295412161163855], "DOA": [1.0, 1, 0.006959786367786799], "E": [12.0, 8, 0.058015340977233876], "A": [22.0, 21, 0.10500530142873964]}