{"A": [80.0, 60, 0.17789848032927538], "B": [60.0, 50, 0.1345265367779231], "DRA": [33.0, 3, 0.10532636497142096], "DRB1": [32.0, 10, 0.09754433528167009], "T": [2.0, 1, 0.010639026764789998], "DRB4": [4.0, 2, 0.01219304191020876], "DQA1": [16.0, 5, 0.05086784671915217], "DMA": [6.0, 1, 0.01863860032457484], "DQB1": [5.0, 4, 0.015071954583452495], "DOB": [1.0, 1, 0.0029703852098774994], "F": [5.0, 2, 0.011727457456865055], "DPA1": [19.0, 14, 0.0592483731901236], "DPB1": [16.0, 13, 0.05027864386140137], "DRB5": [9.0, 4, 0.02743434429796971], "Y": [1.0, 1, 0.0029631755370379902], "E": [26.0, 12, 0.058563720208027595], "C": [74.0, 53, 0.16410771257622933]}