{"A": [6165.0, 1048, 0.15005717589839593], "B": [6489.0, 955, 0.15924870973487001], "C": [6415.0, 940, 0.1557167638886501], "DMA": [350.0, 2, 0.01190067311316934], "DPA1": [1976.0, 88, 0.06744522472649289], "DPB1": [1651.0, 198, 0.05678741272122181], "DQA1": [1002.0, 78, 0.034868440941536474], "DQB1": [1236.0, 158, 0.04078115106437941], "DRA": [3299.0, 7, 0.11525158540381582], "DRB1": [2476.0, 99, 0.08261219322194018], "DRB5": [663.0, 6, 0.02212111635950983], "E": [2933.0, 235, 0.07231173946591352], "F": [383.0, 16, 0.009832729058987985], "K": [6.0, 5, 0.00014670912142649749], "L": [44.0, 1, 0.001072921999337457], "T": [140.0, 1, 0.008151572171634947], "Y": [1.0, 1, 3.243387332507317e-05], "DRB3": [217.0, 15, 0.007240244720985872], "DRB4": [6.0, 3, 0.00020019109827610707], "DMB": [77.0, 3, 0.0025983136297086395], "DPB2": [11.0, 2, 0.0003788410152299784], "DOB": [9.0, 5, 0.00029261509072839737], "DOA": [24.0, 11, 0.0008518091352943519], "H": [3.0, 3, 7.315377268209934e-05], "G": [1.0, 1, 2.627877248757158e-05]}