{"A": [25.0, 24, 0.3251158862719364], "E": [2.0, 2, 0.026345183994582005], "T": [1.0, 1, 0.0311091279413147], "DRA": [3.0, 1, 0.055996430294366455], "F": [1.0, 1, 0.013716704827150284], "DPA1": [4.0, 3, 0.07294554137963447], "DRB1": [4.0, 4, 0.07130631573065392], "B": [25.0, 24, 0.32780279442294413], "DPB1": [2.0, 2, 0.03675441370672702], "C": [3.0, 3, 0.03890760143069059]}