{"A": [4065.0, 1094, 0.14064256436091604], "B": [6746.0, 1374, 0.23532985306904586], "C": [3618.0, 977, 0.12483599010356415], "DMA": [230.0, 3, 0.011116392090271555], "DMB": [69.0, 4, 0.0033096530996035768], "DPB1": [1061.0, 199, 0.05187438150139109], "DRA": [2023.0, 8, 0.10045996306970624], "DRB1": [2295.0, 180, 0.1088450643211103], "DRB3": [187.0, 16, 0.008868857092831209], "DRB5": [5.0, 2, 0.0002371352163858612], "E": [1682.0, 203, 0.05894612704848263], "F": [219.0, 13, 0.007991935162957039], "L": [24.0, 1, 0.000831877262737554], "T": [158.0, 1, 0.013076844756148943], "Y": [9.0, 3, 0.0004149290715839013], "DPA1": [1320.0, 80, 0.06404286257703672], "DRB4": [258.0, 8, 0.012236177165510438], "K": [2.0, 2, 6.951337907596517e-05], "DPB2": [3.0, 2, 0.0001468649291173259], "DPA2": [2.0, 1, 0.00010365364710781708], "DQB1": [446.0, 131, 0.020917433953823054], "DOB": [7.0, 2, 0.00032350782439793767], "DOA": [6.0, 6, 0.0003027016865738244], "DQA1": [707.0, 92, 0.03497170129839268], "J": [1.0, 1, 3.469320700001366e-05], "H": [2.0, 1, 6.932310522812949e-05]}