{"A": [1566.0, 502, 0.14658786052729345], "B": [3958.0, 789, 0.3735566729994688], "C": [2036.0, 485, 0.19006364043187216], "DMA": [76.0, 2, 0.009938014702765823], "DPA1": [208.0, 46, 0.027302986955128367], "DPB1": [160.0, 64, 0.021164477562484414], "DRA": [435.0, 8, 0.05844352609258105], "DRB3": [89.0, 9, 0.011419999351423883], "DRB5": [174.0, 3, 0.022326740305030963], "E": [500.0, 99, 0.04740774638506225], "F": [90.0, 10, 0.008885878457880256], "HFE": [4.0, 1, 0.00039266473414637995], "L": [15.0, 2, 0.0014066605040531244], "T": [32.0, 1, 0.007165489789128712], "DMB": [21.0, 3, 0.0027252271179534267], "DQB1": [82.0, 37, 0.010404888297963983], "DPA2": [2.0, 1, 0.0002804365461468348], "DRB1": [423.0, 46, 0.05427707556912699], "DOB": [1.0, 1, 0.0001250364892491666], "K": [3.0, 3, 0.0002821042840699404], "DQA1": [42.0, 25, 0.005620780930778942], "DRB4": [1.0, 1, 0.00012831459945420094], "H": [1.0, 1, 9.377736693687495e-05]}