{"A": [2403.0, 506, 0.11591060493922416], "B": [6499.0, 766, 0.3160751836478582], "C": [2685.0, 512, 0.12916020117884544], "DMA": [191.0, 2, 0.012870119012940892], "DPB1": [718.0, 115, 0.04894126237114938], "DQA1": [232.0, 49, 0.015999208812225933], "DQB1": [449.0, 80, 0.02935844600435022], "DRB3": [490.0, 15, 0.03239927601390968], "E": [856.0, 114, 0.04182310037388593], "F": [130.0, 10, 0.006614002649196053], "K": [6.0, 5, 0.0002907386905966539], "L": [50.0, 1, 0.0024161906084408658], "T": [106.0, 1, 0.012231083229900916], "DPA1": [753.0, 62, 0.05093366832334471], "DMB": [52.0, 3, 0.003477361998895501], "DRA": [1243.0, 6, 0.0860560554043406], "DPB2": [1.0, 1, 6.825115739307188e-05], "H": [6.0, 5, 0.0002899428730129039], "DOB": [8.0, 2, 0.0005154539964673848], "DRB1": [1425.0, 63, 0.09422238432616589], "DRB4": [1.0, 1, 6.612097145695852e-05], "DOA": [4.0, 2, 0.00028134341639853266]}