{"A": [278.0, 189, 0.14349786917719642], "B": [557.0, 269, 0.289888049291492], "C": [245.0, 165, 0.12611936103659072], "DMA": [14.0, 2, 0.010095050272721656], "DRA": [94.0, 6, 0.06964170815590727], "DRB1": [129.0, 46, 0.09127675471306756], "E": [135.0, 50, 0.07058419770944221], "L": [5.0, 1, 0.0025856065935737815], "T": [10.0, 1, 0.01234782059501902], "DRB4": [16.0, 3, 0.011321147871388224], "DOB": [1.0, 1, 0.0006894950916196752], "DRB3": [3.0, 3, 0.002122715225885292], "F": [17.0, 4, 0.009255527771655466], "DPA1": [80.0, 27, 0.057907020721468506], "DPB1": [61.0, 28, 0.04449506162676159], "DQA1": [56.0, 28, 0.041326612053954284], "DQB1": [23.0, 21, 0.016093326175508123], "DOA": [1.0, 1, 0.0007526759167481713]}