{"A": [815.0, 375, 0.17483182904828598], "B": [1225.0, 360, 0.26495580643174305], "C": [1090.0, 383, 0.23318704094055], "DPB1": [93.0, 31, 0.028192082796719607], "DRB3": [55.0, 11, 0.016173179470793397], "E": [256.0, 61, 0.05562575460521654], "L": [6.0, 2, 0.0012894542225718824], "T": [23.0, 1, 0.011802673218079887], "DMB": [6.0, 2, 0.0017843962473974532], "DPB2": [1.0, 1, 0.0003035313204335874], "DMA": [38.0, 1, 0.011387444754383748], "DRA": [176.0, 6, 0.05418966486214069], "F": [36.0, 7, 0.008145486039992985], "DRB1": [217.0, 43, 0.06381054445749394], "DOB": [3.0, 3, 0.0008596361483812548], "DPA1": [130.0, 27, 0.039106308563653], "DQB1": [76.0, 40, 0.022100077967766977], "DQA1": [39.0, 25, 0.011961031095836053], "DRB5": [1.0, 1, 0.00029405780855987993]}