{"A": [5339.0, 831, 0.1080203531377026], "B": [14709.0, 1176, 0.30005666654525803], "C": [6028.0, 767, 0.12162810396243674], "DMA": [498.0, 2, 0.014075207586478566], "DOB": [15.0, 4, 0.00040538479329625633], "DPB1": [1672.0, 179, 0.04780389307161578], "DQB1": [940.0, 106, 0.025780470953428097], "DRA": [3776.0, 8, 0.10965250624296626], "DRB1": [3570.0, 88, 0.09901106045106917], "DRB3": [1168.0, 15, 0.03239353462376717], "DRB5": [5.0, 4, 0.0001386709530127019], "E": [2252.0, 171, 0.04615163762617498], "F": [354.0, 13, 0.007554409877149603], "HFE": [3.0, 1, 6.365354347459841e-05], "K": [10.0, 6, 0.00020324873442483852], "L": [131.0, 3, 0.0026552703960904794], "T": [171.0, 1, 0.008276208760393375], "DPA1": [1989.0, 83, 0.05643142706496898], "DMB": [160.0, 3, 0.004487896297501989], "DPB2": [2.0, 1, 5.725537802225476e-05], "DOA": [19.0, 9, 0.0005605400355644915], "H": [8.0, 4, 0.00016215391731850252], "DQA1": [496.0, 59, 0.014347243476076674], "DRB4": [3.0, 1, 8.320257180762116e-05]}