{"A": [273.0, 170, 0.15193786277250074], "B": [551.0, 259, 0.30919283780743634], "C": [124.0, 95, 0.0688240257514864], "DPB1": [65.0, 45, 0.051120847375193304], "DRA": [134.0, 5, 0.10704073176491455], "DRB1": [120.0, 31, 0.09154917524753718], "E": [118.0, 37, 0.06652094823221648], "L": [4.0, 1, 0.002230258192617922], "T": [10.0, 1, 0.013313523851357532], "Y": [4.0, 1, 0.00296645992610345], "DRB4": [16.0, 4, 0.012206556699671625], "DMB": [4.0, 2, 0.0030863168928147006], "DMA": [18.0, 1, 0.013994444536884977], "DPA1": [62.0, 19, 0.04838777289424427], "DOB": [1.0, 1, 0.0007434193975393074], "F": [11.0, 2, 0.0064572509054278745], "DQA1": [38.0, 25, 0.030236260809294018], "DQB1": [24.0, 19, 0.018106392437846244], "DRB3": [2.0, 2, 0.001525819587458953], "K": [1.0, 1, 0.0005590949174540811]}