{"A": [610.0, 298, 0.18301220885978198], "B": [664.0, 279, 0.20085968046759542], "C": [665.0, 277, 0.19896967666226978], "DMA": [18.0, 2, 0.007544014716357425], "DPB1": [82.0, 44, 0.034765253574908395], "DRA": [160.0, 5, 0.06889871392368263], "DRB1": [150.0, 36, 0.06168950860442089], "DRB5": [34.0, 2, 0.013982955283668734], "E": [356.0, 77, 0.10818655298648366], "F": [52.0, 7, 0.016455276416210942], "L": [3.0, 1, 0.000901702488907685], "T": [16.0, 1, 0.011483118987280438], "DRB4": [1.0, 1, 0.00041126339069613927], "DMB": [8.0, 2, 0.0033274947065414905], "K": [1.0, 1, 0.00030139247570686874], "DQB1": [69.0, 32, 0.02806187202516657], "DPA1": [100.0, 33, 0.04207177215167402], "DOB": [2.0, 2, 0.0008015133234734977], "DQA1": [32.0, 19, 0.013725915664483647], "DRB3": [10.0, 4, 0.004112633906961392], "DOA": [1.0, 1, 0.00043747938372856244]}