{"A": [1085.0, 393, 0.20083077708247782], "B": [1071.0, 385, 0.1998777544666239], "C": [460.0, 213, 0.08491284327931281], "DMA": [74.0, 2, 0.019134276450212224], "DRA": [442.0, 7, 0.11742584790886997], "DRB5": [140.0, 5, 0.0355220801798656], "E": [319.0, 78, 0.05980868743726329], "HFE": [1.0, 1, 0.00019411370053262615], "K": [2.0, 2, 0.00037188846195363145], "L": [13.0, 1, 0.0024106583740415824], "T": [34.0, 1, 0.01505459588575256], "DMB": [15.0, 2, 0.0038491864480617345], "DRB1": [353.0, 51, 0.08956638788208968], "DPB2": [1.0, 1, 0.00026190340780626235], "DOB": [3.0, 2, 0.0007417410381666407], "F": [42.0, 8, 0.008199765482441597], "DPA1": [261.0, 33, 0.06774568148588653], "DQA1": [90.0, 30, 0.02381684114738198], "DQB1": [123.0, 59, 0.03086192156579275], "DRB4": [2.0, 2, 0.0005074582882837942], "H": [1.0, 1, 0.00018543525954166018], "DPB1": [147.0, 49, 0.038450251654151814], "DOA": [1.0, 1, 0.00026990311348958773]}