{"B": [421.0, 202, 0.2288492970470952], "C": [265.0, 134, 0.142480004980003], "DPA1": [98.0, 31, 0.0740900145899051], "DRA": [151.0, 5, 0.11684520068038218], "DRB1": [148.0, 44, 0.109376636993765], "E": [101.0, 42, 0.05515532630293571], "L": [3.0, 1, 0.001620339679276098], "T": [6.0, 1, 0.00773809276029021], "DRB3": [11.0, 4, 0.00812934464142848], "DRB4": [5.0, 2, 0.0036951566551947632], "DMB": [4.0, 2, 0.0029897176573848543], "DMA": [17.0, 1, 0.012803294700709183], "F": [21.0, 4, 0.011941638827479562], "DPB1": [92.0, 43, 0.07009098693297619], "DQA1": [17.0, 9, 0.013103371920257055], "DOA": [1.0, 1, 0.0007861408979577703], "A": [225.0, 135, 0.12130411806602481], "DQB1": [26.0, 16, 0.019001316666934852]}