{"A": [23060.0, 1886, 0.1583354199306312], "B": [28759.0, 1798, 0.1990980545532577], "C": [19752.0, 1624, 0.13525236670786042], "DMA": [1338.0, 2, 0.012833782734616888], "DPA1": [5249.0, 104, 0.05054008012298638], "DPB1": [4928.0, 250, 0.04781573057477105], "DQA1": [2656.0, 99, 0.02607281757725886], "DQB1": [3722.0, 221, 0.034642758419476116], "DRA": [11356.0, 9, 0.11191416637178422], "DRB1": [9244.0, 144, 0.08700586640825989], "DRB3": [2200.0, 11, 0.02070671853074121], "DRB5": [3237.0, 9, 0.03046711267454968], "DRB7": [2.0, 1, 4.020868252878474e-05], "E": [9202.0, 271, 0.06399912879898707], "F": [1168.0, 14, 0.008458887102597368], "HFE": [1.0, 1, 7.200695295269475e-06], "K": [22.0, 8, 0.00015174823003772837], "L": [302.0, 3, 0.0020773874527303254], "T": [422.0, 1, 0.006931398703899985], "Y": [2.0, 1, 1.829885430618238e-05], "DRB4": [6.0, 2, 5.64728687202033e-05], "W": [2.0, 2, 1.610924780800671e-05], "DMB": [275.0, 3, 0.00261775276880109], "DPB2": [13.0, 2, 0.000126299824309166], "H": [3.0, 3, 2.0636299199307867e-05], "DOB": [39.0, 6, 0.00035769585278800297], "DOA": [38.0, 11, 0.0003804606414576246], "J": [1.0, 1, 6.885048378216566e-06], "DPA2": [4.0, 1, 4.114121677570063e-05], "G": [1.0, 1, 7.413105185985389e-06]}