{"A": [53.0, 49, 0.1849203195312152], "C": [83.0, 66, 0.2888031189511725], "DMA": [2.0, 1, 0.009748068118741866], "DRA": [8.0, 2, 0.040062648582123425], "DRB3": [2.0, 2, 0.009565520026630595], "F": [3.0, 2, 0.011040319223820037], "DMB": [1.0, 1, 0.004837109558921153], "DOB": [1.0, 1, 0.0046605727137050525], "E": [14.0, 7, 0.049477740580551426], "B": [88.0, 70, 0.3095750117709538], "DRB1": [6.0, 5, 0.028696560079891784], "DPB1": [6.0, 4, 0.029582940314019715], "DPA1": [4.0, 4, 0.019570834077474092], "DQB1": [2.0, 1, 0.009459236470779142]}