{"A": [185.0, 152, 0.142322678344806], "B": [321.0, 224, 0.24898998120792012], "C": [150.0, 123, 0.11508233361999926], "DPB1": [41.0, 36, 0.0445725578888064], "DRA": [107.0, 7, 0.11814818716140524], "DRB1": [100.0, 57, 0.10545622082032391], "DRB5": [6.0, 3, 0.006327373249219434], "T": [5.0, 1, 0.009201572208832184], "DRB4": [4.0, 2, 0.004218248832812957], "DMA": [9.0, 1, 0.009672186970657953], "DPA1": [52.0, 21, 0.05609786091453552], "DRB3": [6.0, 3, 0.006327373249219434], "F": [13.0, 4, 0.010548661166205887], "E": [79.0, 37, 0.06156055532554683], "DQA1": [33.0, 16, 0.036295889126870075], "DQB1": [20.0, 17, 0.020856897006686283], "DMB": [3.0, 1, 0.0031996376089802824], "DOA": [1.0, 1, 0.0011217852971723698]}