{"A": [23.0, 20, 0.16796899018194952], "C": [25.0, 23, 0.18207750979325174], "DMA": [3.0, 1, 0.030605700501125217], "DRA": [13.0, 1, 0.13626538027036927], "DRB1": [4.0, 3, 0.04004341338973687], "DQB1": [5.0, 4, 0.04949810821786918], "F": [1.0, 1, 0.007702875630446501], "E": [5.0, 5, 0.03698659377903509], "DPB1": [9.0, 7, 0.09288062005360781], "DPA1": [6.0, 6, 0.061445927442872084], "B": [25.0, 21, 0.18408387353753], "DQA1": [1.0, 1, 0.01044100720220678]}