{"A": [26.0, 25, 0.14695608310716476], "C": [27.0, 24, 0.15219241388231003], "E": [6.0, 4, 0.034350932284629626], "DRB4": [2.0, 1, 0.015495801330228263], "DRB1": [16.0, 9, 0.1239664106418261], "DRA": [6.0, 1, 0.0486750465314229], "F": [2.0, 2, 0.011923282291558923], "DQA1": [3.0, 3, 0.024242454815454763], "B": [54.0, 49, 0.3077389305499051], "DPA1": [11.0, 6, 0.087186146564905], "DPB1": [4.0, 4, 0.03194887224070229], "DQB1": [2.0, 2, 0.015323625759892394]}