{"A": [11126.0, 1347, 0.2331633469534202], "B": [8995.0, 981, 0.19006268194164647], "C": [7028.0, 1026, 0.14688180442752133], "DMA": [411.0, 3, 0.012032139019947494], "DPB1": [1385.0, 132, 0.041015907018087036], "DQA1": [1130.0, 85, 0.033856400910941824], "DRA": [2702.0, 8, 0.08127322154054968], "DRB1": [3138.0, 67, 0.0901454868283619], "DRB5": [26.0, 4, 0.0007469033325485691], "DRB6": [1.0, 1, 6.023656558310551e-05], "E": [3144.0, 276, 0.06673855826368484], "F": [403.0, 12, 0.008907952281706781], "HFE": [1.0, 1, 2.1977428894695607e-05], "K": [7.0, 5, 0.00014736740747413], "L": [61.0, 2, 0.0012806865430816828], "T": [191.0, 1, 0.009575120475107937], "U": [1.0, 1, 0.00011739983700380765], "DPA1": [1664.0, 63, 0.04890070554249022], "DRB4": [435.0, 10, 0.012496267294562598], "DMB": [85.0, 3, 0.0024695470763679743], "DPB2": [2.0, 2, 5.930507230089253e-05], "DQB1": [634.0, 127, 0.018010584377087843], "V": [2.0, 1, 8.901496345356402e-05], "DOB": [23.0, 4, 0.0006438424151011739], "DOA": [18.0, 6, 0.0005500486387110669], "DRB3": [21.0, 4, 0.000603268076289229], "H": [5.0, 3, 0.000104974306809974], "G": [2.0, 2, 4.525146126400453e-05]}