{"A": [15900.0, 1526, 0.13721303758098471], "B": [25148.0, 1575, 0.2188145346580205], "C": [16097.0, 1432, 0.138534588681721], "DMA": [929.0, 2, 0.011199374372284061], "DMB": [284.0, 4, 0.003397768243357603], "DOB": [54.0, 10, 0.0006224758928408809], "DPA1": [5279.0, 77, 0.06388376367930472], "DPB1": [4460.0, 246, 0.054389420855660675], "DQA1": [2400.0, 88, 0.029610832402500238], "DQB1": [1310.0, 80, 0.015324519682874198], "DRA": [9586.0, 8, 0.11873440602786604], "DRB1": [8002.0, 99, 0.09466002731977305], "DRB3": [1289.0, 14, 0.015248284830690758], "DRB5": [10.0, 4, 0.00011829546028464513], "E": [7990.0, 288, 0.06984222904678285], "F": [941.0, 16, 0.008565239051912461], "HFE": [4.0, 1, 3.620044457994298e-05], "K": [9.0, 4, 7.802305335699971e-05], "L": [198.0, 3, 0.0017118087053124226], "T": [366.0, 1, 0.007555600633945159], "DRB4": [801.0, 11, 0.009475466368800076], "DPB2": [24.0, 2, 0.000293055660890724], "DPA2": [2.0, 2, 2.5853932793451775e-05], "V": [1.0, 1, 1.832778794738893e-05], "DOA": [49.0, 14, 0.0006165974131091683], "Y": [1.0, 1, 1.149935238932048e-05], "H": [1.0, 1, 8.645498511678902e-06], "W": [1.0, 1, 1.0123361505128288e-05]}