{"DRA": [7.0, 2, 0.09243835644708077], "DRB1": [7.0, 6, 0.08828382357305467], "DMA": [1.0, 1, 0.01285266133806194], "F": [1.0, 1, 0.009704314900784518], "DQA1": [5.0, 4, 0.06576947794086382], "E": [4.0, 4, 0.03727746055984016], "DPA1": [8.0, 6, 0.10321524200987672], "B": [25.0, 23, 0.23191441257384487], "A": [18.0, 17, 0.16560970183142104], "C": [14.0, 13, 0.12845657162945828], "DPB1": [4.0, 4, 0.05200613545285294], "DQB1": [1.0, 1, 0.012471841742860102]}