{"A": [19901.0, 1406, 0.1513951920755954], "B": [23308.0, 1648, 0.17877906160351312], "C": [34484.0, 1745, 0.26161933725808534], "DMA": [1443.0, 2, 0.015334983349338922], "DMB": [359.0, 4, 0.0037862456789099948], "DPA1": [4012.0, 66, 0.042799499068717294], "DPB1": [2393.0, 205, 0.025725344749386942], "DQA1": [796.0, 39, 0.008657477497702624], "DRA": [7655.0, 8, 0.08358402553304699], "DRB1": [9665.0, 113, 0.10078800897707518], "DRB3": [1847.0, 18, 0.01926078143617774], "E": [7993.0, 305, 0.06159139696042166], "F": [1542.0, 15, 0.012372947435930034], "H": [10.0, 9, 7.6212984610961e-05], "HFE": [10.0, 1, 7.977978140746252e-05], "K": [46.0, 12, 0.00035154197915335863], "L": [100.0, 2, 0.0007621298461096101], "T": [630.0, 1, 0.011464823881084173], "V": [5.0, 2, 8.078281540968402e-05], "W": [3.0, 2, 2.6772253568465786e-05], "DPB2": [4.0, 2, 4.305640780083158e-05], "DQB1": [1979.0, 129, 0.02040799311276798], "DOB": [65.0, 8, 0.0006605125332949953], "DOA": [31.0, 9, 0.00034387946416228565], "G": [1.0, 1, 8.213316728968855e-06]}