{"A": [31.0, 28, 0.17675122997840087], "DPB1": [8.0, 8, 0.06445729248682995], "DMA": [1.0, 1, 0.007964903985729466], "DRA": [5.0, 1, 0.04091774204433568], "DPA1": [5.0, 5, 0.03997710429619004], "F": [2.0, 1, 0.012027693626865245], "DQA1": [1.0, 1, 0.008151581422894998], "E": [8.0, 6, 0.046202321275153946], "DRB1": [11.0, 7, 0.08597323328416599], "DRB3": [1.0, 1, 0.007815748480378725], "B": [59.0, 45, 0.3391776468633776], "C": [30.0, 27, 0.17058350225567737]}