{"A": [7028.0, 1199, 0.18673177221398155], "B": [4488.0, 1039, 0.12023025681330711], "C": [5384.0, 898, 0.14266141868711532], "DMA": [405.0, 3, 0.01503215632306026], "DPA1": [1575.0, 81, 0.05868236419006496], "DPB1": [1348.0, 159, 0.05061248716862701], "DQA1": [1125.0, 64, 0.0427346457968944], "DQB1": [523.0, 141, 0.018836728416311434], "DRA": [2905.0, 9, 0.11078309851410693], "DRB1": [3071.0, 74, 0.11185003044201165], "DRB3": [435.0, 7, 0.015843296399308066], "DRB4": [364.0, 11, 0.013257379055972726], "DRB5": [9.0, 2, 0.00032779233929602897], "E": [3030.0, 235, 0.08154590418631008], "F": [395.0, 12, 0.011069682697360132], "HFE": [2.0, 1, 5.572782845720454e-05], "K": [13.0, 8, 0.0003469860352840855], "L": [41.0, 1, 0.0010913451150467242], "T": [173.0, 1, 0.010995683329283133], "Y": [4.0, 2, 0.0001416190203754688], "DMB": [104.0, 3, 0.0038308660259141975], "DPB2": [5.0, 2, 0.00018797369972517125], "V": [3.0, 1, 0.00016928540540046372], "H": [4.0, 4, 0.00010647269415089992], "DOB": [54.0, 7, 0.0019165084947161987], "DOA": [24.0, 11, 0.0009298332493178191], "G": [1.0, 1, 2.868585860112741e-05]}