{"A": [226.0, 151, 0.2031828338210552], "B": [253.0, 161, 0.22933669819061983], "C": [114.0, 77, 0.10221119045055228], "DPB1": [38.0, 21, 0.04827735765167656], "DRA": [81.0, 5, 0.10452122664339758], "DRB1": [69.0, 17, 0.08503495550888152], "T": [6.0, 1, 0.012903855141160197], "Y": [1.0, 1, 0.0011979914057023723], "DRB3": [2.0, 2, 0.002464781319098015], "DRB4": [9.0, 3, 0.011091515935941067], "DMA": [15.0, 1, 0.018838643478983876], "DPA1": [43.0, 13, 0.05421102361027646], "DQB1": [11.0, 8, 0.013405671729983092], "F": [13.0, 2, 0.012327458153586757], "E": [63.0, 21, 0.05737096849891288], "DQA1": [31.0, 16, 0.03984569331674662], "DMB": [2.0, 1, 0.002492790197724129], "DQA2": [1.0, 1, 0.0012853449457015038]}