{"B": [43.0, 33, 0.0734570968685475], "C": [78.0, 61, 0.13179546547975754], "DRB3": [12.0, 6, 0.027870317390418335], "L": [2.0, 1, 0.00339478774782924], "T": [3.0, 1, 0.01215910905758447], "DRB4": [9.0, 3, 0.02090273804281375], "DMB": [4.0, 2, 0.009395675180860727], "DMA": [6.0, 1, 0.01420109683824751], "DRA": [69.0, 4, 0.16779570499466567], "E": [37.0, 16, 0.06349881584408273], "DQB1": [14.0, 9, 0.03215408839672337], "F": [5.0, 3, 0.008935368327619712], "DRB1": [52.0, 17, 0.12077137535847945], "DPA1": [27.0, 14, 0.06414978226932495], "DPB1": [27.0, 20, 0.06464514738337379], "DRB5": [1.0, 1, 0.0023225264492015276], "DQA1": [25.0, 15, 0.0605580626891414], "A": [71.0, 58, 0.12029544780741355], "H": [1.0, 1, 0.00169739387391462]}