{"A": [174.0, 121, 0.12745079004470666], "B": [387.0, 105, 0.28581084835046927], "C": [154.0, 93, 0.11249391352813816], "DPB1": [35.0, 25, 0.036227857375242804], "DRB3": [55.0, 9, 0.0552237376469057], "E": [68.0, 22, 0.05045163606426802], "L": [4.0, 1, 0.00293524975814011], "T": [2.0, 1, 0.0035043940467555136], "DMB": [3.0, 2, 0.003046433461099963], "DQA1": [23.0, 15, 0.024085864551821583], "DMA": [15.0, 1, 0.015348443391801341], "DRA": [74.0, 3, 0.0777975478379724], "DPA1": [56.0, 22, 0.05752039883640083], "DRB1": [103.0, 24, 0.10341899959329613], "F": [9.0, 4, 0.006953242942914037], "DQB1": [38.0, 23, 0.037730642570067696]}