{"A": [250.0, 132, 0.19197432076099996], "B": [443.0, 159, 0.34298988892062826], "C": [88.0, 68, 0.06739083294899495], "DPB1": [36.0, 22, 0.03906492124087931], "DRA": [88.0, 4, 0.09698994389129861], "L": [4.0, 1, 0.003077194221833255], "T": [5.0, 1, 0.009184653777585098], "DMB": [3.0, 2, 0.0031937546090239086], "DMA": [7.0, 1, 0.007508980302132548], "DRB1": [72.0, 16, 0.07578887341863477], "F": [14.0, 4, 0.011339209447600735], "E": [70.0, 24, 0.05444703429406073], "DPA1": [55.0, 18, 0.05922518125546253], "DQA1": [25.0, 16, 0.027446328671299217], "DOB": [2.0, 2, 0.0020514628145555033], "DQB1": [8.0, 6, 0.008327419425010488]}