{"A": [16.0, 16, 0.18845175819164645], "C": [16.0, 14, 0.1879382656625139], "DRB3": [1.0, 1, 0.016145445575407914], "DRA": [8.0, 2, 0.13524184999635802], "E": [3.0, 2, 0.03579105693515241], "DPA1": [1.0, 1, 0.016516605243808095], "DRB1": [1.0, 1, 0.016145445575407914], "B": [34.0, 29, 0.40376957281970527]}