{"A": [6976.0, 1150, 0.16627438404742695], "B": [9575.0, 1207, 0.23010821248412713], "C": [5665.0, 913, 0.13465851199444986], "DMA": [272.0, 2, 0.009056649778898123], "DPB1": [1415.0, 197, 0.04766028521080657], "DQA1": [1047.0, 83, 0.03567850740246812], "DQB1": [603.0, 145, 0.019482895860144324], "DRA": [2581.0, 8, 0.08829737351190955], "DRB1": [2110.0, 109, 0.06893998032014845], "DRB5": [539.0, 5, 0.017610734309270147], "E": [3703.0, 274, 0.08940167295409895], "F": [483.0, 12, 0.012142765753946029], "HFE": [2.0, 1, 4.999246254153271e-05], "L": [36.0, 3, 0.0008596331651986546], "T": [163.0, 1, 0.009293860184967879], "DRB4": [304.0, 9, 0.009932584842334183], "DMB": [82.0, 3, 0.0027096293428287557], "K": [14.0, 6, 0.0003352193577007257], "DPB2": [4.0, 2, 0.00013490234093037305], "DPA1": [1661.0, 68, 0.05551739582038037], "V": [2.0, 1, 0.00010124198893807495], "H": [17.0, 10, 0.0004059378835660313], "DOB": [12.0, 5, 0.00038205918453273536], "DOA": [12.0, 7, 0.0004170685918803565], "DRB3": [16.0, 3, 0.0005227676232807465], "G": [1.0, 1, 2.573358322565622e-05]}