{"B": [105.0, 78, 0.2774203882030796], "C": [40.0, 28, 0.10453208866507634], "DRB1": [35.0, 11, 0.12572234821188252], "L": [1.0, 1, 0.002625224215790352], "DQB1": [7.0, 7, 0.024865086646350096], "DMA": [1.0, 1, 0.0036606179904659364], "DRA": [34.0, 2, 0.1278775884669434], "DPA1": [16.0, 10, 0.058794293548019946], "DPB1": [27.0, 22, 0.09998151221836306], "F": [2.0, 2, 0.005527849645545102], "DQA1": [6.0, 6, 0.02247848234770489], "DMB": [1.0, 1, 0.0036328860359927098], "E": [12.0, 7, 0.03185142886169254], "DRB3": [1.0, 1, 0.0035920670917680723], "A": [41.0, 36, 0.10743813785132537]}