{"A": [60.0, 56, 0.16687703037831855], "B": [86.0, 84, 0.24116719045858379], "C": [61.0, 59, 0.1691960299830309], "DPB1": [17.0, 14, 0.06681524343718778], "DRA": [23.0, 3, 0.0918150876944239], "DRB1": [21.0, 14, 0.08006347412532813], "T": [2.0, 1, 0.013306534448467234], "DRB4": [4.0, 2, 0.015250185547681547], "DMB": [1.0, 1, 0.003855870777680846], "DMA": [6.0, 1, 0.02331182943452847], "DPA1": [9.0, 7, 0.03510172018302563], "E": [20.0, 12, 0.05634408959267952], "F": [2.0, 2, 0.005867146313012929], "DQA1": [4.0, 4, 0.015905466957933486], "DQB1": [3.0, 3, 0.011310554281197148], "DRB3": [1.0, 1, 0.0038125463869203868]}