{"A": [1637.0, 396, 0.1354067194140525], "B": [3156.0, 502, 0.2632103676319384], "C": [1077.0, 378, 0.08884280487844955], "DMA": [153.0, 2, 0.017679206222861853], "DPB1": [468.0, 68, 0.05470395311838971], "DQA1": [215.0, 41, 0.025425594529560055], "DRA": [857.0, 5, 0.10174504395858165], "DRB1": [792.0, 27, 0.0898021103049797], "DRB5": [505.0, 6, 0.05726018396971559], "E": [522.0, 88, 0.04373560089471598], "F": [103.0, 11, 0.008986288808463768], "L": [20.0, 2, 0.001657346511517749], "T": [47.0, 1, 0.009299916503409836], "Y": [6.0, 3, 0.0006613295303240727], "DPA1": [467.0, 34, 0.054168772648988034], "DMB": [22.0, 3, 0.002522849689754796], "DQB1": [388.0, 46, 0.04350514131666049], "DOB": [6.0, 3, 0.0006629386046070997], "H": [3.0, 3, 0.0002486019767276624], "DOA": [3.0, 3, 0.0003618429833911261], "DRB3": [1.0, 1, 0.00011338650291032791]}