{"A": [1440.0, 456, 0.16150810692577128], "B": [2118.0, 456, 0.23951474286726124], "C": [1369.0, 391, 0.15312648162198267], "DPB1": [244.0, 71, 0.038672565371351025], "DQA1": [142.0, 24, 0.02276990921534881], "DRA": [542.0, 8, 0.08725132403888644], "DRB3": [85.0, 8, 0.013068344794165482], "E": [825.0, 111, 0.09372573202305627], "F": [71.0, 8, 0.008399274869062385], "L": [18.0, 1, 0.002022535371857857], "T": [55.0, 1, 0.014756527743354102], "DRB4": [56.0, 5, 0.008609733040861964], "DRB1": [542.0, 33, 0.08332991621691402], "DMB": [28.0, 2, 0.004353785458163152], "DPB2": [1.0, 1, 0.0001586983653748719], "DMA": [62.0, 1, 0.009714116736534145], "DQB1": [82.0, 29, 0.012467030105597346], "DOB": [3.0, 1, 0.00044945230485730144], "DOA": [3.0, 2, 0.0004906371774139466], "DPA1": [290.0, 36, 0.04561108575218541]}