{"A": [269.0, 129, 0.19999754027458352], "B": [369.0, 132, 0.27661339113586286], "C": [196.0, 120, 0.1453260491388787], "DRA": [55.0, 6, 0.058691602678436705], "DRB1": [52.0, 20, 0.052996299047740614], "DRB3": [9.0, 6, 0.009172436373647412], "L": [1.0, 1, 0.000744842004794361], "T": [5.0, 1, 0.008892667072490411], "Y": [1.0, 1, 0.000990712181134247], "DMB": [2.0, 2, 0.002061481912259141], "K": [1.0, 1, 0.0007468864018797985], "DMA": [5.0, 1, 0.005193046038515392], "F": [8.0, 4, 0.0062735587877396325], "E": [111.0, 39, 0.08359271119489187], "DPA1": [43.0, 15, 0.044831307793037865], "DQA1": [34.0, 17, 0.03614035477429306], "DQB1": [13.0, 10, 0.013101862820135873], "DPB1": [52.0, 31, 0.05463325036967854]}