{"B": [41.0, 36, 0.29044120682774055], "C": [10.0, 10, 0.070067228071024], "DRB4": [5.0, 2, 0.04815481779413072], "DRB1": [9.0, 7, 0.08667867202943531], "DRA": [7.0, 1, 0.07058929761351398], "DPA1": [12.0, 9, 0.11822838023938302], "F": [2.0, 2, 0.014821137004072511], "DQA1": [6.0, 6, 0.06026876414546674], "E": [11.0, 9, 0.07828267520001583], "DQB1": [2.0, 2, 0.01904790570523393], "A": [19.0, 17, 0.1334914703112706], "DPB1": [1.0, 1, 0.009928445058712668]}