{"A": [785.0, 272, 0.17302797810271064], "B": [729.0, 241, 0.1620125526819906], "C": [689.0, 209, 0.15145405977220344], "DOA": [4.0, 4, 0.0012856241781529594], "DPA1": [182.0, 33, 0.056254677879677674], "DRA": [298.0, 6, 0.09427658556616182], "DRB1": [285.0, 18, 0.08611154080914976], "E": [338.0, 68, 0.07546341145720072], "HFE": [1.0, 1, 0.00023115449048452207], "K": [4.0, 4, 0.0008857044887000718], "L": [3.0, 1, 0.0006624600863247115], "T": [17.0, 1, 0.008963657464344243], "Y": [4.0, 2, 0.001174848308433469], "DRB4": [44.0, 4, 0.013294413317903825], "DMB": [9.0, 2, 0.0027502130856510753], "DQA1": [130.0, 19, 0.040966715755010805], "DMA": [38.0, 1, 0.011700652109945541], "DQB1": [89.0, 23, 0.026592183810887925], "DOB": [2.0, 2, 0.0005888534100664103], "F": [35.0, 4, 0.00813703775581682], "DPB1": [180.0, 56, 0.056066120047249715], "DRB5": [93.0, 5, 0.028099555421933084]}