{"A": [205.0, 133, 0.18783701094665217], "B": [309.0, 139, 0.2854698503796369], "C": [176.0, 107, 0.16082553196171392], "DRA": [42.0, 4, 0.05523539994781324], "L": [1.0, 1, 0.0009179501425112341], "T": [6.0, 1, 0.013151285701860296], "DRB4": [9.0, 3, 0.011304195013396771], "DMA": [10.0, 1, 0.01279991547318464], "DPA1": [34.0, 13, 0.04368645480273133], "F": [7.0, 3, 0.00676514264490508], "DRB1": [64.0, 20, 0.0803853867619326], "E": [85.0, 20, 0.0788895159375891], "DRB3": [7.0, 4, 0.008792151677086378], "DQA1": [8.0, 7, 0.010479930793669923], "DMB": [1.0, 1, 0.0012702946416569606], "DOA": [1.0, 1, 0.0013360867944121016], "DQB1": [11.0, 10, 0.013662724590265974], "DPB1": [21.0, 15, 0.027191171788981425]}