{"A": [10318.0, 1490, 0.15112502393250354], "B": [15591.0, 1590, 0.230244513937821], "C": [7598.0, 1203, 0.11098267017643654], "DMA": [607.0, 2, 0.01241964963285567], "DMB": [173.0, 4, 0.0035128865212596476], "DPA1": [3216.0, 98, 0.06605374982450671], "DPB1": [2655.0, 229, 0.05495240521528584], "DQA1": [971.0, 71, 0.020332988222673935], "DQB1": [1647.0, 186, 0.03270030320136726], "DRA": [5118.0, 9, 0.107592511594084], "DRB1": [3849.0, 109, 0.0772784840805935], "DRB3": [373.0, 15, 0.007488925581205864], "DRB5": [1302.0, 6, 0.026140968114557732], "E": [5086.0, 317, 0.07545539081822965], "F": [750.0, 13, 0.011586539141600344], "HFE": [2.0, 1, 3.072037503064236e-05], "L": [89.0, 3, 0.001305938278503808], "T": [267.0, 1, 0.00935495655712532], "DRB4": [7.0, 2, 0.0001405428393255792], "K": [7.0, 5, 0.00010299617044811431], "DPB2": [6.0, 2, 0.00012434626027222638], "V": [3.0, 1, 9.331982395671922e-05], "H": [20.0, 12, 0.00029346927606827147], "DOB": [7.0, 3, 0.00013695232883186004], "DOA": [25.0, 10, 0.0005339348050644514], "G": [1.0, 1, 1.581329039187933e-05]}