{"A": [745.0, 255, 0.19436060713093758], "B": [913.0, 330, 0.24015808515044218], "C": [388.0, 199, 0.10094823289669616], "DPA1": [181.0, 36, 0.06621724796212856], "DRA": [285.0, 7, 0.10671801515898459], "DRB1": [248.0, 36, 0.08868975988769545], "DRB5": [2.0, 1, 0.0007152399990943181], "E": [249.0, 72, 0.06579977056243665], "L": [3.0, 1, 0.0007840883749195469], "T": [20.0, 1, 0.01248163919988124], "DRB3": [27.0, 7, 0.009655739987773295], "DMB": [5.0, 2, 0.001808419315891884], "DMA": [26.0, 1, 0.009475565026169383], "DPB2": [1.0, 1, 0.00036914126241916807], "F": [30.0, 6, 0.00825514753997909], "DQA1": [59.0, 34, 0.022006202550259365], "DOB": [3.0, 2, 0.0010454511665593956], "DQB1": [68.0, 41, 0.024047958191771187], "DPB1": [125.0, 53, 0.04608327214241867], "DOA": [1.0, 1, 0.0003804164935421971]}