{"A": [2193.0, 462, 0.15142315658631902], "B": [3767.0, 737, 0.262254980215038], "C": [2152.0, 428, 0.14818728859648253], "DMA": [141.0, 2, 0.013600427833866918], "DPA1": [515.0, 43, 0.04986564842324022], "DPB1": [306.0, 99, 0.029857704216894727], "DQA1": [299.0, 52, 0.0295165756773456], "DQB1": [157.0, 63, 0.014695035422072022], "DRA": [880.0, 5, 0.087212199732342], "DRB1": [1087.0, 52, 0.1028852297531887], "E": [925.0, 151, 0.0646946629021286], "F": [153.0, 11, 0.011142860795642268], "K": [12.0, 10, 0.0008323712816506899], "L": [16.0, 1, 0.0011067905241413675], "T": [72.0, 1, 0.011892572690773909], "Y": [10.0, 3, 0.000920086782811695], "DRB4": [147.0, 8, 0.013913641926144195], "DMB": [47.0, 3, 0.004499131429890319], "DOB": [5.0, 3, 0.0004611627183922365], "DOA": [8.0, 6, 0.0008054730507695475], "H": [2.0, 2, 0.00013834881551767094], "DRB3": [1.0, 1, 9.46506253479197e-05]}