{"A": [1123.0, 452, 0.19670107307423265], "B": [1784.0, 514, 0.31506218697306204], "C": [317.0, 208, 0.05537340837290786], "DMA": [76.0, 2, 0.018596035185989193], "DPA1": [153.0, 32, 0.03758019088856437], "DRA": [360.0, 8, 0.09050454276277092], "DRB3": [82.0, 11, 0.019688410207756347], "E": [292.0, 75, 0.05180633651688133], "HFE": [2.0, 1, 0.00036737756135795264], "L": [7.0, 1, 0.001228334921164432], "T": [51.0, 1, 0.02136912815232091], "DMB": [18.0, 2, 0.004370958031156551], "DQB1": [59.0, 28, 0.014008650677632599], "F": [53.0, 8, 0.00979161779890209], "DRB1": [526.0, 50, 0.1262939484058517], "K": [3.0, 3, 0.0005278741629576072], "DOA": [3.0, 2, 0.0007662237186091163], "DPB1": [114.0, 50, 0.028217149915419893], "DQA1": [30.0, 20, 0.0075125841160503205], "DOB": [1.0, 1, 0.00023396855641227276]}