{"A": [174.0, 144, 0.2044178927148396], "B": [211.0, 142, 0.24993471047142587], "C": [72.0, 67, 0.08435623271667532], "DPB1": [29.0, 24, 0.04814475465484639], "DRA": [55.0, 4, 0.09274131576176968], "DRB5": [8.0, 3, 0.01288336970745728], "K": [1.0, 1, 0.001180189745616798], "L": [2.0, 1, 0.002353918598465621], "T": [5.0, 1, 0.014051714509359044], "DPA1": [32.0, 18, 0.052718156504078066], "DMA": [2.0, 1, 0.0032823088853922654], "E": [70.0, 30, 0.08329918582762104], "DRB1": [51.0, 22, 0.08213148188504016], "DQB1": [14.0, 12, 0.022295387021516348], "F": [8.0, 3, 0.009913140380089606], "DQA1": [12.0, 12, 0.020155427999361878], "DRB3": [8.0, 4, 0.01288336970745728], "DMB": [2.0, 1, 0.0032574429089877784]}