{"A": [850.0, 457, 0.1677575998215068], "B": [1318.0, 617, 0.26227273719882355], "C": [644.0, 400, 0.12675472770741603], "DMA": [39.0, 2, 0.010752456128658229], "DRA": [278.0, 7, 0.0787497128795325], "DRB1": [341.0, 81, 0.09225448338102213], "DRB5": [26.0, 5, 0.0070340661815442105], "E": [314.0, 84, 0.06277200261087534], "H": [1.0, 1, 0.00019772203156291803], "L": [10.0, 1, 0.00197722031562918], "T": [22.0, 1, 0.010386652777875989], "Y": [1.0, 1, 0.00026298949829242494], "DRB3": [18.0, 7, 0.004869738125684453], "DRB4": [43.0, 5, 0.011633263300246194], "DMB": [6.0, 2, 0.0016416920196436224], "DQA1": [94.0, 37, 0.026523586692367273], "DPA1": [212.0, 47, 0.05867319218097974], "DQB1": [75.0, 55, 0.020065124684533163], "F": [64.0, 8, 0.013322780193995507], "DPB1": [150.0, 80, 0.041834622894393464], "DOB": [1.0, 1, 0.00026362937541722403]}