{"A": [4781.0, 821, 0.1368545520537001], "B": [8583.0, 981, 0.2477160102986559], "C": [3705.0, 694, 0.10576542947383057], "DMA": [329.0, 3, 0.013155767686496197], "DPA1": [1432.0, 81, 0.05748097152278924], "DPB1": [1207.0, 126, 0.04882352089016017], "DQA1": [864.0, 82, 0.03535862485344761], "DQB1": [736.0, 105, 0.028558516205363444], "DRA": [2545.0, 9, 0.10456087175253352], "DRB1": [2496.0, 79, 0.09793882939015701], "DRB3": [412.0, 7, 0.01616618497946502], "DRB5": [2.0, 2, 7.847662611390786e-05], "E": [2470.0, 211, 0.07161607493892216], "F": [310.0, 11, 0.009359524990559297], "L": [83.0, 3, 0.0023801831815378357], "T": [97.0, 1, 0.006642046208248691], "Y": [18.0, 2, 0.0006865752398727691], "DRB4": [256.0, 9, 0.010045008142580206], "DMB": [100.0, 3, 0.003968420297805568], "DPB2": [10.0, 2, 0.00040502433967293933], "DOB": [32.0, 5, 0.0012235479808708554], "DOA": [25.0, 11, 0.001043489002610229], "K": [3.0, 3, 8.626684929172945e-05], "J": [2.0, 1, 5.740618951346136e-05], "H": [1.0, 1, 2.867690580166067e-05]}