{"A": [1352.0, 417, 0.18469077021118183], "B": [1965.0, 464, 0.270648432336096], "C": [890.0, 330, 0.12124770546529183], "DPB1": [219.0, 73, 0.04227600464778925], "DQB1": [88.0, 52, 0.01629553015275516], "DRA": [457.0, 5, 0.08960363037203473], "DRB1": [401.0, 61, 0.07509010255527755], "E": [526.0, 84, 0.07278255594685995], "F": [73.0, 8, 0.010518237467605588], "K": [2.0, 2, 0.00027446102103742163], "L": [19.0, 2, 0.002600242711625974], "T": [48.0, 1, 0.015685537045432775], "DMB": [20.0, 3, 0.00378770070699371], "DMA": [66.0, 1, 0.012594827694400458], "DOB": [6.0, 4, 0.0010948390364740942], "DPA1": [320.0, 33, 0.06129979994766832], "DRB3": [22.0, 6, 0.004119656499292035], "DQA1": [73.0, 27, 0.01425714219241851], "DOA": [5.0, 4, 0.0009959691102055174], "H": [1.0, 1, 0.00013685487955926177]}