{"A": [9946.0, 999, 0.18282634226213143], "B": [17681.0, 1043, 0.32769634706712364], "C": [5572.0, 846, 0.10214484284481219], "DMA": [308.0, 2, 0.007908986354760575], "DPA1": [1617.0, 49, 0.041681267168479585], "DPB1": [2003.0, 102, 0.052029851491367685], "DQA1": [1046.0, 39, 0.02748926451520451], "DQB1": [668.0, 81, 0.016645011494285437], "DRA": [2657.0, 8, 0.07010076785185763], "DRB1": [2695.0, 77, 0.06790768246550044], "E": [3979.0, 224, 0.07408619881450247], "F": [430.0, 12, 0.008337011141204073], "HFE": [1.0, 1, 1.927728970478985e-05], "L": [86.0, 2, 0.0015837278463491677], "T": [220.0, 1, 0.009673923552508266], "V": [6.0, 2, 0.0002342358489854736], "Y": [39.0, 3, 0.0009552786049947621], "DRB3": [194.0, 13, 0.004888345231282778], "DMB": [93.0, 3, 0.0023700113331377435], "K": [6.0, 3, 0.00011079591392999986], "DPB2": [2.0, 2, 5.201887196112107e-05], "DOB": [25.0, 5, 0.0006138480024609177], "DOA": [19.0, 6, 0.0005092737371811215], "DRB5": [1.0, 1, 2.5197655831354525e-05], "H": [6.0, 6, 0.00011049264044296519]}