{"A": [9442.0, 1133, 0.19898767272407683], "B": [10690.0, 1122, 0.22715083739900194], "C": [5044.0, 832, 0.10601132817961867], "DMA": [524.0, 3, 0.015426707946835866], "DMB": [109.0, 4, 0.003184680239024828], "DPA1": [1917.0, 65, 0.056653255046138606], "DPB1": [1299.0, 141, 0.03868589502498029], "DQB1": [876.0, 144, 0.025025548447089294], "DRA": [3374.0, 8, 0.10205826002475336], "DRB1": [2846.0, 105, 0.0822179977840728], "DRB5": [853.0, 5, 0.024642288162267777], "E": [3065.0, 214, 0.0654283116103117], "H": [10.0, 8, 0.00021113195182713318], "K": [31.0, 11, 0.0006563055073448013], "L": [91.0, 3, 0.001921300761626912], "T": [307.0, 1, 0.0154771220250935], "V": [3.0, 2, 0.00013427502081385183], "DRB4": [6.0, 3, 0.00017333379715545917], "DPB2": [3.0, 2, 8.945900226902243e-05], "DPA2": [1.0, 1, 3.1568979427358525e-05], "F": [374.0, 11, 0.008313528490081577], "DOB": [47.0, 6, 0.001323093564783368], "DOA": [38.0, 11, 0.0011677587688839898], "DQA1": [823.0, 68, 0.024797227812980306], "DRB3": [8.0, 5, 0.00023111172954061224]}