{"A": [117.0, 102, 0.18850015433171194], "B": [119.0, 97, 0.19330686166474495], "C": [43.0, 42, 0.06908906655656821], "DMB": [2.0, 2, 0.00446717537460545], "DRB1": [66.0, 22, 0.14576041896465422], "DRB3": [7.0, 4, 0.015459438375039087], "T": [5.0, 1, 0.019270168282611747], "DRB4": [12.0, 4, 0.026501894357209864], "DMA": [10.0, 1, 0.022506379749920587], "DRA": [51.0, 4, 0.11793342988958389], "F": [8.0, 3, 0.013594631687560102], "E": [24.0, 18, 0.03916608372716808], "DPA1": [24.0, 16, 0.054222266615900634], "DQB1": [12.0, 12, 0.026207428864351977], "DQA1": [10.0, 8, 0.023033873025309355], "DPB1": [18.0, 17, 0.040980728533060035]}