{"A": [154.0, 132, 0.15643922211480119], "B": [390.0, 214, 0.39945144296566704], "C": [170.0, 112, 0.17222209561525406], "DPA1": [13.0, 9, 0.01851863011450027], "DRB1": [40.0, 19, 0.05569994191742519], "DRB3": [7.0, 4, 0.009747489835549409], "DRB5": [11.0, 2, 0.015317484027291928], "L": [1.0, 1, 0.0010176928256354374], "T": [7.0, 1, 0.017010325399292106], "DMA": [9.0, 1, 0.012771656529348543], "DRA": [49.0, 3, 0.07144336667702683], "H": [1.0, 1, 0.0010176928256354374], "DQB1": [9.0, 9, 0.012393237076627105], "F": [8.0, 4, 0.008571691349828546], "E": [33.0, 11, 0.03395564032987316], "DPB1": [6.0, 6, 0.008613060516574822], "DQA1": [4.0, 4, 0.005809329879668955]}