{"A": [2554.0, 756, 0.11227416517187949], "B": [4962.0, 1061, 0.21993288028213615], "C": [3053.0, 745, 0.13384457314884363], "DMA": [216.0, 2, 0.01326454895154451], "DPA1": [1124.0, 74, 0.06928924527533772], "DPB1": [956.0, 175, 0.059387925514644224], "DQB1": [640.0, 134, 0.03813785267824046], "DRA": [1918.0, 9, 0.12101757590657844], "DRB1": [1832.0, 92, 0.11039622804754716], "DRB3": [93.0, 11, 0.005604175332108017], "DRB5": [451.0, 8, 0.027177237363233502], "E": [911.0, 143, 0.040564896894892205], "F": [130.0, 10, 0.006027731578738473], "HFE": [3.0, 1, 0.00013830435471604032], "L": [32.0, 3, 0.0014092910889313306], "T": [70.0, 1, 0.007361166417675088], "Y": [8.0, 2, 0.00046862349316405895], "DRB4": [24.0, 5, 0.001446238795382714], "DMB": [57.0, 2, 0.0034738491519775132], "DQA1": [437.0, 85, 0.027465119857822212], "K": [6.0, 4, 0.0002649673547807763], "DPB2": [2.0, 2, 0.0001244026283399435], "DPA2": [3.0, 1, 0.00019755069493546278], "V": [1.0, 1, 9.336212726479319e-05], "H": [2.0, 2, 8.808069305820816e-05], "DOB": [5.0, 4, 0.00029360231019402727], "DOA": [4.0, 4, 0.0002564048860339871]}