{"A": [22625.0, 1456, 0.1637208961103948], "B": [48291.0, 1195, 0.35233532236014187], "C": [16997.0, 982, 0.12265996056482421], "DMA": [737.0, 2, 0.007450112092886866], "DMB": [183.0, 4, 0.0018358778134408209], "DOB": [19.0, 4, 0.00018365368577677712], "DPA1": [4267.0, 90, 0.043299087710305544], "DPB1": [3927.0, 217, 0.04015667518562094], "DQA1": [1895.0, 78, 0.01960495544117516], "DQB1": [2371.0, 169, 0.023257573407334576], "DRA": [5424.0, 8, 0.05633471622559082], "DRB1": [5563.0, 103, 0.055181615294595275], "DRB3": [2082.0, 14, 0.02065218821559363], "DRB5": [3.0, 2, 2.9758196276071515e-05], "DRB7": [1.0, 1, 2.1187835748562917e-05], "E": [9823.0, 321, 0.0720000382465868], "F": [1119.0, 14, 0.008540773848213943], "H": [10.0, 8, 7.249487596451727e-05], "HFE": [5.0, 1, 3.794383192794219e-05], "L": [229.0, 2, 0.0016601326595874458], "T": [521.0, 1, 0.009018678451798432], "Y": [122.0, 4, 0.0011763877251174191], "K": [37.0, 13, 0.00026896726533514226], "DPB2": [12.0, 2, 0.00012286760421202723], "DPA2": [2.0, 1, 2.1679231666333137e-05], "V": [2.0, 1, 3.073670563137754e-05], "DRB4": [5.0, 3, 4.9596993793452523e-05], "DOA": [24.0, 9, 0.0002532410647238596], "J": [1.0, 1, 7.256108133069492e-06], "G": [2.0, 2, 1.5625247602185042e-05]}