{"B": [71.0, 60, 0.1752303052350751], "C": [63.0, 54, 0.15379137469474355], "T": [1.0, 1, 0.00585552801255015], "DRB4": [3.0, 1, 0.010066244785619918], "DMB": [4.0, 2, 0.013574178574548073], "DRB1": [32.0, 19, 0.10737327771327913], "DMA": [5.0, 1, 0.01709724782290406], "DRA": [30.0, 2, 0.10539950422590268], "DPA2": [1.0, 1, 0.0036666948946255367], "E": [20.0, 12, 0.0495883276339579], "DRB3": [7.0, 4, 0.02348790449977981], "F": [5.0, 2, 0.01290916118040595], "DPA1": [21.0, 13, 0.07208356898208287], "DQA1": [16.0, 9, 0.055993486620010795], "A": [57.0, 51, 0.13952475354494495], "DPB1": [9.0, 9, 0.031131513796453878], "DQB1": [7.0, 6, 0.023226927783115588]}