{"A": [6241.0, 884, 0.16685728633526176], "B": [7900.0, 1025, 0.21295730654777625], "C": [3706.0, 599, 0.09881239590176229], "DMA": [351.0, 3, 0.013109251763055281], "DPA1": [1516.0, 78, 0.056836951089623], "DPB1": [1698.0, 146, 0.0641519705127213], "DRA": [2484.0, 8, 0.09531988069281583], "DRB1": [2441.0, 66, 0.08945993886965972], "DRB3": [470.0, 7, 0.017224977988013136], "DRB4": [372.0, 8, 0.013633386833065718], "E": [3090.0, 179, 0.08368016559698405], "F": [389.0, 13, 0.010969635715059222], "HFE": [3.0, 1, 8.411392652806513e-05], "K": [15.0, 8, 0.00040286953831145556], "L": [56.0, 4, 0.0014999293613727233], "T": [150.0, 1, 0.009593385738004813], "V": [3.0, 2, 0.00017034290343304485], "Y": [19.0, 2, 0.000676892532533495], "DMB": [98.0, 3, 0.0036324046907990955], "DPB2": [3.0, 2, 0.00011348876427175798], "DQB1": [711.0, 103, 0.02576783409228093], "DOB": [8.0, 3, 0.0002857008307376616], "H": [7.0, 5, 0.0001874911701715904], "DQA1": [877.0, 61, 0.033522137804979785], "DOA": [26.0, 7, 0.0010136119114417834], "DRB5": [1.0, 1, 3.664888933619816e-05]}