{"A": [269.0, 164, 0.11713340286465268], "B": [672.0, 186, 0.2950340993718912], "C": [108.0, 82, 0.0468993967812363], "DMA": [24.0, 2, 0.01459887923555023], "DRA": [205.0, 7, 0.12812186335643838], "DRB1": [146.0, 29, 0.08714674290235135], "DRB5": [36.0, 3, 0.02148823797592225], "E": [120.0, 39, 0.05292767102925499], "F": [17.0, 7, 0.0078078059696374555], "L": [1.0, 1, 0.0004362347581790785], "T": [9.0, 1, 0.009374770489495492], "DRB4": [28.0, 4, 0.016713073981272863], "K": [3.0, 2, 0.0013122963265259013], "DOB": [3.0, 2, 0.001744939032716314], "DPA1": [118.0, 27, 0.0720528337238619], "DQA1": [56.0, 21, 0.034862427757811364], "DQB1": [45.0, 37, 0.026561849720237223], "DOA": [1.0, 1, 0.0006349446148263879], "DMB": [5.0, 1, 0.003018392013663321], "DPB1": [100.0, 49, 0.06153324259514415], "DRB3": [1.0, 1, 0.0005968954993311736]}