{"A": [2221.0, 650, 0.15617136698627868], "B": [5334.0, 997, 0.3781641235374836], "C": [2068.0, 656, 0.14501683044742653], "DMA": [92.0, 2, 0.009036920768723901], "DMB": [21.0, 4, 0.002047148306551338], "DPB1": [329.0, 95, 0.03269114052469627], "DRA": [537.0, 9, 0.054196101050078445], "DRB1": [570.0, 62, 0.0549411230907518], "DRB3": [136.0, 17, 0.013108759193582887], "DRB5": [8.0, 3, 0.000771103481975464], "E": [900.0, 144, 0.06410153368958856], "K": [6.0, 5, 0.00042382471802082335], "L": [14.0, 2, 0.0009862174323531994], "T": [85.0, 1, 0.014297543728295059], "DPA1": [435.0, 60, 0.042892631184885184], "DRB4": [10.0, 3, 0.0009638793524693298], "DQB1": [105.0, 48, 0.010008280609806542], "F": [142.0, 9, 0.01053156246960293], "DOB": [2.0, 1, 0.0001878509394958475], "DQA1": [91.0, 32, 0.009148193994901292], "DOA": [1.0, 1, 0.00010253218609932711], "H": [3.0, 3, 0.00021133230693282844]}