{"A": [31.0, 29, 0.18407050763317778], "DRB5": [3.0, 2, 0.024418197098130867], "T": [1.0, 1, 0.01420404929237678], "DRB1": [11.0, 7, 0.08953338935981318], "DRA": [9.0, 1, 0.07670186617883461], "DRB4": [1.0, 1, 0.00813939903271029], "E": [11.0, 6, 0.06615889748820143], "B": [65.0, 52, 0.3891439950762729], "C": [8.0, 8, 0.04737263306231383], "DQB1": [1.0, 1, 0.008048961265680174], "DPA1": [6.0, 6, 0.04995906992491143], "DQA1": [3.0, 2, 0.025467416504691177], "DPB1": [2.0, 2, 0.016781618082885304]}