{"A": [2478.0, 468, 0.19013842179304133], "B": [4312.0, 539, 0.333596737978957], "C": [883.0, 299, 0.06756850461525347], "DMA": [91.0, 2, 0.009754157619477408], "DPB1": [408.0, 80, 0.04423948546360291], "DQA1": [173.0, 43, 0.0189782343861793], "DQB1": [177.0, 37, 0.01841022814186591], "DRA": [902.0, 5, 0.0993381402829295], "DRB1": [804.0, 44, 0.0845657403888413], "DRB5": [4.0, 2, 0.0004207250765613995], "DRB7": [1.0, 1, 0.00022466719088378733], "E": [705.0, 105, 0.054793716411348045], "L": [40.0, 1, 0.0030748246927525635], "T": [42.0, 1, 0.007709168314639761], "DMB": [27.0, 3, 0.0028721657925484174], "DPB2": [3.0, 2, 0.00032570952286631544], "F": [125.0, 9, 0.010116498148585526], "DOB": [4.0, 3, 0.0004099766257003419], "DPA1": [489.0, 46, 0.05261602315238124], "DOA": [5.0, 4, 0.0005594302561847294], "K": [1.0, 1, 7.70816071193232e-05], "DRB3": [2.0, 2, 0.00021036253828069976]}