{"B": [19.0, 18, 0.2958837290561338], "DRA": [6.0, 3, 0.13301027077074495], "T": [1.0, 1, 0.03694729743631805], "DRB1": [1.0, 1, 0.021172046845530566], "DQA1": [2.0, 2, 0.04416356646684891], "F": [1.0, 1, 0.016290883307656084], "E": [8.0, 4, 0.12515726585439102], "A": [9.0, 8, 0.13900663543663921], "C": [8.0, 7, 0.12322477401104437], "DPA1": [2.0, 2, 0.04331752113223495], "DPB1": [1.0, 1, 0.02182600968245815]}