{"A": [5409.0, 778, 0.19660451149345254], "B": [7027.0, 821, 0.25752589894752687], "C": [3098.0, 637, 0.11229823552634702], "DMA": [174.0, 2, 0.008834979381232743], "DMB": [48.0, 4, 0.0024187717846217123], "DOA": [11.0, 8, 0.000583010728962604], "DPA1": [909.0, 52, 0.04633199056404694], "DPB1": [728.0, 111, 0.03739290434604377], "DRA": [1735.0, 5, 0.09051423433236348], "DRB5": [4.0, 2, 0.0001992995477965456], "E": [2352.0, 178, 0.08659381496088506], "F": [287.0, 12, 0.011002971936672545], "K": [8.0, 7, 0.00029211150555358284], "L": [37.0, 3, 0.001347317677474047], "T": [118.0, 1, 0.010260018877251578], "Y": [11.0, 2, 0.0005327755812000494], "DRB3": [131.0, 8, 0.006527060190336868], "DRB4": [208.0, 9, 0.010363576485420372], "DRB1": [1458.0, 43, 0.07264468517184086], "DPB2": [4.0, 2, 0.00020572028065081574], "DQB1": [456.0, 63, 0.022467702354930574], "DPA2": [1.0, 1, 5.444711384209857e-05], "J": [2.0, 1, 7.289449213928448e-05], "DOB": [25.0, 6, 0.0012137997094360782], "DQA1": [455.0, 42, 0.023644439027405605], "H": [2.0, 2, 7.282798256616469e-05]}