{"A": [36.0, 33, 0.15321719442060328], "DRA": [16.0, 2, 0.09773855016634561], "DRB1": [15.0, 6, 0.0875116934424794], "DRB5": [8.0, 3, 0.04667290316932234], "DRB4": [2.0, 2, 0.011668225792330586], "DMA": [3.0, 1, 0.017836352785604578], "F": [2.0, 2, 0.008978144918018058], "E": [11.0, 8, 0.0474210043617273], "DPA1": [7.0, 6, 0.04177761303805721], "DOA": [1.0, 1, 0.006206008538948737], "DMB": [1.0, 1, 0.005900409633621717], "DQB1": [5.0, 5, 0.02884644709770617], "DQA1": [5.0, 2, 0.030423987173361977], "B": [23.0, 22, 0.0986977611442178], "C": [62.0, 54, 0.2631550541774394], "DPB1": [8.0, 8, 0.048114537244050445], "DRB3": [1.0, 1, 0.005834112896165293]}