{"A": [4655.0, 903, 0.16045953392890536], "B": [7157.0, 969, 0.24874325818352155], "C": [932.0, 438, 0.032038839335136265], "DMA": [381.0, 2, 0.0183463895575226], "DMB": [87.0, 3, 0.004157595676988091], "DPB1": [1141.0, 152, 0.05557926597457333], "DQA1": [521.0, 71, 0.025675841406054684], "DRA": [2472.0, 8, 0.12230246561045048], "DRB1": [2552.0, 94, 0.1205858461520441], "DRB3": [757.0, 20, 0.035769390884442545], "DRB5": [9.0, 2, 0.0004252635640158295], "E": [1536.0, 147, 0.05363028621330254], "F": [240.0, 11, 0.008725869094503475], "HFE": [10.0, 1, 0.000361494338084134], "K": [5.0, 4, 0.00017314024335502668], "L": [27.0, 1, 0.0009323981243887212], "T": [119.0, 1, 0.009812562977105992], "DRB4": [3.0, 3, 0.00014175452133860983], "DPB2": [6.0, 2, 0.0002926427102892435], "DQB1": [745.0, 122, 0.03481123532354269], "DPA1": [1370.0, 72, 0.06622271565830153], "V": [1.0, 1, 7.320784757719309e-05], "DOB": [8.0, 4, 0.0003683548145733219], "DOA": [6.0, 4, 0.00030158133225026954], "H": [2.0, 2, 6.906652773249786e-05]}