{"B": [105.0, 88, 0.43744501927775964], "DRB5": [4.0, 2, 0.02265632844627455], "T": [1.0, 1, 0.009884378586855074], "DMA": [1.0, 1, 0.005772175281636741], "DRA": [9.0, 1, 0.05337564436901739], "F": [2.0, 2, 0.008716483710598421], "DQA1": [4.0, 4, 0.023629842559200406], "DPA1": [8.0, 4, 0.04635432716594103], "DRB3": [1.0, 1, 0.005664082111568637], "DRB1": [15.0, 10, 0.08496123167352956], "E": [14.0, 6, 0.058595033947537546], "DPB1": [6.0, 6, 0.035034206728698676], "C": [14.0, 14, 0.0576902968202822], "A": [35.0, 33, 0.14461980145521564], "DQB1": [1.0, 1, 0.005601147865884541]}