{"A": [381.0, 216, 0.1657047086485957], "B": [724.0, 247, 0.31748477268417524], "C": [450.0, 218, 0.19518094155223034], "DMA": [16.0, 2, 0.009720971066960956], "DPB1": [47.0, 25, 0.028886109488068825], "DRA": [111.0, 7, 0.06929050994347023], "DRB1": [129.0, 36, 0.07690762643285262], "L": [2.0, 1, 0.000871428291358498], "T": [7.0, 1, 0.007282786330394768], "DMB": [8.0, 2, 0.004823663673378354], "DPA1": [53.0, 21, 0.03232409105263885], "DOB": [2.0, 2, 0.0011619043884779974], "F": [14.0, 3, 0.006422284199137749], "E": [117.0, 39, 0.05154289329219692], "DRB3": [26.0, 6, 0.015500761916698979], "DQA1": [12.0, 11, 0.00746160474475714], "DQB1": [16.0, 12, 0.009432942294606556]}