{"A": [12478.0, 1759, 0.1559122104230417], "B": [11196.0, 1410, 0.14104980743851842], "C": [12665.0, 1455, 0.15781757387778803], "DMA": [746.0, 2, 0.013021282735497105], "DOA": [55.0, 14, 0.0010020864756444105], "DOB": [77.0, 10, 0.001285157618764401], "DPA1": [4562.0, 94, 0.07993390066000278], "DPB1": [3223.0, 255, 0.056908452261248556], "DQA1": [1701.0, 114, 0.030386493101055165], "DQB1": [2131.0, 285, 0.03609407516357965], "DRB1": [6027.0, 91, 0.10323005600040344], "DRB5": [1.0, 1, 1.712793363205632e-05], "E": [5197.0, 376, 0.06577500990749369], "F": [863.0, 15, 0.011373589612196106], "HFE": [4.0, 1, 5.241442154451618e-05], "K": [10.0, 5, 0.000125521270258711], "L": [47.0, 1, 0.0005883351436551317], "T": [325.0, 1, 0.009714225104063313], "DRB3": [809.0, 18, 0.013856498308333562], "DMB": [252.0, 3, 0.004365287448860899], "DPB2": [13.0, 2, 0.00022983656302912685], "DRA": [6523.0, 7, 0.11698318219164], "DPA2": [3.0, 1, 5.6150647364026374e-05], "V": [1.0, 1, 2.653670181678358e-05], "H": [8.0, 7, 0.00010014215211151176], "J": [1.0, 1, 1.2529200766463114e-05], "Y": [2.0, 1, 3.3299696211837646e-05], "DQA2": [2.0, 2, 3.572779906061748e-05], "G": [1.0, 1, 1.3490142418168251e-05]}