{"A": [4284.0, 1056, 0.2090519629507761], "B": [5317.0, 908, 0.2616049205097803], "C": [3282.0, 784, 0.15971966312775734], "DMA": [137.0, 2, 0.009339102649195137], "DPA1": [673.0, 51, 0.046053265478702955], "DPB1": [561.0, 136, 0.03868556733038355], "DQA1": [234.0, 38, 0.016325322343090084], "DQB1": [226.0, 84, 0.014949633578376384], "DRB1": [1062.0, 98, 0.07103937443677114], "DRB3": [166.0, 9, 0.011104083009890782], "E": [1536.0, 154, 0.07592224844427702], "F": [211.0, 10, 0.010860225765220253], "K": [4.0, 4, 0.000196086166975441], "L": [32.0, 2, 0.001564395478132533], "T": [146.0, 1, 0.017043049212204207], "DMB": [39.0, 2, 0.0026384359342367814], "DRA": [757.0, 6, 0.0530202256998846], "DPB2": [1.0, 1, 6.904709423458666e-05], "H": [2.0, 2, 9.777471738328331e-05], "DOB": [6.0, 4, 0.00039109886953313326], "DOA": [1.0, 1, 7.115610242501893e-05], "DRB4": [2.0, 1, 0.00013378413264928654], "G": [1.0, 1, 5.268490179551549e-05], "DRB5": [1.0, 1, 6.689206632464327e-05]}