{"A": [2315.0, 602, 0.15637129613998083], "B": [2821.0, 562, 0.19212487022161642], "C": [1980.0, 500, 0.13337862993593647], "DMA": [142.0, 2, 0.01339905528660921], "DPA1": [509.0, 61, 0.04821302722226623], "DPB1": [514.0, 103, 0.049062591150608764], "DRA": [1176.0, 9, 0.11401297217530343], "DRB1": [928.0, 65, 0.0859258507718789], "DRB3": [239.0, 8, 0.022129610274223124], "DRB5": [359.0, 6, 0.033240711667138496], "E": [972.0, 118, 0.06650363187027145], "L": [34.0, 3, 0.002300788741899767], "T": [41.0, 1, 0.006624903428553629], "DMB": [28.0, 3, 0.0026220515787069238], "DQB1": [404.0, 85, 0.03699173719293197], "F": [108.0, 8, 0.007694517765756671], "DOB": [4.0, 4, 0.0003609080379450615], "DQA1": [298.0, 42, 0.028778186635048983], "DOA": [2.0, 2, 0.00019698964620905744], "H": [1.0, 1, 6.767025711469903e-05]}