{"A": [16375.0, 1678, 0.18506936813566038], "B": [28745.0, 1784, 0.3275593547012888], "C": [3446.0, 781, 0.038840385147151074], "DMA": [812.0, 2, 0.01282003045393], "DMB": [248.0, 4, 0.0038858145748178635], "DPA1": [3429.0, 87, 0.054345213180406], "DPB1": [3253.0, 234, 0.05195395551029055], "DQA1": [886.0, 73, 0.014316210501326193], "DQB1": [2030.0, 201, 0.031100444249348706], "DRA": [5396.0, 8, 0.0875318443654228], "DRB1": [4550.0, 104, 0.07049112702777603], "DRB5": [1492.0, 7, 0.02311489264295425], "DRB7": [1.0, 1, 3.309209831457793e-05], "E": [6038.0, 288, 0.06912249410404343], "F": [791.0, 14, 0.009429340694103438], "HFE": [4.0, 1, 4.7409882972174685e-05], "L": [186.0, 2, 0.002105998045111141], "T": [389.0, 1, 0.010517014905531712], "DRB3": [389.0, 20, 0.0060266040469900825], "K": [10.0, 5, 0.00011353647637663976], "DPB2": [14.0, 2, 0.00022388339710249243], "DPA2": [3.0, 1, 5.0789373265893825e-05], "DOB": [39.0, 6, 0.0005887736470203191], "DOA": [37.0, 12, 0.0006097647597805695], "Y": [1.0, 1, 1.5060117558212042e-05], "DRB4": [2.0, 2, 3.098511078144001e-05], "H": [5.0, 4, 5.6612850675030674e-05]}