{"B": [27.0, 26, 0.21567256019995315], "DPB1": [4.0, 4, 0.04478143249110996], "DRB1": [8.0, 5, 0.08687933344717214], "L": [1.0, 1, 0.007936855165509224], "T": [4.0, 1, 0.07580647722351294], "DMA": [1.0, 1, 0.011067166999234237], "DRA": [9.0, 1, 0.10233874425174247], "E": [14.0, 9, 0.1123460384313409], "DPA1": [3.0, 3, 0.033328709813785856], "DQB1": [1.0, 1, 0.010739250939997665], "DRB5": [1.0, 1, 0.010859916680896517], "C": [17.0, 15, 0.13431379241032504], "A": [18.0, 18, 0.14260316821964114], "DQA1": [1.0, 1, 0.011326553725778787]}