{"A": [60.0, 51, 0.293126072596452], "T": [1.0, 1, 0.011686725770185343], "DMA": [2.0, 1, 0.013649382006399676], "DRA": [12.0, 1, 0.08414442554533447], "F": [5.0, 2, 0.025764683614385553], "E": [16.0, 16, 0.07917648898177228], "DQB1": [4.0, 4, 0.026489911745753443], "DRB1": [13.0, 9, 0.08705954141160542], "DPA1": [4.0, 4, 0.027403356978365632], "DRB3": [2.0, 2, 0.013393775601785448], "B": [51.0, 47, 0.25121631180373616], "DPB1": [2.0, 2, 0.013807482956280752], "C": [15.0, 13, 0.07308184098794376]}