{"A": [73.0, 62, 0.12762555462563857], "B": [113.0, 80, 0.19919007087841653], "DPA1": [30.0, 13, 0.07354897337896979], "DRB1": [38.0, 7, 0.09106850411643226], "DRB5": [16.0, 2, 0.038344633312182005], "L": [1.0, 1, 0.0017514855886780214], "T": [4.0, 1, 0.016728786101883327], "DMA": [5.0, 1, 0.012211375351088495], "DRA": [54.0, 2, 0.13550316742525492], "V": [1.0, 1, 0.0037130139365398676], "DRB4": [2.0, 2, 0.004793079164022751], "DOB": [2.0, 2, 0.004670628236474724], "F": [5.0, 1, 0.009220116259323303], "DPB1": [14.0, 11, 0.034587895589029034], "E": [29.0, 16, 0.05135536711304634], "DQA1": [11.0, 6, 0.02749467481393519], "C": [72.0, 64, 0.12553426954928248], "DQB1": [18.0, 12, 0.04265840455980248]}