{"A": [579.0, 269, 0.13641211872807052], "B": [1113.0, 430, 0.26438938542670865], "C": [695.0, 306, 0.16329549980874333], "DMA": [33.0, 2, 0.010860957758161845], "DPB1": [137.0, 63, 0.04561170209096306], "DRA": [273.0, 7, 0.0923162049447753], "DRB1": [285.0, 47, 0.0920426416753995], "DRB5": [64.0, 6, 0.020669224797282695], "E": [205.0, 61, 0.04892167403479308], "F": [35.0, 7, 0.008697492152855132], "L": [4.0, 1, 0.0009441177613266103], "T": [15.0, 1, 0.00845386492168272], "DRB4": [3.0, 1, 0.0009688699123726264], "DMB": [8.0, 2, 0.002613012793974659], "DPB2": [1.0, 1, 0.00033336116830346807], "DPA1": [163.0, 41, 0.05385209125973061], "DPA2": [1.0, 1, 0.0003529171440702472], "DQB1": [73.0, 44, 0.023313880817351678], "DRB3": [10.0, 5, 0.0032295663745754207], "DQA1": [66.0, 33, 0.022231022911237526], "H": [1.0, 1, 0.00023602944033165258], "G": [1.0, 1, 0.00025436407728956855]}