{"A": [343.0, 167, 0.16784884174813636], "B": [337.0, 154, 0.16627562536763316], "C": [314.0, 142, 0.15323885486342517], "DRA": [146.0, 5, 0.10254582641803481], "DRB1": [136.0, 14, 0.09122900980394662], "E": [138.0, 38, 0.06840319273462023], "L": [2.0, 1, 0.0009804964154809098], "T": [4.0, 1, 0.004682457827307526], "DPA1": [87.0, 33, 0.059701337298170946], "DRB4": [32.0, 5, 0.021465649365634498], "DMB": [6.0, 2, 0.004070545724875293], "DQA1": [41.0, 13, 0.028684626904980574], "DPB2": [1.0, 1, 0.000692412417117962], "DMA": [18.0, 1, 0.012304855779012334], "DQB1": [36.0, 17, 0.023880534919268382], "F": [19.0, 5, 0.009806847913532405], "DPB1": [82.0, 34, 0.05670474507857164], "DRB5": [40.0, 4, 0.026832061707043123], "Y": [1.0, 1, 0.0006520777132081778]}