{"A": [4128.0, 472, 0.1783281726790371], "B": [7135.0, 561, 0.31077688447354374], "C": [1272.0, 332, 0.054800232774031454], "DMA": [259.0, 2, 0.015630030623979822], "DPA1": [946.0, 50, 0.057307568902123504], "DPB1": [786.0, 98, 0.04798263988994519], "DRA": [1751.0, 5, 0.10856937102154941], "DRB1": [1761.0, 35, 0.10428202376401687], "E": [1125.0, 119, 0.0492272812664882], "HFE": [1.0, 1, 4.530393538607509e-05], "L": [114.0, 2, 0.004933747372090466], "T": [80.0, 1, 0.00826722794757658], "W": [1.0, 1, 5.067651746711605e-05], "DMB": [54.0, 3, 0.0032340832056286786], "K": [7.0, 6, 0.00030378091714962883], "DPB2": [7.0, 2, 0.0004278769876862685], "DQB1": [375.0, 60, 0.021959824235750287], "DPA2": [2.0, 1, 0.00012942215647809174], "F": [189.0, 10, 0.008611795048993946], "DRB4": [1.0, 1, 5.921750355707943e-05], "DOB": [14.0, 6, 0.0008078650667750471], "DOA": [11.0, 6, 0.000692915569510527], "DQA1": [380.0, 45, 0.023469562151958123], "H": [1.0, 1, 4.327848572009181e-05], "DRB3": [1.0, 1, 5.921750355707943e-05]}