{"A": [75.0, 55, 0.20521286903738747], "B": [98.0, 73, 0.27036088839790684], "C": [13.0, 13, 0.03547330902379253], "L": [1.0, 1, 0.002741164601010358], "T": [2.0, 1, 0.0130907032797706], "DRB4": [12.0, 4, 0.04500848543381802], "DRB1": [30.0, 10, 0.11252121358454503], "DMA": [1.0, 1, 0.003822285499627675], "DRA": [23.0, 1, 0.09032585263041713], "E": [27.0, 14, 0.07483075910802446], "F": [4.0, 3, 0.011543963122794822], "DPA1": [15.0, 9, 0.05755395407485349], "DQA1": [11.0, 5, 0.04303057347627718], "DPB1": [7.0, 5, 0.027065913537904076], "DQB1": [2.0, 2, 0.007418065191870006]}