{"A": [1230.0, 375, 0.21060224406920908], "B": [1883.0, 432, 0.32507432050690804], "C": [352.0, 194, 0.060105687308487504], "DMA": [38.0, 2, 0.00908910820615205], "DPB1": [160.0, 46, 0.0387132103232975], "DRA": [288.0, 9, 0.07077685746165213], "DRB5": [1.0, 1, 0.00023470789966605928], "E": [551.0, 96, 0.0955614079571171], "F": [56.0, 9, 0.010113407826532904], "L": [7.0, 1, 0.0012007364903536444], "T": [35.0, 1, 0.014335590342348522], "V": [1.0, 1, 0.0003636383513201421], "DRB4": [36.0, 5, 0.008449484387978134], "DMB": [10.0, 2, 0.0023737503488953722], "K": [4.0, 3, 0.0006880183993870576], "DRB1": [278.0, 41, 0.06524879610716448], "DQB1": [50.0, 36, 0.011605001705710707], "DQA1": [113.0, 32, 0.02766160953447138], "DPA1": [154.0, 32, 0.03697593646922998], "DRB3": [44.0, 8, 0.010327147585306609], "DOA": [2.0, 2, 0.0004993387188114567]}