{"A": [7655.0, 1236, 0.14741055203041792], "B": [19408.0, 1312, 0.37682405735394126], "C": [3054.0, 759, 0.05864992098972838], "DMA": [406.0, 2, 0.010921673899467984], "DMB": [92.0, 5, 0.002456113110844681], "DPA1": [1995.0, 74, 0.05387246598449428], "DPB1": [1430.0, 178, 0.03891353960072536], "DQB1": [1047.0, 144, 0.02733048763052965], "DRA": [2749.0, 9, 0.07597995330826834], "DRB1": [2064.0, 71, 0.05448323602209833], "DRB5": [1360.0, 5, 0.035899806681227574], "E": [3901.0, 253, 0.07609084127186788], "F": [516.0, 14, 0.010480564854394993], "HFE": [2.0, 1, 4.0389551592313175e-05], "L": [233.0, 2, 0.004495014370664413], "T": [209.0, 1, 0.009627628374819985], "DRB4": [4.0, 3, 0.00010558766670949287], "DQA1": [539.0, 65, 0.014839294803870359], "K": [8.0, 5, 0.00015475886740037292], "DPB2": [5.0, 2, 0.00013623666403721617], "DPA2": [1.0, 1, 2.8845743872545632e-05], "V": [1.0, 1, 4.08973505968587e-05], "H": [24.0, 15, 0.00046300577208560476], "DOB": [9.0, 5, 0.00023150288604280238], "DOA": [14.0, 9, 0.00039311424119530317], "DRB3": [3.0, 3, 7.919075003211966e-05], "Y": [2.0, 1, 5.1320219074213465e-05]}