{"A": [145.0, 109, 0.22587466325654915], "B": [146.0, 104, 0.22931202632805095], "C": [93.0, 66, 0.14447659095981247], "DRA": [30.0, 3, 0.06707515355123488], "L": [1.0, 1, 0.0015605989193033661], "T": [2.0, 1, 0.007452794839026098], "DRB4": [4.0, 2, 0.008541405321131033], "DMB": [3.0, 2, 0.006478850058926096], "DRB1": [25.0, 13, 0.05338378325706896], "DMA": [5.0, 1, 0.010880511549341535], "F": [9.0, 2, 0.014787461805963888], "E": [56.0, 20, 0.08836099563760462], "DPA1": [20.0, 11, 0.04368879733222195], "DQA1": [16.0, 11, 0.035633675324093526], "DPB1": [14.0, 10, 0.03081831379381062], "DQB1": [15.0, 12, 0.03167437806586092]}