{"A": [111.0, 68, 0.18430730824803754], "B": [205.0, 94, 0.34320048985804624], "DRA": [38.0, 3, 0.09056159841419205], "L": [1.0, 1, 0.0016634561752510786], "T": [1.0, 1, 0.00397199993044702], "DMB": [4.0, 2, 0.009207818020581729], "DMA": [5.0, 1, 0.011597633384702176], "DRB1": [55.0, 12, 0.12518494162813362], "F": [3.0, 3, 0.005254028726441447], "E": [37.0, 17, 0.06222922031252929], "DPA1": [20.0, 15, 0.046568275046620235], "DQA1": [6.0, 6, 0.014243343500587362], "DQB1": [10.0, 9, 0.022507999605866445], "C": [24.0, 21, 0.039741645080657924], "DPB1": [16.0, 11, 0.03754230050090465], "DOB": [1.0, 1, 0.002217941567001438]}