{"A": [33.0, 29, 0.16869725373481534], "B": [49.0, 46, 0.2525600257517471], "T": [2.0, 1, 0.024457593530181194], "DMA": [2.0, 1, 0.014282487824876804], "DRA": [16.0, 1, 0.11739644894486971], "DRB1": [10.0, 7, 0.07007512753029442], "F": [2.0, 1, 0.01078389570639113], "DPA1": [12.0, 10, 0.08602326000270626], "DQA1": [6.0, 5, 0.043851700899817055], "E": [11.0, 9, 0.05695866685142289], "DPB1": [4.0, 4, 0.028895844093573143], "C": [22.0, 22, 0.11215839212886906], "DQB1": [2.0, 2, 0.013859303000436007]}