{"A": [30.0, 30, 0.08491843431557877], "B": [81.0, 70, 0.23117464680621197], "C": [43.0, 38, 0.12138477014156028], "E": [23.0, 13, 0.06594496126093562], "DRB4": [5.0, 2, 0.01940084079869028], "DMA": [3.0, 1, 0.011862651511260239], "DRA": [29.0, 4, 0.11782016494451673], "DPA1": [16.0, 11, 0.06350987884444818], "DQB1": [5.0, 5, 0.019185275900927053], "DRB1": [27.0, 15, 0.10476454031292752], "F": [7.0, 3, 0.020899234266715926], "DRB3": [9.0, 6, 0.03492151343764251], "DQA1": [11.0, 7, 0.04451583548886981], "DMB": [4.0, 1, 0.01569704391894032], "DPB1": [11.0, 11, 0.04400020805077479]}