{"A": [271.0, 154, 0.076309345716948], "B": [571.0, 226, 0.16211343482461749], "C": [209.0, 140, 0.05869076174901938], "DMA": [55.0, 2, 0.021634702251798026], "DPA1": [262.0, 40, 0.10345471970549798], "DPB1": [186.0, 63, 0.07401209618354661], "DQB1": [96.0, 58, 0.03664350377355043], "DRA": [416.0, 8, 0.16812901731393726], "DRB1": [402.0, 52, 0.15516876949052608], "DRB5": [100.0, 3, 0.038599196390678124], "E": [161.0, 47, 0.045920580864743925], "F": [30.0, 8, 0.008910073864245872], "L": [6.0, 1, 0.0016925888490291886], "T": [10.0, 1, 0.006735938193667359], "DRB3": [30.0, 6, 0.011579758917203437], "DMB": [7.0, 2, 0.002732647653567326], "H": [1.0, 1, 0.00028209814150486473], "DOA": [4.0, 4, 0.0016423881173404078], "DQA1": [63.0, 29, 0.02536238603467175], "DRB4": [1.0, 1, 0.00038599196390678124]}