{"A": [82.0, 68, 0.1316064112823934], "B": [50.0, 41, 0.08091101681340453], "C": [83.0, 72, 0.13284839376409074], "DMA": [9.0, 2, 0.02017834289537348], "DRA": [66.0, 5, 0.15203656006396435], "E": [32.0, 17, 0.052021902470729166], "L": [1.0, 1, 0.0016078849874050644], "T": [4.0, 1, 0.015357228289289331], "DRB4": [11.0, 3, 0.024200576040144143], "DQB1": [13.0, 11, 0.028282895432774516], "DRB3": [5.0, 2, 0.011000261836429154], "F": [1.0, 1, 0.0016928356831853511], "DRB1": [46.0, 18, 0.10120240889514823], "DPB1": [33.0, 25, 0.07484425254114076], "DPA1": [48.0, 18, 0.1080301576212077], "DQA1": [27.0, 17, 0.061953818420951386], "DMB": [1.0, 1, 0.002225052962368625]}