{"A": [179.0, 103, 0.2443578514271642], "B": [159.0, 87, 0.2188491436347076], "C": [55.0, 41, 0.07487743822368921], "DPB1": [31.0, 21, 0.059802078951976985], "DRB7": [1.0, 1, 0.0039970937931773], "L": [1.0, 1, 0.00136761877047581], "DRB4": [6.0, 3, 0.011227791553868821], "DRB1": [42.0, 17, 0.07859454087708176], "DMA": [3.0, 1, 0.005721031192524762], "DRA": [39.0, 4, 0.0764150283989778], "F": [12.0, 3, 0.017278503428720317], "E": [78.0, 26, 0.10785516000962735], "DQA1": [15.0, 9, 0.02927558930549781], "DPA1": [28.0, 18, 0.05360087462115154], "DMB": [2.0, 1, 0.003785126698084565], "DRB3": [2.0, 2, 0.0037425971846229405], "DQB1": [5.0, 3, 0.009252531928651159]}