{"A": [339.0, 238, 0.1701314452536219], "B": [539.0, 250, 0.27273954940363415], "C": [271.0, 145, 0.13563419842722016], "DPB1": [47.0, 18, 0.03333220716452892], "DRA": [108.0, 4, 0.07779461817323345], "DRB1": [147.0, 20, 0.10112814753168457], "E": [89.0, 34, 0.04524264194960879], "L": [5.0, 1, 0.0025138923907865127], "T": [8.0, 1, 0.009604273848547342], "DRB4": [38.0, 6, 0.026141970110231384], "DMB": [3.0, 2, 0.0020872924699257716], "DQA1": [34.0, 13, 0.024395230742257454], "DQB1": [32.0, 19, 0.021769687390040638], "DMA": [26.0, 1, 0.01822795866866475], "K": [1.0, 1, 0.0005041584739802412], "F": [9.0, 3, 0.004764079643173519], "DPA1": [76.0, 16, 0.053485869880703286], "H": [1.0, 1, 0.0005027784781573025]}