{"A": [5524.0, 1245, 0.18652406179622744], "B": [9072.0, 1297, 0.30885788716266777], "C": [1689.0, 540, 0.05687558347168811], "DMA": [354.0, 2, 0.016697992066932364], "DMB": [95.0, 4, 0.004447151841999942], "DPB1": [857.0, 158, 0.04089246941470445], "DQA1": [335.0, 62, 0.01617212618858861], "DQB1": [806.0, 149, 0.036892115304020104], "DRA": [2113.0, 8, 0.10240510242833897], "DRB1": [1750.0, 78, 0.08100075501691202], "DRB5": [692.0, 5, 0.03203001284097321], "E": [1369.0, 206, 0.04682283443760685], "F": [313.0, 13, 0.011147491309210958], "HFE": [2.0, 1, 7.08217817094245e-05], "L": [30.0, 2, 0.0010148321913745547], "T": [127.0, 1, 0.010258280492505956], "DPA1": [845.0, 70, 0.04001091481804183], "DRB3": [151.0, 12, 0.006989208004316408], "K": [4.0, 4, 0.00013568235214962023], "V": [1.0, 1, 7.171219095722191e-05], "DOB": [6.0, 2, 0.0002706219176998812], "DOA": [7.0, 4, 0.00034465659903610375], "H": [1.0, 1, 3.382773971248515e-05], "J": [1.0, 1, 3.3858632625464594e-05]}