{"A": [3168.0, 704, 0.1378913568304312], "B": [4404.0, 814, 0.19327409249704874], "C": [3298.0, 570, 0.14315863359978784], "DMA": [240.0, 2, 0.014592943731187202], "DOB": [7.0, 3, 0.00040698690393852383], "DPA1": [1272.0, 79, 0.07763893358286034], "DPB1": [1070.0, 142, 0.065813800604907], "DQB1": [246.0, 40, 0.014514574218556751], "DRA": [2001.0, 8, 0.1250085925882298], "DRB1": [1854.0, 57, 0.110619432452196], "DRB3": [396.0, 16, 0.023627451591731186], "DRB5": [3.0, 2, 0.00017899584539190293], "DRB7": [2.0, 1, 0.00025489008383806975], "E": [1262.0, 159, 0.05563963661271519], "HFE": [1.0, 1, 4.564650498532768e-05], "L": [21.0, 2, 0.0009157205338616787], "T": [82.0, 1, 0.008537984834445149], "DMB": [69.0, 2, 0.004163687449059378], "K": [2.0, 2, 8.745085218598002e-05], "DPB2": [7.0, 2, 0.00043111241628539503], "F": [147.0, 8, 0.006748710793263015], "DQA1": [253.0, 35, 0.015743943166755772], "DOA": [9.0, 4, 0.0005712178173661923], "H": [2.0, 2, 8.721147941539795e-05], "G": [1.0, 1, 4.699300955716626e-05]}