{"A": [13.0, 11, 0.08076709885343077], "B": [42.0, 35, 0.2630963855848565], "DRB5": [2.0, 1, 0.017032992325183325], "DMB": [1.0, 1, 0.00861327452807566], "DRA": [13.0, 1, 0.11592454188374768], "DQA1": [4.0, 2, 0.03552975742831209], "DPA1": [12.0, 8, 0.10454733220284937], "DOA": [1.0, 1, 0.009059380380127385], "DRB3": [1.0, 1, 0.008516496162591662], "E": [4.0, 3, 0.025172374266553218], "DRB1": [16.0, 9, 0.1362639386014666], "DPB1": [9.0, 8, 0.0790159856320763], "DQB1": [5.0, 5, 0.042109342137258775], "C": [12.0, 11, 0.07435110001347053]}