{"A": [201.0, 128, 0.14908937767618452], "B": [133.0, 91, 0.09946647926375436], "C": [165.0, 92, 0.12205332354392591], "K": [2.0, 2, 0.0014902626545993782], "L": [1.0, 1, 0.0007430917342505111], "T": [6.0, 1, 0.010646124715536734], "DRB4": [9.0, 4, 0.00915088248020854], "DMB": [3.0, 2, 0.0030849565937066674], "DQA1": [32.0, 11, 0.03393452253077334], "DMA": [13.0, 1, 0.01347019214961995], "DRA": [103.0, 4, 0.10965508457002836], "DPA1": [77.0, 32, 0.08009067386573325], "E": [104.0, 22, 0.07813705556901315], "DQB1": [26.0, 22, 0.02614215069037354], "DPB1": [85.0, 32, 0.0890944993085941], "F": [8.0, 3, 0.006258816835646956], "DRB1": [146.0, 23, 0.148447649123383], "DRB3": [18.0, 5, 0.01830176496041708], "H": [1.0, 1, 0.0007430917342505111]}