{"A": [11514.0, 1536, 0.19602781631028915], "B": [7238.0, 1340, 0.12424660083475272], "C": [8676.0, 1199, 0.14730790104518018], "DMA": [671.0, 3, 0.015958563320981518], "DPA1": [2457.0, 96, 0.0586593452950575], "DPB1": [1970.0, 205, 0.04739570900627428], "DQA1": [1348.0, 70, 0.032811228340693506], "DQB1": [736.0, 157, 0.01698582371425461], "DRA": [4273.0, 8, 0.10441557266289794], "DRB1": [5077.0, 96, 0.11848638907172629], "DRB3": [792.0, 11, 0.018483596640694745], "DRB5": [13.0, 4, 0.00030339236910231277], "E": [4289.0, 293, 0.07396403255286228], "F": [597.0, 13, 0.010720558688215373], "HFE": [2.0, 1, 3.5708954176908754e-05], "K": [12.0, 8, 0.00020523664239646916], "L": [38.0, 3, 0.0006481370670084359], "T": [266.0, 1, 0.010833349843330547], "Y": [3.0, 3, 6.805935987237281e-05], "DRB4": [687.0, 10, 0.016033119813329912], "DMB": [174.0, 3, 0.004106935513914699], "DPB2": [8.0, 2, 0.0001927179124908426], "DOB": [48.0, 6, 0.00109159927075105], "DOA": [34.0, 11, 0.0008440686260223093], "G": [3.0, 2, 5.514347348558033e-05], "H": [7.0, 2, 0.0001193936702383961]}