{"A": [1097.0, 399, 0.15848162517606124], "B": [1674.0, 383, 0.24383845760004094], "C": [729.0, 286, 0.10503035611048613], "DPA1": [265.0, 37, 0.05368571487486311], "DPB1": [311.0, 78, 0.06349126775125684], "DQA1": [176.0, 31, 0.03635181306738961], "DRA": [534.0, 7, 0.1107272338138242], "DRB1": [435.0, 53, 0.086145256707195], "DRB5": [4.0, 1, 0.0007921402915604138], "DRB7": [1.0, 1, 0.000423002915693261], "E": [423.0, 86, 0.06189929658841653], "HFE": [1.0, 1, 0.00015150534229701324], "L": [10.0, 2, 0.0014473183703008472], "T": [17.0, 1, 0.0058750404957397355], "DMB": [12.0, 2, 0.002403425657348074], "DMA": [59.0, 1, 0.01190704772228168], "DPB2": [1.0, 1, 0.00020441506879506814], "F": [45.0, 8, 0.006857035737102574], "DOB": [7.0, 4, 0.0013508304789474576], "DRB3": [87.0, 6, 0.017229051341439], "DQB1": [157.0, 52, 0.030746045261037955], "DOA": [2.0, 2, 0.00042131764511280973], "DRB4": [2.0, 1, 0.0003960701457802069], "H": [1.0, 1, 0.00014473183703008472]}