{"A": [5143.0, 843, 0.136501061971151], "B": [6890.0, 864, 0.1843797357102731], "C": [4072.0, 747, 0.1077810217484726], "DMA": [360.0, 2, 0.013347557508181174], "DPB1": [1572.0, 163, 0.05895944257346129], "DQB1": [930.0, 144, 0.03345952533378009], "DRA": [3295.0, 8, 0.12552083792197957], "DRB1": [2630.0, 45, 0.09568526817090428], "DRB5": [794.0, 5, 0.028887491607489733], "E": [2549.0, 199, 0.06852710725052813], "F": [272.0, 12, 0.0076144759707254496], "HFE": [4.0, 1, 0.00011133588243054655], "L": [58.0, 2, 0.0015421949809483052], "T": [128.0, 1, 0.008126791731923818], "DRB4": [302.0, 9, 0.010987433835594331], "DMB": [98.0, 3, 0.0036059752375848047], "DQA1": [951.0, 65, 0.036086199260562474], "K": [5.0, 4, 0.0001333127503485616], "DPB2": [10.0, 2, 0.00037554339209014897], "V": [1.0, 1, 5.636782829051366e-05], "DOB": [15.0, 2, 0.0005317913727407949], "DPA1": [2056.0, 57, 0.07652145059649819], "DOA": [29.0, 12, 0.0011223411016728702], "DRB3": [3.0, 2, 0.00010914669373106953], "H": [1.0, 1, 2.6589568637039747e-05]}