{"A": [1093.0, 274, 0.18264510732161127], "B": [1899.0, 313, 0.31995382466980904], "C": [259.0, 146, 0.043162109892889905], "DPB1": [172.0, 46, 0.040616046643293664], "DQA1": [76.0, 28, 0.018156937275767452], "DRA": [474.0, 5, 0.11368603698610556], "DRB1": [481.0, 27, 0.11018000337023956], "DRB5": [1.0, 1, 0.0002290644560711841], "E": [282.0, 60, 0.04773204563309151], "L": [16.0, 2, 0.002678549333036766], "T": [22.0, 1, 0.008794278529164283], "DMB": [21.0, 3, 0.004865016686330035], "DQB1": [120.0, 36, 0.02718231545378051], "DMA": [66.0, 1, 0.015406770400329794], "F": [46.0, 9, 0.008107693514312056], "DOB": [7.0, 5, 0.0015624871109381135], "DPA1": [231.0, 32, 0.05413030060192498], "DOA": [3.0, 1, 0.0007309985231594361], "G": [1.0, 1, 0.00018041359814456094]}