{"A": [56.0, 46, 0.19996331230177794], "DRB1": [22.0, 6, 0.1076848977162865], "DRB5": [7.0, 2, 0.034263376546091164], "DRB4": [1.0, 1, 0.004894768078013023], "DMB": [1.0, 1, 0.004950390442535898], "DMA": [3.0, 1, 0.014964539047665768], "DRA": [11.0, 2, 0.05637621115734999], "DPA1": [14.0, 10, 0.07010208074947387], "F": [3.0, 3, 0.011298873863079052], "DPB1": [13.0, 10, 0.06559745173275368], "E": [7.0, 5, 0.025318233038209428], "DQA1": [5.0, 5, 0.025525450719325726], "B": [59.0, 46, 0.21241675353426762], "C": [40.0, 35, 0.1424417522429948], "DQB1": [5.0, 5, 0.024201908830175502]}