{"A": [119.0, 100, 0.20072888430782285], "B": [175.0, 119, 0.2976291186868545], "E": [36.0, 23, 0.06150897189773033], "L": [1.0, 1, 0.0016898754444733292], "T": [6.0, 1, 0.024210503099905474], "DMB": [4.0, 2, 0.00935405801587257], "DMA": [7.0, 1, 0.01649456031806537], "DRA": [36.0, 4, 0.0871578111596597], "DQB1": [9.0, 7, 0.020578927634919655], "F": [4.0, 3, 0.0071166320351307155], "DRB1": [53.0, 23, 0.12254867018547658], "DRB3": [9.0, 4, 0.020810151540929987], "DPB1": [9.0, 7, 0.021452936144510836], "DPA1": [24.0, 11, 0.05676945554460594], "K": [2.0, 2, 0.0033890274238659998], "DQA1": [2.0, 2, 0.004823186164434294], "C": [26.0, 24, 0.04373723039574204]}