{"A": [3441.0, 570, 0.16708411424682443], "B": [3581.0, 658, 0.17531911490360805], "C": [3287.0, 489, 0.15917146492942388], "DMA": [190.0, 2, 0.01288795120440775], "DMB": [55.0, 3, 0.0037024596661785424], "DPA1": [830.0, 62, 0.0565157061687943], "DPB1": [883.0, 111, 0.060588822583517894], "DRA": [1313.0, 8, 0.09150737960832801], "DRB1": [1349.0, 38, 0.08979088700539062], "E": [1497.0, 127, 0.07362839716962877], "HFE": [1.0, 1, 5.09220813686447e-05], "K": [10.0, 7, 0.0004877897455898537], "L": [17.0, 1, 0.000826972742956667], "T": [92.0, 1, 0.010686314958068262], "Y": [9.0, 2, 0.0005823286076902173], "DRB4": [256.0, 8, 0.017039634598502593], "DQA1": [424.0, 41, 0.029434554346119413], "DPB2": [5.0, 2, 0.0003435271855217204], "V": [1.0, 1, 0.00010312460192064024], "H": [1.0, 1, 4.864545546803924e-05], "DQB1": [257.0, 38, 0.016916126830362404], "F": [165.0, 11, 0.0084505707654565], "DOB": [9.0, 4, 0.0005837454656164709], "DRB5": [359.0, 6, 0.023895425081493872], "DOA": [5.0, 4, 0.0003540200477620917]}