{"A": [3096.0, 757, 0.13950982587529356], "B": [4019.0, 940, 0.18259812395498906], "C": [4177.0, 714, 0.1877082414694209], "DMA": [165.0, 2, 0.010386460718347458], "DPA1": [976.0, 69, 0.061672881532800775], "DPB1": [740.0, 136, 0.04712125901657201], "DQB1": [414.0, 117, 0.025288409005560314], "DRA": [1358.0, 9, 0.08783033102186934], "DRB1": [1586.0, 112, 0.0979663328842664], "DRB3": [239.0, 14, 0.01476289631736423], "DRB5": [1.0, 1, 6.176944065842774e-05], "DRB7": [1.0, 1, 0.00013193952524640166], "E": [1441.0, 179, 0.06577197505076042], "F": [217.0, 10, 0.010313716490803012], "HFE": [1.0, 1, 4.725627695071692e-05], "L": [33.0, 1, 0.0014897368840549458], "T": [101.0, 1, 0.010887166707423665], "DRB4": [175.0, 9, 0.010809652115224855], "DMB": [37.0, 3, 0.0023114405464568473], "DPB2": [3.0, 1, 0.0001912783065750024], "DPA2": [1.0, 1, 6.74997571178726e-05], "DOB": [14.0, 4, 0.0008426794495664339], "K": [3.0, 3, 0.00013580234757749483], "DOA": [9.0, 5, 0.0005913624139529955], "DQA1": [640.0, 89, 0.04123110163950052], "H": [6.0, 5, 0.0002708612516463538]}