{"A": [545.0, 288, 0.18889119562067516], "B": [862.0, 298, 0.30122911056566354], "C": [616.0, 286, 0.21291729820190958], "DRB3": [41.0, 10, 0.019479100309135494], "DRB5": [4.0, 2, 0.0019004000301595604], "E": [149.0, 48, 0.05230877380062578], "L": [6.0, 2, 0.0020833308724787516], "T": [15.0, 1, 0.0124364413738383], "DMB": [6.0, 3, 0.002882993227571606], "DMA": [13.0, 1, 0.006294168420499841], "DRA": [127.0, 5, 0.06317712217909856], "F": [25.0, 5, 0.009139171614780306], "DPA1": [63.0, 21, 0.03061937634800188], "DQB1": [41.0, 23, 0.01926266586125621], "DOA": [1.0, 1, 0.0005053852669846639], "DRB1": [106.0, 28, 0.05036060079922835], "DOB": [1.0, 1, 0.0004629624161063893], "DQA1": [16.0, 11, 0.007928231375821916], "DPB1": [37.0, 20, 0.01812167171616438]}