{"A": [916.0, 410, 0.1320592990994692], "B": [1486.0, 434, 0.21600648212079981], "C": [756.0, 327, 0.10869519122242997], "DPB1": [265.0, 73, 0.05398843140251183], "DRA": [616.0, 8, 0.12746622715031222], "DRB5": [133.0, 4, 0.026284213080663203], "E": [398.0, 86, 0.05812054047727207], "F": [56.0, 7, 0.008515558795737389], "L": [9.0, 1, 0.0012998936124423814], "T": [18.0, 1, 0.006207770802774945], "DRB3": [62.0, 11, 0.012252791060158787], "DMB": [23.0, 3, 0.004597042393721598], "DQB1": [195.0, 70, 0.03810881520592397], "DMA": [68.0, 1, 0.013695005816808848], "DPA1": [350.0, 47, 0.07075907332664928], "DRB1": [499.0, 50, 0.09861520546805216], "DQA1": [106.0, 41, 0.021848443333204008], "DOB": [4.0, 3, 0.0007703073258917816], "DOA": [2.0, 2, 0.0004204466280763907], "K": [1.0, 1, 0.00014482905349566432], "H": [1.0, 1, 0.00014443262360470902]}