{"A": [22.0, 21, 0.14500137003519953], "B": [40.0, 37, 0.2658176881186227], "DRA": [13.0, 2, 0.12297977159135103], "DRB1": [6.0, 6, 0.054208888082618006], "DMA": [3.0, 1, 0.02762170442377673], "F": [3.0, 2, 0.020855580861756495], "E": [12.0, 6, 0.08011313533981], "C": [22.0, 20, 0.14460627093428619], "DQB1": [1.0, 1, 0.008934427850653707], "DPA1": [9.0, 7, 0.0831826041267759], "DPB1": [4.0, 4, 0.037255529261413144], "DQA1": [1.0, 1, 0.009423029373736333]}