{"A": [593.0, 234, 0.10870410354615483], "B": [1125.0, 373, 0.2079305145667742], "C": [729.0, 239, 0.13327042876963188], "DMA": [73.0, 2, 0.018693641070415438], "DPB1": [156.0, 63, 0.04041077367271485], "DRA": [429.0, 6, 0.11287283744467119], "DRB1": [649.0, 30, 0.1630819014073829], "E": [284.0, 67, 0.05273301994518546], "F": [54.0, 9, 0.010440868258822691], "L": [8.0, 1, 0.0014691732708075726], "T": [24.0, 1, 0.01052427388761503], "Y": [6.0, 1, 0.0014656073162667776], "DRB4": [98.0, 7, 0.024625618394335167], "DMB": [22.0, 3, 0.005591020502795484], "K": [2.0, 2, 0.0003683014420871683], "DPB2": [1.0, 1, 0.00025937723982040906], "DQB1": [83.0, 46, 0.020624653410312232], "DPA1": [206.0, 38, 0.05295403326785609], "DOB": [1.0, 1, 0.0002448622118012621], "DQA1": [127.0, 37, 0.033284043930704374], "DOA": [1.0, 1, 0.0002672997849942064], "H": [1.0, 1, 0.00018364665885094657]}