{"A": [166.0, 121, 0.14094886985987393], "B": [442.0, 188, 0.37839922624334565], "C": [81.0, 60, 0.068588854533105], "DRA": [80.0, 4, 0.09749546207174838], "DRB1": [74.0, 27, 0.08613012028529456], "DRB3": [21.0, 9, 0.02444233143231332], "F": [9.0, 6, 0.00806023362588842], "T": [5.0, 1, 0.010155777299140457], "DMB": [4.0, 3, 0.0047085876568742115], "DMA": [12.0, 1, 0.014233593222306775], "DQB1": [8.0, 6, 0.009207904751220679], "L": [1.0, 1, 0.0008506390110046476], "E": [71.0, 22, 0.0610639532106436], "DPA1": [33.0, 18, 0.03929235217115721], "DPB1": [45.0, 30, 0.053994229115507365], "DQA1": [2.0, 2, 0.002427865510575765]}