{"A": [13470.0, 1205, 0.18477723727834633], "B": [24374.0, 1366, 0.3371181545359657], "C": [8096.0, 1113, 0.11075577856130184], "DMA": [381.0, 2, 0.007301055392961537], "DPB1": [2260.0, 124, 0.04380973580275829], "DQA1": [926.0, 66, 0.01816071656616208], "DQB1": [1327.0, 93, 0.024675679330149795], "DRA": [3166.0, 5, 0.06233510411217593], "DRB1": [2546.0, 52, 0.04787503417957652], "DRB3": [5.0, 4, 9.40200985459083e-05], "DRB5": [1698.0, 6, 0.03192922546619046], "E": [5095.0, 290, 0.07079427196959662], "F": [637.0, 13, 0.009216624980166881], "HFE": [2.0, 1, 2.8771766546426953e-05], "L": [112.0, 3, 0.0015391845037865924], "T": [246.0, 1, 0.008072455049271045], "V": [5.0, 2, 0.00014566750277615582], "Y": [79.0, 3, 0.0014440528679336242], "DPA1": [1893.0, 46, 0.03641430837406665], "DRB4": [4.0, 2, 7.521607883672665e-05], "DMB": [117.0, 3, 0.00222507110490578], "J": [2.0, 2, 2.7510538423843856e-05], "K": [9.0, 5, 0.00012402395067108012], "DPB2": [5.0, 2, 9.704909656607287e-05], "DPA2": [1.0, 1, 2.054845809966509e-05], "DOB": [21.0, 5, 0.0003847961259466481], "DOA": [19.0, 9, 0.0003800509640823847], "H": [13.0, 10, 0.0001786553441895152]}