{"A": [11987.0, 1280, 0.1999969888283712], "B": [12860.0, 1442, 0.21633579333024558], "C": [7700.0, 1138, 0.12812052155414408], "DMA": [704.0, 2, 0.016408368649202486], "DMB": [132.0, 4, 0.003053261779894213], "DOB": [65.0, 7, 0.0014486278517746266], "DPA1": [1762.0, 68, 0.04122488318906976], "DPB1": [1272.0, 123, 0.029990339644984085], "DQA1": [820.0, 56, 0.0195599582774473], "DQB1": [1470.0, 161, 0.03324662826995921], "DRA": [4872.0, 5, 0.11667052071878121], "DRB1": [3309.0, 56, 0.0756797245668161], "DRB5": [1932.0, 5, 0.044186530028131984], "E": [3316.0, 187, 0.05604031030698825], "F": [365.0, 12, 0.006423288470670823], "H": [6.0, 6, 0.00010028962050747415], "HFE": [3.0, 1, 5.24916065311326e-05], "K": [8.0, 7, 0.00013408651915363423], "L": [165.0, 3, 0.002757964563955539], "T": [190.0, 1, 0.007583264551371247], "Y": [3.0, 3, 6.669746606565028e-05], "V": [2.0, 1, 7.08687453747206e-05], "DOA": [33.0, 10, 0.0008028497110478807], "DRB3": [2.0, 1, 4.574174951152379e-05]}