{"A": [176.0, 102, 0.18037129795636245], "B": [252.0, 114, 0.2603932749986104], "C": [65.0, 54, 0.06643288918723468], "DRB1": [58.0, 23, 0.08148029266721275], "L": [2.0, 1, 0.0020534141211438904], "T": [6.0, 1, 0.014709424031200681], "DMA": [9.0, 1, 0.012884781737254032], "DRA": [84.0, 4, 0.12355916186208571], "DPA1": [40.0, 21, 0.05748510540929002], "F": [11.0, 3, 0.011890471010812077], "K": [1.0, 1, 0.0010295251037391144], "DRB3": [11.0, 4, 0.015453158954126559], "E": [72.0, 28, 0.07474124314008612], "DPB1": [30.0, 20, 0.04344675437787073], "DQB1": [20.0, 17, 0.027784467614490174], "DMB": [2.0, 1, 0.0028415932787546772], "DQA1": [16.0, 10, 0.023443144549726083]}