{"A": [88.0, 76, 0.21771687328592446], "B": [98.0, 75, 0.24446120745741107], "C": [32.0, 32, 0.07895405065409795], "DRA": [36.0, 4, 0.12783589672082624], "DRB1": [24.0, 11, 0.08139364210689311], "DRB5": [1.0, 1, 0.0033914017544538796], "L": [1.0, 1, 0.0024785700778444868], "T": [1.0, 1, 0.005918328551890104], "DMA": [1.0, 1, 0.0034561231619816258], "DPA1": [16.0, 11, 0.05550984021083132], "F": [3.0, 2, 0.007828567162298437], "E": [31.0, 14, 0.07768625181258698], "DQA1": [6.0, 5, 0.02122275629154342], "DMB": [1.0, 1, 0.0034299404107544923], "DQB1": [7.0, 7, 0.023476036589164077], "DRB3": [2.0, 1, 0.006782803508907759], "DPB1": [11.0, 9, 0.038457710242590905]}