{"A": [2054.0, 550, 0.18686288798966919], "B": [1085.0, 487, 0.0995237693160393], "C": [2161.0, 419, 0.19606153812474245], "DMA": [81.0, 2, 0.010294077423574431], "DMB": [15.0, 4, 0.001891868886768028], "DPB1": [418.0, 102, 0.05373784179990358], "DRA": [711.0, 5, 0.09283957059396235], "DRB1": [772.0, 66, 0.0962741608175826], "E": [998.0, 143, 0.09196577109493466], "F": [133.0, 11, 0.012762209481690491], "L": [19.0, 3, 0.00173168144818037], "T": [68.0, 1, 0.014798618847607685], "DRB4": [145.0, 9, 0.01808258201884647], "DPB2": [1.0, 1, 0.0001287250995120514], "DQB1": [170.0, 69, 0.02096471003411089], "DPA1": [563.0, 61, 0.07182433113106144], "K": [2.0, 2, 0.00018278257497045177], "DOB": [5.0, 3, 0.0006076075256773229], "DOA": [7.0, 5, 0.0009285985930271755], "DQA1": [218.0, 49, 0.028354384940435823], "H": [2.0, 2, 0.00018228225770319686]}