{"A": [308.0, 180, 0.18992902709486767], "B": [609.0, 233, 0.378645134031729], "C": [190.0, 123, 0.11684476223660689], "DMA": [17.0, 2, 0.014644324459505632], "DPB1": [42.0, 22, 0.036599170191324096], "DQA1": [19.0, 5, 0.016750792086263566], "DRA": [77.0, 4, 0.0681510038399231], "DRB1": [88.0, 21, 0.07438632842880852], "T": [2.0, 1, 0.002950259906490178], "Y": [2.0, 2, 0.0016434093411152807], "DMB": [2.0, 1, 0.0017098097185340802], "E": [82.0, 29, 0.0512185804245744], "F": [11.0, 4, 0.007154592827986986], "DQB1": [10.0, 5, 0.008359069735055503], "DPA1": [30.0, 12, 0.025941940557068797], "DRB3": [6.0, 3, 0.005071795120146035]}