{"A": [156.0, 109, 0.15563931742450585], "B": [296.0, 161, 0.2977562529579231], "C": [37.0, 36, 0.03681386914977046], "DMA": [8.0, 2, 0.011149733837809582], "DRA": [63.0, 4, 0.09021446408180635], "E": [79.0, 31, 0.07983528285573663], "L": [1.0, 1, 0.0009995085306248096], "T": [2.0, 1, 0.0047732520678204415], "DRB4": [12.0, 2, 0.016411405985989384], "DMB": [4.0, 2, 0.005532633078610057], "DRB1": [80.0, 13, 0.10940937323992922], "F": [6.0, 3, 0.006313898268384964], "DPA1": [49.0, 21, 0.06855377538783496], "DQA1": [36.0, 12, 0.05134975076084959], "DOB": [2.0, 2, 0.002665356081666159], "DPB1": [30.0, 22, 0.042295805002501595], "DQB1": [15.0, 13, 0.020286321288236875]}