{"A": [39.0, 33, 0.1227813457351533], "B": [97.0, 76, 0.30790303993002843], "C": [16.0, 16, 0.05023458119367412], "DPA1": [9.0, 6, 0.03973295538378966], "DRA": [27.0, 4, 0.1220035453549306], "DRB5": [6.0, 2, 0.0258933866546045], "DMA": [4.0, 1, 0.017591690169922142], "F": [2.0, 2, 0.006641243262996543], "E": [10.0, 7, 0.031888995557100556], "DRB3": [9.0, 3, 0.03884007998190675], "DQA1": [11.0, 10, 0.04951098737276915], "DMB": [1.0, 1, 0.004364604947461744], "DRB1": [25.0, 12, 0.10788911106085208], "DPB1": [12.0, 11, 0.0533863647627753], "DQB1": [5.0, 4, 0.021338068632035186]}