{"A": [187.0, 129, 0.14507033206334222], "B": [211.0, 128, 0.1650417858299622], "C": [140.0, 103, 0.10831286795561137], "DMA": [16.0, 2, 0.01733950819616549], "DRA": [138.0, 4, 0.1536586417501371], "DRB5": [1.0, 1, 0.0010634248940532204], "L": [1.0, 1, 0.0007771928285918153], "T": [5.0, 1, 0.00927890348732712], "Y": [1.0, 1, 0.0010337419176415406], "DMB": [3.0, 2, 0.0032265278035478392], "E": [47.0, 21, 0.036932432644300364], "DRB1": [98.0, 28, 0.1042156396172156], "F": [9.0, 3, 0.007364294006944925], "DPA1": [91.0, 22, 0.09899630134410382], "DQA1": [28.0, 16, 0.031055330109147954], "DRB3": [17.0, 3, 0.018078223198904748], "DPB1": [64.0, 38, 0.07016140768178158], "DQB1": [27.0, 10, 0.028393444671220985]}