{"A": [252.0, 123, 0.14135856475187308], "B": [538.0, 167, 0.3042834433967579], "C": [100.0, 76, 0.05594182204401361], "DMA": [11.0, 2, 0.008619737999682556], "DPB1": [66.0, 32, 0.052317483148652415], "DRA": [103.0, 4, 0.08292771823865719], "DRB1": [127.0, 17, 0.09765514545503484], "L": [4.0, 1, 0.0022478812434474083], "T": [4.0, 1, 0.00536748985363477], "DRB4": [23.0, 4, 0.01768557752335277], "DMB": [9.0, 3, 0.006999084780733976], "DPA1": [69.0, 27, 0.05427642757166883], "DOB": [3.0, 3, 0.0022478812434474083], "F": [16.0, 5, 0.009466581528600804], "E": [152.0, 33, 0.08636509043090189], "DQA1": [73.0, 20, 0.058544427905514396], "DRB5": [1.0, 1, 0.0007689381531892507], "DQB1": [17.0, 13, 0.01292670473083707]}