{"A": [119.0, 84, 0.17944679248118547], "B": [155.0, 83, 0.23566489657748577], "C": [92.0, 69, 0.13835395774108664], "DRB1": [48.0, 18, 0.09922013188271382], "DRB3": [5.0, 4, 0.010335430404449356], "T": [1.0, 1, 0.0036072678666509523], "Y": [1.0, 1, 0.0020093882897970713], "DMB": [2.0, 2, 0.004181151390890876], "DMA": [10.0, 1, 0.021065342885404414], "DRA": [42.0, 3, 0.09090315023960399], "F": [8.0, 4, 0.012724195587264453], "E": [30.0, 16, 0.04582295066769705], "DQA1": [16.0, 13, 0.03449449897484973], "DPA1": [34.0, 13, 0.07189658023876724], "DPB1": [14.0, 11, 0.02983308019446463], "DQB1": [10.0, 8, 0.020441184577688728]}