{"A": [12.0, 12, 0.20392329599410222], "T": [1.0, 1, 0.040651375998824305], "DMA": [1.0, 1, 0.023739162319924116], "DRA": [5.0, 2, 0.1219541279964729], "E": [6.0, 4, 0.10327849584941154], "DRB1": [3.0, 3, 0.06988382615528223], "DRB3": [1.0, 1, 0.02329460871842741], "B": [12.0, 11, 0.20560861248992127], "DPB1": [4.0, 4, 0.09605653324818714], "C": [1.0, 1, 0.01694730389051803], "DQA1": [2.0, 2, 0.04859109787359467], "DQB1": [2.0, 2, 0.04607155946533421]}