{"A": [1953.0, 591, 0.22772087235133456], "B": [3187.0, 715, 0.3746770734678659], "C": [788.0, 376, 0.09163087509205246], "DPA1": [253.0, 41, 0.04136773043532374], "DPB1": [147.0, 57, 0.024221400546523816], "DRA": [196.0, 6, 0.032801792112678], "DRB1": [284.0, 59, 0.04539298679202287], "DRB5": [73.0, 5, 0.011667915619076302], "DRB7": [1.0, 1, 0.0003414064077033833], "E": [710.0, 114, 0.08385558676293893], "F": [92.0, 8, 0.011314621580947861], "HFE": [1.0, 1, 0.00012228023198545247], "K": [3.0, 3, 0.00035140183775508345], "L": [19.0, 2, 0.002219453152268801], "T": [90.0, 1, 0.025103412331131125], "DMA": [34.0, 1, 0.005538081040989996], "V": [1.0, 1, 0.00024763520868233797], "DOB": [1.0, 1, 0.00015575109840482816], "DQA1": [47.0, 24, 0.007835010333036628], "H": [2.0, 2, 0.0002336266476072422], "DQB1": [58.0, 45, 0.009167394280924182], "DOA": [3.0, 3, 0.0005100693342182021], "DMB": [4.0, 1, 0.0006466030448927714], "DRB3": [18.0, 5, 0.0028770202896352525]}