{"A": [84.0, 62, 0.17140336207548462], "B": [110.0, 78, 0.22631179841135415], "C": [96.0, 67, 0.19535579764773023], "E": [46.0, 20, 0.09507600829938255], "F": [2.0, 2, 0.004304489537507024], "HFE": [1.0, 1, 0.0021399109878437496], "L": [1.0, 1, 0.0020442397849200784], "T": [2.0, 1, 0.009762469735391749], "Y": [1.0, 1, 0.002719037383825735], "DRB4": [4.0, 2, 0.011188448460786048], "DMA": [3.0, 1, 0.008551476352184756], "DRA": [21.0, 1, 0.06150355933296801], "DRB1": [22.0, 11, 0.061536466534323264], "DQB1": [8.0, 4, 0.02212826473355463], "DPB1": [15.0, 11, 0.04325264100911981], "DRB5": [8.0, 3, 0.022376896921572097], "DQA1": [7.0, 3, 0.020421103684774535], "DPA1": [13.0, 11, 0.03719837606071683], "DOB": [1.0, 1, 0.002725653046560105]}