{"A": [31440.0, 2053, 0.2906110028738951], "B": [18957.0, 1451, 0.17667438419779305], "C": [23113.0, 1666, 0.21305947681577705], "DMA": [417.0, 2, 0.005384499796124403], "DPA1": [2462.0, 62, 0.03191230267731809], "DPB1": [2383.0, 193, 0.031126828974297804], "DQA1": [1312.0, 78, 0.017338218468215923], "DQB1": [582.0, 131, 0.007292388905872931], "DRA": [1490.0, 9, 0.019767724929807155], "DRB1": [3031.0, 98, 0.03840477952108338], "DRB3": [282.0, 16, 0.0035731269630305223], "DRB5": [3.0, 2, 3.801198896840981e-05], "E": [12652.0, 337, 0.1184572802051307], "F": [1627.0, 14, 0.015862392042053735], "H": [17.0, 12, 0.00015742373898504757], "HFE": [4.0, 1, 3.8774407085254705e-05], "K": [17.0, 8, 0.00015785582610028558], "L": [193.0, 3, 0.0017872224484773045], "T": [886.0, 1, 0.01959083253669926], "DRB4": [576.0, 10, 0.007298301881934683], "DMB": [89.0, 3, 0.0011405036538589927], "J": [5.0, 2, 4.6343383810801e-05], "DPA2": [2.0, 1, 2.7692226615458168e-05], "V": [3.0, 1, 5.8892849446221e-05], "DOB": [7.0, 5, 8.64287194427712e-05], "DOA": [5.0, 4, 6.739177327068672e-05], "G": [4.0, 3, 3.991819490487874e-05]}