{"A": [294.0, 191, 0.11206750785026189], "B": [804.0, 321, 0.309003140215227], "C": [149.0, 122, 0.05664136010960519], "DPA1": [148.0, 30, 0.07911059980234296], "DPB1": [83.0, 44, 0.04470867482829374], "DRA": [204.0, 6, 0.11161008945087304], "DRB5": [55.0, 3, 0.028738552995309072], "K": [1.0, 1, 0.0003829257414828673], "L": [6.0, 1, 0.0022912655224859887], "T": [10.0, 1, 0.009118471360365445], "DMB": [8.0, 2, 0.004227654903442161], "DRB1": [159.0, 36, 0.08308054411371169], "DMA": [26.0, 1, 0.01384476300440219], "DQB1": [46.0, 25, 0.02376881534601926], "DOB": [3.0, 2, 0.0015275103483239924], "F": [16.0, 4, 0.006432858181606516], "E": [191.0, 51, 0.07374605772065297], "DQA1": [46.0, 21, 0.02506867243525469], "DRB3": [28.0, 8, 0.014630536070339165]}