{"A": [463.0, 222, 0.16687053213699554], "B": [597.0, 225, 0.21694390406914899], "C": [343.0, 164, 0.1232843077866429], "DMA": [24.0, 2, 0.012083415117894984], "DPA1": [143.0, 29, 0.0722728657099383], "DPB1": [109.0, 44, 0.055514505942220876], "DRA": [197.0, 4, 0.10190741632271759], "DRB1": [137.0, 12, 0.06768447288416395], "DRB5": [80.0, 4, 0.0395237797863731], "E": [158.0, 45, 0.05768047188888154], "L": [5.0, 1, 0.0018053460087183427], "T": [12.0, 1, 0.010345930591138842], "DRB4": [1.0, 1, 0.0004940472473296639], "DMB": [9.0, 3, 0.004496952785352963], "F": [22.0, 5, 0.008363209022520015], "DQA1": [59.0, 23, 0.03040127455931326], "DQB1": [61.0, 31, 0.02980202784169717], "DOA": [1.0, 1, 0.0005255402989522718]}