{"A": [9190.0, 903, 0.1912305894246897], "B": [13839.0, 910, 0.2903494595274151], "C": [8002.0, 882, 0.16605632429128642], "DMA": [327.0, 2, 0.009505378150630754], "DOA": [9.0, 5, 0.0002730811515916434], "DPB1": [1152.0, 152, 0.03387471520593174], "DQA1": [834.0, 58, 0.024811271609064708], "DQB1": [284.0, 76, 0.008010829962987125], "DRA": [1893.0, 9, 0.056537079568936055], "DRB1": [2287.0, 84, 0.06523457553733343], "DRB3": [355.0, 17, 0.010126049110517432], "E": [3487.0, 220, 0.07349653378708955], "F": [400.0, 12, 0.00877916990707685], "H": [7.0, 6, 0.00014592566403482892], "HFE": [4.0, 1, 8.728859477809933e-05], "K": [18.0, 9, 0.0003762673506834538], "L": [39.0, 2, 0.0008130144139083326], "T": [277.0, 1, 0.013788317521214375], "Y": [30.0, 2, 0.0008318370030279429], "DPA1": [1471.0, 64, 0.042923497604009445], "DRB4": [4.0, 3, 0.00011409632800583022], "DMB": [74.0, 3, 0.002134768227972721], "DPB2": [3.0, 2, 8.832908382667848e-05], "DOB": [14.0, 6, 0.00038913510409287715], "G": [1.0, 1, 2.2465869894953297e-05]}