{"A": [3344.0, 533, 0.16604143140387012], "B": [6749.0, 627, 0.3378812470502387], "C": [1041.0, 385, 0.05154849029166309], "DMA": [158.0, 2, 0.010959407638179583], "DPB1": [621.0, 118, 0.043573567800867366], "DRA": [1164.0, 5, 0.08295528986349841], "DRB1": [1345.0, 52, 0.0915466187270209], "DRB4": [343.0, 8, 0.02334608938540384], "DRB5": [9.0, 2, 0.0006125796048648238], "E": [1422.0, 144, 0.07151923397830477], "HFE": [1.0, 1, 5.2072191817544716e-05], "K": [1.0, 1, 4.9880681457428474e-05], "L": [37.0, 1, 0.0018405334295801686], "T": [79.0, 1, 0.009383545101970755], "DMB": [31.0, 3, 0.0021339736487652134], "DQB1": [182.0, 51, 0.012250079555062243], "DPA1": [561.0, 59, 0.03906192476538415], "V": [2.0, 1, 0.00021090748484707666], "F": [180.0, 10, 0.009427017550369335], "DOA": [12.0, 8, 0.000868838005306284], "DQA1": [622.0, 39, 0.04415518459128505], "DRB3": [1.0, 1, 6.806440054053598e-05], "H": [1.0, 1, 4.974414674540996e-05], "DOB": [7.0, 3, 0.00046427870295715965]}