{"A": [931.0, 315, 0.09001315469691075], "B": [2768.0, 514, 0.26983410967082383], "C": [1350.0, 356, 0.13016825755243577], "DMA": [105.0, 2, 0.014181605328761983], "DPB1": [396.0, 81, 0.054104427875334184], "DRB3": [273.0, 13, 0.03618168370768787], "E": [475.0, 85, 0.04651820725262068], "F": [73.0, 9, 0.007444418375680024], "K": [4.0, 4, 0.0003885066627772202], "L": [17.0, 1, 0.0016466337365564616], "T": [23.0, 1, 0.005319536489954541], "DPA1": [490.0, 55, 0.06643439124635882], "DRB1": [827.0, 52, 0.10960532024270284], "DMB": [26.0, 3, 0.0034850323051777285], "DQB1": [231.0, 48, 0.030275101153697803], "DRA": [845.0, 6, 0.11726108697421533], "DPB2": [1.0, 1, 0.00013680340928334459], "DQA1": [117.0, 35, 0.016172728041215393], "DOA": [4.0, 3, 0.0005639279978957524], "DRB5": [1.0, 1, 0.00013253363995490065], "DRB4": [1.0, 1, 0.00013253363995490065]}