{"A": [798.0, 314, 0.14056296199212073], "B": [1305.0, 405, 0.2317677373057182], "C": [488.0, 220, 0.08572408376352562], "DPB1": [196.0, 60, 0.048787144702812875], "DRA": [485.0, 8, 0.12261699043305001], "DRB5": [146.0, 4, 0.03525256229060931], "E": [423.0, 77, 0.07547123106323053], "F": [66.0, 8, 0.012262063335145025], "L": [8.0, 1, 0.0014117239473441683], "T": [31.0, 1, 0.013062291077060311], "DMB": [17.0, 2, 0.004151395294652232], "DMA": [59.0, 1, 0.014517766751123299], "DPB2": [1.0, 1, 0.00024923476905431836], "DRB1": [376.0, 49, 0.09078742069362397], "DOA": [3.0, 2, 0.0007705425529328727], "DPA1": [293.0, 39, 0.07237293865944094], "DQA1": [79.0, 33, 0.019894646200658766], "DQB1": [91.0, 44, 0.021728348705604625], "H": [5.0, 4, 0.0008823274670901051], "DRB3": [32.0, 7, 0.00772658899520204]}