{"B": [263.0, 139, 0.32980344723568694], "C": [66.0, 56, 0.08186229928070148], "DMA": [4.0, 2, 0.006949679351380395], "DRB3": [8.0, 4, 0.01363907108660422], "E": [59.0, 23, 0.07432759000021089], "F": [12.0, 4, 0.01574192498612389], "L": [2.0, 1, 0.0024919926871281887], "T": [1.0, 1, 0.002975189526244548], "DRA": [58.0, 2, 0.10353659551331025], "DPA1": [40.0, 21, 0.06976306475332043], "DPB1": [25.0, 21, 0.04393860979878531], "DQA1": [9.0, 6, 0.016003265537651336], "DRB1": [47.0, 21, 0.08012954263379979], "A": [125.0, 92, 0.15546584614597533], "DQB1": [2.0, 2, 0.003371881463077154]}