{"A": [5049.0, 781, 0.17465158630705313], "B": [6837.0, 819, 0.23845542323399496], "C": [3158.0, 574, 0.10894174080286144], "DMA": [218.0, 2, 0.01053424589274511], "DMB": [52.0, 3, 0.0024937198714685745], "DOA": [17.0, 6, 0.0008574789138178793], "DPA1": [1168.0, 51, 0.05665660991799866], "DPB1": [885.0, 135, 0.04326052203518842], "DQB1": [505.0, 65, 0.02367968185642381], "DRA": [1754.0, 5, 0.08708385737577315], "DRB1": [1790.0, 47, 0.08487699960106522], "E": [2907.0, 193, 0.1018556802397893], "F": [309.0, 11, 0.011273979840108646], "K": [11.0, 8, 0.0003822451882650823], "L": [28.0, 2, 0.0009703244643052902], "T": [138.0, 1, 0.01141920592726786], "Y": [27.0, 2, 0.0012445319672209668], "DRB3": [119.0, 13, 0.0056426608673333855], "DRB4": [221.0, 9, 0.010479227325047717], "DPB2": [5.0, 2, 0.0002447246900033593], "W": [1.0, 1, 4.0578281932180947e-05], "DOB": [13.0, 6, 0.0006006770493318464], "DQA1": [491.0, 43, 0.024282297522479148], "H": [1.0, 1, 3.465444515376036e-05], "G": [1.0, 1, 3.734638337121078e-05]}