{"A": [367.0, 241, 0.10106179617824526], "B": [908.0, 408, 0.252104882866244], "C": [450.0, 250, 0.12358008323290688], "DPB1": [153.0, 68, 0.0595379258139078], "DQA1": [108.0, 29, 0.042519272387322025], "DRA": [267.0, 6, 0.1055293139512794], "DRB3": [48.0, 10, 0.018118907584110593], "DRB5": [2.0, 1, 0.0007549544826712746], "E": [221.0, 65, 0.06164335676981167], "L": [5.0, 1, 0.0013793762331653534], "T": [17.0, 1, 0.01119849149295724], "Y": [3.0, 2, 0.0011008225860795347], "DRB4": [35.0, 4, 0.013211703446747308], "DMB": [15.0, 2, 0.005726501331625862], "DRB1": [263.0, 55, 0.09927651447127263], "DMA": [27.0, 1, 0.010386387148048128], "K": [1.0, 1, 0.00027663245225054486], "DPA1": [146.0, 37, 0.0563786123438537], "DQB1": [73.0, 40, 0.02724966263286262], "DOB": [2.0, 2, 0.0007356673243548552], "F": [26.0, 6, 0.007551720488046093], "DOA": [1.0, 1, 0.0004015395356040445], "H": [1.0, 1, 0.0002758752466330707]}