{"B": [92.0, 74, 0.18606933568670508], "C": [124.0, 97, 0.24805570838555768], "F": [7.0, 6, 0.01481024251284042], "T": [4.0, 1, 0.019193853041851082], "DMB": [1.0, 1, 0.00278092757140456], "DMA": [3.0, 1, 0.008406468078444317], "DRA": [24.0, 1, 0.06909787095066389], "DQB1": [5.0, 4, 0.013595645904644514], "DRB4": [2.0, 2, 0.0054993623883955334], "E": [34.0, 12, 0.06908193509481733], "DPA1": [21.0, 13, 0.0590707373788003], "DQA1": [3.0, 3, 0.008603494674032857], "DRB1": [27.0, 11, 0.0742413922433397], "DRB3": [3.0, 3, 0.008249043582593301], "DOA": [1.0, 1, 0.0029249596766964293], "A": [78.0, 62, 0.15646136762394178], "DPB1": [19.0, 15, 0.05385765520527132]}