{"A": [1780.0, 543, 0.11723665743633636], "B": [4383.0, 738, 0.2910645783466543], "C": [765.0, 351, 0.05024812741573006], "DMA": [121.0, 2, 0.011132907220228132], "DPA1": [861.0, 48, 0.07952197449585202], "DPB1": [628.0, 128, 0.05844998316434653], "DRA": [1317.0, 7, 0.12450021610658235], "DRB3": [188.0, 10, 0.01697348803787281], "DRB5": [285.0, 4, 0.025731085589328462], "E": [843.0, 141, 0.05623983759498582], "F": [120.0, 10, 0.008336356562840224], "K": [1.0, 1, 6.616458662638514e-05], "L": [28.0, 3, 0.0018475374170747177], "T": [48.0, 1, 0.007562655496223681], "DRB4": [4.0, 4, 0.00036113804335899597], "DMB": [39.0, 2, 0.003561108376417827], "DPB2": [1.0, 1, 9.31931613178337e-05], "DRB1": [1013.0, 63, 0.09145820948066573], "V": [1.0, 1, 0.00013987987075945638], "DQB1": [295.0, 88, 0.026337998134417888], "DOB": [13.0, 6, 0.0011437136391414919], "DQA1": [286.0, 58, 0.026930882096659815], "H": [3.0, 2, 0.00019795043754371975], "DOA": [9.0, 6, 0.0008643572890355253]}