{"A": [9186.0, 1398, 0.1325500609186306], "B": [14723.0, 1571, 0.2142023657293886], "C": [7354.0, 1214, 0.10582594060218194], "DMA": [750.0, 2, 0.015118007207351755], "DMB": [240.0, 4, 0.004801112591910497], "DPA1": [3479.0, 102, 0.07039608344054513], "DPB1": [2718.0, 230, 0.05542226419804634], "DQA1": [1021.0, 85, 0.021063006062401086], "DQB1": [2004.0, 214, 0.03919841702817592], "DRA": [6215.0, 9, 0.12871688719449453], "DRB1": [4779.0, 112, 0.09452797297533441], "DRB5": [1409.0, 5, 0.027869829236711906], "DRB7": [1.0, 1, 4.2249790808812364e-05], "E": [4120.0, 288, 0.06021764464909143], "F": [556.0, 14, 0.008462133893984033], "L": [87.0, 4, 0.0012576637090670653], "T": [213.0, 1, 0.007352292028004114], "U": [1.0, 1, 8.083505894543182e-05], "DRB3": [555.0, 17, 0.010977824859031303], "DRB4": [6.0, 4, 0.00011867918766520328], "K": [14.0, 7, 0.00020293815347325245], "DPB2": [4.0, 2, 8.16684100685806e-05], "G": [1.0, 1, 1.5578831419178603e-05], "DPA2": [1.0, 1, 2.161483158704589e-05], "V": [1.0, 1, 3.064539952283296e-05], "H": [25.0, 10, 0.00036139761754800726], "DOB": [27.0, 7, 0.0005204125692691305], "DOA": [25.0, 11, 0.0005260183118627038], "Y": [2.0, 2, 3.845551347889475e-05]}