{"A": [557.0, 299, 0.16370872419109386], "B": [875.0, 301, 0.25929798518330593], "C": [185.0, 139, 0.054225476667917195], "DMA": [33.0, 2, 0.01354909733701558], "DMB": [7.0, 3, 0.002852277837016365], "DPA1": [142.0, 37, 0.058525556406168314], "DPB1": [117.0, 53, 0.04859413007708852], "DRA": [231.0, 7, 0.09744723339641793], "DRB1": [300.0, 43, 0.1208669902042248], "E": [225.0, 69, 0.06698417376862364], "L": [6.0, 1, 0.0017666872108318258], "T": [23.0, 1, 0.01617089731686589], "DRB4": [40.0, 6, 0.016115598693896636], "DQB1": [51.0, 33, 0.02031908401988801], "F": [30.0, 5, 0.009300140168451878], "DOA": [2.0, 2, 0.000857144392683347], "DRB3": [42.0, 6, 0.01692137862859147], "DQA1": [75.0, 23, 0.03151512342239064], "K": [1.0, 1, 0.0002952560510935775], "DOB": [1.0, 1, 0.00039259715796262796], "H": [1.0, 1, 0.00029444786847197097]}