{"A": [658.0, 273, 0.20063032981996196], "B": [1030.0, 330, 0.3166521043630388], "C": [194.0, 131, 0.05899122905069685], "DMA": [19.0, 2, 0.00809289840580997], "DPB1": [110.0, 44, 0.0473963283998056], "DRA": [191.0, 6, 0.0835881985600707], "DRB3": [35.0, 7, 0.014628795265380924], "E": [269.0, 69, 0.08307991267887091], "HFE": [2.0, 1, 0.0006395232641599192], "T": [17.0, 1, 0.01239964551065621], "DMB": [10.0, 2, 0.0042271518786327995], "L": [3.0, 2, 0.0009163971590904682], "DQB1": [26.0, 16, 0.010746359442568717], "DRB1": [197.0, 38, 0.08233921906514405], "F": [31.0, 5, 0.009969743796752402], "DPA1": [119.0, 22, 0.05088130399200307], "DQA1": [31.0, 16, 0.013513676162004232], "DOA": [2.0, 1, 0.0008892176063418797], "DRB4": [1.0, 1, 0.0004179655790108835]}