{"A": [445.0, 301, 0.16658269354953492], "B": [809.0, 481, 0.30534643305695974], "C": [291.0, 223, 0.10863702880437662], "DMA": [27.0, 2, 0.014119308496925158], "DPB1": [71.0, 43, 0.037558612420964074], "DRA": [137.0, 8, 0.07360907177757903], "DRB1": [156.0, 64, 0.08005054471997851], "DRB5": [9.0, 3, 0.004618300656921837], "E": [201.0, 62, 0.07621474211409109], "L": [1.0, 1, 0.000375026239476317], "T": [20.0, 1, 0.017909749824228476], "DRB4": [17.0, 6, 0.008723456796407915], "DMB": [8.0, 2, 0.004151805641071146], "DPA1": [84.0, 31, 0.044095039222410794], "H": [2.0, 2, 0.000750052478952634], "DQB1": [41.0, 37, 0.02080515937914541], "F": [13.0, 3, 0.005132923977001503], "DRB3": [11.0, 7, 0.005644589691793356], "DQA1": [45.0, 27, 0.024083716316369734], "DOB": [1.0, 1, 0.0005000349859684227], "DOA": [2.0, 2, 0.001091709849843409]}