{"A": [1003.0, 404, 0.20944144584527963], "B": [1106.0, 348, 0.23285806358441427], "C": [396.0, 191, 0.08246542496497279], "DQB1": [117.0, 56, 0.033118059133660366], "DRA": [297.0, 8, 0.08901414988866181], "DRB5": [83.0, 5, 0.023757985376783152], "E": [265.0, 64, 0.05605064649005108], "F": [55.0, 8, 0.01211367713822647], "HFE": [1.0, 1, 0.00021898650518179658], "L": [7.0, 1, 0.0014643723508005358], "T": [18.0, 1, 0.008991328271582001], "DRB3": [15.0, 7, 0.0042936118150812925], "DMB": [12.0, 2, 0.0034739222867475913], "DQA1": [92.0, 25, 0.027465698079598144], "DMA": [35.0, 1, 0.010209618934334525], "DPA2": [1.0, 1, 0.0003127951854370273], "DRB1": [272.0, 47, 0.07785749424680743], "DPA1": [224.0, 42, 0.06559191198885873], "DPB1": [206.0, 75, 0.06078693360440186], "J": [1.0, 1, 0.00020938709673547126], "DOA": [1.0, 1, 0.000304487212384251]}