{"A": [6029.0, 1160, 0.25215262974126185], "B": [6327.0, 1121, 0.2668028797197863], "C": [3408.0, 875, 0.1421454049975114], "DMA": [113.0, 2, 0.006602014221871076], "DPB1": [425.0, 136, 0.02511819741023488], "DQA1": [112.0, 54, 0.006696954691875859], "DQB1": [260.0, 81, 0.014740387046668557], "DRA": [824.0, 9, 0.04946366983624163], "DRB1": [1091.0, 105, 0.06254790856146869], "DRB3": [305.0, 17, 0.0174858956106764], "DRB5": [25.0, 4, 0.0014332701320226558], "E": [2231.0, 178, 0.09451284713278887], "F": [305.0, 14, 0.013454565210520457], "HFE": [2.0, 1, 8.772106022923761e-05], "K": [10.0, 6, 0.00042014615763957813], "L": [30.0, 2, 0.0012569883676096503], "T": [159.0, 1, 0.015907612265296158], "V": [2.0, 2, 0.00017764787245650248], "Y": [5.0, 3, 0.00027865276110440465], "DMB": [64.0, 3, 0.0037108666690913853], "DPA1": [416.0, 55, 0.02439788200827899], "DPA2": [1.0, 1, 6.264935201910762e-05], "J": [1.0, 1, 4.19378767397314e-05], "DOB": [2.0, 2, 0.00011173229934308002], "DOA": [1.0, 1, 6.098535860558551e-05], "DRB4": [5.0, 1, 0.00028665402640453113], "H": [1.0, 1, 4.189961225365501e-05]}