{"A": [695.0, 322, 0.2417066510545525], "B": [495.0, 180, 0.17357351396854065], "C": [355.0, 191, 0.12312526286051792], "DMA": [33.0, 2, 0.01603236274060566], "DRA": [210.0, 6, 0.10482478882805984], "E": [195.0, 62, 0.06869283901522504], "L": [3.0, 1, 0.001045241963679168], "T": [7.0, 1, 0.005823599379336658], "DRB4": [24.0, 4, 0.011441549984443128], "DMB": [5.0, 2, 0.0024107432495630646], "K": [1.0, 1, 0.0003493702934407955], "DRB1": [221.0, 29, 0.10535760610674715], "DRB3": [1.0, 1, 0.000476731249351797], "F": [32.0, 7, 0.011738304883175083], "DPA1": [93.0, 27, 0.04535522472281407], "DPB1": [82.0, 41, 0.040299436190379324], "DQB1": [38.0, 29, 0.017914500947864197], "DQA1": [57.0, 31, 0.028341300327675775], "DRB5": [1.0, 1, 0.000476731249351797], "DOA": [2.0, 2, 0.0010142409846767314]}