{"A": [48.0, 46, 0.17593337208009657], "B": [75.0, 63, 0.27716776076668104], "C": [37.0, 30, 0.13524578364604153], "DPB1": [10.0, 10, 0.051795056452151975], "DRB5": [3.0, 2, 0.015072943394502655], "T": [3.0, 1, 0.026303763962955615], "DMB": [1.0, 1, 0.005081408947389153], "DMA": [1.0, 1, 0.0051201983286669325], "DRA": [12.0, 1, 0.06312903351109347], "DRB1": [13.0, 8, 0.06531608804284485], "F": [5.0, 3, 0.019329855361826173], "E": [24.0, 10, 0.08910278715126661], "DPA1": [6.0, 5, 0.03083889568070658], "DQB1": [5.0, 5, 0.02484244374279141], "DQA1": [3.0, 3, 0.015720608930985192]}