{"DRA": [10.0, 2, 0.19828187950446696], "DRB1": [5.0, 5, 0.09468516717909937], "DRB5": [1.0, 1, 0.018937033435819876], "DPA1": [6.0, 5, 0.11623420522675648], "E": [7.0, 2, 0.09795198014265873], "C": [6.0, 6, 0.08266247292693035], "DPB1": [1.0, 1, 0.019521961109513153], "A": [11.0, 11, 0.15196193224317753], "B": [13.0, 11, 0.18107560070449255], "DRB3": [1.0, 1, 0.018937033435819876], "DQA1": [1.0, 1, 0.01975073409126526]}