{"A": [2387.0, 553, 0.1861269552460259], "B": [2827.0, 594, 0.2222578571346268], "C": [1270.0, 361, 0.09875875266396175], "DMA": [94.0, 3, 0.01023916406023127], "DPB1": [534.0, 83, 0.05884091700233453], "DQB1": [219.0, 59, 0.023148256715837267], "DRA": [792.0, 8, 0.08863861072816978], "DRB1": [757.0, 42, 0.08091379252218936], "DRB3": [160.0, 9, 0.017101990493461422], "DRB5": [2.0, 2, 0.00021377488116826782], "E": [1201.0, 125, 0.09485777189056956], "F": [139.0, 7, 0.011432027614982597], "HFE": [1.0, 1, 8.177348606293338e-05], "K": [4.0, 4, 0.00031332786791543], "L": [22.0, 1, 0.001718586202530664], "T": [55.0, 1, 0.010259098463908538], "Y": [12.0, 2, 0.00124684718312463], "DRB4": [102.0, 7, 0.010902518939581659], "DMB": [27.0, 3, 0.002918755905950838], "DPA1": [471.0, 58, 0.051501317492486307], "V": [1.0, 1, 0.0001656031719688419], "DOB": [1.0, 1, 0.00010415673954731297], "DQA1": [248.0, 39, 0.027647104553589888], "DOA": [4.0, 2, 0.0004548039304536056], "H": [2.0, 2, 0.00015623510932096944]}