{"A": [260.0, 194, 0.16937157081702164], "B": [456.0, 281, 0.29950665059416876], "C": [226.0, 177, 0.1468218282508988], "DPB1": [35.0, 22, 0.03221933207849788], "DRA": [79.0, 5, 0.07386439816897984], "E": [125.0, 51, 0.08248030121571183], "L": [1.0, 1, 0.0006526178577943914], "T": [13.0, 1, 0.020258168274192787], "Y": [1.0, 1, 0.0008680451118236079], "DRB4": [5.0, 3, 0.004464851261814313], "DRB1": [79.0, 32, 0.07054464993666615], "DMA": [11.0, 1, 0.01001012836331957], "J": [1.0, 1, 0.0006532138558380393], "K": [2.0, 2, 0.0013088182472875626], "F": [21.0, 4, 0.014429061109505968], "DPA1": [31.0, 21, 0.0283184474283809], "DRB3": [9.0, 7, 0.008036732271265763], "DQA1": [18.0, 14, 0.01676412122209343], "DQB1": [22.0, 18, 0.019427063934738722]}