{"B": [27.0, 22, 0.10670902062415953], "DQB1": [7.0, 4, 0.037194461098215274], "DRA": [28.0, 3, 0.15752948229832353], "T": [1.0, 1, 0.009376754898709734], "DRB4": [8.0, 3, 0.04298557301880417], "DMA": [6.0, 1, 0.03285443128631883], "DPA1": [19.0, 15, 0.10443764938907737], "F": [2.0, 2, 0.008268838613847777], "DRB1": [18.0, 4, 0.09671753929230938], "DPB1": [9.0, 8, 0.04985247681669229], "DQA1": [10.0, 4, 0.056040761699319895], "E": [10.0, 6, 0.03970415589029306], "H": [1.0, 1, 0.003926943885499788], "A": [29.0, 22, 0.11367393848517783], "C": [36.0, 31, 0.14072797270325124]}