{"A": [1947.0, 467, 0.18458826437093548], "B": [2002.0, 571, 0.19137123883327503], "C": [1487.0, 420, 0.14059313801819984], "DQB1": [247.0, 83, 0.031743324536630535], "DRA": [567.0, 5, 0.07715464877848328], "DRB1": [745.0, 65, 0.09681981122599635], "DRB5": [2.0, 2, 0.0002599189563113996], "DRB7": [1.0, 1, 0.00027759344534057477], "E": [1071.0, 120, 0.10284913974622541], "F": [99.0, 10, 0.009899766242333179], "K": [4.0, 4, 0.00038096081245275585], "L": [15.0, 2, 0.0014246926368984792], "T": [59.0, 1, 0.013380729799913327], "DRB3": [55.0, 8, 0.007147771298563489], "DRB4": [113.0, 6, 0.014685421031594079], "DMB": [16.0, 3, 0.002102980646519506], "DQA1": [214.0, 41, 0.029006346339298338], "J": [1.0, 1, 9.506624840430643e-05], "DMA": [82.0, 1, 0.010860048911224777], "DOB": [4.0, 2, 0.0005065573820083482], "DPA1": [323.0, 36, 0.04294189791427474], "DPB1": [310.0, 71, 0.04153183786466128], "DOA": [2.0, 2, 0.0002764874953591382], "G": [1.0, 1, 0.00010235746509608215]}