{"A": [338.0, 188, 0.17268808215329354], "B": [423.0, 260, 0.21790163742977325], "C": [323.0, 172, 0.16457475207582717], "DQB1": [17.0, 10, 0.011773671347335004], "DRB5": [2.0, 2, 0.0014007011516988107], "E": [163.0, 54, 0.08435412567769918], "L": [2.0, 1, 0.001023687611779879], "T": [10.0, 1, 0.01222180416678374], "DRB4": [12.0, 2, 0.008404206910192865], "DMB": [8.0, 2, 0.0056664728409633715], "DQA1": [50.0, 19, 0.03652218823277173], "DRB1": [114.0, 43, 0.0798399656468322], "DMA": [13.0, 1, 0.009278308583104144], "DRA": [103.0, 5, 0.07553074975072352], "DPA1": [72.0, 21, 0.05158444241428724], "DOB": [3.0, 3, 0.002047375223559758], "F": [10.0, 3, 0.005388864661434906], "Y": [2.0, 2, 0.0013616039108140137], "DPB1": [79.0, 37, 0.05703665905942667], "DRB3": [2.0, 2, 0.0014007011516988107]}