{"A": [502.0, 240, 0.14248034888905314], "B": [861.0, 302, 0.24639328319785186], "C": [353.0, 163, 0.09991736658688345], "DMA": [50.0, 3, 0.01982444561197707], "DPA1": [161.0, 45, 0.06407929232217753], "DRA": [264.0, 7, 0.10754645130111608], "E": [228.0, 60, 0.06554795662788168], "F": [28.0, 5, 0.008382255504868229], "L": [9.0, 1, 0.002559089931735872], "T": [6.0, 1, 0.004073729215951367], "Y": [3.0, 2, 0.0011346126881806294], "DRB3": [27.0, 5, 0.010504728708548749], "DRB4": [30.0, 5, 0.011671920787276387], "DMB": [7.0, 2, 0.0027543964585125718], "DPB1": [119.0, 41, 0.04772869230040317], "DQB1": [84.0, 36, 0.03231825177988084], "DRB1": [244.0, 33, 0.09493162240318129], "DQA1": [93.0, 24, 0.03773769076417448], "DOA": [1.0, 1, 0.00041386492034565673]}