{"A": [253.0, 141, 0.14538547537594218], "B": [653.0, 255, 0.37834512400940157], "C": [252.0, 167, 0.14441624931205801], "DMB": [1.0, 1, 0.0007966685229907002], "DPB1": [40.0, 24, 0.032481928968269465], "DRA": [75.0, 5, 0.061858967667513184], "DRB1": [70.0, 25, 0.055140203389019246], "E": [126.0, 54, 0.07334053989509957], "L": [3.0, 1, 0.0017270843162645105], "T": [10.0, 1, 0.013746437259447375], "DMA": [10.0, 1, 0.008027499620974992], "DPA1": [51.0, 21, 0.041097107254968526], "DQB1": [7.0, 5, 0.005452753446247458], "F": [19.0, 4, 0.011516107525421763], "DOB": [1.0, 1, 0.0007675930294508936], "DQA1": [19.0, 16, 0.015609723872349029], "DRB3": [12.0, 4, 0.009452606295260442], "DOA": [1.0, 1, 0.0008379302393208956]}