{"A": [355.0, 203, 0.13920162812219963], "B": [795.0, 314, 0.3143095311738364], "C": [445.0, 220, 0.1740167261945938], "DRA": [153.0, 7, 0.08610895080460575], "DRB1": [116.0, 43, 0.062351050520188925], "DRB3": [11.0, 3, 0.005912599618293778], "L": [4.0, 1, 0.0015713312190621487], "T": [11.0, 1, 0.010318066000551886], "DRB4": [4.0, 2, 0.002150036224834101], "DMB": [3.0, 3, 0.001630851340996321], "DMA": [14.0, 1, 0.007668736076746058], "DPA1": [89.0, 30, 0.04893803717503136], "H": [1.0, 1, 0.00039283280476553716], "F": [23.0, 5, 0.009512516179183151], "E": [193.0, 58, 0.07665603092845438], "DQA1": [23.0, 14, 0.012893918414752162], "DOB": [1.0, 1, 0.0005237770730207162], "DQB1": [24.0, 18, 0.012756881600682333], "DPB1": [59.0, 38, 0.03269258749981814], "K": [1.0, 1, 0.0003939110283833749]}