{"A": [485.0, 261, 0.12037152068485696], "B": [921.0, 327, 0.23047090069339524], "C": [420.0, 221, 0.10395522435841577], "DPB1": [159.0, 76, 0.05576483918906633], "DQA1": [92.0, 25, 0.03264457026820638], "DRA": [323.0, 5, 0.11506028245257668], "DRB1": [206.0, 22, 0.07008402775053459], "DRB5": [223.0, 4, 0.07586766110858842], "E": [233.0, 64, 0.05857482334022463], "F": [57.0, 9, 0.014921362277711674], "L": [4.0, 1, 0.0009945664061402134], "T": [19.0, 1, 0.011280419848291832], "DMB": [11.0, 2, 0.003784877712255812], "DQB1": [106.0, 29, 0.03566195888881032], "DMA": [46.0, 1, 0.015948492344772584], "DOB": [2.0, 2, 0.0006630442707601423], "DPA1": [153.0, 29, 0.05324931402070246], "DRB4": [1.0, 1, 0.00034021372694434263], "DOA": [1.0, 1, 0.00036190065774557563]}