{"B": [107.0, 72, 0.22530597510784922], "C": [45.0, 40, 0.09372209894284848], "DRA": [39.0, 6, 0.1169014729559033], "DRB5": [8.0, 2, 0.022902045983870425], "T": [2.0, 1, 0.00999157888511994], "DMA": [4.0, 1, 0.011669553965063747], "DRB1": [34.0, 19, 0.0973336954314493], "F": [7.0, 2, 0.01541928095960152], "E": [33.0, 14, 0.06980740100226555], "DPA1": [16.0, 12, 0.04685705959918317], "DQA1": [9.0, 7, 0.02687188305626984], "K": [1.0, 1, 0.0020979573230878556], "DQB1": [7.0, 7, 0.019816631455487878], "DPB1": [11.0, 9, 0.03246298699547656], "A": [100.0, 83, 0.20884037833652333]}