{"A": [183.0, 131, 0.10365485220303447], "B": [389.0, 185, 0.22215833337179292], "C": [189.0, 129, 0.1067616733862317], "DMA": [18.0, 2, 0.014242651447745195], "DPB1": [79.0, 41, 0.06323346196169671], "DRA": [148.0, 7, 0.1203209264788165], "DRB1": [139.0, 31, 0.10792527682563141], "DRB5": [25.0, 2, 0.019411021011804207], "E": [87.0, 30, 0.04991497495385977], "L": [2.0, 1, 0.0011349071409091365], "T": [2.0, 1, 0.0027099307765499213], "DPA1": [108.0, 32, 0.08578332596113197], "DMB": [9.0, 3, 0.007067376286570532], "V": [1.0, 1, 0.0012029576657992395], "DPB2": [1.0, 1, 0.0008014550428069676], "DOB": [3.0, 2, 0.002269814281818273], "F": [11.0, 5, 0.006571777373103049], "DRB3": [24.0, 6, 0.01863458017133204], "DQA1": [39.0, 18, 0.03158233778061206], "DQB1": [43.0, 24, 0.03301598996096654], "DOA": [1.0, 1, 0.0008259350773150157], "DRB4": [1.0, 1, 0.0007764408404721683]}