{"A": [608.0, 210, 0.13916152027339648], "B": [301.0, 160, 0.06946348069105679], "C": [703.0, 211, 0.16046707318991274], "DPB1": [213.0, 62, 0.06889322417619287], "DQA1": [155.0, 39, 0.05072106962575672], "DRA": [429.0, 8, 0.14093335232331705], "DRB5": [102.0, 3, 0.032002623415917836], "L": [18.0, 1, 0.004127431519345779], "T": [12.0, 1, 0.006570319455632497], "DRB4": [43.0, 4, 0.013491302028279086], "DMB": [14.0, 2, 0.004442431904660608], "DPB2": [1.0, 1, 0.00032385917419838013], "DRB1": [336.0, 35, 0.10542040654655287], "DMA": [41.0, 1, 0.01310929196729728], "DPA1": [247.0, 37, 0.07927807871896796], "K": [1.0, 1, 0.0002299311245909817], "DOB": [3.0, 1, 0.0009172070042990619], "F": [26.0, 6, 0.0062768325635221105], "E": [297.0, 49, 0.06885652361240689], "DQB1": [111.0, 50, 0.034439424479940334], "DRB3": [2.0, 2, 0.0006275024199199575], "G": [1.0, 1, 0.0002471137848357355]}