{"A": [75.0, 62, 0.19872840144057383], "B": [55.0, 49, 0.14693857561060608], "DQA1": [10.0, 7, 0.037882601524609386], "DRA": [20.0, 4, 0.07606232149254905], "K": [1.0, 1, 0.0026618333001738343], "T": [2.0, 1, 0.012677053582091508], "DRB4": [6.0, 3, 0.02179313705685394], "DMA": [4.0, 1, 0.01480602441267176], "DPA1": [15.0, 12, 0.05573532178333334], "DPB1": [7.0, 6, 0.026210664838648656], "DRB1": [41.0, 14, 0.14891976988850192], "DRB3": [3.0, 2, 0.01089656852842697], "E": [23.0, 13, 0.06173046801943728], "DMB": [2.0, 1, 0.007346928780530305], "F": [1.0, 1, 0.0027947971153602313], "C": [58.0, 50, 0.15326454153607633], "DQB1": [6.0, 6, 0.021550991089555563]}