{"A": [170.0, 109, 0.1355717828173102], "B": [354.0, 173, 0.28464142714214846], "C": [109.0, 80, 0.08668858316579217], "DRA": [83.0, 3, 0.09500345140540369], "DRB5": [45.0, 5, 0.04919293375195195], "T": [7.0, 1, 0.013353898791924213], "Y": [2.0, 2, 0.002125325778603749], "DQB1": [35.0, 17, 0.0378360465771186], "DMA": [14.0, 1, 0.015596538283697744], "DRB1": [69.0, 13, 0.07542916508632633], "DOB": [1.0, 1, 0.0010652484437770617], "F": [11.0, 3, 0.009252619047677418], "E": [58.0, 26, 0.04685127749586272], "DPA1": [52.0, 14, 0.05815195335990642], "DPB1": [63.0, 23, 0.07099736925281715], "DQA1": [16.0, 12, 0.018242379599682182]}