{"A": [4134.0, 929, 0.14864920422177874], "B": [10371.0, 1297, 0.3759994510990421], "C": [2073.0, 674, 0.07433724119960844], "DMA": [209.0, 2, 0.010498281083456816], "DMB": [45.0, 4, 0.0022432712406473074], "DPB1": [785.0, 158, 0.03988807652610451], "DQB1": [390.0, 118, 0.019009646661485333], "DRA": [1452.0, 9, 0.07493757543658834], "DRB1": [1349.0, 109, 0.06649268801990592], "DRB3": [173.0, 14, 0.008527231302775185], "DRB5": [372.0, 5, 0.018336011818684213], "E": [1748.0, 207, 0.06366585891537481], "F": [196.0, 10, 0.007433610443551348], "K": [5.0, 4, 0.00018061104224790768], "L": [63.0, 2, 0.002269470028859247], "T": [106.0, 1, 0.009117749077454504], "Y": [1.0, 1, 4.791453135363181e-05], "DRB4": [34.0, 6, 0.001675872047944256], "DPB2": [2.0, 2, 0.00010175663359637272], "DPA1": [1099.0, 70, 0.0554153890741973], "H": [3.0, 3, 0.00010807000137424986], "DOB": [5.0, 4, 0.00024015555860944416], "DQA1": [402.0, 77, 0.02066613630446332], "DOA": [2.0, 2, 0.00010486473794260987], "DPA2": [1.0, 1, 5.386299295415091e-05]}