{"A": [9913.0, 1371, 0.2447028731117202], "B": [9792.0, 1337, 0.24371363514494757], "C": [4997.0, 1064, 0.1230150742082195], "DMA": [279.0, 2, 0.0096209500459071], "DOA": [3.0, 2, 0.00010798478824605495], "DPB1": [846.0, 160, 0.02951111691749908], "DRA": [1927.0, 8, 0.0682741940189374], "DRB1": [2231.0, 113, 0.07549242160650949], "DRB3": [668.0, 17, 0.022603737173083074], "DRB5": [37.0, 2, 0.0012520034062935236], "DRB7": [1.0, 1, 7.22778182660261e-05], "E": [3312.0, 206, 0.08281277701697826], "F": [526.0, 15, 0.013695292654153363], "HFE": [3.0, 1, 7.766241217696215e-05], "K": [7.0, 6, 0.0001735857940972722], "L": [59.0, 2, 0.0014590754827881638], "T": [249.0, 1, 0.01470357577470629], "DPA1": [1139.0, 68, 0.03942741140086386], "DMB": [86.0, 3, 0.0029431308574234117], "DQA1": [314.0, 70, 0.011081657683365331], "DPB2": [2.0, 1, 6.98561387880407e-05], "V": [2.0, 1, 0.00010485176731048275], "W": [1.0, 1, 2.8957459241196362e-05], "DQB1": [431.0, 100, 0.014422101700304285], "DOB": [9.0, 3, 0.0002967611151433554], "DRB4": [4.0, 2, 0.00013535171959929982], "H": [6.0, 5, 0.0001483805575716777], "G": [2.0, 2, 5.330222585990126e-05]}