{"A": [1820.0, 459, 0.12565251169721992], "B": [2036.0, 507, 0.14172681266685971], "C": [2982.0, 560, 0.20531583539911694], "DMA": [122.0, 2, 0.011766286285345741], "DPA1": [821.0, 44, 0.079484696707193], "DPB1": [578.0, 121, 0.05639088961034299], "DRA": [1166.0, 8, 0.11554182995444683], "DRB5": [2.0, 2, 0.00018927776795975835], "E": [890.0, 113, 0.062239035055734374], "F": [146.0, 11, 0.010631737680990346], "K": [3.0, 3, 0.0002080670065907133], "L": [15.0, 2, 0.0010374874005640953], "T": [58.0, 1, 0.009578939590277183], "V": [1.0, 1, 0.00014662620129184375], "Y": [1.0, 1, 9.199726464548933e-05], "DRB3": [156.0, 11, 0.014763665900861152], "DMB": [43.0, 3, 0.004115716011261337], "H": [2.0, 2, 0.00013833165340854602], "DOB": [6.0, 4, 0.0005533266136341841], "DRB1": [1126.0, 61, 0.10656338336134395], "DQA1": [200.0, 24, 0.01974107970517792], "DQB1": [356.0, 61, 0.03331709333353879], "DOA": [8.0, 4, 0.0008053731321953064]}