{"A": [2017.0, 496, 0.15463667533554812], "B": [2283.0, 579, 0.1764765388188369], "C": [3363.0, 593, 0.257127480354537], "DMA": [146.0, 2, 0.015636489426194805], "DRA": [790.0, 8, 0.08693098526547947], "DRB1": [977.0, 59, 0.10267648515675926], "E": [771.0, 112, 0.059873416640616996], "F": [147.0, 11, 0.01188709000356217], "HFE": [2.0, 1, 0.00016080230127813472], "K": [4.0, 3, 0.00030806955066460583], "L": [6.0, 1, 0.0004608394418929026], "T": [57.0, 1, 0.010453726076228544], "DRB3": [190.0, 14, 0.01996779138156014], "DMB": [37.0, 2, 0.003932651735614685], "V": [1.0, 1, 0.00016282399365397202], "DQB1": [213.0, 58, 0.02213622346317167], "DOB": [6.0, 4, 0.0006144525891905368], "DOA": [3.0, 2, 0.0003353785048569862], "DPA1": [403.0, 42, 0.04332636258211842], "DQA1": [79.0, 19, 0.008659141110428618], "DPB1": [223.0, 72, 0.02415976969415713], "H": [1.0, 1, 7.68065736488171e-05]}