{"A": [161.0, 120, 0.13636214739527544], "B": [329.0, 194, 0.28095600185573455], "C": [197.0, 127, 0.16639842184396142], "DRA": [69.0, 6, 0.08387990915406858], "E": [65.0, 26, 0.055764058006926305], "L": [1.0, 1, 0.0008485154250352066], "T": [6.0, 1, 0.012156508573053417], "DRB4": [2.0, 2, 0.0023220297274371697], "DRB1": [78.0, 29, 0.09055915937004962], "DMA": [7.0, 1, 0.008282201451488683], "DQB1": [10.0, 10, 0.01148114698566156], "DPA1": [43.0, 16, 0.05107130900518419], "F": [8.0, 4, 0.007146765846982412], "DPB1": [37.0, 29, 0.04428442408755173], "DQA1": [19.0, 11, 0.023007142201735862], "Y": [1.0, 1, 0.0011286078954351776], "DRB3": [20.0, 6, 0.023220297274371696], "DOB": [1.0, 1, 0.0011313539000469422]}