{"A": [9868.0, 951, 0.15603794780180633], "B": [14771.0, 935, 0.2354970371646383], "C": [8620.0, 920, 0.1359325224513648], "DMA": [545.0, 2, 0.012038638829506088], "DOA": [28.0, 11, 0.0006456044040590421], "DPA1": [2614.0, 69, 0.05796251887859802], "DPB1": [2398.0, 205, 0.053583563099052586], "DQA1": [1872.0, 73, 0.042320233334825645], "DRA": [4121.0, 8, 0.09352863767940553], "DRB1": [4328.0, 112, 0.09381195038157451], "DRB3": [775.0, 16, 0.016798581688012997], "DRB5": [2.0, 2, 4.335117854971096e-05], "E": [3848.0, 254, 0.06163241853435863], "F": [529.0, 12, 0.008822839354318192], "H": [5.0, 4, 7.920687504178484e-05], "K": [25.0, 11, 0.00039712138630281884], "L": [58.0, 3, 0.0009187997504847042], "T": [250.0, 1, 0.009456507085598713], "V": [3.0, 2, 0.00010074746813825478], "Y": [45.0, 3, 0.0009481755041409778], "DRB4": [9.0, 6, 0.0001950803034736993], "DMB": [130.0, 3, 0.0028498473626145217], "J": [1.0, 1, 1.585584201749702e-05], "DPB2": [8.0, 2, 0.00017899120627999215], "DPA2": [6.0, 1, 0.00014211852940648764], "DOB": [18.0, 5, 0.0003801930002005673], "DQB1": [730.0, 114, 0.015647367057637338], "G": [2.0, 2, 3.414384859225023e-05]}