{"A": [77.0, 59, 0.17280818345356425], "B": [105.0, 72, 0.23759502308040764], "C": [21.0, 21, 0.04700108630963922], "DRB5": [15.0, 3, 0.04614606387275975], "L": [3.0, 1, 0.006745072474832219], "T": [3.0, 1, 0.01610588111637497], "DRB4": [6.0, 4, 0.0184584255491039], "DMB": [1.0, 1, 0.003111363397481529], "DRB1": [41.0, 10, 0.1261325745855433], "DMA": [7.0, 1, 0.021945799841778107], "DRA": [31.0, 3, 0.09985646292152482], "E": [31.0, 18, 0.07047065879609454], "DPA1": [12.0, 7, 0.037765514341844754], "DQA1": [5.0, 5, 0.01604296751826413], "F": [2.0, 1, 0.0047342935846404815], "DQB1": [8.0, 8, 0.024337775909188845], "DPB1": [16.0, 14, 0.05074285324695743]}