{"A": [1338.0, 556, 0.15551916273697192], "B": [2012.0, 520, 0.23579263339922713], "C": [1234.0, 365, 0.14304015659465089], "DMA": [74.0, 2, 0.012015429784594037], "DPB1": [345.0, 60, 0.05666673788111525], "DRA": [511.0, 5, 0.08524906043566607], "DRB1": [647.0, 51, 0.10308652517996121], "DRB5": [1.0, 1, 0.00015933002346207298], "L": [11.0, 3, 0.001280891274383508], "T": [40.0, 1, 0.011121860461274113], "DRB4": [134.0, 8, 0.021350223143917775], "DMB": [20.0, 3, 0.0032228118382101123], "DQA1": [234.0, 46, 0.03888523908540389], "DQB1": [127.0, 49, 0.020010080613242342], "F": [58.0, 9, 0.007110618856869343], "DOB": [4.0, 1, 0.0006210381936404888], "DOA": [8.0, 7, 0.0013558921518525412], "E": [417.0, 88, 0.04909495982170777], "DPA1": [331.0, 31, 0.053950611047921926], "K": [3.0, 2, 0.00035029281461972675], "H": [1.0, 1, 0.00011644466130759164]}