{"A": [605.0, 283, 0.1444506089786407], "B": [1208.0, 332, 0.2908073621861369], "C": [820.0, 310, 0.19525082426946044], "DPB1": [111.0, 42, 0.037451421170849465], "DRA": [269.0, 7, 0.09218434779700596], "DRB1": [228.0, 41, 0.07462230735165512], "DRB3": [47.0, 7, 0.015382668620735925], "DRB5": [4.0, 3, 0.0013091632868711426], "L": [11.0, 1, 0.0026311673632804827], "T": [17.0, 1, 0.009709627710960973], "Y": [3.0, 2, 0.0009544658308104841], "DMB": [4.0, 2, 0.0013240401424037692], "DQB1": [50.0, 32, 0.01618271285160162], "DMA": [38.0, 1, 0.01267439953110173], "DPA1": [114.0, 33, 0.038168881346536246], "DOB": [3.0, 2, 0.0009567881321019937], "F": [34.0, 7, 0.008562380632720627], "E": [208.0, 55, 0.05030375389737715], "DQA1": [19.0, 12, 0.006485727885055963], "DOA": [1.0, 1, 0.00034815398166792335], "H": [1.0, 1, 0.00023919703302549843]}