{"A": [49.0, 46, 0.18067923145744624], "B": [104.0, 84, 0.3866517268902139], "DRB5": [7.0, 2, 0.03538180776534261], "L": [2.0, 1, 0.007388119921803812], "T": [1.0, 1, 0.00882067476502939], "DMB": [1.0, 1, 0.005111981966096578], "DMA": [1.0, 1, 0.005151004729196552], "DRA": [10.0, 1, 0.05292404859017633], "DRB1": [13.0, 9, 0.0657090715642077], "F": [2.0, 1, 0.007778462472907761], "E": [21.0, 14, 0.07843402588571798], "DPA1": [10.0, 8, 0.05170740379499987], "DPA2": [1.0, 1, 0.005523451183012946], "DRB3": [1.0, 1, 0.005054543966477515], "C": [17.0, 15, 0.06251382851182954], "DPB1": [3.0, 3, 0.01563200662991695], "DQB1": [3.0, 3, 0.014995147100549961], "DQA1": [2.0, 2, 0.010543462805074191]}