{"A": [3843.0, 747, 0.13572592316192317], "B": [7415.0, 1019, 0.26404505319314187], "C": [4165.0, 648, 0.1466974101386817], "DMA": [197.0, 2, 0.009719377267502311], "DPA1": [1288.0, 52, 0.06378945047712353], "DPB1": [899.0, 125, 0.044867661306331644], "DQB1": [522.0, 115, 0.024990804899655692], "DRA": [1879.0, 10, 0.09524892983053357], "DRB1": [1602.0, 56, 0.07755767037824181], "DRB5": [423.0, 7, 0.020478710717850363], "E": [1846.0, 151, 0.06603849608774648], "K": [10.0, 7, 0.0003547926366799717], "L": [49.0, 1, 0.001733725295863982], "T": [88.0, 1, 0.007434722214907711], "DRB4": [41.0, 6, 0.00198493413577273], "DMB": [42.0, 2, 0.00205645338124126], "DPB2": [2.0, 1, 9.994545151835284e-05], "H": [4.0, 3, 0.0001415285955807332], "F": [176.0, 11, 0.006556268005077116], "DOB": [9.0, 3, 0.00042458578674219966], "DQA1": [585.0, 56, 0.029538565866713187], "DOA": [10.0, 7, 0.0005149911711702643]}