{"A": [113.0, 88, 0.19383630804555266], "B": [121.0, 97, 0.20927459806687987], "C": [128.0, 98, 0.21896851677842472], "DRB1": [28.0, 14, 0.06583919939182738], "DRB5": [2.0, 2, 0.004702799956559098], "T": [2.0, 1, 0.008206846983014897], "DMA": [3.0, 1, 0.00718882207099969], "DRA": [23.0, 4, 0.05662724418280279], "F": [4.0, 4, 0.007237161892802762], "DPA1": [23.0, 13, 0.05532546845446249], "DQB1": [16.0, 15, 0.037204372989667535], "E": [39.0, 15, 0.06776326930025353], "DQA1": [6.0, 6, 0.014714620176577492], "DRB3": [3.0, 1, 0.007054199934838647], "DPB1": [19.0, 12, 0.046056571775336494]}