{"A": [2929.0, 713, 0.12210621686527656], "B": [7251.0, 741, 0.3047830212432378], "C": [960.0, 391, 0.039912107300371806], "DMA": [196.0, 2, 0.011414431068425353], "DPA1": [1254.0, 60, 0.0733088689238606], "DPB1": [987.0, 142, 0.05814560294122578], "DQB1": [480.0, 133, 0.02712545070228973], "DRA": [1929.0, 8, 0.11542278177511078], "DRB1": [1551.0, 74, 0.08863393407145655], "DRB5": [397.0, 5, 0.02268708692867069], "E": [1369.0, 169, 0.05780892725488556], "F": [186.0, 11, 0.00817867515771488], "HFE": [2.0, 1, 8.743877375379927e-05], "L": [27.0, 2, 0.0011276490398020764], "T": [83.0, 1, 0.008277251501066351], "DRB4": [228.0, 9, 0.013029359747448154], "DMB": [50.0, 3, 0.002889785231067798], "K": [9.0, 5, 0.00037691471412719597], "DPB2": [2.0, 1, 0.00011797473726833484], "DPA2": [1.0, 1, 6.244774633030548e-05], "H": [8.0, 6, 0.00033411823401543003], "DOB": [12.0, 3, 0.0006682364680308601], "DRB3": [6.0, 5, 0.000342877888090741], "DQA1": [718.0, 78, 0.042794107040575256], "DOA": [6.0, 4, 0.00036473464589732203]}