{"A": [474.0, 315, 0.14196735013438078], "B": [999.0, 421, 0.3016824754974032], "C": [195.0, 168, 0.05824514985853342], "DPA1": [144.0, 35, 0.06048019804939138], "DPB1": [89.0, 50, 0.037668771999391684], "DRA": [265.0, 7, 0.1139191965709737], "DRB1": [252.0, 50, 0.10346191183168356], "DRB3": [52.0, 9, 0.021349283393839468], "DRB5": [86.0, 4, 0.035308430228272965], "E": [139.0, 48, 0.042169455431924005], "F": [17.0, 6, 0.005370449862815193], "L": [5.0, 1, 0.0015002786354633467], "T": [19.0, 1, 0.013612985753764155], "DMB": [14.0, 2, 0.00581320085417919], "DMA": [47.0, 1, 0.01966472088294858], "DQB1": [49.0, 33, 0.01989406514541323], "DQA1": [38.0, 29, 0.016271772033796216], "Y": [1.0, 1, 0.0003991032486572398], "DRB4": [2.0, 1, 0.000821126284378441], "DOB": [1.0, 1, 0.0004000743027902258]}