{"A": [48.0, 42, 0.18892102414288112], "B": [48.0, 40, 0.19048235492092147], "C": [35.0, 30, 0.1373795594499493], "DRB1": [14.0, 8, 0.07553303118821184], "DRB4": [2.0, 2, 0.010790433026887404], "DMA": [3.0, 1, 0.016494535981940478], "DRA": [18.0, 1, 0.10168396299455072], "DPA1": [13.0, 8, 0.07175017823050993], "F": [4.0, 2, 0.016605450248869953], "DQB1": [5.0, 5, 0.026676348316471636], "DPB1": [7.0, 6, 0.03893304889430996], "E": [20.0, 13, 0.07973373482045029], "DQA1": [8.0, 6, 0.04501633778404589]}