{"A": [27.0, 26, 0.1402826314921893], "B": [77.0, 57, 0.40337160705161507], "C": [19.0, 18, 0.09844842258519373], "DPB1": [7.0, 5, 0.0513948379641054], "DRB5": [2.0, 1, 0.014244262207280148], "L": [1.0, 1, 0.005205134136875638], "T": [2.0, 1, 0.024857634047998692], "DMA": [2.0, 1, 0.01451609927230458], "DRA": [7.0, 1, 0.05220103150079725], "E": [14.0, 7, 0.07367857767178948], "DPA1": [4.0, 3, 0.02914343302179157], "DRB1": [9.0, 8, 0.06409917993276067], "DQA1": [1.0, 1, 0.007428160174499608], "DQB1": [3.0, 3, 0.021128988940798888]}