{"B": [85.0, 62, 0.29509030612364273], "C": [15.0, 14, 0.05150718758914039], "DRA": [16.0, 2, 0.07907194915645291], "DRB5": [4.0, 1, 0.01887953842218679], "L": [2.0, 1, 0.006898955417961505], "T": [4.0, 1, 0.032946645481855386], "DMA": [1.0, 1, 0.004809958739240337], "DPB2": [1.0, 1, 0.00487194274361199], "DOB": [1.0, 1, 0.0045993036119743366], "F": [3.0, 2, 0.010895180314244681], "DRB1": [19.0, 16, 0.08967780750538726], "DPA1": [16.0, 12, 0.0772542031988333], "E": [13.0, 10, 0.04533962951804222], "DRB3": [1.0, 1, 0.0047198846055466976], "DQA1": [2.0, 2, 0.009845384294382564], "A": [60.0, 52, 0.206591670439503], "DQB1": [7.0, 7, 0.03267209010283992], "DPB1": [5.0, 5, 0.024328362735153826]}