{"A": [42.0, 36, 0.18956172877971045], "C": [12.0, 11, 0.05401291765930247], "DRA": [9.0, 2, 0.05830217876754119], "DRB5": [5.0, 2, 0.030934364514612993], "T": [2.0, 1, 0.02159339954353378], "DRB4": [6.0, 3, 0.03712123741753559], "DMA": [2.0, 1, 0.01260988599297965], "DRB1": [14.0, 8, 0.08661622064091638], "F": [3.0, 3, 0.014281513530953895], "E": [27.0, 13, 0.12343496335009875], "DMB": [1.0, 1, 0.006257178276819447], "B": [58.0, 52, 0.26393915640402027], "DPA1": [7.0, 5, 0.04430369906345723], "DQA1": [2.0, 2, 0.012905430195940109], "DPB1": [5.0, 5, 0.031889866121241964], "DQB1": [2.0, 2, 0.012236259741335806]}