{"A": [501.0, 267, 0.1138840258878629], "B": [781.0, 318, 0.17899898970072006], "C": [395.0, 186, 0.08954414670717606], "DRA": [386.0, 5, 0.12593698596010894], "DRB5": [78.0, 3, 0.024304657883085588], "E": [305.0, 71, 0.07022600818581731], "F": [29.0, 8, 0.006953039458683651], "L": [7.0, 1, 0.0015940976131206823], "T": [13.0, 1, 0.007069001802596789], "DRB4": [44.0, 5, 0.013710319831484179], "DMB": [12.0, 2, 0.003781668796494086], "DRB1": [361.0, 46, 0.11248694225376792], "DMA": [41.0, 1, 0.013019333032204832], "DPB1": [213.0, 70, 0.0684204632446768], "H": [2.0, 2, 0.0004554564608916235], "DPA1": [272.0, 35, 0.08670308842230119], "DQA1": [150.0, 41, 0.04874807432980658], "DQB1": [109.0, 53, 0.03358682138515859], "DOA": [1.0, 1, 0.00033146101005127445], "G": [1.0, 1, 0.00024541803399076665]}