{"A": [12009.0, 1383, 0.16311786642597673], "B": [24368.0, 1501, 0.3337252244193718], "C": [5416.0, 691, 0.07336490580068829], "DMA": [549.0, 2, 0.01041709982539724], "DPA1": [2937.0, 67, 0.05594215754903882], "DPB1": [2477.0, 197, 0.04754468948166444], "DQB1": [567.0, 102, 0.010439869442501932], "DRA": [5005.0, 9, 0.09757525034495271], "DRB1": [4267.0, 105, 0.07944876566997637], "DRB3": [1076.0, 22, 0.020034420403303155], "DRB5": [1.0, 1, 1.8619349817196243e-05], "E": [5379.0, 251, 0.07400640185980219], "F": [668.0, 13, 0.009570238489901593], "HFE": [2.0, 1, 2.8489205737486514e-05], "L": [99.0, 2, 0.0013471677200308802], "T": [283.0, 1, 0.00919540321266121], "U": [1.0, 1, 7.609234287537851e-05], "DMB": [185.0, 3, 0.003483722667501547], "J": [1.0, 1, 1.362018192107232e-05], "K": [16.0, 8, 0.0002183216717815069], "DPB2": [2.0, 2, 3.843840000921183e-05], "DPA2": [3.0, 1, 6.103996945528318e-05], "DOB": [3.0, 1, 5.4431018991146676e-05], "DOA": [26.0, 11, 0.0005149622566971167], "H": [9.0, 9, 0.00012246979273008003], "DQA1": [493.0, 46, 0.009573764202294369], "DRB4": [2.0, 1, 3.7238699634392485e-05], "G": [2.0, 1, 2.932959528726488e-05]}