{"A": [224.0, 121, 0.14909819645518296], "B": [384.0, 195, 0.25770927935110727], "C": [220.0, 103, 0.14603672122629588], "DMA": [14.0, 2, 0.013017638335543168], "DRA": [87.0, 5, 0.08311597989366133], "DRB1": [121.0, 18, 0.11040266733905552], "F": [17.0, 4, 0.011935068165193345], "L": [3.0, 1, 0.002000494733785896], "T": [9.0, 1, 0.014330341360976093], "Y": [3.0, 2, 0.0026608522187249297], "DRB4": [13.0, 4, 0.011861443598410924], "DMB": [8.0, 2, 0.007382297064745261], "DPA1": [50.0, 20, 0.046669694087470036], "E": [95.0, 29, 0.06405028034495311], "DQA1": [32.0, 14, 0.030451975392074195], "DQB1": [15.0, 13, 0.013534211285366308], "DPB1": [38.0, 25, 0.03574285914745388]}