{"A": [1129.0, 394, 0.17170898463946252], "B": [1987.0, 440, 0.3046992643412269], "C": [344.0, 205, 0.052176211501212495], "DMA": [50.0, 2, 0.01062304146377651], "DOB": [3.0, 1, 0.000609467926315937], "DPB1": [172.0, 46, 0.03696654366977797], "DRA": [390.0, 5, 0.08513430406028892], "DRB3": [61.0, 6, 0.012717411885698592], "DRB5": [1.0, 1, 0.00020848216206063264], "E": [726.0, 110, 0.11184298687681869], "F": [57.0, 8, 0.009143775286457545], "HFE": [1.0, 1, 0.00015949781452776192], "K": [3.0, 3, 0.0004583555676410798], "L": [14.0, 2, 0.0021331377421057794], "T": [24.0, 1, 0.008731723493362967], "DRB4": [61.0, 7, 0.012717411885698592], "DMB": [10.0, 2, 0.0021085127753859437], "DRB1": [493.0, 46, 0.10278170589589188], "G": [1.0, 1, 0.00016420276480881687], "DQB1": [44.0, 27, 0.00907129051810486], "DPA1": [204.0, 36, 0.04350807051003271], "DQA1": [101.0, 23, 0.021961478376129218], "H": [1.0, 1, 0.00015236698157898424], "DOA": [1.0, 1, 0.00022177186163421876]}