{"A": [651.0, 327, 0.13587044172011806], "B": [872.0, 317, 0.18349952484991985], "C": [945.0, 299, 0.19669387141868191], "DPB1": [205.0, 53, 0.06046153670480495], "DRA": [286.0, 5, 0.08567437340739784], "DRB1": [300.0, 29, 0.0858292025571087], "DRB5": [73.0, 6, 0.020885105955563116], "E": [229.0, 70, 0.048411945866690925], "F": [44.0, 6, 0.009686085222295032], "HFE": [1.0, 1, 0.00021887676296798492], "T": [29.0, 1, 0.014478769398686114], "DPA1": [188.0, 25, 0.05502276694197481], "DRB4": [55.0, 6, 0.015735353802136594], "DMB": [7.0, 2, 0.0020254391361014664], "DQA1": [129.0, 26, 0.038492385724928316], "DMA": [46.0, 1, 0.013411631880488665], "DOB": [3.0, 1, 0.0008363648570345992], "DQB1": [114.0, 33, 0.03225270700534907], "DOA": [1.0, 1, 0.0003043346226128555], "J": [1.0, 1, 0.00020928216513925132]}