{"A": [37762.0, 9204, 0.17830519394878078], "B": [42336.0, 8852, 0.20155486675876905], "C": [17166.0, 4965, 0.08083382607812173], "DMA": [2889.0, 3, 0.01905620175401481], "DOA": [463.0, 28, 0.0031878462059998437], "DOB": [408.0, 13, 0.0025733549389417793], "DPA1": [8133.0, 290, 0.05385181641917677], "DPB1": [4971.0, 657, 0.03316913078209371], "DQA1": [2174.0, 241, 0.014676066335488312], "DQB1": [2287.0, 467, 0.014638362311443342], "DRA": [20043.0, 9, 0.1358352973211415], "DRB1": [8021.0, 195, 0.05191673193874432], "DRB5": [13.0, 6, 8.414381189423715e-05], "E": [27707.0, 2357, 0.13251699187617488], "F": [5727.0, 25, 0.028522513868717597], "HFE": [24.0, 1, 0.00011884362940671624], "K": [82.0, 10, 0.00038896008535697685], "L": [298.0, 3, 0.0014096686981703128], "T": [2763.0, 2, 0.031208977905695587], "V": [8.0, 2, 8.022519664012374e-05], "DRB3": [550.0, 23, 0.0035599305032177255], "DPB2": [8.0, 3, 5.3449003431628824e-05], "DRB4": [7.0, 5, 4.5308206404589235e-05], "W": [1.0, 1, 5.539052706055552e-06], "DMB": [1812.0, 3, 0.011861629594894962], "J": [35.0, 6, 0.00016571631657568938], "DPA2": [22.0, 2, 0.00015560733059085392], "H": [43.0, 16, 0.00020340857054135388], "G": [4.0, 3, 2.039155686477088e-05]}