{"A": [11787.0, 4010, 0.10462754109747736], "B": [21860.0, 5532, 0.19564436930704882], "C": [12767.0, 5986, 0.1130177390488821], "DMA": [1345.0, 2, 0.01667803242155615], "DMB": [936.0, 4, 0.01151849511885507], "DPA1": [4771.0, 170, 0.059387183645999896], "DPB1": [2642.0, 828, 0.033140333149605586], "DQA1": [1091.0, 160, 0.013845498790202294], "DQB1": [3540.0, 744, 0.042595460581976864], "DRA": [11643.0, 9, 0.14833667424405483], "DRB1": [4323.0, 191, 0.05260145955890858], "DRB3": [717.0, 9, 0.008724322577778732], "DRB5": [2106.0, 6, 0.025625416107115776], "E": [11980.0, 1488, 0.10771411345179684], "F": [2654.0, 22, 0.024848218909322022], "G": [5.0, 3, 4.791749727985998e-05], "HFE": [22.0, 1, 0.00020479581358922393], "K": [25.0, 5, 0.00022292815523155355], "L": [81.0, 4, 0.0007203101593837639], "T": [1681.0, 2, 0.03569440141490684], "W": [7.0, 5, 7.288988528532547e-05], "J": [6.0, 4, 5.340503532451244e-05], "DPB2": [1.0, 1, 1.2559818230313815e-05], "DPA2": [2.0, 2, 2.6593230413979594e-05], "V": [1.0, 1, 1.8851874171612226e-05], "DRB4": [2.0, 2, 2.433562783201878e-05], "DOB": [112.0, 13, 0.00132797922388447], "DOA": [247.0, 25, 0.003197032509748618], "H": [8.0, 7, 7.114174413666803e-05]}