{"A": [15689.0, 3009, 0.10035771653304777], "B": [38899.0, 7752, 0.2508813657835337], "C": [11796.0, 2948, 0.07524979015060315], "DMA": [2304.0, 3, 0.020588171484597316], "DMB": [1641.0, 4, 0.01455262196251371], "DOA": [422.0, 24, 0.00393618337764051], "DOB": [247.0, 17, 0.0021104884704706366], "DPA1": [4583.0, 205, 0.04110985485420041], "DPA2": [22.0, 5, 0.00021080288703178104], "DPB1": [3539.0, 781, 0.03199023217571146], "DQA1": [1961.0, 194, 0.01793387844797665], "DQB1": [4589.0, 836, 0.03979155279548945], "DRA": [15450.0, 9, 0.1418485487345137], "DRB1": [6581.0, 170, 0.0577055019336431], "DRB3": [1172.0, 7, 0.01027668261149213], "DRB5": [3172.0, 9, 0.027813683654994058], "E": [16318.0, 1687, 0.1057293335817894], "F": [3426.0, 25, 0.0231150308480332], "H": [39.0, 16, 0.00024992626623994375], "HFE": [30.0, 1, 0.0002012483930636826], "K": [82.0, 14, 0.0005269283177215433], "L": [167.0, 5, 0.0010701970887710412], "T": [2018.0, 1, 0.030879220209951305], "V": [7.0, 2, 9.509667780552739e-05], "Y": [176.0, 3, 0.0015001797688766552], "DRB4": [5.0, 3, 4.384250260875482e-05], "W": [11.0, 4, 8.254194241148263e-05], "J": [12.0, 2, 7.697061827860299e-05], "DPB2": [8.0, 2, 7.240792698889198e-05]}