{"A": [14551.0, 4624, 0.12046177355501103], "B": [29432.0, 9151, 0.2456691637171694], "C": [12297.0, 5269, 0.101524440891182], "DMA": [1447.0, 3, 0.01673419161094381], "DOB": [258.0, 13, 0.002853031986978742], "DPA1": [4938.0, 161, 0.05732552963803619], "DPB1": [2717.0, 742, 0.03178537737514921], "DQA1": [1361.0, 205, 0.01610852062730424], "DQB1": [2952.0, 708, 0.033127608621931974], "DRA": [11338.0, 10, 0.13472052602419826], "DRB1": [4424.0, 111, 0.05020435069314438], "DRB3": [1.0, 1, 1.134818053642504e-05], "DRB5": [2210.0, 8, 0.025079478985499337], "E": [10200.0, 1304, 0.08553219983274894], "F": [3236.0, 22, 0.02825638086927283], "HFE": [28.0, 1, 0.0002430916839264], "K": [33.0, 9, 0.0002744432352418326], "L": [111.0, 3, 0.0009206004376588382], "T": [1568.0, 1, 0.031052182161160534], "V": [4.0, 2, 7.032798924314474e-05], "Y": [125.0, 3, 0.0013789278837494623], "DRB4": [2.0, 2, 2.269636107285008e-05], "W": [4.0, 3, 3.8845694913147254e-05], "DMB": [1088.0, 3, 0.012487125201171697], "J": [9.0, 4, 7.471144610692977e-05], "DPA2": [8.0, 3, 9.920755917791494e-05], "DPB2": [1.0, 1, 1.1713779136181001e-05], "DOA": [312.0, 25, 0.0037663300056029942], "H": [20.0, 6, 0.0001658739527313222]}