{"A": [13706.0, 4165, 0.09692345534030783], "B": [26329.0, 6664, 0.1877271062983249], "C": [11841.0, 3813, 0.08350674644262843], "DMA": [2516.0, 3, 0.02485470379352847], "DOB": [517.0, 13, 0.004883590346814845], "DPA1": [8094.0, 191, 0.08026421065527396], "DPA2": [54.0, 6, 0.0005720187784875419], "DPB1": [4052.0, 982, 0.04049197116846141], "DPB2": [13.0, 5, 0.00013007748520923508], "DQA1": [2422.0, 211, 0.024486878133130156], "DQB1": [2122.0, 343, 0.020341401018467382], "DRA": [16472.0, 8, 0.16718811433086173], "DRB1": [6237.0, 69, 0.060459385536732864], "DRB5": [13.0, 5, 0.00012601763860470216], "E": [14032.0, 1400, 0.10051035221585619], "F": [4714.0, 19, 0.03516084872936047], "HFE": [35.0, 1, 0.00025956244936322276], "K": [52.0, 14, 0.000369405776843061], "L": [152.0, 3, 0.0010768458404968905], "T": [1881.0, 1, 0.03181973885546694], "W": [9.0, 3, 7.465985837453138e-05], "Y": [203.0, 3, 0.0019128870509746436], "DRB4": [1185.0, 16, 0.011486992442044004], "DMB": [1900.0, 3, 0.018627257594453786], "J": [11.0, 3, 7.800080180864282e-05], "V": [2.0, 1, 3.0037235090720552e-05], "H": [76.0, 19, 0.0005384229202484453], "DOA": [587.0, 28, 0.00605290177164461], "DRB3": [4.0, 3, 3.877465803221604e-05], "G": [1.0, 1, 7.634833108113336e-06]}