{"A": [30858.0, 8180, 0.13819277586157608], "B": [45527.0, 7996, 0.2055706265841819], "C": [20799.0, 6267, 0.0928913002323415], "DMA": [2500.0, 3, 0.01564002232255979], "DMB": [2224.0, 4, 0.013807959586496544], "DOA": [264.0, 18, 0.0017239666358674353], "DPA1": [6133.0, 212, 0.0385151069868443], "DPA2": [30.0, 5, 0.00020125060101825915], "DPB1": [4306.0, 546, 0.027250401951640035], "DQB1": [4975.0, 930, 0.030201462364948976], "DRA": [25071.0, 9, 0.16114993240472297], "DRB1": [11082.0, 97, 0.06803079336808268], "DRB5": [5038.0, 8, 0.030927552516549408], "DRB6": [1.0, 1, 1.287231156600209e-05], "E": [22202.0, 2141, 0.10071234820143962], "F": [5344.0, 24, 0.02524268953826051], "HFE": [51.0, 1, 0.00023952089200463488], "K": [65.0, 15, 0.0002924240587226275], "L": [157.0, 5, 0.0007043832243242786], "T": [2495.0, 2, 0.02672869592688656], "DRB4": [1469.0, 15, 0.009017978294325345], "W": [19.0, 7, 9.981542451500338e-05], "J": [13.0, 3, 5.83779901705629e-05], "DPB2": [4.0, 2, 2.5346510403158754e-05], "V": [1.0, 1, 9.511069667723014e-06], "DOB": [115.0, 10, 0.0006879326606988708], "DRB3": [6.0, 3, 3.6833131222567776e-05], "H": [28.0, 10, 0.00012562248586675033], "DQA1": [1859.0, 171, 0.011902496863095822]}