{"A": [19001.0, 5839, 0.15602610924174812], "B": [28736.0, 7202, 0.23791487510698506], "C": [8306.0, 3165, 0.06801861252827755], "DMA": [1635.0, 3, 0.018755056288992922], "DMB": [1059.0, 4, 0.012055741840031968], "DPA1": [4483.0, 251, 0.05162144268459695], "DPB1": [2949.0, 844, 0.034219756487584366], "DQA1": [1880.0, 188, 0.02207088715048345], "DQB1": [926.0, 325, 0.010307399969158797], "DRA": [12617.0, 9, 0.1487023489642852], "DRB1": [4740.0, 150, 0.053354245963588016], "E": [13129.0, 1654, 0.10920072634951297], "F": [3224.0, 23, 0.027923346441119344], "HFE": [12.0, 1, 0.00010333744639133872], "K": [72.0, 14, 0.0005939303186005396], "L": [123.0, 3, 0.0010118536864144611], "T": [1617.0, 1, 0.03176292545444627], "V": [2.0, 2, 3.4878886644658816e-05], "Y": [2.0, 1, 2.1883961644767726e-05], "G": [5.0, 3, 4.4327395268654393e-05], "DRB4": [874.0, 16, 0.009837892610163698], "W": [2.0, 2, 1.926536794368441e-05], "J": [14.0, 5, 0.00011527551668221028], "DPB2": [6.0, 3, 6.971282627044565e-05], "DPA2": [1.0, 1, 1.2300398632529746e-05], "H": [54.0, 20, 0.0004442284476941537], "DOB": [153.0, 14, 0.0016781963579556916], "DOA": [336.0, 24, 0.004023161458709809], "DRB3": [2.0, 2, 2.251234006902448e-05], "DRB5": [3.0, 2, 3.376851010353672e-05]}