{"A": [20915.0, 6388, 0.15689972712873868], "B": [34192.0, 6829, 0.2586207010027884], "C": [12846.0, 4551, 0.09610528217674295], "DMA": [1613.0, 3, 0.01690357172858296], "DOB": [126.0, 13, 0.001262598843122216], "DPA1": [5099.0, 175, 0.05364014082880158], "DPB1": [2941.0, 869, 0.031177455296578647], "DQA1": [844.0, 170, 0.009052069632473682], "DQB1": [1164.0, 313, 0.011836808484127779], "DRA": [11592.0, 9, 0.12481408485264632], "DRB1": [4554.0, 200, 0.04683032477416706], "DRB5": [4.0, 4, 4.1133355093690875e-05], "E": [15264.0, 1754, 0.11598604364673157], "F": [3784.0, 23, 0.029941052150647345], "HFE": [10.0, 1, 7.867196138979559e-05], "K": [38.0, 10, 0.0002863716976993968], "L": [119.0, 3, 0.0008943408472115695], "T": [1528.0, 1, 0.027420623656378477], "V": [4.0, 2, 6.372885382987697e-05], "DRB3": [404.0, 22, 0.004154468864462779], "DRB4": [3.0, 3, 3.085001632026816e-05], "DMB": [1037.0, 3, 0.010785002106994351], "J": [19.0, 5, 0.00014292432218513274], "DPB2": [3.0, 2, 3.1843895712029375e-05], "DPA2": [4.0, 2, 4.4949273437989624e-05], "W": [2.0, 1, 1.7600329823742734e-05], "H": [27.0, 12, 0.0002029176712160704], "DOA": [250.0, 22, 0.002734712602095484]}