{"A": [7847.0, 1119, 0.14283432838129406], "B": [12545.0, 1411, 0.23023644477943012], "C": [4711.0, 745, 0.08551790829573534], "DMA": [528.0, 3, 0.013425876904884308], "DOB": [17.0, 6, 0.00041334090725471894], "DPA1": [2822.0, 78, 0.0720321755769105], "DPB1": [2102.0, 187, 0.054068332693967956], "DQA1": [846.0, 83, 0.022016101945145423], "DQB1": [1130.0, 207, 0.02788205048021919], "DRA": [4670.0, 8, 0.12200755665628449], "DRB1": [3663.0, 117, 0.09139778842412112], "DRB5": [1192.0, 7, 0.02974233246015626], "DRB7": [1.0, 1, 5.329666286484376e-05], "E": [3779.0, 216, 0.06967530752983553], "F": [610.0, 14, 0.01171144248831221], "HFE": [3.0, 1, 5.72671878920241e-05], "K": [7.0, 6, 0.00012799976214109322], "L": [114.0, 1, 0.0020788616217810867], "T": [225.0, 1, 0.009797180673684515], "DRB3": [384.0, 14, 0.009581422537500002], "DMB": [159.0, 3, 0.004012390812268067], "DPA2": [1.0, 1, 2.7266369132764546e-05], "V": [2.0, 1, 7.731624206698805e-05], "DPB2": [1.0, 1, 2.575547496690259e-05], "H": [18.0, 12, 0.00032824130870227685], "DOA": [31.0, 9, 0.0008228070462201975], "Y": [1.0, 1, 2.425515603679176e-05], "DRB4": [1.0, 1, 2.4951621191406255e-05]}