{"A": [18343.0, 1823, 0.20819977957494476], "B": [25590.0, 1862, 0.2928563501997456], "C": [3556.0, 994, 0.04025192666324201], "DMA": [1069.0, 2, 0.01694991008026762], "DMB": [146.0, 3, 0.002297417440507969], "DPA1": [3132.0, 106, 0.04985081131184415], "DPB1": [2409.0, 217, 0.03863919062105294], "DQA1": [796.0, 86, 0.012917072201897117], "DQB1": [1792.0, 204, 0.02757180675025454], "DRA": [5473.0, 8, 0.08916127134304674], "DRB1": [5936.0, 136, 0.09235780772381613], "DRB3": [1554.0, 19, 0.02417857702203677], "DRB5": [25.0, 6, 0.00038897324681526335], "DRB7": [1.0, 1, 3.32338742078961e-05], "E": [6784.0, 322, 0.07799536529971188], "F": [984.0, 14, 0.01178030699588248], "K": [34.0, 8, 0.00038767785558158763], "L": [152.0, 4, 0.0017284040418340126], "T": [413.0, 1, 0.011213717359363636], "DRB4": [26.0, 4, 0.00040453217668787395], "DPB2": [10.0, 2, 0.0001606018405665082], "H": [3.0, 2, 3.411323766777656e-05], "DOB": [14.0, 4, 0.0002122601454883875], "DOA": [25.0, 9, 0.00041376835418197337], "Y": [1.0, 1, 1.5124639354321647e-05]}