{"A": [77282.0, 2890, 0.2430022906543043], "B": [94345.0, 2884, 0.2991061645476555], "C": [42636.0, 2209, 0.1336975624621485], "DMA": [1779.0, 2, 0.007814258194934675], "DOB": [114.0, 7, 0.0004788146046255562], "DPA1": [7867.0, 82, 0.03468819827644871], "DPB1": [5209.0, 255, 0.023145560031345224], "DQA1": [1599.0, 113, 0.007188223940041682], "DQB1": [2216.0, 174, 0.009445372543696026], "DRA": [10655.0, 7, 0.048086854962716634], "DRB1": [10092.0, 174, 0.0434989807223676], "DRB5": [14.0, 2, 6.034341360613817e-05], "E": [34454.0, 494, 0.10973488731425235], "F": [3700.0, 15, 0.012271152388123487], "HFE": [13.0, 1, 4.28677831819291e-05], "K": [200.0, 15, 0.0006317484550845206], "L": [1138.0, 3, 0.0035848093425255457], "T": [2311.0, 2, 0.01738287530405727], "V": [31.0, 2, 0.00020701675922271578], "Y": [3.0, 2, 1.2569800875134364e-05], "DRB3": [576.0, 18, 0.0024827004455096847], "DRB4": [7.0, 5, 3.0171706803069085e-05], "DMB": [548.0, 3, 0.002388854682141697], "J": [3.0, 3, 9.458918649416179e-06], "DPB2": [21.0, 2, 9.34312003192977e-05], "G": [27.0, 11, 9.165943293018333e-05], "DPA2": [7.0, 2, 3.297071916679173e-05], "DOA": [127.0, 14, 0.0005822950517844448], "H": [66.0, 26, 0.0002079063414821494]}