{"A": [46564.0, 3289, 0.2019180157048942], "B": [37301.0, 2839, 0.16308714288280868], "C": [11285.0, 1940, 0.04880242173767584], "DMA": [2204.0, 3, 0.01335107308766632], "DMB": [532.0, 5, 0.003198258626277434], "DOB": [51.0, 8, 0.00029541020075873556], "DPA1": [12249.0, 112, 0.07448451629867689], "DPB1": [8954.0, 392, 0.05486851426305389], "DQA1": [9844.0, 160, 0.06102917711839033], "DQB1": [3612.0, 375, 0.02123194849444528], "DRA": [17997.0, 9, 0.11201232471795927], "DRB1": [20976.0, 233, 0.12468588365172763], "DRB3": [306.0, 15, 0.001818930224896484], "DRB4": [4568.0, 11, 0.027153180612180194], "DRB5": [428.0, 7, 0.0025441246282865856], "E": [14287.0, 456, 0.06275363563478267], "F": [2406.0, 16, 0.01100454327789975], "HFE": [5.0, 1, 2.2737905221611763e-05], "K": [34.0, 11, 0.00014811051236577046], "L": [228.0, 3, 0.0009904930260734076], "T": [1230.0, 1, 0.012759085718276183], "Y": [130.0, 4, 0.000751178708668344], "J": [4.0, 3, 1.7392940103764392e-05], "DPB2": [42.0, 2, 0.0002577001660348339], "DPA2": [26.0, 2, 0.00016888710939773954], "V": [5.0, 1, 4.6047556609337554e-05], "H": [10.0, 6, 4.3442676582166996e-05], "DOA": [82.0, 14, 0.000518496710463813], "DQA2": [3.0, 3, 1.8598895911740246e-05], "G": [4.0, 3, 1.8726911911132757e-05]}