{"A": [71919.0, 3456, 0.19678176346622644], "B": [106480.0, 3916, 0.2937539471590827], "C": [22082.0, 2488, 0.06025521421693273], "DMA": [4087.0, 3, 0.015621604554638764], "DPA1": [11328.0, 105, 0.043464533874321955], "DPB1": [7234.0, 344, 0.02797055177802042], "DQA1": [5737.0, 129, 0.022442290414395296], "DQB1": [4978.0, 331, 0.01846347410300396], "DRA": [20885.0, 9, 0.08201940088793372], "DRB1": [22844.0, 172, 0.08568073504726872], "DRB4": [8181.0, 10, 0.030684385108637077], "DRB5": [7484.0, 8, 0.02807015501198385], "DRB7": [1.0, 1, 8.011471286156802e-06], "E": [23074.0, 398, 0.06394950015801962], "F": [2542.0, 15, 0.007336152741142143], "H": [36.0, 18, 9.868144376196791e-05], "HFE": [7.0, 1, 2.0086066978186825e-05], "K": [277.0, 19, 0.0007613829641807298], "L": [1182.0, 3, 0.0032400407368512792], "T": [2277.0, 1, 0.014903692907335815], "V": [22.0, 2, 0.00012784262690675746], "DRB3": [106.0, 14, 0.0003975730132643356], "DMB": [670.0, 3, 0.002541517879604667], "J": [12.0, 5, 3.292385460064439e-05], "DPB2": [40.0, 2, 0.0001548609140365361], "DOB": [218.0, 9, 0.0007967612866707039], "DOA": [106.0, 12, 0.00042291631291465194]}