{"A": [214785.0, 3869, 0.19176367105140346], "B": [300726.0, 3634, 0.2707121979697834], "C": [197764.0, 3322, 0.1760859260490117], "DMA": [8981.0, 2, 0.011201259983129437], "DOB": [189.0, 10, 0.0002254004162252523], "DPA1": [33660.0, 104, 0.04214218765389337], "DPB1": [26253.0, 381, 0.03312246476767102], "DQA1": [9210.0, 129, 0.011756096361629323], "DQB1": [8136.0, 300, 0.009846698676777793], "DRA": [49289.0, 8, 0.06316162559600477], "DRB1": [66561.0, 166, 0.08146143365628501], "DRB5": [1.0, 1, 1.2238613250444708e-06], "DRB6": [1.0, 1, 2.566264192043511e-06], "E": [71242.0, 548, 0.06442753980034442], "F": [9040.0, 16, 0.008512995974159476], "H": [26.0, 16, 2.325559849943079e-05], "HFE": [24.0, 1, 2.2471356363567245e-05], "K": [159.0, 7, 0.00014260727767277103], "L": [1174.0, 4, 0.0010500797168589136], "T": [3753.0, 1, 0.008015499768772137], "Y": [5.0, 2, 5.948500736411535e-06], "DRB3": [6892.0, 21, 0.008434852252206493], "DRB4": [12368.0, 10, 0.015136716868150015], "W": [1.0, 1, 1.0473428647015184e-06], "DMB": [2030.0, 3, 0.0025126707454066425], "J": [2.0, 2, 1.7905258837636913e-06], "DPB2": [13.0, 2, 1.642276801248463e-05], "V": [9.0, 1, 1.7065408689063037e-05], "DOA": [133.0, 13, 0.0001731495598153554], "G": [24.0, 10, 2.3134228232699022e-05]}