{"A": [141810.0, 4089, 0.15766934302730848], "B": [218982.0, 4127, 0.2454840497864585], "C": [143152.0, 4197, 0.15872774344331403], "DMA": [6218.0, 2, 0.009657637781910972], "DMB": [2191.0, 5, 0.003377224545797963], "DOA": [479.0, 19, 0.000776574772863684], "DOB": [244.0, 10, 0.0003623771039823192], "DPA1": [32198.0, 114, 0.05020071180142929], "DPB1": [25693.0, 484, 0.04036793549492463], "DQA1": [12685.0, 142, 0.02016378196305563], "DQB1": [7520.0, 175, 0.011333800473793093], "DRA": [52303.0, 9, 0.08346567421193994], "DRB1": [53342.0, 137, 0.08129793604855429], "DRB2": [1.0, 1, 1.099815313371239e-05], "DRB3": [8063.0, 17, 0.012288726676155621], "DRB4": [5198.0, 11, 0.00792221273256318], "DRB5": [31.0, 6, 4.7246747731715766e-05], "DRB7": [2.0, 1, 6.510906655157734e-06], "E": [82897.0, 826, 0.09335815769014254], "F": [8186.0, 18, 0.00959983463240656], "H": [40.0, 16, 4.4554561965039235e-05], "HFE": [16.0, 1, 1.86558929947213e-05], "K": [37.0, 9, 4.132608867351947e-05], "L": [1429.0, 4, 0.0015917117262010268], "T": [4458.0, 1, 0.011856871678387736], "V": [13.0, 2, 3.0696972866435156e-05], "Y": [3.0, 2, 4.44464198243474e-06], "J": [6.0, 3, 6.6892876594086314e-06], "DPB2": [131.0, 2, 0.00020608781535736066], "G": [6.0, 4, 7.202330370749706e-06], "DPA2": [44.0, 4, 7.3281009420261e-05]}