{"A": [110433.0, 4049, 0.22039902795115224], "B": [129032.0, 3834, 0.25964663213395645], "C": [145569.0, 3999, 0.2897308391171573], "DMA": [1650.0, 3, 0.0046001770055215975], "DOB": [141.0, 9, 0.00037588971231581253], "DPA1": [7633.0, 113, 0.021362232866096238], "DPB1": [6232.0, 371, 0.017575980839554407], "DQA1": [2213.0, 126, 0.006314418155453255], "DQB1": [1537.0, 178, 0.004158167629767708], "DRA": [8006.0, 9, 0.02293333923190956], "DRB1": [11034.0, 165, 0.030186558862055225], "DRB5": [81.0, 4, 0.00022159790355505467], "DRB7": [2.0, 1, 1.1687237580088808e-05], "E": [43546.0, 794, 0.08803028960952732], "F": [4731.0, 17, 0.009958991533033168], "H": [42.0, 19, 8.397536126204322e-05], "HFE": [12.0, 1, 2.5115840071824088e-05], "K": [114.0, 13, 0.00022855874041573495], "L": [493.0, 3, 0.0009857107881473168], "T": [2972.0, 1, 0.014188917519617624], "Y": [482.0, 3, 0.0012818374955103472], "DRB3": [716.0, 19, 0.0019588160363631993], "DRB4": [1590.0, 10, 0.00434988477348811], "DMB": [373.0, 3, 0.0010320406291129559], "J": [6.0, 4, 1.2007435869954255e-05], "DPB2": [10.0, 2, 2.823913719415788e-05], "DOA": [91.0, 13, 0.00026482535353288884], "G": [23.0, 7, 4.955871392736773e-05], "W": [2.0, 2, 4.682386850997119e-06]}