{"A": [58875.0, 2652, 0.16278736615965808], "B": [39678.0, 2616, 0.11061499646848315], "C": [53213.0, 2460, 0.14673122436493158], "DMA": [4341.0, 3, 0.016767154119295424], "DPA1": [14435.0, 94, 0.055968947833719224], "DPB1": [17582.0, 362, 0.06869725333830387], "DQA1": [7792.0, 142, 0.030802065519139894], "DQB1": [12862.0, 260, 0.04820761021609884], "DRA": [31346.0, 9, 0.12439783172047625], "DRB1": [21898.0, 154, 0.08299731668943086], "DRB3": [59.0, 14, 0.00022362049888923285], "DRB5": [15173.0, 9, 0.05750836999400559], "DRB7": [2.0, 1, 1.6191640190759367e-05], "E": [23923.0, 577, 0.06700056646970762], "F": [2861.0, 16, 0.008343710840375098], "HFE": [9.0, 1, 2.6096841281668036e-05], "K": [91.0, 13, 0.0002527629101142102], "L": [206.0, 2, 0.000570622356175256], "T": [1568.0, 1, 0.010371115939179203], "U": [1.0, 1, 1.5489451713098885e-05], "Y": [464.0, 4, 0.0017095542434418264], "DRB4": [57.0, 10, 0.00021604014299468255], "DMB": [895.0, 3, 0.00343075709534319], "DPB2": [73.0, 2, 0.00028559674627708613], "W": [1.0, 1, 3.243517666418143e-06], "DPA2": [11.0, 1, 4.555969698968786e-05], "V": [11.0, 1, 6.459430927164642e-05], "H": [196.0, 31, 0.0005429222417978164], "DOB": [156.0, 8, 0.0005761623790507439], "DOA": [204.0, 16, 0.0008224837148692508], "J": [1.0, 1, 2.772541128554686e-06]}