{"A": [925.0, 355, 0.16331973574845934], "B": [1482.0, 379, 0.26382721914017815], "C": [217.0, 146, 0.03820952957541538], "DMA": [72.0, 2, 0.017758620492854964], "DPB1": [245.0, 72, 0.061128584804609615], "DQA1": [112.0, 31, 0.02827197047213195], "DRA": [414.0, 6, 0.10491514420582745], "DRB1": [360.0, 51, 0.08713031028329589], "DRB5": [105.0, 2, 0.025413007165961298], "F": [40.0, 5, 0.0074491811865642025], "L": [10.0, 1, 0.0017688406969008515], "T": [23.0, 1, 0.009714365204243283], "V": [7.0, 2, 0.002624863796252096], "DMB": [6.0, 2, 0.0014686737907601013], "DQB1": [121.0, 51, 0.028960071340765847], "DPA1": [448.0, 42, 0.11092144736959046], "E": [206.0, 32, 0.03684149236010025], "DRB3": [41.0, 5, 0.009923174226708699], "H": [2.0, 2, 0.00035376813938017035]}