{"A": [39026.0, 2363, 0.10757458728277587], "B": [99374.0, 3081, 0.2761867757731136], "C": [38345.0, 2123, 0.10540941706193235], "DMA": [4475.0, 2, 0.017231714165609546], "DMB": [872.0, 4, 0.0033323398892261885], "DOB": [86.0, 7, 0.00031665374022714533], "DPA1": [18241.0, 148, 0.07050905105062996], "DPB1": [13614.0, 467, 0.05303013295007388], "DQA1": [5705.0, 123, 0.022482904574439806], "DQB1": [9479.0, 232, 0.03541893454737262], "DRA": [31065.0, 7, 0.12290453591440119], "DRB1": [30176.0, 148, 0.1140216032852473], "DRB5": [46.0, 5, 0.0001738134196421453], "E": [13731.0, 462, 0.03833812538404748], "F": [2900.0, 15, 0.008431508008326843], "HFE": [8.0, 1, 2.3126041133401164e-05], "K": [89.0, 11, 0.0002464494385788793], "L": [641.0, 3, 0.0017701312280720943], "T": [1359.0, 1, 0.008961170894772854], "U": [1.0, 1, 1.5441942006805497e-05], "Y": [141.0, 3, 0.0005179047442962096], "DRB3": [3194.0, 23, 0.012068697007326348], "DRB4": [37.0, 9, 0.00013980644623389946], "J": [5.0, 4, 1.382018554033734e-05], "DPB2": [52.0, 3, 0.00020281478470794023], "G": [1.0, 1, 2.9760281547039113e-06], "DPA2": [1.0, 1, 4.129086812188101e-06], "V": [5.0, 1, 2.927099258543402e-05], "H": [103.0, 29, 0.0002844360631691509], "DOA": [89.0, 15, 0.00035772806954411035]}