{"A": [32012.0, 1384, 0.12063930748677681], "B": [19745.0, 1838, 0.07502528014076895], "C": [38158.0, 1803, 0.14340908079084078], "DMA": [3722.0, 2, 0.01959440995677154], "DMB": [760.0, 3, 0.003970697277645154], "DOA": [144.0, 15, 0.0007913085956540058], "DPA1": [15384.0, 142, 0.08129912596639122], "DPB1": [12650.0, 458, 0.06736710337545089], "DQA1": [9899.0, 82, 0.053334529917619625], "DQB1": [5398.0, 142, 0.02757567987742853], "DRA": [30165.0, 10, 0.16316246652406521], "DRB1": [26005.0, 52, 0.1343391850688095], "DRB5": [21.0, 4, 0.00010848386412016919], "DRB7": [2.0, 1, 2.2068717501017275e-05], "E": [11518.0, 357, 0.043966931764884164], "F": [1359.0, 17, 0.005401906895511973], "G": [5.0, 4, 2.0343581767161942e-05], "HFE": [12.0, 1, 4.742561067553855e-05], "K": [214.0, 12, 0.0008101622046919653], "L": [232.0, 2, 0.0008759025650494995], "T": [1241.0, 1, 0.011187613733154592], "V": [9.0, 2, 7.203280615660861e-05], "Y": [3.0, 2, 1.5065113585342497e-05], "DRB4": [8830.0, 10, 0.045614881913385426], "J": [2.0, 2, 7.557779966101806e-06], "DPB2": [116.0, 2, 0.0006185497495452651], "DQA2": [1.0, 1, 5.3878704836467955e-06], "DPA2": [1.0, 1, 5.645135786413014e-06], "W": [2.0, 1, 8.841633614189615e-06], "DOB": [123.0, 8, 0.0006191725028798187], "DRB3": [6.0, 5, 3.099538974861977e-05], "H": [14.0, 6, 5.285618927022842e-05]}