{"A": [20511.0, 2504, 0.1460771413658479], "B": [41190.0, 3062, 0.29577514715902553], "C": [16085.0, 2198, 0.11424350351333999], "DMA": [1239.0, 3, 0.012326691506016788], "DMB": [454.0, 5, 0.004482584015878167], "DPA1": [4956.0, 109, 0.049495680836419906], "DPB1": [4022.0, 354, 0.0404779784050105], "DQA1": [2940.0, 133, 0.029935318090618102], "DQB1": [1619.0, 269, 0.015630022268971956], "DRA": [9259.0, 9, 0.09464559718749425], "DRB1": [9448.0, 240, 0.09223699284307997], "DRB2": [5.0, 1, 0.00035224496374325397], "DRB3": [472.0, 17, 0.004607944604353698], "DRB4": [918.0, 11, 0.008962061751687914], "DRB5": [353.0, 5, 0.0034461958587645248], "DRB7": [2.0, 1, 4.170580370720127e-05], "E": [8519.0, 413, 0.06145498301112448], "F": [1175.0, 13, 0.008826426396967128], "H": [15.0, 11, 0.00010702333296213831], "HFE": [13.0, 1, 9.709445705473076e-05], "K": [16.0, 5, 0.00011447155637841155], "L": [233.0, 2, 0.001662429105345215], "T": [746.0, 1, 0.012709366652603003], "Y": [15.0, 2, 0.00014235142345449462], "DPB2": [10.0, 2, 0.00010077111076160101], "DPA2": [7.0, 3, 7.467785452346749e-05], "V": [10.0, 1, 0.00015125412369632957], "DOB": [123.0, 9, 0.0011701217737193788], "DOA": [62.0, 11, 0.0006438644994637647], "W": [1.0, 1, 8.354527986218204e-06]}