{"A": [317919.0, 6931, 0.21612742849586655], "B": [357147.0, 5575, 0.24480194796776467], "C": [137105.0, 3519, 0.09295263739455267], "DMA": [9830.0, 3, 0.009335266368005192], "DMB": [2511.0, 5, 0.002366558659605718], "DOB": [300.0, 11, 0.00027242388358488765], "DPA1": [61049.0, 157, 0.0581985996589888], "DPB1": [53077.0, 683, 0.05098953972349566], "DQA1": [26119.0, 212, 0.02538581249748579], "DQB1": [31289.0, 598, 0.028833834874266526], "DRA": [79802.0, 9, 0.07786603905422863], "DRB1": [74840.0, 311, 0.06974241878418326], "DRB3": [6245.0, 26, 0.0058196339565369385], "DRB4": [846.0, 10, 0.0007883763534395916], "DRB5": [25897.0, 9, 0.024133076152511947], "DRB6": [1.0, 1, 1.9540351859230164e-06], "DRB7": [5.0, 1, 9.952552546967896e-06], "E": [95973.0, 934, 0.06608692289599745], "F": [17416.0, 18, 0.012488015501296315], "G": [18.0, 9, 1.3211352938452958e-05], "H": [147.0, 33, 0.0001001157772174462], "HFE": [58.0, 1, 4.1350146685110167e-05], "K": [348.0, 16, 0.0002376593060163422], "L": [4863.0, 5, 0.0033119933646832715], "T": [5986.0, 1, 0.009734637180743435], "V": [19.0, 3, 2.743208390605271e-05], "Y": [1.0, 1, 9.058755352215924e-07], "W": [6.0, 3, 4.784881032196104e-06], "J": [5.0, 3, 3.4084084064958544e-06], "DPB2": [88.0, 3, 8.464799846647952e-05], "DPA2": [19.0, 2, 1.934841388735232e-05], "DOA": [222.0, 16, 0.00022006640093893157]}