{"A": [12642.0, 1795, 0.1500188075301032], "B": [19365.0, 1646, 0.23169778643802744], "C": [11834.0, 1344, 0.1400478703620418], "DMA": [732.0, 2, 0.012134469604832615], "DPA1": [3128.0, 71, 0.052051978948485754], "DPB1": [3256.0, 190, 0.05460037689481279], "DQA1": [2556.0, 95, 0.04336425530015938], "DQB1": [1274.0, 179, 0.020493525300839248], "DRA": [5335.0, 5, 0.09086680370484776], "DRB1": [6266.0, 108, 0.10192721022132613], "DRB4": [1581.0, 11, 0.025717669862738046], "DRB5": [4.0, 2, 6.506684342248716e-05], "E": [4455.0, 332, 0.05354891668477661], "F": [574.0, 11, 0.0071844483351898684], "L": [114.0, 4, 0.001355272294772124], "T": [349.0, 1, 0.009907064821303302], "Y": [2.0, 1, 3.1625328629497695e-05], "DRB3": [7.0, 7, 0.00011386697598935253], "DMB": [191.0, 3, 0.003142247929939941], "K": [10.0, 6, 0.00011920983893278182], "DPB2": [12.0, 2, 0.00020148920714463484], "V": [1.0, 1, 2.5202389546137433e-05], "H": [7.0, 7, 8.321847424039358e-05], "DOB": [30.0, 6, 0.0004755341385165347], "DOA": [47.0, 11, 0.0008132707351681188], "G": [1.0, 1, 1.2811834213719817e-05]}