{"A": [232605.0, 5390, 0.18205697721009131], "B": [285386.0, 5310, 0.22521401157908258], "C": [136378.0, 3718, 0.10645047900248111], "DMA": [9796.0, 3, 0.010710675264975466], "DMB": [3358.0, 4, 0.0036437295275995284], "DPA1": [47145.0, 179, 0.05174453634458052], "DPB1": [51018.0, 543, 0.05642778883633529], "DQA1": [27646.0, 203, 0.030935825222980076], "DQB1": [21452.0, 372, 0.022760059402732208], "DRA": [78759.0, 9, 0.0884767945207252], "DRB1": [71604.0, 207, 0.07682373001683997], "DRB3": [14494.0, 15, 0.015550571795766693], "DRB4": [9605.0, 11, 0.010305177459523878], "DRB5": [61.0, 4, 6.544672826975082e-05], "DRB7": [7.0, 1, 1.6041958706382203e-05], "E": [114188.0, 920, 0.09052776657704784], "F": [14731.0, 18, 0.012161079338396264], "H": [207.0, 35, 0.00016231191926263273], "HFE": [32.0, 1, 2.6265998700584854e-05], "K": [667.0, 24, 0.0005244405857317799], "L": [3212.0, 4, 0.0025185791530027844], "T": [5586.0, 1, 0.010458727980141335], "V": [86.0, 2, 0.0001429547301135192], "W": [10.0, 4, 9.181523984879922e-06], "Y": [1242.0, 5, 0.0012953436663483895], "J": [13.0, 4, 1.020281131032136e-05], "DPB2": [135.0, 2, 0.00014950739313523544], "G": [4.0, 4, 3.380100865230131e-06], "DQA2": [11.0, 5, 1.2308980592229645e-05], "DPA2": [6.0, 2, 7.034575538756568e-06], "DOB": [287.0, 9, 0.00030005488456280577], "DOA": [446.0, 17, 0.0005090149105753032]}