{"A": [53419.0, 3101, 0.21671643485222017], "B": [79381.0, 3534, 0.3247036120386328], "C": [16752.0, 2335, 0.06777628796272457], "DMA": [1578.0, 3, 0.008942992916580276], "DPA1": [5831.0, 99, 0.03317261537836791], "DPB1": [3743.0, 279, 0.021458395338244278], "DQB1": [2596.0, 275, 0.014276380130023723], "DRA": [9283.0, 9, 0.0540536903255276], "DRB1": [13516.0, 165, 0.07516472985823505], "DRB3": [139.0, 13, 0.0007730021789208842], "DRB4": [5837.0, 12, 0.03246053034792231], "DRB5": [4830.0, 8, 0.02686043542581202], "DRB7": [2.0, 1, 2.375730437661883e-05], "E": [19029.0, 430, 0.07819610441351701], "F": [2468.0, 17, 0.010560703746667016], "HFE": [1.0, 1, 4.2545315860707075e-06], "K": [164.0, 18, 0.0006683779593605022], "L": [779.0, 3, 0.0031661051738228908], "T": [1705.0, 1, 0.016546651945316626], "Y": [1.0, 1, 5.405940012883532e-06], "DMB": [313.0, 3, 0.001760425253286386], "DQA1": [2081.0, 117, 0.012070056251890572], "DPA2": [16.0, 2, 9.72331693449611e-05], "DOB": [56.0, 11, 0.0003034692164896566], "H": [47.0, 17, 0.00019102303359393565], "DOA": [8.0, 5, 4.7325307523145077e-05]}