{"A": [43925.0, 3677, 0.1585952696271294], "B": [83740.0, 3815, 0.30484977326796703], "C": [31775.0, 2742, 0.11441396592961096], "DMA": [1655.0, 3, 0.008347496615174295], "DMB": [492.0, 4, 0.0024627522285142066], "DOA": [141.0, 14, 0.0007423435441503322], "DOB": [171.0, 9, 0.0008247172764527724], "DPA1": [10618.0, 127, 0.05376030927689044], "DPA2": [23.0, 3, 0.00012439549738410695], "DPB1": [9227.0, 412, 0.04707824897589348], "DQA1": [5744.0, 173, 0.029650635824398176], "DQB1": [3906.0, 287, 0.019117364453539547], "DRA": [15215.0, 9, 0.07884811606413777], "DRB1": [15208.0, 234, 0.07526973505137198], "DRB3": [423.0, 15, 0.002093575613277903], "DRB5": [35.0, 6, 0.00017322729660691871], "DRB6": [2.0, 1, 2.075618019179385e-05], "E": [20543.0, 568, 0.07513034506354614], "F": [2496.0, 17, 0.009505493102704161], "HFE": [6.0, 1, 2.27187989491841e-05], "K": [36.0, 11, 0.00013057593321022369], "L": [411.0, 3, 0.0014866614062372344], "T": [1186.0, 1, 0.010243604518793668], "V": [4.0, 2, 3.067257575731238e-05], "Y": [68.0, 3, 0.00032716173341143024], "DRB4": [1291.0, 11, 0.006389612569129487], "DPB2": [31.0, 2, 0.00015837286458197342], "W": [1.0, 1, 4.235502581872464e-06], "H": [43.0, 19, 0.00015553878459416323], "J": [2.0, 2, 7.240968797502512e-06], "G": [9.0, 6, 3.508345501444801e-05]}