{"A": [302178.0, 5940, 0.18069814652092958], "B": [205636.0, 5217, 0.1239836630435846], "C": [428020.0, 6398, 0.2552524617385241], "DMA": [12227.0, 3, 0.01021387554508435], "DMB": [3624.0, 5, 0.0030043892749624683], "DOB": [337.0, 13, 0.00026918526229723663], "DPA1": [64485.0, 157, 0.05407420431746219], "DPB1": [46104.0, 641, 0.038959267546129175], "DQA1": [34271.0, 241, 0.02929940172973474], "DQB1": [24642.0, 706, 0.019974877744662164], "DRA": [101658.0, 9, 0.08725158431516634], "DRB1": [89625.0, 251, 0.07346658423130747], "DRB3": [87.0, 15, 7.131484327055788e-05], "DRB4": [13017.0, 13, 0.0106701760327914], "DRB5": [22725.0, 9, 0.01862792888877503], "DRB7": [6.0, 1, 1.0505414153511147e-05], "E": [121442.0, 1060, 0.07355849317520184], "F": [15254.0, 20, 0.009621132774835436], "H": [138.0, 33, 8.267262506754895e-05], "HFE": [52.0, 1, 3.260992932083211e-05], "K": [315.0, 23, 0.00018922721056473073], "L": [2561.0, 4, 0.0015342361796956002], "T": [5945.0, 2, 0.008504178532492343], "V": [47.0, 3, 5.9689853144949696e-05], "Y": [219.0, 5, 0.0001745058934783784], "DPB2": [63.0, 3, 5.330550029568317e-05], "J": [15.0, 5, 8.994361432800639e-06], "DPA2": [21.0, 3, 1.8810854128899564e-05], "W": [5.0, 2, 3.507416584372044e-06], "DOA": [375.0, 15, 0.00032698624730799134], "G": [5.0, 3, 3.2280648210149783e-06], "DQA2": [1.0, 1, 8.549327924406856e-07]}