{"A": [18141.0, 2039, 0.1065120220376963], "B": [36813.0, 2406, 0.21792802214033824], "C": [19489.0, 1706, 0.11411480248232843], "DMA": [1616.0, 2, 0.01325435372582449], "DMB": [473.0, 4, 0.0038501327628697062], "DOA": [127.0, 14, 0.0010872977542135517], "DOB": [196.0, 10, 0.0015371774330791969], "DPA1": [9352.0, 121, 0.07699853856906173], "DPB1": [8227.0, 377, 0.0682590476576365], "DQA1": [3785.0, 146, 0.03177198947847785], "DQB1": [3774.0, 301, 0.030037004748465677], "DRA": [15407.0, 9, 0.1298363786101966], "DRB1": [12102.0, 158, 0.09740121598379761], "DRB3": [2270.0, 16, 0.018269770309305947], "DRB5": [2850.0, 7, 0.022937817348688085], "DRB7": [2.0, 1, 3.438258095213877e-05], "E": [8255.0, 331, 0.049093900904042705], "F": [879.0, 12, 0.005443495795556553], "H": [16.0, 9, 9.411290406607328e-05], "HFE": [7.0, 1, 4.310137297008801e-05], "K": [33.0, 9, 0.0001946406401110326], "L": [141.0, 3, 0.0008293699670822708], "T": [675.0, 1, 0.009480491071361796], "Y": [4.0, 3, 3.1294824895757375e-05], "DRB4": [43.0, 6, 0.00034607934947143427], "W": [3.0, 2, 2.0662608745275704e-05], "DPB2": [51.0, 4, 0.0004236899875706534], "V": [5.0, 1, 6.234752348671199e-05], "J": [2.0, 1, 1.1774856490458483e-05], "G": [15.0, 3, 9.508457121719793e-05]}