{"A": [31820.0, 2607, 0.11764695175095344], "B": [83362.0, 3394, 0.3107585523443553], "C": [15582.0, 1897, 0.05745379558373381], "DMA": [2345.0, 2, 0.012111645333158703], "DMB": [658.0, 4, 0.0033727453783924982], "DPA1": [14324.0, 114, 0.0742652066940622], "DPB1": [10183.0, 394, 0.05320317725221564], "DQA1": [4856.0, 170, 0.025668488858123152], "DQB1": [5384.0, 341, 0.026983785517043876], "DRA": [21097.0, 9, 0.11195464355121215], "DRB1": [17256.0, 183, 0.08745617113417581], "DRB3": [3214.0, 17, 0.01628906664494906], "DRB5": [4508.0, 7, 0.02284726584798705], "DRB7": [2.0, 1, 2.1651180058252145e-05], "E": [16185.0, 512, 0.060613067788770354], "F": [1711.0, 15, 0.006672400770833829], "H": [23.0, 13, 8.519225730037626e-05], "K": [22.0, 7, 8.171191010090586e-05], "L": [511.0, 3, 0.001892749716543142], "T": [992.0, 1, 0.008773680807919172], "V": [6.0, 2, 4.7113302834687944e-05], "DRB4": [69.0, 7, 0.00034970304869367933], "DPB2": [64.0, 2, 0.0003348120627564765], "DPA2": [2.0, 2, 1.1076661012066242e-05], "DOB": [136.0, 8, 0.000671660695237749], "DOA": [76.0, 10, 0.0004097334871581581], "G": [6.0, 2, 2.3950420418420515e-05]}