{"A": [15098.0, 1440, 0.1735240315154092], "B": [20485.0, 1660, 0.23738355900807026], "C": [22250.0, 1508, 0.255026461206536], "DMA": [349.0, 2, 0.005603320049869929], "DPA1": [2691.0, 78, 0.04337050549023915], "DPB1": [2062.0, 196, 0.033489617738734274], "DQB1": [816.0, 171, 0.012712989494872031], "DRA": [2526.0, 8, 0.04166913252255202], "DRB1": [2853.0, 124, 0.04494814816862597], "DRB4": [416.0, 9, 0.006553953606080758], "DRB5": [252.0, 4, 0.003970183434452767], "E": [7995.0, 269, 0.09307471908612408], "F": [802.0, 14, 0.009722236626333525], "H": [26.0, 12, 0.0002993679766463667], "K": [26.0, 9, 0.00030018966368199263], "L": [127.0, 3, 0.0014622974243880221], "T": [300.0, 1, 0.008248046817607288], "V": [3.0, 2, 7.322734021821557e-05], "DRB3": [358.0, 8, 0.0056401812283098825], "DMB": [48.0, 2, 0.000764818886723585], "DQA1": [1320.0, 90, 0.021689785615676666], "DOB": [21.0, 4, 0.0003223962825422411], "DOA": [9.0, 6, 0.00015083081630604562]}