{"A": [214896.0, 4973, 0.28032264771351106], "B": [133200.0, 3449, 0.17518968831217993], "C": [160404.0, 3922, 0.20867002592528022], "DMA": [3618.0, 3, 0.006592926154488129], "DMB": [769.0, 4, 0.0013906996747679522], "DPA1": [17919.0, 114, 0.03277813218466572], "DPB1": [14204.0, 387, 0.026183146741376277], "DQA1": [10714.0, 141, 0.019981248309911687], "DQB1": [5712.0, 270, 0.010100325613641959], "DRA": [15503.0, 9, 0.029025954273657548], "DRB1": [23961.0, 205, 0.04284544106348697], "DRB3": [1874.0, 24, 0.0033509601666447384], "DRB5": [32.0, 6, 5.722023763747686e-05], "DRB7": [2.0, 1, 7.638901724603161e-06], "E": [88497.0, 903, 0.11693148395794614], "F": [10605.0, 18, 0.014591237894347357], "H": [102.0, 26, 0.00013329744113415643], "HFE": [34.0, 1, 4.6511937434904634e-05], "K": [148.0, 11, 0.0001939428388451397], "L": [1784.0, 3, 0.0023313983821895597], "S": [1.0, 1, 5.364397278513456e-06], "T": [7097.0, 1, 0.022145949975289472], "V": [29.0, 2, 8.034144705518315e-05], "Y": [12.0, 4, 2.085865155383145e-05], "DRB4": [3801.0, 11, 0.006796691351876548], "DPB2": [7.0, 2, 1.292017849683202e-05], "DPA2": [1.0, 1, 1.9540164711638373e-06], "W": [4.0, 1, 6.1209148434320206e-06], "G": [26.0, 10, 3.661715428460217e-05], "DOB": [32.0, 5, 5.575840674892818e-05], "DOA": [58.0, 13, 0.0001103227838712608], "J": [1.0, 1, 1.3080311172265685e-06], "DQA2": [1.0, 1, 1.8649662413581935e-06]}