{"A": [46368.0, 2794, 0.16046802421673054], "B": [70473.0, 2787, 0.24590500120778816], "C": [9410.0, 1425, 0.03247691630584473], "DMA": [3760.0, 2, 0.018177651819471435], "DMB": [795.0, 4, 0.00381429631838099], "DPA1": [13172.0, 126, 0.06392377904001831], "DPB1": [11547.0, 397, 0.056470369400078456], "DQA1": [5077.0, 153, 0.025119930010922536], "DQB1": [7879.0, 336, 0.036962263884585546], "DRA": [24715.0, 9, 0.12276417830222985], "DRB1": [25557.0, 192, 0.12124109177838936], "DRB3": [7621.0, 23, 0.036153631507731945], "DRB5": [110.0, 7, 0.000521834334844576], "DRB7": [4.0, 1, 4.05322959719278e-05], "E": [15745.0, 375, 0.05519323686098966], "F": [2454.0, 18, 0.008957695813680729], "HFE": [66.0, 1, 0.00023953541673954465], "K": [30.0, 10, 0.00010429742216015272], "L": [382.0, 2, 0.0013244186582980512], "T": [1041.0, 1, 0.00861808008716847], "U": [3.0, 2, 5.816177674543211e-05], "Y": [11.0, 2, 5.072685706438172e-05], "DRB4": [34.0, 7, 0.00016129424895195985], "W": [2.0, 2, 8.119450314889383e-06], "DPB2": [63.0, 2, 0.00030849725912912183], "V": [1.0, 1, 7.3499086022596344e-06], "DOB": [120.0, 8, 0.0005547303280829534], "DOA": [68.0, 13, 0.0003431519081288708], "H": [9.0, 3, 3.1203580954666135e-05]}