{"A": [233078.0, 5353, 0.20342510098000124], "B": [236351.0, 3928, 0.20798650730445223], "C": [185309.0, 4063, 0.16129272935710656], "DMA": [7157.0, 2, 0.008725977095884163], "DMB": [2138.0, 4, 0.0025869504882495248], "DOB": [507.0, 10, 0.0005910738410125132], "DPA1": [37697.0, 121, 0.046137135279978744], "DPB1": [34500.0, 566, 0.04255040261886704], "DQA1": [24042.0, 211, 0.029999565892047733], "DQA2": [1.0, 1, 1.2477982652045475e-06], "DQB1": [16318.0, 420, 0.019305786872042957], "DRA": [50618.0, 8, 0.06340874299043016], "DRB1": [54554.0, 265, 0.06526790621480164], "DRB3": [8356.0, 15, 0.009997041909500355], "DRB5": [40.0, 4, 4.7855633841552685e-05], "DRB7": [3.0, 1, 7.66647254141674e-06], "E": [118790.0, 952, 0.10501617541454043], "F": [13040.0, 18, 0.012004178907309595], "H": [137.0, 37, 0.00011978863345963656], "HFE": [10.0, 1, 9.152904180296968e-06], "K": [341.0, 13, 0.0002989784008031917], "L": [2188.0, 4, 0.0019131206570049987], "S": [1.0, 1, 3.5891725381164514e-06], "T": [5073.0, 1, 0.010591507408117408], "V": [106.0, 3, 0.00019648116281193774], "Y": [9.0, 3, 1.0466967972201254e-05], "DRB4": [6631.0, 10, 0.007933267700083397], "W": [5.0, 3, 5.119172370069939e-06], "DPB2": [56.0, 2, 6.915632447154276e-05], "G": [30.0, 10, 2.8268704061271165e-05], "DPA2": [7.0, 2, 9.151655489412889e-06], "J": [2.0, 2, 1.7503361966704886e-06], "DOA": [360.0, 11, 0.0004581557295667375]}