{"A": [26068.0, 2934, 0.16426431351820184], "B": [42392.0, 3392, 0.26933567230934496], "C": [17080.0, 2396, 0.10733426784967598], "DMA": [1218.0, 3, 0.010721673877400527], "DMB": [411.0, 4, 0.003590496362847202], "DPA1": [6709.0, 115, 0.05928350612898412], "DPB1": [5671.0, 379, 0.050498267589723825], "DQA1": [3211.0, 157, 0.028927901923386408], "DQB1": [2313.0, 352, 0.019757339596630737], "DRA": [9861.0, 9, 0.08918614134235554], "DRB1": [10095.0, 260, 0.08719903083460293], "DRB3": [864.0, 17, 0.00746309684409083], "DRB5": [399.0, 6, 0.0034464995842502792], "DRB7": [2.0, 1, 3.690086772911577e-05], "E": [10423.0, 430, 0.06652751574156603], "F": [1364.0, 15, 0.009065703094833196], "L": [207.0, 2, 0.0013067654459272863], "T": [848.0, 1, 0.01278265352707932], "V": [8.0, 2, 0.00010706247890459121], "Y": [34.0, 4, 0.00028548911622950615], "DRB4": [810.0, 10, 0.006996653291335153], "K": [14.0, 7, 8.862285250588188e-05], "DPB2": [24.0, 2, 0.00021398699069719197], "DPA2": [7.0, 1, 6.607420040172503e-05], "DOB": [95.0, 7, 0.0007996310297139595], "DOA": [67.0, 13, 0.0006156270263572601], "G": [9.0, 5, 6.122931592220537e-05], "H": [6.0, 5, 3.7877259302240185e-05]}