{"A": [285546.0, 5477, 0.19170224677302306], "B": [258600.0, 4063, 0.1750467705943272], "C": [307566.0, 4298, 0.2059228155926081], "DMA": [12465.0, 3, 0.011690233853919206], "DOA": [918.0, 17, 0.000898671910228075], "DOB": [1214.0, 11, 0.0010886802174404754], "DPA1": [60673.0, 115, 0.05711986461959727], "DPB1": [39090.0, 495, 0.0370849855219702], "DQA1": [22628.0, 198, 0.021718929330681768], "DQB1": [28272.0, 658, 0.025729122543928035], "DRA": [81199.0, 9, 0.07824249805669177], "DRB1": [93198.0, 212, 0.08576844547684866], "DRB5": [215.0, 4, 0.0001978606383991337], "DRB7": [1.0, 1, 1.965722435444417e-06], "E": [103487.0, 885, 0.0703736338826694], "F": [14856.0, 21, 0.01051973072801234], "H": [215.0, 42, 0.00014460435342856395], "HFE": [90.0, 1, 6.336497821991314e-05], "K": [338.0, 20, 0.0002279554608349312], "L": [1271.0, 3, 0.0008548471311986269], "T": [6574.0, 1, 0.010557728178604245], "U": [1.0, 1, 3.7609485372023274e-06], "V": [52.0, 3, 7.414233557285517e-05], "Y": [8.0, 2, 7.156756439724818e-06], "DRB3": [13488.0, 24, 0.012412764142918675], "W": [3.0, 2, 2.3626471579860775e-06], "DMB": [2607.0, 3, 0.002426438631251702], "J": [16.0, 4, 1.0771081838051598e-05], "DPB2": [100.0, 2, 9.499303006335776e-05], "DPA2": [3.0, 2, 3.0169682672236953e-06], "DQA2": [4.0, 4, 3.839301631727376e-06], "G": [8.0, 5, 5.79859125499828e-06]}