{"A": [39614.0, 2623, 0.15148600982746224], "B": [65169.0, 3000, 0.2512692516842068], "C": [49577.0, 2332, 0.18906846289947937], "DMA": [2218.0, 3, 0.01184854889240483], "DMB": [782.0, 4, 0.004145794210029974], "DPA1": [9683.0, 102, 0.05192474100513538], "DPA2": [15.0, 4, 8.592379566012235e-05], "DPB1": [7032.0, 402, 0.03800003638636564], "DQB1": [3358.0, 238, 0.017406916343289246], "DRA": [16289.0, 9, 0.08940445443164864], "DRB1": [17254.0, 229, 0.09044476752762191], "DRB3": [1131.0, 21, 0.0059286560840234375], "DRB5": [24.0, 4, 0.00012580702565566978], "E": [18717.0, 559, 0.07249918548035571], "F": [2446.0, 15, 0.009865790577480322], "H": [10.0, 4, 3.8310305485930454e-05], "HFE": [8.0, 1, 3.208259393511349e-05], "K": [69.0, 12, 0.0002650666552669721], "L": [248.0, 2, 0.0009500955760510754], "T": [1012.0, 1, 0.00925750587153175], "V": [1.0, 1, 8.121488358332647e-06], "Y": [12.0, 2, 6.114771089210648e-05], "DRB4": [43.0, 8, 0.00022540425429974165], "DQA1": [952.0, 88, 0.005204774252809369], "DPB2": [7.0, 2, 3.787585872268795e-05], "DOB": [19.0, 7, 9.70527738976905e-05], "DOA": [43.0, 8, 0.00023977265298020327], "G": [19.0, 8, 7.844383494975575e-05]}