{"A": [62078.0, 2613, 0.14041393593843227], "B": [31277.0, 2116, 0.07132997094168309], "C": [73325.0, 2201, 0.16540155546963328], "DMA": [4082.0, 2, 0.012898086675692231], "DMB": [995.0, 4, 0.003120130335217258], "DPA1": [25573.0, 115, 0.08111380106857231], "DPA2": [17.0, 3, 5.759964191128242e-05], "DPB1": [22217.0, 498, 0.07101322447599294], "DQA1": [16380.0, 198, 0.05296970010673168], "DQB1": [11750.0, 467, 0.03602696556800273], "DRA": [39960.0, 9, 0.12972954089488364], "DRB1": [34011.0, 198, 0.1054536756720064], "DRB3": [165.0, 13, 0.0005115949688595177], "DRB4": [5069.0, 11, 0.01571681755847815], "DRB5": [9458.0, 9, 0.029325243730141323], "DRB6": [1.0, 1, 6.50146866661072e-06], "DRB7": [4.0, 1, 2.6491317660216478e-05], "E": [30426.0, 417, 0.06970925084724515], "F": [2573.0, 15, 0.0061385230853509545], "HFE": [20.0, 1, 4.7441471454542407e-05], "K": [70.0, 10, 0.0001590569736003391], "L": [939.0, 3, 0.0021277954450510325], "T": [1059.0, 1, 0.005730046038024765], "V": [11.0, 2, 5.2841724056282864e-05], "Y": [4.0, 2, 1.2056121507986867e-05], "DPB2": [42.0, 2, 0.0001344195403184309], "G": [4.0, 2, 9.768184977955928e-06], "H": [24.0, 8, 5.438454811632033e-05], "DOB": [78.0, 8, 0.00023566637517072138], "DOA": [143.0, 14, 0.0004716457202951888], "J": [1.0, 1, 2.268092265429493e-06]}