{"A": [131033.0, 4263, 0.1738592760594616], "B": [182448.0, 4809, 0.24407918806502102], "C": [113791.0, 3429, 0.15057057808454982], "DMA": [7697.0, 3, 0.014266533589425071], "DOA": [375.0, 16, 0.0007255307341045139], "DOB": [558.0, 9, 0.0009889672365665206], "DPA1": [24841.0, 140, 0.04621966948085259], "DPA2": [21.0, 2, 4.173830831612434e-05], "DPB1": [27121.0, 453, 0.05085155087723839], "DQA1": [14489.0, 187, 0.027485061629338704], "DQB1": [9296.0, 252, 0.016719782318648155], "DRA": [48582.0, 9, 0.09251954264251648], "DRB1": [40959.0, 285, 0.07449658275041081], "DRB3": [231.0, 15, 0.00042014479394870225], "DRB5": [12772.0, 7, 0.02322982384551007], "DRB7": [2.0, 1, 7.769950475103274e-06], "E": [42389.0, 721, 0.0569696316920813], "F": [5889.0, 20, 0.008241577512226797], "G": [18.0, 9, 2.578523387755511e-05], "H": [117.0, 28, 0.00015552307349231574], "HFE": [44.0, 1, 6.122453812760459e-05], "K": [153.0, 15, 0.0002039345418614137], "L": [483.0, 4, 0.0006420311495452009], "T": [3491.0, 1, 0.011080431825402585], "V": [31.0, 3, 8.735558440336127e-05], "Y": [862.0, 4, 0.0015240512688574838], "DRB4": [120.0, 7, 0.0002182570358175077], "DMB": [2218.0, 3, 0.004079959790193907], "DPB2": [121.0, 3, 0.0002271659167576102], "J": [1.0, 1, 1.3304709717642592e-06]}