{"A": [90264.0, 3888, 0.1499291455450064], "B": [42715.0, 2763, 0.07153628155743186], "C": [80511.0, 3219, 0.13336495809484086], "DMA": [6566.0, 3, 0.015235340443746493], "DPA1": [36225.0, 131, 0.08437629725205532], "DPA2": [24.0, 3, 5.971467843789803e-05], "DPB1": [29982.0, 636, 0.07037419044305385], "DQA1": [19836.0, 224, 0.04710496771783901], "DQB1": [15115.0, 382, 0.03403274373681129], "DRA": [62507.0, 9, 0.14901879640257454], "DRB1": [53190.0, 225, 0.1211075741729061], "DRB3": [11505.0, 15, 0.02619557512425803], "DRB5": [186.0, 5, 0.000423500823390873], "DRB7": [2.0, 1, 9.726857621106501e-06], "E": [32156.0, 608, 0.054101158959461604], "F": [5739.0, 17, 0.010054473322681955], "HFE": [50.0, 1, 8.709578815460693e-05], "K": [180.0, 15, 0.00030034898875786316], "L": [978.0, 3, 0.0016274293031664276], "T": [2427.0, 2, 0.009643416440533284], "Y": [3.0, 2, 6.639996859068456e-06], "DRB4": [6563.0, 10, 0.01494320378448548], "DMB": [2183.0, 3, 0.005026924760150449], "DPB2": [27.0, 3, 6.34564648284171e-05], "W": [1.0, 1, 1.9484891067921682e-06], "G": [37.0, 13, 6.635208922952444e-05], "V": [7.0, 1, 2.4693424811803257e-05], "J": [3.0, 2, 4.996673435499916e-06], "H": [55.0, 14, 9.152209782633285e-05], "DOB": [187.0, 10, 0.0004149001768127089], "DOA": [319.0, 17, 0.0007726263897243462]}