{"A": [5458.0, 1061, 0.17237994909238485], "B": [5585.0, 1060, 0.17784876534721686], "C": [6462.0, 1086, 0.20353316760179377], "DMA": [289.0, 2, 0.012750606809598008], "DMB": [66.0, 4, 0.0028898434118639084], "DOB": [9.0, 4, 0.00037968745557336026], "DPA1": [1264.0, 83, 0.05598102793250545], "DPB1": [890.0, 168, 0.03972139979241512], "DQA1": [508.0, 68, 0.022938132081669775], "DQB1": [670.0, 130, 0.028684371643686205], "DRA": [2172.0, 8, 0.0984586649500927], "DRB1": [2042.0, 105, 0.08840539695919253], "DRB3": [374.0, 12, 0.016191781813289913], "DRB5": [12.0, 5, 0.0005195224111216015], "E": [1732.0, 192, 0.055408215380239365], "F": [346.0, 12, 0.01152606133146873], "HFE": [3.0, 1, 9.936424338787078e-05], "K": [12.0, 7, 0.00038072959863531824], "L": [18.0, 1, 0.0005695311833600404], "T": [141.0, 1, 0.010652756106478723], "V": [2.0, 1, 0.00013415133826834392], "DOA": [6.0, 4, 0.00027631968878380004], "DRB4": [4.0, 1, 0.00017317413704053385], "G": [1.0, 1, 3.4098447337627245e-05], "H": [2.0, 2, 6.328124259556003e-05]}