{"A": [13408.0, 1597, 0.1402252687929787], "B": [34406.0, 2403, 0.3628030465141876], "C": [18390.0, 1774, 0.19180460518013026], "DMA": [768.0, 3, 0.0112202696448972], "DMB": [188.0, 4, 0.002725820715105432], "DOB": [14.0, 5, 0.00019557837713600086], "DPA1": [1967.0, 88, 0.02884743595633956], "DPB1": [1226.0, 185, 0.01811899359101874], "DQB1": [750.0, 110, 0.01063263399509211], "DRA": [4195.0, 9, 0.06297021121328668], "DRB1": [4422.0, 112, 0.0633943921702885], "DRB3": [726.0, 15, 0.010408034535420501], "DRB5": [1919.0, 6, 0.0275110444538181], "E": [4105.0, 313, 0.04348590364745513], "F": [808.0, 16, 0.008913027597960787], "HFE": [4.0, 1, 4.387103997974968e-05], "K": [9.0, 6, 9.45555374494925e-05], "L": [73.0, 2, 0.0007648511534425748], "T": [388.0, 1, 0.009706969388460562], "DRB4": [12.0, 5, 0.0001720336286846364], "DPB2": [1.0, 1, 1.4797995766365308e-05], "DPA2": [6.0, 3, 9.399654609576653e-05], "H": [9.0, 6, 9.42967175477147e-05], "DOA": [6.0, 5, 9.149995788605162e-05], "DQA1": [379.0, 68, 0.0056668616495717476]}