{"A": [24532.0, 1683, 0.11756829236823006], "B": [65657.0, 2307, 0.3172581224275622], "C": [26722.0, 1600, 0.12771480219473857], "DMA": [1903.0, 2, 0.012740187998396782], "DOA": [53.0, 11, 0.00037037399649062755], "DOB": [82.0, 8, 0.0005249302847934235], "DPA1": [7864.0, 109, 0.052849555281499025], "DPA2": [5.0, 2, 3.589431122518502e-05], "DPB1": [6859.0, 303, 0.046451461042050904], "DQA1": [2285.0, 101, 0.0156561357663069], "DQB1": [4127.0, 180, 0.026810755021853375], "DRA": [12778.0, 9, 0.08789436705264277], "DRB1": [14429.0, 131, 0.094790172089335], "DRB3": [4590.0, 18, 0.030153641270361606], "DRB5": [8.0, 3, 5.255536604856053e-05], "E": [9161.0, 286, 0.04447062112604489], "F": [1522.0, 14, 0.007693492191144719], "H": [34.0, 13, 0.0001632405153930768], "K": [56.0, 17, 0.0002696047003058361], "L": [595.0, 3, 0.0028567090193788443], "T": [897.0, 1, 0.01028346210234003], "DRB4": [6.0, 3, 3.94165245364204e-05], "DMB": [484.0, 3, 0.0032157314600962978], "DPB2": [18.0, 2, 0.00012205916038791008], "J": [3.0, 3, 1.4416728837293488e-05]}