{"A": [184216.0, 4876, 0.15854429021750155], "B": [392412.0, 4866, 0.3405179405619278], "C": [81659.0, 2539, 0.07008778522113378], "DMA": [12941.0, 2, 0.015558613392026927], "DMB": [3859.0, 4, 0.004604422793808954], "DOA": [148.0, 15, 0.00018573439581885304], "DOB": [119.0, 4, 0.00013680461305763764], "DPA1": [39040.0, 130, 0.04711656761946706], "DPA2": [17.0, 4, 2.1916466952519615e-05], "DPB1": [36353.0, 577, 0.04421247587634076], "DQB1": [7165.0, 300, 0.008359047133547612], "DRA": [82936.0, 9, 0.10244888793745976], "DRB1": [84603.0, 253, 0.0998111008061309], "DRB3": [23983.0, 29, 0.02829414595975837], "DRB5": [1.0, 1, 1.1797584105307246e-06], "DRB7": [3.0, 1, 7.559891894680884e-06], "E": [62741.0, 655, 0.05469501583996463], "F": [10091.0, 20, 0.009160286876708069], "HFE": [54.0, 1, 4.8738558060263575e-05], "K": [144.0, 16, 0.00012449959204414995], "L": [1575.0, 3, 0.0013579869678515503], "T": [5461.0, 1, 0.011243074519839951], "Y": [17.0, 3, 1.9496080432277766e-05], "DRB4": [2.0, 2, 2.3595168210614492e-06], "W": [1.0, 1, 1.0096009474734088e-06], "DPB2": [42.0, 3, 5.114617583385907e-05], "G": [8.0, 5, 7.433522020335186e-06], "DQA1": [2658.0, 95, 0.00327053916928089], "V": [9.0, 1, 1.645044174374467e-05], "H": [103.0, 26, 8.880803662775216e-05], "J": [4.0, 1, 3.452005431361134e-06], "DQA2": [1.0, 1, 1.2304511547332167e-06]}