{"A": [201725.0, 5249, 0.22717098960380575], "B": [288906.0, 4878, 0.32803800913575815], "C": [59901.0, 3260, 0.06727322373226116], "DMA": [5267.0, 3, 0.008285834570361693], "DMB": [1456.0, 4, 0.0022731687617764526], "DOB": [381.0, 8, 0.0005731240643662335], "DPA1": [21135.0, 134, 0.033376129820740084], "DPB1": [19913.0, 393, 0.03168919163429502], "DQA1": [14473.0, 179, 0.02330198014988173], "DQB1": [5767.0, 326, 0.008803602365128987], "DRA": [40597.0, 8, 0.06561875594313026], "DRB1": [45112.0, 214, 0.06963940492615461], "DRB3": [5623.0, 19, 0.008680226412035986], "DRB5": [67.0, 5, 0.00010342791563336494], "DRB7": [3.0, 1, 9.892031095203023e-06], "E": [80487.0, 975, 0.09181041360235306], "F": [8857.0, 18, 0.010520379372023677], "H": [111.0, 31, 0.00012522986445797623], "HFE": [38.0, 1, 4.487788701262117e-05], "K": [221.0, 15, 0.00025001588198077175], "L": [1845.0, 4, 0.0020815234227474426], "T": [4099.0, 1, 0.011042329918092918], "V": [70.0, 3, 0.0001674183212437649], "Y": [13.0, 3, 1.950794967197198e-05], "S": [1.0, 1, 4.631100700001415e-06], "DRB4": [5528.0, 12, 0.008533574889869274], "J": [10.0, 4, 1.1292272939729479e-05], "DPB2": [35.0, 2, 5.5770149538032506e-05], "G": [14.0, 4, 1.7021685758707268e-05], "DPA2": [3.0, 2, 5.060725321556799e-06], "W": [6.0, 1, 7.926306967310115e-06], "DOA": [279.0, 14, 0.0004581468584929687], "DQA2": [1.0, 1, 1.610031102734867e-06], "U": [1.0, 1, 6.3086933005121315e-06]}