{"A": [124895.0, 5568, 0.15578802898215344], "B": [112333.0, 4131, 0.1412767996176341], "C": [127382.0, 4418, 0.15845725011857936], "DMA": [7058.0, 2, 0.012298452792911245], "DOA": [672.0, 19, 0.001222265820555198], "DOB": [670.0, 11, 0.001116334522955594], "DPA1": [45020.0, 151, 0.07874719609554681], "DPB1": [32238.0, 614, 0.05682486892286999], "DQA1": [16863.0, 231, 0.03007218541630393], "DQB1": [22046.0, 755, 0.03727658808570289], "DRA": [66070.0, 9, 0.11828624412806117], "DRB1": [60202.0, 225, 0.10293658919205384], "DRB5": [7.0, 4, 1.1968973195979817e-05], "DRB7": [6.0, 1, 2.1913480068525333e-05], "E": [51592.0, 1152, 0.06518451704885604], "F": [8818.0, 17, 0.011601408936374664], "H": [89.0, 32, 0.00011121690956311329], "HFE": [28.0, 1, 3.662711568282649e-05], "K": [128.0, 15, 0.00016039143691509852], "L": [540.0, 3, 0.0006747992265627099], "S": [1.0, 1, 5.1295599411342075e-06], "T": [3062.0, 1, 0.009136584418549096], "V": [20.0, 3, 5.298230190649259e-05], "Y": [17.0, 2, 2.8256156034961368e-05], "DRB3": [8039.0, 25, 0.013745510788925965], "DRB4": [3.0, 2, 5.1295599411342075e-06], "DMB": [2668.0, 3, 0.004613728284629544], "DPB2": [115.0, 4, 0.00020296796133057452], "DQA2": [14.0, 8, 2.496653002598915e-05], "DPA2": [36.0, 4, 6.726511617214462e-05], "G": [6.0, 4, 8.080191765680433e-06], "J": [3.0, 1, 3.752308230911872e-06]}