{"A": [45496.0, 3175, 0.12042048059888733], "B": [60796.0, 3436, 0.16224697470375643], "C": [61146.0, 2852, 0.16140248390564504], "DMA": [3122.0, 3, 0.01154356183626241], "DMB": [978.0, 4, 0.003588749576170742], "DPA1": [19372.0, 139, 0.07190220009734863], "DPA2": [12.0, 3, 4.757806249344617e-05], "DPB1": [13797.0, 439, 0.05160515971544213], "DQA1": [13096.0, 216, 0.049557219032290295], "DQB1": [8329.0, 374, 0.02988390342369345], "DRA": [29154.0, 8, 0.11075572780757849], "DRB1": [32175.0, 275, 0.11673887950609864], "DRB3": [5477.0, 17, 0.019871914314060678], "DRB5": [17.0, 6, 6.168021605605834e-05], "DRB7": [2.0, 1, 1.549987547008713e-05], "E": [20001.0, 545, 0.05362309892940718], "F": [3077.0, 15, 0.008590258793490292], "H": [93.0, 25, 0.0002466049986401864], "HFE": [3.0, 1, 8.327296993241654e-06], "K": [49.0, 13, 0.00013028829449352746], "L": [492.0, 3, 0.0013046199928061478], "T": [1409.0, 1, 0.00892129270316698], "V": [10.0, 2, 5.62132814437396e-05], "Y": [8.0, 2, 2.8215792724673173e-05], "DRB4": [4605.0, 11, 0.016708082055185217], "DPB2": [14.0, 2, 5.2431924109508655e-05], "DOB": [111.0, 6, 0.00039244666450266233], "DOA": [75.0, 11, 0.0002894648058407706], "DQA2": [1.0, 1, 3.784149284689241e-06], "G": [1.0, 1, 2.857646657464442e-06]}