{"A": [65063.0, 2686, 0.10760643610562587], "B": [144566.0, 2834, 0.24107089963911654], "C": [160619.0, 2653, 0.2649208271819598], "DMA": [5297.0, 2, 0.01223809811176842], "DMB": [1537.0, 4, 0.0035241565272942322], "DPA1": [17099.0, 141, 0.03965659791426767], "DPA2": [8.0, 4, 1.981949187609343e-05], "DPB1": [12299.0, 369, 0.028744534928913382], "DQA1": [8525.0, 122, 0.020157639375427982], "DQB1": [5400.0, 214, 0.01210640628764707], "DRA": [34300.0, 8, 0.08142151679731265], "DRB1": [39711.0, 201, 0.09002949439864284], "DRB3": [6813.0, 18, 0.015445870044520502], "DRB4": [8840.0, 14, 0.02004131677580526], "DRB5": [2.0, 2, 4.534234564661824e-06], "DRB7": [2.0, 1, 9.685125030117656e-06], "E": [26866.0, 564, 0.045007017249620786], "F": [4921.0, 18, 0.0085843840549728], "H": [56.0, 18, 9.278632556225856e-05], "HFE": [50.0, 1, 8.672210807770107e-05], "K": [111.0, 16, 0.00018442055323817356], "L": [393.0, 3, 0.0006511611776065646], "S": [1.0, 1, 6.801351846992736e-06], "T": [1953.0, 1, 0.007726735777704159], "W": [4.0, 3, 7.760516851055815e-06], "DPB2": [22.0, 2, 5.148342880056099e-05], "DOB": [142.0, 8, 0.0003137061483295409], "DOA": [119.0, 14, 0.0002869845315199206], "Y": [1.0, 1, 2.2038360960522577e-06]}