{"A": [17902.0, 1855, 0.11763946476031002], "B": [24339.0, 2175, 0.16126075105036725], "C": [29453.0, 2353, 0.1930172152753335], "DMA": [1375.0, 3, 0.012622168669078303], "DPA1": [7538.0, 98, 0.06946214627936804], "DPA2": [6.0, 2, 5.9061041739673345e-05], "DPB1": [6061.0, 348, 0.05628298110904964], "DQA1": [3592.0, 117, 0.03374651540665985], "DQB1": [3723.0, 290, 0.03316361345778956], "DRA": [12570.0, 6, 0.11855712788484088], "DRB1": [11465.0, 176, 0.10327503960023829], "DRB5": [13.0, 4, 0.00011710209461867403], "E": [10167.0, 469, 0.0676733021420973], "F": [1467.0, 16, 0.01016794554180754], "HFE": [11.0, 1, 7.580534535927828e-05], "K": [6.0, 5, 3.960818261224205e-05], "L": [58.0, 1, 0.000381831071855303], "T": [645.0, 1, 0.010139133848544467], "V": [5.0, 2, 6.978037329977526e-05], "DRB3": [698.0, 18, 0.006287481695679574], "DRB4": [2.0, 2, 1.8015706864411387e-05], "DMB": [447.0, 3, 0.004072266285152717], "DPB2": [16.0, 2, 0.00014876887833395382], "W": [1.0, 1, 7.708643802560643e-06], "H": [54.0, 17, 0.0003554978944859718], "DOB": [101.0, 8, 0.0008865503047674852], "DOA": [48.0, 13, 0.0004599388429766859], "J": [2.0, 2, 1.3178612966569426e-05]}