{"A": [10873.0, 1483, 0.16842060396532693], "B": [21852.0, 1756, 0.3412805080274967], "C": [5353.0, 1095, 0.0826909719994007], "DMA": [483.0, 3, 0.01045135879259099], "DPA1": [1822.0, 84, 0.03957626296904251], "DPB1": [2059.0, 249, 0.04506957889904275], "DQB1": [745.0, 141, 0.01564297770666234], "DRA": [3918.0, 8, 0.08710662138054912], "DRB1": [3840.0, 129, 0.08153552666348698], "DRB3": [72.0, 9, 0.0015287911249403808], "DRB5": [21.0, 4, 0.0004458974114409444], "E": [4143.0, 260, 0.06500306332171261], "F": [552.0, 13, 0.00901854591571458], "HFE": [2.0, 1, 3.2488636609286985e-05], "K": [41.0, 10, 0.0006379870556847495], "L": [191.0, 3, 0.0029639507678902296], "T": [256.0, 3, 0.009485832513791296], "Y": [15.0, 3, 0.00030960803273595393], "DRB4": [425.0, 9, 0.00902411427916197], "DMB": [166.0, 3, 0.0035647664267470305], "DPB2": [6.0, 2, 0.00013150361802805467], "G": [1.0, 1, 1.6723501735458934e-05], "H": [4.0, 4, 6.20722673903713e-05], "DOB": [63.0, 6, 0.0013035176151977973], "DOA": [10.0, 7, 0.00022586721467412666], "DQA1": [1105.0, 99, 0.024470859892946246]}