{"A": [74695.0, 4934, 0.14874771898097658], "B": [143774.0, 5662, 0.2886779409765059], "C": [53995.0, 4179, 0.10723272678973642], "DMA": [4046.0, 3, 0.011255491271880375], "DMB": [1292.0, 5, 0.003566961774345589], "DOB": [191.0, 11, 0.000508068971632285], "DPA1": [21795.0, 149, 0.06086340347962587], "DPB1": [15628.0, 560, 0.0439788133476602], "DQA1": [7968.0, 239, 0.02268554558807872], "DQB1": [8184.0, 587, 0.022092340335307006], "DRA": [32645.0, 10, 0.09330745863111486], "DRB1": [30473.0, 368, 0.08318476972525582], "DRB3": [1844.0, 24, 0.0050337254413208975], "DRB5": [5804.0, 9, 0.015843678124417837], "DRB7": [2.0, 1, 1.1661645924795486e-05], "E": [31450.0, 673, 0.06343843940293209], "F": [4881.0, 19, 0.010252250316809576], "H": [54.0, 24, 0.00010773190236181961], "HFE": [19.0, 1, 3.9679669156718165e-05], "K": [141.0, 17, 0.0002820720623392321], "L": [1043.0, 4, 0.0020808217437662565], "T": [2609.0, 1, 0.012428608749097802], "V": [11.0, 2, 4.6522523636152206e-05], "W": [19.0, 5, 4.438527094773923e-05], "Y": [173.0, 5, 0.0004590711646669339], "DRB4": [1240.0, 10, 0.0033849346785455063], "J": [2.0, 2, 3.993714357806673e-06], "DPB2": [46.0, 2, 0.0001296155877594859], "DPA2": [13.0, 3, 3.8779347805851295e-05], "DOA": [90.0, 14, 0.0002613416666413331], "G": [4.0, 3, 8.600033867843279e-06], "DQA2": [1.0, 1, 2.8470815246082727e-06]}