{"A": [197012.0, 5068, 0.16285577989891736], "B": [248330.0, 4926, 0.20697321496884002], "C": [115917.0, 3605, 0.09555923201771616], "DMA": [10620.0, 3, 0.012263510511249904], "DMB": [3198.0, 4, 0.003664933634767172], "DPA1": [50662.0, 177, 0.05872640359564725], "DPA2": [13.0, 3, 1.609726948355461e-05], "DPB1": [53185.0, 583, 0.06212708567418379], "DQA1": [31476.0, 211, 0.037198990442285605], "DQB1": [24830.0, 413, 0.027823037277853034], "DRA": [94507.0, 8, 0.11212833648178205], "DRB1": [81489.0, 228, 0.09233775454037882], "DRB3": [16989.0, 14, 0.01925077141560819], "DRB4": [12105.0, 12, 0.01371655706550928], "DRB5": [86.0, 5, 9.744931083302751e-05], "DRB7": [1.0, 1, 2.4203689295272877e-06], "E": [88276.0, 824, 0.07391391407620533], "F": [10869.0, 17, 0.0094765813742911], "G": [23.0, 12, 2.052672764717095e-05], "H": [132.0, 35, 0.00010931410767481822], "HFE": [28.0, 1, 2.427304084053154e-05], "K": [518.0, 24, 0.00043015248358707744], "L": [2632.0, 3, 0.0021796570560615267], "N": [1.0, 1, 5.6375052706380924e-06], "T": [3547.0, 1, 0.007013928589079486], "U": [1.0, 1, 4.63080790088129e-06], "V": [70.0, 3, 0.00012289107234060215], "Y": [883.0, 5, 0.000972627016735101], "J": [7.0, 3, 5.802254283113362e-06], "DPB2": [146.0, 2, 0.00017076700888095234], "W": [4.0, 1, 3.878796361421937e-06], "DOB": [287.0, 10, 0.0003169004939663922], "DOA": [403.0, 17, 0.00048576129412325545], "DQA2": [1.0, 1, 1.181820766370746e-06]}