{"A": [128491.0, 4004, 0.22328255732284294], "B": [181582.0, 3691, 0.31814810745680866], "C": [38218.0, 2468, 0.0662315724045723], "DMA": [3330.0, 2, 0.008083624213616605], "DOB": [97.0, 7, 0.0002251564255111159], "DPA1": [15088.0, 114, 0.036766673799526424], "DPB1": [14095.0, 341, 0.03461214305682821], "DQA1": [10768.0, 142, 0.026752123181121648], "DQB1": [4380.0, 288, 0.010317477257899978], "DRA": [28824.0, 9, 0.07189144991499814], "DRB1": [28214.0, 180, 0.06720731953695319], "DRB3": [3389.0, 15, 0.008072786769360402], "DRB5": [31.0, 5, 7.3843726718847e-05], "DRB7": [1.0, 1, 5.088070976498619e-06], "E": [52324.0, 757, 0.09209924784628012], "F": [5935.0, 20, 0.01087813445443779], "H": [55.0, 19, 9.574951084879929e-05], "HFE": [8.0, 1, 1.45789999326608e-05], "K": [200.0, 14, 0.0003491357028704451], "L": [1336.0, 3, 0.002325842663527197], "S": [1.0, 1, 7.146167101823903e-06], "T": [2679.0, 1, 0.01113639064218938], "V": [34.0, 3, 0.0001254795066738054], "Y": [3.0, 2, 6.946698845340955e-06], "DRB4": [3492.0, 10, 0.008318138506523024], "DMB": [1055.0, 3, 0.002541626363733922], "J": [5.0, 4, 8.712450302223663e-06], "DPB2": [34.0, 2, 8.359910431747086e-05], "G": [8.0, 4, 1.5009058927724542e-05], "DOA": [128.0, 15, 0.0003243391857529]}