{"A": [90581.0, 4443, 0.13136983423493193], "B": [148479.0, 4581, 0.2171191025975429], "C": [73058.0, 3527, 0.10566747776712684], "DMA": [7699.0, 3, 0.015598134278431881], "DMB": [2429.0, 4, 0.004883860093265503], "DPA1": [34251.0, 177, 0.06965822035836342], "DPB1": [27357.0, 566, 0.05606713090514487], "DQA1": [10570.0, 176, 0.021916674031648056], "DQB1": [19074.0, 533, 0.03749882335148102], "DRA": [61249.0, 9, 0.12749655449113823], "DRB1": [47286.0, 244, 0.0940071622231992], "DRB3": [5433.0, 22, 0.010801102067390798], "DRB5": [14372.0, 9, 0.028572324482337663], "DRB6": [9.0, 1, 3.751803011257569e-05], "DRB7": [4.0, 1, 1.6985940744300935e-05], "E": [41149.0, 794, 0.06044924547571833], "F": [5484.0, 17, 0.008388949841655828], "H": [253.0, 41, 0.00036759606024533556], "HFE": [4.0, 1, 6.083789664864231e-06], "K": [136.0, 13, 0.00019814340758448026], "L": [777.0, 4, 0.0011289412601210502], "T": [2162.0, 1, 0.007500736088476026], "U": [2.0, 1, 1.6249305558961352e-05], "Y": [11.0, 4, 2.1258193437573226e-05], "G": [3.0, 3, 4.6974393651274705e-06], "DRB4": [64.0, 8, 0.00012723551119326544], "J": [5.0, 3, 7.271378743279509e-06], "DPB2": [46.0, 2, 9.439673899458476e-05], "DPA2": [9.0, 3, 1.9552370399732487e-05], "V": [14.0, 1, 4.3121948214497056e-05], "DOB": [203.0, 9, 0.000393264823345471], "DOA": [247.0, 16, 0.0005223515144226009]}