{"A": [15652.0, 2008, 0.13064510543821536], "B": [30808.0, 2446, 0.259275374634639], "C": [12266.0, 1765, 0.1021036543405035], "DMA": [1118.0, 3, 0.013036016518644172], "DMB": [243.0, 3, 0.002811944447864151], "DPA1": [5664.0, 118, 0.06629596968155832], "DPB1": [4657.0, 321, 0.054930159962147625], "DQB1": [1824.0, 302, 0.020637897906519004], "DRA": [9397.0, 9, 0.11257797598349019], "DRB1": [9013.0, 229, 0.10312465284860425], "DRB3": [488.0, 14, 0.005583582668381103], "DRB5": [336.0, 6, 0.0038444339683935463], "E": [6604.0, 342, 0.05583460228799874], "F": [749.0, 13, 0.006594118278280213], "HFE": [2.0, 1, 1.7506888210551863e-05], "K": [13.0, 9, 0.00010900560632837209], "L": [167.0, 2, 0.0013964698433972548], "T": [468.0, 1, 0.009344559036620447], "V": [7.0, 2, 0.00012408895908620367], "Y": [4.0, 2, 4.448959212730048e-05], "DRB4": [778.0, 9, 0.008901695319673152], "DPB2": [23.0, 2, 0.00027163877255045063], "H": [12.0, 8, 0.00010034513844770694], "DOB": [142.0, 8, 0.001583223295508265], "DQA1": [3372.0, 147, 0.04023944577938931], "DOA": [47.0, 11, 0.0005720428034216776]}