{"A": [16888.0, 1568, 0.17313945476563664], "B": [27265.0, 2000, 0.28183685739523595], "C": [4081.0, 1133, 0.04172529743204373], "DMA": [971.0, 2, 0.013906468270378657], "DMB": [258.0, 4, 0.0036670319149444326], "DPA1": [4270.0, 84, 0.061388394919340644], "DPB1": [2771.0, 217, 0.04014538917102317], "DQA1": [3966.0, 91, 0.058131516831891654], "DQB1": [1099.0, 159, 0.015273298473647974], "DRA": [6344.0, 9, 0.09335162978658726], "DRB1": [7257.0, 122, 0.10198698952156406], "DRB5": [6.0, 3, 8.432161184089629e-05], "DRB7": [2.0, 1, 6.003698763071815e-05], "E": [6813.0, 460, 0.07075046068866746], "F": [685.0, 12, 0.007407301247666055], "H": [11.0, 7, 0.00011298018885798923], "HFE": [1.0, 1, 1.0751609532721733e-05], "L": [147.0, 3, 0.0015098261601931286], "T": [518.0, 1, 0.012703905062382356], "DRB4": [1309.0, 9, 0.018396164983288874], "DPB2": [16.0, 2, 0.00023210175630432276], "V": [3.0, 1, 6.532070704502701e-05], "DOB": [175.0, 8, 0.0023965494606240137], "DOA": [103.0, 15, 0.0015397932584571637], "Y": [2.0, 2, 2.732265820572731e-05], "DRB3": [10.0, 4, 0.00014053601973482713], "K": [1.0, 1, 1.029911727425403e-05]}