{"A": [71454.0, 3694, 0.2168038273752559], "B": [128884.0, 4084, 0.3942882778733636], "C": [28310.0, 2184, 0.08566339645412843], "DMA": [1136.0, 2, 0.004815024758937122], "DMB": [345.0, 4, 0.001451231353901003], "DPA1": [9274.0, 123, 0.039459181165912224], "DPB1": [8271.0, 359, 0.035463348614206386], "DQB1": [2100.0, 237, 0.008637280328531572], "DRA": [7930.0, 10, 0.03453460487659935], "DRB1": [12590.0, 194, 0.05236437849255819], "DRB3": [1179.0, 23, 0.004903701528413512], "DRB5": [3623.0, 7, 0.015068796130146014], "DRB7": [1.0, 1, 8.884059766489617e-06], "E": [25930.0, 502, 0.07969222892472641], "F": [3333.0, 19, 0.010666632277273018], "HFE": [2.0, 1, 6.363939660809182e-06], "K": [89.0, 10, 0.0002712767563646761], "L": [1053.0, 3, 0.0032008148725297335], "T": [1284.0, 1, 0.009319552892297932], "W": [2.0, 2, 7.118637633405144e-06], "Y": [3.0, 1, 1.2129329171481578e-05], "DRB4": [98.0, 5, 0.000407601993031827], "DPB2": [12.0, 2, 5.151838782113825e-05], "DPA2": [1.0, 1, 4.5450510401549886e-06], "H": [19.0, 11, 5.775449437613004e-05], "DOB": [35.0, 7, 0.0001418531440817229], "DOA": [9.0, 6, 3.98189929772941e-05], "DQA1": [607.0, 82, 0.0026331173233687492], "J": [2.0, 2, 6.0849724428011085e-06], "G": [6.0, 3, 1.965499948338411e-05]}