{"A": [20176.0, 1993, 0.14824315572962593], "B": [31123.0, 2067, 0.2305661221598381], "C": [17416.0, 1590, 0.12761538041103446], "DMA": [1056.0, 3, 0.010838852206854018], "DPB1": [5321.0, 313, 0.05524769487568592], "DQA1": [2129.0, 88, 0.022364354297166333], "DQB1": [2835.0, 137, 0.028236441686605496], "DRA": [10661.0, 7, 0.11242902140836647], "DRB1": [8164.0, 156, 0.08222661313695283], "DRB3": [634.0, 18, 0.006385555209312604], "DRB5": [7.0, 3, 7.050297549714232e-05], "E": [10241.0, 368, 0.0762175538514831], "F": [1037.0, 15, 0.008036555517774092], "K": [15.0, 6, 0.0001107166711015769], "L": [90.0, 1, 0.0006624816871205669], "T": [712.0, 1, 0.012514376894405922], "DRB4": [41.0, 4, 0.000412945999340405], "DMB": [286.0, 3, 0.002913283666078345], "DPB2": [9.0, 2, 9.356700117063677e-05], "DPA1": [7138.0, 105, 0.07354560144462326], "DPA2": [7.0, 1, 7.704349709851432e-05], "V": [2.0, 1, 3.120910935242387e-05], "H": [12.0, 7, 8.83308916160756e-05], "DOB": [82.0, 8, 0.0008047925680575776], "DOA": [25.0, 10, 0.00026784710383803353]}