{"A": [128932.0, 3416, 0.1519338145809411], "B": [152732.0, 3456, 0.18146723476032522], "C": [153408.0, 3334, 0.18028381987994438], "DMA": [9974.0, 3, 0.016418855480085374], "DMB": [2474.0, 4, 0.004041760507594585], "DOA": [404.0, 18, 0.0006941965504159726], "DPA1": [29966.0, 112, 0.04951799771699692], "DPA2": [36.0, 3, 6.354693207311666e-05], "DPB1": [28020.0, 512, 0.04665983240000138], "DQA1": [13323.0, 159, 0.02244589206508347], "DQB1": [19498.0, 241, 0.031145916110585523], "DRA": [65262.0, 10, 0.11038117330212627], "DRB1": [56071.0, 188, 0.09057364546827487], "DRB3": [199.0, 17, 0.0003214523630430472], "DRB5": [21088.0, 6, 0.03406425845151648], "DRB6": [4.0, 1, 1.3548546017915799e-05], "DRB7": [1.0, 1, 3.4503630525625568e-06], "E": [49393.0, 552, 0.05895656673958338], "F": [7267.0, 17, 0.009032344489543265], "G": [2.0, 2, 2.544515525488611e-06], "H": [68.0, 18, 8.027760751856314e-05], "HFE": [61.0, 1, 7.53840065208868e-05], "K": [225.0, 16, 0.000266353506459255], "L": [521.0, 3, 0.0006150681399584029], "S": [3.0, 2, 1.4538046569786053e-05], "T": [3322.0, 1, 0.009364465735794782], "V": [38.0, 3, 9.510188297682096e-05], "Y": [8.0, 2, 1.2562001404960764e-05], "DPB2": [10.0, 2, 1.6673790524625755e-05], "W": [1.0, 1, 1.3823569922125629e-06], "J": [2.0, 1, 2.3632623647688744e-06], "DOB": [911.0, 10, 0.0014339784401845297]}