{"A": [4604.0, 905, 0.2253312795662211], "B": [4254.0, 871, 0.2099220765979887], "C": [2998.0, 660, 0.14632981299703152], "DMA": [232.0, 2, 0.015861853955842383], "DMB": [53.0, 4, 0.003596161573126099], "DOB": [11.0, 4, 0.0007191332604571127], "DPB1": [416.0, 111, 0.028771388402928588], "DQA1": [344.0, 32, 0.024070534303141204], "DQB1": [225.0, 64, 0.01492746313373098], "DRA": [1115.0, 9, 0.07832527714875313], "E": [1705.0, 211, 0.08452469438638445], "HFE": [3.0, 1, 0.00015397956241097857], "L": [25.0, 2, 0.0012257953303246242], "T": [108.0, 1, 0.012644439360336828], "DRB4": [209.0, 11, 0.014021751887414719], "DRB1": [1178.0, 69, 0.0790316924563375], "K": [9.0, 6, 0.00044249753479678284], "DPA2": [1.0, 1, 7.331359792828312e-05], "F": [233.0, 9, 0.012028007758476027], "DPA1": [685.0, 50, 0.04701292986945158], "H": [2.0, 2, 9.806362642596992e-05], "DOA": [7.0, 5, 0.0004995645032802399], "DRB5": [3.0, 2, 0.00020126916584805815], "DRB3": [2.0, 2, 0.00013417944389870542], "G": [1.0, 1, 5.284057746453444e-05]}