{"A": [8646.0, 1426, 0.1748275604913328], "B": [11367.0, 1439, 0.231747462040257], "C": [3289.0, 829, 0.06632443529757304], "DMA": [777.0, 2, 0.02194802666884135], "DMB": [112.0, 3, 0.003139712250743343], "DPA1": [1932.0, 74, 0.0547825654784873], "DPB1": [1337.0, 191, 0.03820387319775153], "DQA1": [833.0, 81, 0.024081347673181857], "DQB1": [765.0, 202, 0.020968792531750186], "DRA": [4035.0, 8, 0.11710599012541453], "DRB1": [3810.0, 58, 0.10560621222203331], "DRB4": [1444.0, 10, 0.040025031613810005], "DRB5": [1227.0, 8, 0.034010189605363485], "E": [2168.0, 171, 0.04440450183194157], "HFE": [5.0, 1, 0.00010602794133701426], "L": [77.0, 2, 0.0015598296720161955], "T": [235.0, 1, 0.011367165501640816], "Y": [1.0, 1, 2.6944479266954832e-05], "K": [6.0, 3, 0.00012187877904467037], "DPB2": [4.0, 2, 0.00011444459235036486], "DPA2": [1.0, 1, 3.028956468754541e-05], "V": [3.0, 1, 0.00012883317746211287], "F": [398.0, 11, 0.00848846864991006], "DOB": [7.0, 4, 0.00018907026327469038], "DOA": [19.0, 7, 0.0005602161585703119], "DRB3": [4.0, 3, 0.00011087266375016622], "H": [1.0, 1, 2.025752820800254e-05]}