{"A": [32766.0, 2714, 0.13005046328359626], "B": [81520.0, 3323, 0.32623241274572806], "C": [41835.0, 2418, 0.16559349452901562], "DMA": [1520.0, 2, 0.008427754162167992], "DOA": [73.0, 10, 0.0004224922051416047], "DPA1": [7978.0, 120, 0.04440410150462134], "DPB1": [6700.0, 366, 0.03757894649529998], "DQA1": [2786.0, 140, 0.015809229674906472], "DQB1": [2840.0, 278, 0.015280027575501853], "DRA": [13584.0, 9, 0.07738504769140657], "DRB1": [12196.0, 256, 0.06635531519217382], "DRB3": [1145.0, 21, 0.00622965200844859], "DRB5": [52.0, 6, 0.00028291869383347316], "E": [19777.0, 522, 0.07951003564723998], "F": [2040.0, 15, 0.008540243524563076], "H": [35.0, 18, 0.00013917085874546285], "HFE": [7.0, 1, 2.9136821620826608e-05], "K": [73.0, 17, 0.0002910673654818192], "L": [444.0, 3, 0.0017654817509424432], "S": [1.0, 1, 1.6322232336546527e-05], "T": [1031.0, 3, 0.009788965470386749], "V": [8.0, 2, 6.743576067865258e-05], "Y": [140.0, 4, 0.0007404430154612975], "DRB4": [320.0, 9, 0.001741038115898296], "DMB": [484.0, 3, 0.002663244242913175], "J": [2.0, 2, 7.959883166863785e-06], "DPB2": [26.0, 2, 0.0001460166712375077], "DPA2": [5.0, 3, 2.9727394501077234e-05], "DOB": [89.0, 8, 0.00047185548298461696]}