{"A": [33218.0, 2367, 0.1827917833386995], "B": [60713.0, 2658, 0.33685216471423696], "C": [33013.0, 2137, 0.181168714252945], "DMA": [1094.0, 2, 0.008409696161231061], "DMB": [289.0, 5, 0.0022047441067534123], "DPA1": [3974.0, 96, 0.03066561154440398], "DPB1": [3828.0, 214, 0.02976709404459719], "DQB1": [1269.0, 154, 0.009465904801590428], "DRA": [6166.0, 9, 0.048699848983401406], "DRB1": [6771.0, 159, 0.05107470030406311], "DRB3": [940.0, 18, 0.007090565394449759], "DRB5": [87.0, 7, 0.00065625445672035], "DRB7": [1.0, 1, 1.6112178385685835e-05], "E": [14348.0, 358, 0.07997377841714266], "F": [1418.0, 15, 0.008230212158106093], "H": [13.0, 8, 7.16668518523891e-05], "HFE": [19.0, 1, 0.00010964591308310562], "K": [10.0, 5, 5.527966051813531e-05], "L": [334.0, 4, 0.001841286809130612], "T": [721.0, 2, 0.009490915536012653], "V": [6.0, 2, 7.012069897058633e-05], "DRB4": [15.0, 4, 0.00011314732012419829], "W": [2.0, 1, 1.2910399347504677e-05], "DQA1": [1269.0, 88, 0.009983571470427405], "J": [8.0, 4, 4.4142954481331055e-05], "DPA2": [6.0, 3, 4.945757348948585e-05], "DOB": [90.0, 9, 0.0006615401709451302], "DOA": [52.0, 13, 0.00041724764743807937], "G": [2.0, 2, 1.1882137452570677e-05]}