{"A": [283929.0, 6431, 0.16060009745322001], "B": [524326.0, 5536, 0.299028034190056], "C": [182905.0, 4607, 0.10317551623613508], "DMA": [13966.0, 3, 0.01103539501338069], "DMB": [3292.0, 5, 0.0025815053931357375], "DPA1": [79072.0, 157, 0.06271903294385048], "DPB1": [52985.0, 619, 0.04235164772843305], "DQA1": [27134.0, 230, 0.021942746830691716], "DQB1": [36711.0, 646, 0.0281481325600504], "DRA": [122902.0, 9, 0.09977825556711749], "DRB1": [90661.0, 291, 0.07029531489120018], "DRB3": [233.0, 15, 0.00018065991296863746], "DRB5": [25774.0, 10, 0.019984242904951342], "DRB7": [6.0, 1, 9.937070577708403e-06], "E": [102428.0, 1029, 0.058685093700041296], "F": [14116.0, 19, 0.008421691178850372], "H": [96.0, 25, 5.440002141081243e-05], "HFE": [19.0, 1, 1.1270555215882263e-05], "K": [222.0, 12, 0.00012614533784602387], "L": [4216.0, 3, 0.002389067606958179], "N": [1.0, 1, 3.857558454079349e-06], "T": [5254.0, 1, 0.007109118847396508], "V": [32.0, 3, 3.8441278830593434e-05], "Y": [19.0, 3, 1.4320717610471758e-05], "DRB4": [121.0, 10, 9.38190964343568e-05], "W": [1.0, 1, 6.635330246867257e-07], "J": [14.0, 5, 7.940581511867446e-06], "DPB2": [237.0, 2, 0.00018968151795400223], "G": [40.0, 10, 2.442741046634317e-05], "DQA2": [23.0, 8, 1.859966009824978e-05], "DPA2": [29.0, 5, 2.4571542185670508e-05], "DOB": [494.0, 8, 0.0003732445913464075], "DOA": [707.0, 17, 0.0005831265685956044]}