{"A": [35189.0, 2289, 0.15308730078562122], "B": [70877.0, 2325, 0.31089377605780305], "C": [46422.0, 2222, 0.2014053992293433], "DMA": [1687.0, 2, 0.010252437185075786], "DMB": [557.0, 4, 0.00335942224894211], "DOA": [28.0, 9, 0.00017762235985451427], "DPA1": [5725.0, 115, 0.03492595656156823], "DPB1": [4851.0, 305, 0.029822554189356927], "DQB1": [1804.0, 186, 0.010638639554439614], "DRA": [11251.0, 10, 0.07025290222009918], "DRB1": [13826.0, 179, 0.08245151064532867], "DRB3": [2269.0, 17, 0.013531207699569706], "DRB5": [73.0, 7, 0.00043533634291255554], "E": [12011.0, 361, 0.052927875911045925], "F": [1902.0, 14, 0.008727590555708608], "HFE": [8.0, 1, 3.649874115716994e-05], "K": [24.0, 8, 0.00010488796521012881], "L": [141.0, 4, 0.0006145300708040063], "T": [921.0, 1, 0.009584766234810438], "V": [7.0, 2, 6.46758399276834e-05], "Y": [71.0, 2, 0.00041159085579498515], "DRB4": [6.0, 4, 3.5781069280484014e-05], "DQA1": [903.0, 95, 0.0056164398337200366], "DPB2": [16.0, 2, 9.849015977205393e-05], "G": [7.0, 4, 3.287847516481053e-05], "H": [29.0, 13, 0.0001263927095979871], "DOB": [66.0, 5, 0.00038353649809044364]}