{"A": [59671.0, 2287, 0.11033522022507306], "B": [116455.0, 3489, 0.21711181112797814], "C": [71749.0, 2680, 0.1323066653827538], "DMA": [7608.0, 3, 0.01965174626766299], "DMB": [1637.0, 5, 0.004196398161287088], "DPA1": [19827.0, 118, 0.05141009835947338], "DPA2": [38.0, 3, 0.00010525259501425193], "DPB1": [14165.0, 431, 0.037012528115567704], "DQA1": [12539.0, 166, 0.03314781242296312], "DQB1": [7907.0, 380, 0.01981891660214577], "DRA": [44505.0, 10, 0.11811377782019622], "DRB1": [60127.0, 197, 0.1524018397414177], "DRB3": [56.0, 10, 0.00014194127472715073], "DRB4": [11096.0, 12, 0.028124649720936864], "DRB5": [27.0, 6, 6.843597174344766e-05], "DRB7": [2.0, 1, 1.0828091529185497e-05], "E": [27837.0, 520, 0.05213703596020584], "F": [5049.0, 16, 0.009847088280053597], "G": [13.0, 5, 2.5952284269802998e-05], "H": [41.0, 16, 7.594977521041379e-05], "HFE": [56.0, 1, 0.0001085911757941239], "K": [501.0, 21, 0.000930616512372244], "L": [840.0, 3, 0.0015560441750426238], "T": [2270.0, 1, 0.010040754808517597], "V": [5.0, 2, 1.963507893348434e-05], "Y": [385.0, 3, 0.0009486078364843181], "DPB2": [18.0, 2, 4.7093825916238475e-05], "DOB": [88.0, 5, 0.00021735220222817602], "DOA": [27.0, 12, 7.27984241255001e-05], "J": [5.0, 3, 9.270626309234158e-06], "DQA2": [2.0, 1, 5.287154066985106e-06]}