{"A": [39346.0, 2681, 0.17117089308952446], "B": [27408.0, 2399, 0.12022122114155653], "C": [55722.0, 3081, 0.2417525401854947], "DMA": [2617.0, 2, 0.015904237252435574], "DMB": [573.0, 4, 0.0034558995405321023], "DPA1": [8962.0, 112, 0.054673244429156595], "DPB1": [5843.0, 364, 0.03592084435401885], "DQA1": [4714.0, 151, 0.029319734092727683], "DQB1": [3929.0, 323, 0.023170141127361942], "DRA": [15696.0, 8, 0.09800748031127986], "DRB1": [14173.0, 97, 0.08452028253702396], "DRB4": [2898.0, 12, 0.01728214060483281], "DRB5": [4819.0, 8, 0.02873796948747043], "DRB7": [1.0, 1, 1.2737975269814658e-05], "E": [12384.0, 484, 0.05457117818544213], "F": [1836.0, 17, 0.008424683932053211], "H": [20.0, 12, 8.71668015726368e-05], "HFE": [4.0, 1, 1.8249248237556817e-05], "K": [31.0, 11, 0.0001354793801569949], "L": [204.0, 3, 0.0008891013760408954], "T": [1058.0, 1, 0.01101043940805875], "V": [6.0, 2, 5.543606258623401e-05], "Y": [1.0, 1, 5.797015444393806e-06], "DPB2": [13.0, 3, 8.002271835096193e-05], "DPA2": [1.0, 1, 6.516699490014321e-06], "DOB": [38.0, 8, 0.00022082256398401324], "DOA": [41.0, 8, 0.0002600881404693232], "DRB3": [12.0, 8, 7.156165881918348e-05], "G": [3.0, 3, 1.4090680608202056e-05]}