{"A": [79329.0, 3236, 0.13965353955149865], "B": [158782.0, 4072, 0.2818355000794431], "C": [90575.0, 2814, 0.15901691789423908], "DMA": [3904.0, 2, 0.009600847487004913], "DMB": [810.0, 4, 0.0019768883640052383], "DPA1": [23080.0, 130, 0.05697657645564352], "DPA2": [11.0, 4, 2.900754792113189e-05], "DPB1": [17712.0, 397, 0.04406247547385884], "DPB2": [89.0, 3, 0.0002216922919084912], "DQA1": [9251.0, 156, 0.02328358064925197], "DQB1": [8312.0, 446, 0.01983548498191791], "DRA": [33488.0, 10, 0.08461553090740817], "DRB1": [28581.0, 136, 0.06897110940745965], "DRB5": [8275.0, 10, 0.019969067924380836], "E": [39092.0, 482, 0.06970772605023538], "F": [4174.0, 17, 0.0077503983216937996], "H": [65.0, 21, 0.00011463707869130131], "HFE": [5.0, 1, 9.230933674650376e-06], "K": [225.0, 18, 0.0003979098262407615], "L": [1334.0, 3, 0.0023527055842183994], "T": [1685.0, 1, 0.007095933348213428], "V": [16.0, 2, 5.9820735364697513e-05], "Y": [1.0, 1, 2.3458222226599373e-06], "DRB3": [76.0, 10, 0.00018340171145050677], "DRB4": [686.0, 10, 0.0016554417638822059], "W": [3.0, 1, 6.195376639332655e-06], "G": [4.0, 2, 7.60258608248491e-06], "DOB": [139.0, 6, 0.00032686264488391556], "DOA": [109.0, 13, 0.00027980394256364537], "J": [1.0, 1, 1.765258001344099e-06]}