{"A": [90260.0, 3320, 0.15792584223223036], "B": [119269.0, 3855, 0.21040686756330176], "C": [55616.0, 2706, 0.09704488374248861], "DMA": [5171.0, 2, 0.012638985172898647], "DPA1": [32591.0, 151, 0.07996429945053442], "DPA2": [13.0, 3, 3.4072154023179005e-05], "DPB1": [23741.0, 538, 0.05870001359775533], "DQA1": [9944.0, 213, 0.024874829247952587], "DQA2": [1.0, 1, 2.5014912759405254e-06], "DQB1": [12842.0, 449, 0.03045845424889195], "DRA": [47679.0, 10, 0.11973632255555094], "DRB1": [46397.0, 223, 0.1112801229469364], "DRB3": [4294.0, 24, 0.010298873805076728], "DRB5": [103.0, 6, 0.0002470386590411977], "DRB6": [7.0, 1, 3.520423324464991e-05], "DRB7": [1.0, 1, 5.1230541331261966e-06], "E": [36691.0, 755, 0.06502651494414205], "F": [3766.0, 17, 0.0069500799226776865], "HFE": [36.0, 1, 6.605657191709996e-05], "J": [13.0, 4, 2.2808117715972792e-05], "K": [243.0, 10, 0.0004271164756460427], "L": [225.0, 3, 0.00039439570481982015], "T": [1852.0, 1, 0.007751549227573297], "Y": [1.0, 1, 2.3314870144688392e-06], "DRB4": [89.0, 8, 0.00021346058888025817], "DMB": [1315.0, 3, 0.003189780390653858], "DPB2": [284.0, 2, 0.0007030995685282731], "G": [19.0, 8, 3.5891603440043417e-05], "V": [5.0, 1, 1.857974177874588e-05], "W": [1.0, 1, 2.0525056623101752e-06], "H": [23.0, 10, 4.0316005381581606e-05], "DOB": [263.0, 8, 0.000614673009585853], "DOA": [348.0, 17, 0.0008878599792469703]}