{"A": [14015.0, 1705, 0.08911927970710909], "B": [28001.0, 2119, 0.1795256746942378], "C": [19268.0, 1672, 0.12218846933971045], "DMA": [1464.0, 2, 0.013004673000242929], "DMB": [410.0, 4, 0.0036144280243161513], "DPA1": [10063.0, 129, 0.08973184890286016], "DPB1": [8255.0, 418, 0.0741783151139719], "DQB1": [3497.0, 311, 0.03014335020300692], "DRA": [16393.0, 9, 0.14961595515150908], "DRB1": [14258.0, 210, 0.12428164702169286], "DRB3": [374.0, 14, 0.0032600179538584046], "DRB5": [257.0, 7, 0.0022401727650845187], "E": [6518.0, 309, 0.04198227602172217], "F": [964.0, 15, 0.006465575838028842], "K": [15.0, 4, 9.581908135781108e-05], "L": [87.0, 3, 0.0005542294565325799], "T": [593.0, 2, 0.009020340125342613], "DRB4": [1624.0, 11, 0.01415579988520334], "W": [1.0, 1, 7.459419937613072e-06], "DQA1": [4965.0, 181, 0.045137649363115845], "DPB2": [27.0, 2, 0.00024293100600948137], "H": [49.0, 18, 0.0003121522226447864], "G": [3.0, 3, 2.0595920535710424e-05], "DOB": [54.0, 7, 0.00045867265368213514], "DOA": [62.0, 12, 0.0005748805548732559], "Y": [8.0, 2, 6.778657341364887e-05]}