{"A": [112528.0, 3142, 0.20880017557222239], "B": [141844.0, 3357, 0.26537236180788865], "C": [22316.0, 2134, 0.04129539582987509], "DMA": [3221.0, 2, 0.008349121446130828], "DPA1": [24973.0, 103, 0.06498027645093322], "DPB1": [17611.0, 374, 0.046178050870801075], "DQA1": [19947.0, 108, 0.052916238742486514], "DQB1": [6674.0, 341, 0.016787026770208255], "DRA": [27928.0, 7, 0.07437911390550485], "DRB1": [39002.0, 164, 0.09920349238576263], "DRB3": [15.0, 6, 3.815323280309829e-05], "DRB4": [10931.0, 13, 0.02780353251804449], "DRB5": [13.0, 2, 3.3066135096018524e-05], "DRB7": [3.0, 1, 1.629906105348359e-05], "E": [35826.0, 658, 0.06733512007634954], "F": [5325.0, 19, 0.010421769945941416], "HFE": [11.0, 1, 2.1405166139961732e-05], "K": [75.0, 11, 0.00013980210189973346], "L": [1347.0, 3, 0.002503972997153558], "T": [2186.0, 2, 0.009703090267678412], "V": [5.0, 2, 1.9703893923456953e-05], "Y": [11.0, 2, 2.7198069112305745e-05], "W": [1.0, 1, 2.1766908458177874e-06], "DMB": [1034.0, 3, 0.002659916213589336], "DPB2": [34.0, 3, 8.926676479034182e-05], "G": [1.0, 1, 2.003326088186282e-06], "DPA2": [11.0, 2, 3.057463703757154e-05], "H": [54.0, 12, 0.00010038199097720276], "DOB": [67.0, 7, 0.0001660640344561132], "DOA": [225.0, 15, 0.0006087796708223452], "J": [6.0, 2, 1.11637404475915e-05], "DQA2": [2.0, 2, 5.305683936680855e-06]}