{"A": [162180.0, 3358, 0.13773599830037092], "B": [313660.0, 3587, 0.2685862424915644], "C": [102532.0, 3475, 0.08684095984195092], "DMA": [14282.0, 3, 0.016944118803715377], "DPA1": [42808.0, 126, 0.050981860587679506], "DPA2": [20.0, 2, 2.544359805255833e-05], "DPB1": [45143.0, 371, 0.05417786707000692], "DQA1": [23535.0, 148, 0.0285762665209884], "DQB1": [34912.0, 281, 0.04019224038207418], "DRA": [84884.0, 8, 0.10347058551695645], "DRB1": [72543.0, 145, 0.08445308154026838], "DRB3": [117.0, 16, 0.00013620901451844285], "DRB5": [52208.0, 9, 0.06077948914511851], "DRB6": [2.0, 1, 4.882240149875721e-06], "DRB7": [4.0, 1, 9.946750598680135e-06], "E": [53389.0, 646, 0.045927733024066], "F": [7317.0, 17, 0.0065544285059926655], "H": [162.0, 31, 0.00013783419226045125], "HFE": [42.0, 1, 3.740719243772974e-05], "K": [111.0, 12, 9.470116506634507e-05], "L": [1464.0, 3, 0.0012456127004277816], "T": [3752.0, 1, 0.007622591553563699], "U": [1.0, 1, 4.75769320727685e-06], "V": [21.0, 2, 3.7877495630853995e-05], "W": [4.0, 4, 3.985076361650696e-06], "Y": [720.0, 4, 0.0008148127007413945], "DMB": [2876.0, 3, 0.003386228068395368], "J": [14.0, 4, 1.1922475032664546e-05], "DPB2": [190.0, 3, 0.00022832022556570864], "DOB": [487.0, 10, 0.0005524712068381873], "DOA": [341.0, 16, 0.00042229107994894497], "G": [2.0, 2, 1.8338404496091696e-06]}