{"A": [97204.0, 3777, 0.1340179187367399], "B": [137809.0, 3478, 0.19157144455754377], "C": [84517.0, 3319, 0.11620848157708985], "DMA": [6817.0, 3, 0.013129609831435731], "DMB": [2269.0, 4, 0.0043370096335432875], "DOB": [225.0, 8, 0.0004143733086579046], "DPA1": [37277.0, 116, 0.07207095289151733], "DPB1": [29630.0, 492, 0.0577286903669882], "DQA1": [16146.0, 166, 0.031826200954788275], "DQB1": [15900.0, 439, 0.029716193522617736], "DRA": [62486.0, 8, 0.12365234640095173], "DRB1": [52309.0, 118, 0.09886099429560809], "DRB5": [15887.0, 9, 0.030025514086951113], "DRB7": [1.0, 1, 4.0369168559027864e-06], "E": [45827.0, 720, 0.06399900441263504], "F": [5999.0, 15, 0.008723870395735165], "H": [51.0, 20, 7.044346247184378e-05], "HFE": [22.0, 1, 3.180951677287296e-05], "K": [40.0, 10, 5.540142071229808e-05], "L": [1216.0, 3, 0.0016795931444267068], "T": [3047.0, 1, 0.01004941638883643], "Y": [4.0, 2, 7.348756412444392e-06], "DRB4": [5905.0, 10, 0.011160109566529004], "DPB2": [60.0, 2, 0.00011704977997140812], "G": [2.0, 2, 2.977077327361937e-06], "DPA2": [12.0, 3, 2.4783254913455033e-05], "DOA": [254.0, 14, 0.0005106458572705716], "DRB3": [2.0, 2, 3.77988469653819e-06]}