{"A": [11304.0, 1373, 0.13648673133376057], "B": [17748.0, 1759, 0.21606387700164145], "C": [3769.0, 934, 0.04538365225911239], "DMA": [903.0, 2, 0.015230909187163771], "DPA1": [4337.0, 98, 0.0734324950205109], "DPA2": [6.0, 2, 0.00010851952900165182], "DPB1": [4030.0, 249, 0.06876139070690465], "DQA1": [1537.0, 103, 0.026532200582328556], "DQB1": [1261.0, 166, 0.020639096997963746], "DRA": [7514.0, 9, 0.13021780786344136], "DRB1": [7553.0, 156, 0.12501081686824095], "DRB3": [1663.0, 21, 0.02752455824862766], "DRB5": [23.0, 3, 0.00038067639189322684], "DRB7": [1.0, 1, 3.535325100364924e-05], "E": [6692.0, 303, 0.0818440806214555], "F": [913.0, 14, 0.011627348042626712], "H": [39.0, 15, 0.0004717530072339143], "K": [21.0, 8, 0.0002547180710464206], "L": [61.0, 1, 0.000737870088237661], "S": [1.0, 1, 4.9653442420855675e-05], "T": [375.0, 1, 0.010831265626118027], "Y": [65.0, 2, 0.0010457955014732405], "DRB4": [28.0, 5, 0.00046343212926131964], "DMB": [303.0, 3, 0.005071986294557632], "DPB2": [11.0, 2, 0.00018792804173975916], "DOB": [45.0, 5, 0.0007257738572829451], "DOA": [50.0, 10, 0.0008803100349514253]}