{"A": [70298.0, 3830, 0.16955214314140526], "B": [93652.0, 3601, 0.22774656271523475], "C": [56082.0, 3003, 0.13489592437062997], "DMA": [2870.0, 3, 0.009669900493330299], "DPA1": [16195.0, 114, 0.054774931694294066], "DPB1": [13583.0, 468, 0.04629534621371024], "DQA1": [10348.0, 178, 0.035682711971778726], "DQB1": [6447.0, 415, 0.021078286620068543], "DRA": [25167.0, 9, 0.0871229692662412], "DRB1": [20662.0, 230, 0.06831286432840823], "DRB5": [5471.0, 6, 0.01808826254673901], "E": [36366.0, 694, 0.08884416429458368], "F": [4789.0, 16, 0.012183070627469305], "H": [193.0, 28, 0.0004663472383062958], "HFE": [47.0, 1, 0.00011888137802868254], "K": [116.0, 13, 0.00028106093173852083], "L": [414.0, 4, 0.001000351070771018], "T": [1696.0, 1, 0.009785337669404716], "DRB3": [136.0, 10, 0.0004496442526698054], "DRB4": [2906.0, 11, 0.009607839693076872], "DMB": [876.0, 3, 0.0029291497756641634], "DPB2": [59.0, 2, 0.00020135060772553758], "DPA2": [1.0, 1, 3.6129227829680015e-06], "V": [15.0, 1, 7.683575628381658e-05], "DOB": [114.0, 9, 0.0003672786540028858], "DOA": [124.0, 13, 0.0004361032902915373], "G": [9.0, 5, 2.343603893730571e-05], "J": [1.0, 1, 2.4185136072288083e-06], "Y": [1.0, 1, 3.2139228154314868e-06]}