{"A": [36371.0, 2620, 0.1658790962256843], "B": [37446.0, 3070, 0.17219332488502237], "C": [22750.0, 2081, 0.10347438187332982], "DMA": [3245.0, 2, 0.020674304754412648], "DOB": [55.0, 11, 0.00033506543645033486], "DPA1": [10255.0, 107, 0.06558622904344844], "DPB1": [9023.0, 448, 0.05815254114896706], "DQA1": [5163.0, 108, 0.03366508099855849], "DQB1": [2584.0, 225, 0.01597519798342224], "DRA": [18892.0, 9, 0.12366740861069554], "DRB1": [22438.0, 162, 0.14027826517411618], "DRB5": [18.0, 4, 0.00011253270225216557], "DRB7": [1.0, 1, 1.3353880667256982e-05], "E": [10457.0, 528, 0.04830772490919266], "F": [2000.0, 18, 0.00962095148937823], "H": [13.0, 8, 5.939796373437754e-05], "HFE": [6.0, 1, 2.8697451290666864e-05], "K": [30.0, 5, 0.00013744845151568257], "L": [180.0, 2, 0.0008224333440144582], "T": [1315.0, 1, 0.014346693690721349], "V": [9.0, 2, 8.717475290520757e-05], "Y": [2.0, 2, 1.2154624393741183e-05], "DRB4": [3189.0, 10, 0.01993704374900867], "DMB": [968.0, 3, 0.00612052863915945], "DPB2": [14.0, 2, 9.03451978132721e-05], "J": [1.0, 1, 4.573246803855131e-06], "DOA": [45.0, 15, 0.0002992652539972929], "DRB3": [19.0, 7, 0.00011878451904395255]}