{"A": [32300.0, 2881, 0.16329835816463278], "B": [54687.0, 3923, 0.27876474993726463], "C": [28972.0, 2875, 0.146073956857538], "DMA": [1592.0, 3, 0.011243516289143161], "DMB": [441.0, 5, 0.0030909718076180593], "DPA1": [5986.0, 113, 0.04243816397308495], "DPA2": [22.0, 2, 0.00016660972295983974], "DPB1": [5202.0, 368, 0.03716472855315223], "DQA1": [3128.0, 163, 0.02260930228667564], "DQB1": [2457.0, 345, 0.01683843689483362], "DRA": [10422.0, 9, 0.07562602426975047], "DRB1": [11889.0, 263, 0.08239378369456184], "DRB3": [307.0, 15, 0.0021275878201892913], "DRB5": [2321.0, 7, 0.01608511834090992], "DRB7": [1.0, 1, 1.4803021446007578e-05], "E": [11858.0, 425, 0.06072447934966255], "F": [1807.0, 16, 0.009635828441259256], "H": [46.0, 22, 0.00023298551089747326], "HFE": [14.0, 1, 7.422718490118413e-05], "K": [64.0, 12, 0.0003250434718245031], "L": [302.0, 1, 0.0015296005280660205], "T": [1242.0, 1, 0.015020712937860631], "Y": [165.0, 4, 0.0011115739708394646], "DRB4": [1814.0, 10, 0.012571479823528908], "DPB2": [30.0, 2, 0.000214605658849981], "G": [1.0, 1, 5.458341241153237e-06], "V": [2.0, 1, 2.1474402484537104e-05], "DOB": [57.0, 7, 0.0003849325832219124], "DOA": [28.0, 7, 0.00020641663370926902], "J": [1.0, 1, 5.0695278924683485e-06]}