{"A": [5196.0, 873, 0.17950203262571882], "B": [7342.0, 1133, 0.2557343517130777], "C": [4503.0, 787, 0.1551376456876186], "DMA": [186.0, 2, 0.008976209219238251], "DPB1": [1011.0, 134, 0.04935517603707948], "DQB1": [442.0, 100, 0.020698545050272132], "DRA": [1582.0, 8, 0.07844181113275876], "DRB1": [1304.0, 67, 0.06175151881386795], "DRB5": [358.0, 6, 0.016953254398285832], "DRB7": [1.0, 1, 0.00010115126087915792], "E": [2356.0, 229, 0.08244201013536535], "F": [471.0, 13, 0.017162191597292285], "HFE": [2.0, 1, 7.245792326587245e-05], "L": [25.0, 3, 0.0008652309039617752], "T": [97.0, 1, 0.008016072144835228], "DMB": [49.0, 2, 0.002346785882139554], "K": [5.0, 3, 0.00017352114743679885], "DPB2": [3.0, 2, 0.0001466432583621813], "DPA1": [941.0, 76, 0.04558588912226418], "DPA2": [1.0, 1, 5.174859867624042e-05], "H": [16.0, 10, 0.0005537477785355361], "DOB": [21.0, 5, 0.0009690586124371882], "DOA": [8.0, 6, 0.00040299307123170487], "DQA1": [290.0, 48, 0.014323176589333887], "DRB3": [4.0, 2, 0.00018942183685235567], "DRB4": [1.0, 1, 4.735545921308892e-05]}