{"A": [64207.0, 4144, 0.21718896571373011], "B": [75957.0, 3341, 0.2590583783034871], "C": [22694.0, 1874, 0.07655639073256738], "DMA": [2203.0, 3, 0.010409974601295474], "DPA1": [12409.0, 128, 0.0588616919192369], "DPB1": [9739.0, 430, 0.04655336365154634], "DQA1": [6003.0, 139, 0.029031190268371792], "DQA2": [1.0, 1, 4.836113654568014e-06], "DQB1": [7056.0, 407, 0.03235424516421396], "DRA": [15391.0, 8, 0.07472451790552477], "DRB1": [16273.0, 204, 0.07545583460749453], "DRB5": [4853.0, 5, 0.022502744752053765], "DRB7": [4.0, 1, 3.961744305822118e-05], "E": [17770.0, 573, 0.06088577863911932], "F": [3236.0, 16, 0.01154557328317757], "HFE": [12.0, 1, 4.256888580754424e-05], "K": [52.0, 11, 0.00017670177027340187], "L": [325.0, 3, 0.0011013631096534458], "T": [1723.0, 1, 0.013942167971673834], "Y": [2.0, 1, 9.014891472592803e-06], "S": [1.0, 1, 1.3910619051341705e-05], "DRB3": [1168.0, 19, 0.005415867683989038], "DRB4": [21.0, 6, 9.737433335939195e-05], "DMB": [623.0, 3, 0.002921598842953574], "DPB2": [39.0, 2, 0.00018666401569796546], "V": [3.0, 1, 2.1552042282639666e-05], "W": [1.0, 1, 3.968093255030166e-06], "DOB": [81.0, 6, 0.00036599143336176046], "DOA": [89.0, 12, 0.00043898810161624566], "H": [21.0, 12, 7.116500093145341e-05], "J": [1.0, 1, 3.391904371423046e-06], "G": [4.0, 3, 1.4608201717633179e-05]}