{"A": [28981.0, 2742, 0.15120011478582487], "B": [54989.0, 3125, 0.2892604358509158], "C": [25167.0, 2415, 0.13094388569211388], "DMA": [1380.0, 3, 0.010057675847116528], "DMB": [359.0, 4, 0.0025966317381095915], "DOB": [82.0, 8, 0.0005714564368439952], "DPA1": [7215.0, 101, 0.05278562492109441], "DPB1": [5432.0, 342, 0.04004790818309744], "DQA1": [4481.0, 162, 0.03342372258090874], "DQB1": [2346.0, 279, 0.01659144008261371], "DRA": [10343.0, 9, 0.07745084915351598], "DRB1": [12497.0, 257, 0.08937464871652498], "DRB3": [607.0, 13, 0.004341074799626363], "DRB5": [15.0, 6, 0.00010727532453771902], "E": [12948.0, 487, 0.0684249521890297], "F": [1690.0, 14, 0.009299874100125833], "HFE": [21.0, 1, 0.00011489832754211856], "K": [13.0, 6, 6.813406248315146e-05], "L": [350.0, 1, 0.001829357495994497], "T": [852.0, 1, 0.010633298443197593], "U": [1.0, 1, 2.9227052705684672e-05], "Y": [19.0, 3, 0.00013208925276209918], "DRB4": [1374.0, 10, 0.009826419727655062], "DPB2": [14.0, 2, 0.00010334926884587466], "W": [3.0, 2, 1.836058439203268e-05], "DPA2": [7.0, 2, 5.470602498253666e-05], "V": [3.0, 1, 3.324082590124292e-05], "H": [30.0, 15, 0.0001568020710852426], "DOA": [68.0, 13, 0.0005173149514759168], "J": [1.0, 1, 5.231508977455886e-06]}