{"A": [251296.0, 4851, 0.20970008725557873], "B": [148656.0, 4082, 0.12507483496035784], "C": [133717.0, 3568, 0.11127937582173299], "DMA": [8954.0, 3, 0.010437822796103493], "DMB": [2588.0, 5, 0.00299401840629664], "DOA": [388.0, 18, 0.000472119702632711], "DOB": [217.0, 10, 0.00024188185570110497], "DPA1": [59941.0, 179, 0.07014191157100307], "DPA2": [11.0, 3, 1.3750043940685592e-05], "DPB1": [58454.0, 506, 0.068930049750436], "DQA1": [31098.0, 180, 0.03710108535992352], "DQA2": [8.0, 6, 9.544301333828162e-06], "DQB1": [25292.0, 544, 0.028609714884169704], "DRA": [88262.0, 10, 0.10571283128801144], "DRB1": [78889.0, 217, 0.09024004649280838], "DRB3": [14546.0, 16, 0.016638970151534316], "DRB4": [8877.0, 11, 0.010154278704466528], "DRB5": [112.0, 5, 0.00012811526584434506], "DRB7": [3.0, 1, 7.3300234243800285e-06], "E": [105091.0, 881, 0.08882835466922527], "F": [13120.0, 19, 0.011547779458197162], "HFE": [102.0, 1, 8.926246290434132e-05], "K": [595.0, 19, 0.0004987836159087507], "L": [2227.0, 3, 0.0018617657579943342], "T": [4444.0, 1, 0.008871084993993694], "U": [1.0, 1, 4.6747598369770585e-06], "V": [69.0, 2, 0.000122285207031485], "Y": [4.0, 2, 4.447829747803415e-06], "J": [18.0, 5, 1.5061691967904167e-05], "DPB2": [111.0, 3, 0.00013106195233669187], "G": [58.0, 21, 5.2254345945678664e-05], "W": [1.0, 1, 9.789027009054525e-07], "H": [101.0, 24, 8.44357169094871e-05]}