{"A": [101805.0, 4189, 0.20265361618905917], "B": [129408.0, 3629, 0.2597292342622961], "C": [87377.0, 3627, 0.17345922443119727], "DMA": [3321.0, 2, 0.009234936620232842], "DMB": [868.0, 4, 0.002395422548003604], "DOA": [160.0, 15, 0.0004644217986472187], "DOB": [232.0, 11, 0.0006168843562688147], "DPA1": [13291.0, 130, 0.037100818045518826], "DPB1": [10954.0, 442, 0.030813377702166744], "DQA1": [6258.0, 149, 0.017809918349597362], "DQB1": [6050.0, 310, 0.01632517875777162], "DRA": [22521.0, 8, 0.06434485478335385], "DRB1": [18609.0, 114, 0.050778294429015665], "DRB3": [28.0, 6, 7.640347380366698e-05], "DRB4": [3108.0, 11, 0.008480785592207035], "DRB5": [3052.0, 8, 0.0083279786445997], "DRB7": [2.0, 1, 1.1656987146045188e-05], "E": [44440.0, 728, 0.08960502342658813], "F": [5673.0, 19, 0.011911038919220886], "HFE": [10.0, 1, 2.0875693313118175e-05], "K": [116.0, 12, 0.00023196657861526338], "L": [2144.0, 3, 0.004275646745173509], "T": [2311.0, 1, 0.011004614907888247], "Y": [2.0, 2, 5.305060897775419e-06], "J": [11.0, 4, 2.1956653870975527e-05], "DPB2": [38.0, 2, 0.00010703097089635563], "DPA2": [9.0, 2, 2.6836515428310037e-05], "V": [6.0, 1, 2.5365784408705682e-05], "W": [1.0, 1, 2.3351336430378984e-06], "H": [60.0, 21, 0.00011965429324179596], "G": [9.0, 3, 1.9342345928172326e-05]}