{"A": [22289.0, 1917, 0.22296303403986897], "B": [36335.0, 2259, 0.36647293487775123], "C": [6624.0, 1442, 0.06608115515952795], "DMA": [477.0, 2, 0.006665618512528926], "DPA1": [2622.0, 79, 0.036780323669172124], "DPB1": [1257.0, 186, 0.01776883196300237], "DQA1": [1562.0, 80, 0.022339036151577143], "DQB1": [669.0, 163, 0.00907163818339192], "DRA": [2942.0, 8, 0.042240189188402576], "DRB1": [3626.0, 123, 0.04972100577363697], "DRB3": [95.0, 12, 0.001302673896441123], "DRB5": [21.0, 3, 0.00028795949289751145], "E": [11116.0, 425, 0.11263253980680189], "F": [1315.0, 14, 0.01387457359047355], "HFE": [9.0, 1, 9.441488080675671e-05], "K": [5.0, 2, 5.024518664464485e-05], "L": [365.0, 2, 0.003657858756559825], "T": [590.0, 1, 0.014118350113957352], "V": [20.0, 3, 0.0004248974004069387], "DRB4": [744.0, 9, 0.01020199346265469], "DMB": [118.0, 2, 0.0016364451268450566], "DPB2": [16.0, 2, 0.0002264659340313271], "DOB": [69.0, 8, 0.0009219808372698735], "Y": [1.0, 1, 1.332960898121282e-05], "DOA": [15.0, 5, 0.00021879676893464867], "H": [5.0, 4, 5.010765419944965e-05], "G": [17.0, 7, 0.00018359996323385366]}