{"A": [111543.0, 2826, 0.14539899922825478], "B": [155613.0, 2734, 0.20452171800495142], "C": [65757.0, 2411, 0.08548228231002127], "DMA": [7285.0, 3, 0.013265647309406776], "DOA": [248.0, 15, 0.00047138758600519796], "DPA1": [55508.0, 126, 0.1014647650648577], "DPB1": [40101.0, 470, 0.0738678775405562], "DQA1": [9943.0, 147, 0.018530095430318652], "DQB1": [12155.0, 230, 0.02147787848090186], "DRA": [57598.0, 9, 0.10776243717363339], "DRB1": [76328.0, 167, 0.13638694556928527], "DRB3": [19825.0, 28, 0.035424368461260354], "DRB5": [141.0, 4, 0.0002519463280220787], "DRB6": [2.0, 1, 7.493557934933164e-06], "DRB7": [1.0, 1, 3.816718841525958e-06], "E": [24978.0, 416, 0.03297993653954176], "F": [4850.0, 19, 0.0066682587829253945], "H": [61.0, 21, 7.966007618604588e-05], "HFE": [69.0, 1, 9.432435532424465e-05], "K": [129.0, 13, 0.0001689238554060551], "L": [491.0, 3, 0.0006411983181532547], "T": [3670.0, 1, 0.01144392005588257], "U": [12.0, 4, 8.762874891258576e-05], "V": [4.0, 1, 1.1073652344852877e-05], "DMB": [1359.0, 3, 0.002455928459106902], "DPB2": [33.0, 2, 6.0865844927685225e-05], "G": [1.0, 1, 1.4073447055774183e-06], "DPA2": [1.0, 1, 1.9526187797711246e-06], "DOB": [567.0, 10, 0.0009872625835516506]}