{"A": [60683.0, 3913, 0.12943363247886758], "B": [87508.0, 3692, 0.1881925015198493], "C": [94198.0, 3582, 0.20037189234219127], "DMA": [4275.0, 2, 0.012737846462152909], "DMB": [1124.0, 4, 0.003323713387335181], "DOA": [155.0, 17, 0.0004820800492328041], "DPA1": [17633.0, 104, 0.052740820529937726], "DPA2": [6.0, 2, 1.9170335452482582e-05], "DPB1": [18815.0, 406, 0.05671078260568233], "DQA1": [11896.0, 165, 0.03627623212409357], "DQB1": [11342.0, 256, 0.0327934463923062], "DRA": [29309.0, 8, 0.08972676343843208], "DRB1": [28888.0, 206, 0.08446317371080218], "DRB5": [8946.0, 9, 0.026156450845224187], "DRB6": [1.0, 1, 6.130827175684876e-06], "DRB7": [4.0, 1, 2.4981077131857305e-05], "E": [23172.0, 689, 0.050062977337932205], "F": [3946.0, 19, 0.008877461307844824], "H": [193.0, 32, 0.00041241000397312325], "HFE": [25.0, 1, 5.592110747639977e-05], "K": [10.0, 6, 2.1427044657928844e-05], "L": [142.0, 3, 0.0003034311946330752], "T": [2159.0, 1, 0.011015961096339852], "V": [10.0, 2, 4.52993419944221e-05], "Y": [1.0, 1, 2.842203860572357e-06], "S": [1.0, 1, 8.771445622140907e-06], "DRB4": [5059.0, 10, 0.014791581134136951], "W": [3.0, 1, 7.506333272793661e-06], "J": [8.0, 5, 1.711032680264199e-05], "DPB2": [59.0, 2, 0.0001780626068113218], "G": [15.0, 7, 3.4542418600466406e-05], "DOB": [229.0, 8, 0.0006524482964410725], "DRB3": [18.0, 8, 5.2628673732845445e-05]}