{"A": [202722.0, 6530, 0.2665198730397071], "B": [279304.0, 4990, 0.37023743738532006], "C": [63714.0, 2886, 0.08353694866614418], "DMA": [5694.0, 3, 0.010457454229129371], "DMB": [1045.0, 4, 0.0019046806269979366], "DPA1": [11411.0, 113, 0.021037445260421977], "DPA2": [10.0, 2, 1.9693689257392324e-05], "DPB1": [9133.0, 437, 0.01696772021918032], "DQA1": [1760.0, 108, 0.0033081295100490476], "DQB1": [6188.0, 386, 0.011027989445486065], "DRA": [26526.0, 9, 0.0500542992562202], "DRB1": [20656.0, 241, 0.03722586212302247], "DRB3": [4321.0, 23, 0.007787226483035444], "DRB4": [109.0, 9, 0.00019643778908837384], "DRB5": [94.0, 7, 0.00016940506581933156], "DRB7": [1.0, 1, 3.849459793511619e-06], "E": [70343.0, 890, 0.09367477522658713], "F": [8435.0, 19, 0.011696755532518194], "G": [23.0, 9, 3.264659854379323e-05], "HFE": [34.0, 1, 4.6877375708952385e-05], "K": [405.0, 21, 0.0005348917713994301], "L": [1073.0, 4, 0.0014132540003779543], "S": [3.0, 3, 1.6219633961425363e-05], "T": [3561.0, 2, 0.01119928621298601], "V": [30.0, 3, 8.376484076790273e-05], "Y": [5.0, 3, 8.759389700041609e-06], "J": [8.0, 4, 1.0546465187703066e-05], "DPB2": [9.0, 2, 1.6742173715337264e-05], "W": [1.0, 1, 1.542251519836386e-06], "H": [74.0, 24, 9.746579312951408e-05], "DOB": [281.0, 8, 0.0004934754571061885], "DOA": [114.0, 17, 0.00021854502811769153]}