{"A": [226729.0, 4412, 0.16425436354568282], "B": [479780.0, 3387, 0.35045030611663053], "C": [173096.0, 2852, 0.1250581202243003], "DMA": [7628.0, 2, 0.007719698193621264], "DMB": [1866.0, 5, 0.0018741253760447387], "DOB": [243.0, 5, 0.0002351508968088618], "DPA1": [43292.0, 156, 0.043980288210174426], "DPA2": [34.0, 5, 3.689666607163789e-05], "DPB1": [39136.0, 511, 0.04006522627894851], "DQA1": [18755.0, 174, 0.01942531328903285], "DQB1": [22913.0, 449, 0.022501378213859433], "DRA": [53940.0, 9, 0.05608693275946714], "DRB1": [54845.0, 224, 0.054464899682835875], "DRB3": [20741.0, 24, 0.02059725561713372], "DRB5": [26.0, 4, 2.581980840101619e-05], "DRB7": [7.0, 1, 1.484837596969208e-05], "E": [97636.0, 965, 0.07164615360652622], "F": [11375.0, 19, 0.008691862734419895], "H": [109.0, 25, 7.910940664248746e-05], "HFE": [55.0, 1, 4.17857489937098e-05], "K": [435.0, 26, 0.00031657839890942625], "L": [2278.0, 4, 0.001653314021390701], "T": [5171.0, 1, 0.008961362294500202], "V": [26.0, 2, 4.000322346076202e-05], "Y": [1433.0, 5, 0.001383347093743634], "DRB4": [45.0, 6, 4.468812992483571e-05], "W": [4.0, 3, 3.3993534729148534e-06], "DPB2": [90.0, 2, 9.225564966441599e-05], "G": [19.0, 10, 1.4860890403716262e-05], "J": [7.0, 2, 5.085060263593178e-06], "DOA": [223.0, 14, 0.00023557113270072095]}