{"A": [156216.0, 5363, 0.1248850499789831], "B": [227582.0, 4709, 0.18344137996926196], "C": [116025.0, 4351, 0.09250208821661962], "DMA": [14881.0, 2, 0.01661869240255889], "DMB": [4006.0, 4, 0.004439898503465508], "DOB": [233.0, 9, 0.00024881203445303786], "DPA1": [82967.0, 154, 0.09301026966463526], "DPB1": [60227.0, 732, 0.06803893246270491], "DQA1": [29229.0, 213, 0.033407195307095454], "DQB1": [33754.0, 351, 0.03657863593378205], "DRA": [138486.0, 10, 0.15890286043076957], "DRB1": [108732.0, 315, 0.11915496384337937], "DRB3": [11525.0, 28, 0.012629777418744687], "DRB5": [208.0, 6, 0.00022793871610402562], "DRB7": [2.0, 1, 4.681510553828833e-06], "E": [52338.0, 804, 0.04238138250108859], "F": [6884.0, 17, 0.005804668345201313], "H": [40.0, 15, 3.203588426433964e-05], "HFE": [49.0, 1, 4.108059046160688e-05], "K": [246.0, 16, 0.00019756145864167882], "L": [1189.0, 4, 0.0009522666597574959], "T": [2893.0, 1, 0.00553252043800115], "V": [23.0, 2, 3.90503177241525e-05], "Y": [36.0, 4, 3.834975271643765e-05], "DRB4": [175.0, 9, 0.0001917753621067523], "W": [3.0, 2, 2.8134077847529046e-06], "J": [14.0, 6, 1.122279927287734e-05], "DPB2": [95.0, 2, 0.00010746057569597434], "DPA2": [13.0, 3, 1.5567778956286198e-05], "DOA": [467.0, 16, 0.0005443888019517095], "G": [18.0, 5, 1.553598635120188e-05], "DQA2": [1.0, 1, 1.1429469125558675e-06]}