{"A": [39000.0, 3428, 0.10655005345844451], "B": [94465.0, 4407, 0.26021627412463216], "C": [47057.0, 3279, 0.12821189595524435], "DMA": [3087.0, 3, 0.01178163295161439], "DMB": [969.0, 4, 0.0036702022784820486], "DPA1": [15841.0, 147, 0.060689315182403995], "DPB1": [14729.0, 516, 0.05686481733338591], "DQA1": [10008.0, 187, 0.03909106312243922], "DQB1": [7682.0, 469, 0.02844989638218462], "DRA": [26201.0, 9, 0.10274195776201929], "DRB1": [25805.0, 300, 0.09664129755067978], "DRB3": [4356.0, 24, 0.016313485453623763], "DRB4": [3395.0, 12, 0.01271448189050796], "DRB5": [87.0, 3, 0.0003258203017597032], "DRB6": [2.0, 1, 1.5705726768340993e-05], "DRB7": [1.0, 1, 7.999450167341679e-06], "E": [19911.0, 580, 0.055100456278346456], "F": [2533.0, 16, 0.007299210113067894], "HFE": [23.0, 1, 6.589804937280036e-05], "K": [55.0, 16, 0.000150950283349883], "L": [550.0, 3, 0.0015053709826772092], "T": [1504.0, 1, 0.009829389748106116], "V": [3.0, 2, 1.740692734672996e-05], "Y": [172.0, 3, 0.000626170553147498], "W": [2.0, 1, 6.4098158392160895e-06], "DPB2": [86.0, 2, 0.00033245137615563034], "DPA2": [6.0, 1, 2.455492889020297e-05], "H": [73.0, 20, 0.0001998037849735205], "J": [3.0, 3, 8.218613185625012e-06], "DOB": [89.0, 7, 0.00032479519383823426], "DOA": [55.0, 12, 0.00021910844581862171], "DQA2": [1.0, 1, 3.905981527022304e-06]}