{"A": [42801.0, 2857, 0.16713711820433635], "B": [56071.0, 2316, 0.22076577983906528], "C": [37793.0, 1763, 0.14717884228025901], "DMA": [2347.0, 2, 0.012803003890342269], "DMB": [563.0, 4, 0.0030479269019264223], "DOA": [118.0, 16, 0.0006719057613157452], "DPA1": [11940.0, 133, 0.06538285772834632], "DPB1": [9689.0, 343, 0.053466194138749173], "DQA1": [3646.0, 106, 0.020355265818493742], "DQB1": [5130.0, 292, 0.027155242167074482], "DRA": [18897.0, 9, 0.10591385164730785], "DRB1": [16533.0, 127, 0.08849943204183766], "DRB3": [43.0, 10, 0.00023017453443410267], "DRB4": [63.0, 7, 0.00033723245742670857], "DRB5": [101.0, 7, 0.0005406425111126597], "DRB7": [1.0, 1, 1.1433786175610308e-05], "E": [17252.0, 387, 0.06823881887740857], "F": [1807.0, 17, 0.007442669891688699], "H": [28.0, 10, 0.00010953900989407687], "HFE": [26.0, 1, 0.00010647508616256019], "K": [31.0, 11, 0.00012160820154754789], "L": [488.0, 3, 0.0019091084581539111], "T": [846.0, 1, 0.00790276397431889], "V": [1.0, 1, 8.293365214417536e-06], "DPB2": [22.0, 2, 0.00012155764941853743], "DOB": [94.0, 7, 0.0004903174728592012], "Y": [1.0, 1, 5.2034827862304195e-06], "W": [1.0, 1, 4.580843820356695e-06], "G": [10.0, 6, 4.215997852363683e-05]}