{"A": [21024.0, 1490, 0.13851597676085595], "B": [44480.0, 2306, 0.29547705371405153], "C": [24645.0, 1378, 0.16193039102337617], "DMA": [1238.0, 2, 0.011394229422673237], "DPA1": [5932.0, 91, 0.0548057646465006], "DPA2": [1.0, 1, 9.869221278677668e-06], "DPB1": [4056.0, 220, 0.03776276523054065], "DQB1": [1469.0, 129, 0.013119691951593461], "DRA": [8322.0, 7, 0.0786960867969765], "DRB1": [8378.0, 130, 0.07566494156645964], "DRB5": [107.0, 6, 0.000966358169922557], "E": [12871.0, 352, 0.0858953926273723], "F": [1402.0, 15, 0.00974280802552696], "H": [24.0, 12, 0.00015841180723950507], "HFE": [10.0, 1, 6.90939751410767e-05], "K": [15.0, 10, 9.927912896528907e-05], "L": [394.0, 2, 0.002600593835515208], "T": [592.0, 1, 0.009330305892776194], "DRB3": [798.0, 15, 0.007207045042973837], "DRB4": [43.0, 4, 0.0003883495449221491], "DMB": [297.0, 3, 0.002712802198976524], "DPB2": [15.0, 2, 0.00013983516489569713], "V": [4.0, 1, 5.5970129185847046e-05], "DOB": [31.0, 5, 0.0002728203346902587], "DQA1": [1314.0, 100, 0.012377160032830391], "DOA": [58.0, 13, 0.0005572112529106274], "G": [7.0, 6, 4.9792501849454395e-05]}