{"A": [22576.0, 2130, 0.15878746665343504], "B": [52057.0, 2989, 0.3691669558005356], "C": [20556.0, 2096, 0.144185920257877], "DMA": [916.0, 2, 0.009000041069142537], "DMB": [236.0, 4, 0.002301221298908385], "DPA1": [4402.0, 110, 0.04341700281930326], "DPB1": [3406.0, 302, 0.033852846221412825], "DQB1": [1086.0, 186, 0.010354195720060102], "DRA": [5573.0, 9, 0.05625992793099929], "DRB1": [5865.0, 137, 0.056546673814159], "DRB3": [1361.0, 23, 0.013121913565399898], "DRB5": [85.0, 3, 0.0008195170117994058], "E": [9095.0, 404, 0.06479552078440191], "F": [1295.0, 16, 0.009607062199858333], "HFE": [3.0, 1, 2.212820247602643e-05], "K": [55.0, 11, 0.0003886101066123763], "L": [148.0, 2, 0.001042852111580034], "T": [912.0, 1, 0.015344534443767975], "Y": [3.0, 1, 2.811678154417436e-05], "DRB4": [62.0, 4, 0.0005977653497830959], "DQA1": [982.0, 113, 0.009874652729399512], "DPA2": [3.0, 2, 3.1607405173805826e-05], "H": [16.0, 6, 0.00011274076881946312], "DOB": [17.0, 5, 0.0001597160891609061], "DOA": [14.0, 7, 0.0001435835289480281], "G": [4.0, 3, 3.037460241546991e-05], "J": [1.0, 1, 7.052733026605684e-06]}