{"A": [15793.0, 1746, 0.15048946430915322], "B": [38310.0, 2513, 0.36806801008575646], "C": [19391.0, 1806, 0.18427087089169766], "DMA": [751.0, 3, 0.009996804337606262], "DOB": [12.0, 5, 0.0001527401558867208], "DPA1": [2007.0, 96, 0.026818186795949467], "DPA2": [5.0, 3, 7.136903600436819e-05], "DPB1": [1610.0, 194, 0.02167946987383141], "DQA1": [580.0, 92, 0.00790151874137945], "DQB1": [858.0, 119, 0.011082712570284252], "DRA": [4444.0, 9, 0.06077940106418331], "DRB1": [4294.0, 105, 0.05608843534627238], "DRB3": [690.0, 14, 0.009012813318334405], "DRB5": [1987.0, 5, 0.025954289947145603], "E": [4798.0, 334, 0.046309998020477236], "F": [945.0, 16, 0.009497840673330602], "HFE": [12.0, 1, 0.00011991634015175215], "K": [18.0, 12, 0.00017230431126104918], "L": [109.0, 3, 0.0010405423119782856], "T": [338.0, 1, 0.007704559540839318], "V": [2.0, 1, 4.047466413245794e-05], "DRB4": [7.0, 4, 9.143433801208819e-05], "DMB": [171.0, 3, 0.0022589921918928085], "DPB2": [8.0, 2, 0.00010786289359010697], "H": [10.0, 6, 9.54625974292005e-05], "DOA": [14.0, 8, 0.0001945256434201398]}