{"A": [96578.0, 3952, 0.142549003123629], "B": [104844.0, 3400, 0.15602853081936927], "C": [75483.0, 2936, 0.11110923325963251], "DMA": [7262.0, 2, 0.01497345479128876], "DMB": [1254.0, 4, 0.002566023752101193], "DOA": [321.0, 18, 0.0006908732433839236], "DPA1": [35411.0, 121, 0.07329337937943566], "DPA2": [30.0, 3, 6.632932797848996e-05], "DPB1": [22578.0, 450, 0.047092610668515125], "DQA1": [15374.0, 149, 0.032442474642108345], "DQB1": [11628.0, 363, 0.023265282019050818], "DRA": [52493.0, 10, 0.11120601429849158], "DRB1": [59663.0, 213, 0.12071490252049161], "DRB3": [7939.0, 17, 0.01606281298476749], "DRB4": [13047.0, 13, 0.02639772276259749], "DRB5": [47.0, 3, 9.509411894244516e-05], "DRB7": [1.0, 1, 4.321724214065167e-06], "E": [66436.0, 726, 0.09932590056006692], "F": [5616.0, 17, 0.008743084721249992], "G": [26.0, 10, 4.1432459279385816e-05], "H": [51.0, 13, 7.541329889963168e-05], "HFE": [16.0, 1, 2.4766327874298952e-05], "K": [129.0, 15, 0.000191274847992134], "L": [1797.0, 4, 0.0026572097671105515], "T": [2655.0, 1, 0.00937432825845018], "V": [26.0, 2, 8.150253595190595e-05], "DPB2": [125.0, 2, 0.00026105776099781536], "W": [5.0, 3, 8.65730010830362e-06], "J": [3.0, 2, 4.44012761719024e-06], "DOB": [328.0, 10, 0.0006466813604988024], "Y": [1.0, 1, 1.9668041022748027e-06], "DQA2": [2.0, 1, 4.220433802798015e-06]}