{"A": [53632.0, 3141, 0.20811855131679688], "B": [61975.0, 2906, 0.24248104631297202], "C": [26775.0, 2157, 0.10361706873787013], "DMA": [2273.0, 2, 0.012321569509484981], "DMB": [456.0, 3, 0.0024531765395439044], "DOB": [87.0, 9, 0.00045095849948972654], "DPA1": [10394.0, 135, 0.05656009003271078], "DPB1": [7839.0, 405, 0.0429861735070781], "DQA1": [5369.0, 149, 0.029786626901505645], "DQB1": [3108.0, 297, 0.016348771838972126], "DRA": [13677.0, 7, 0.07617606828581254], "DRB1": [18421.0, 169, 0.09798730837459509], "DRB3": [18.0, 7, 9.574787203423873e-05], "DRB5": [10.0, 3, 5.319326224124373e-05], "DRB7": [1.0, 1, 1.1362080814729661e-05], "E": [17542.0, 621, 0.06895074549768948], "F": [2443.0, 17, 0.009999122273193287], "H": [26.0, 15, 0.00010107690505804215], "HFE": [6.0, 1, 2.4417079114748556e-05], "K": [39.0, 12, 0.00015203150220990055], "L": [326.0, 3, 0.0012673488864969901], "S": [1.0, 1, 1.5957978672373122e-05], "T": [1453.0, 1, 0.013487829594609639], "V": [8.0, 2, 6.593083644910829e-05], "Y": [198.0, 5, 0.0010238282772981522], "DRB4": [2778.0, 11, 0.01477708825061751], "DPB2": [16.0, 2, 8.78511403200747e-05], "G": [7.0, 5, 2.932690475778305e-05], "DOA": [100.0, 13, 0.0005658406780243855], "J": [1.0, 1, 3.8911235666882406e-06]}