{"A": [18791.0, 1659, 0.11641341493001298], "B": [27563.0, 1972, 0.17216865318298835], "C": [5205.0, 1089, 0.03215798969274708], "DMA": [2077.0, 2, 0.017975021863302094], "DPA1": [9850.0, 117, 0.08557165769709796], "DPB1": [9552.0, 332, 0.08362358301088506], "DQA1": [4707.0, 124, 0.041690629725429355], "DQB1": [3614.0, 226, 0.030349993761766662], "DRA": [18479.0, 9, 0.16431322023871792], "DRB1": [15229.0, 161, 0.12932853183255819], "DRB3": [3835.0, 21, 0.032567792998743225], "DRB5": [13.0, 3, 0.00011039929830082451], "E": [10688.0, 399, 0.06706912488586496], "F": [1466.0, 13, 0.009579409031147268], "HFE": [13.0, 1, 8.44602081556451e-05], "L": [61.0, 2, 0.00037859489853148414], "T": [564.0, 1, 0.008358375833345682], "Y": [88.0, 3, 0.0007264587134642006], "DRB4": [61.0, 6, 0.0005180274766423304], "DMB": [529.0, 3, 0.0045434522406478306], "K": [53.0, 13, 0.00032984597162114877], "DPB2": [9.0, 2, 7.88925992714754e-05], "V": [1.0, 1, 1.3157244151013305e-05], "W": [1.0, 1, 7.2674094295661105e-06], "H": [63.0, 15, 0.0003910078460243197], "DOB": [110.0, 8, 0.0009102828161412734], "DOA": [82.0, 15, 0.0007407545930120293]}