{"A": [111515.0, 3963, 0.1967848577071376], "B": [174780.0, 3893, 0.3109743607457862], "C": [33240.0, 2308, 0.058497111880033315], "DMA": [7014.0, 2, 0.0172903563466996], "DOB": [247.0, 10, 0.0005822183165578738], "DPA1": [15922.0, 127, 0.03940003303904701], "DPA2": [6.0, 3, 1.5860176067867246e-05], "DPB1": [15137.0, 299, 0.03774674616197162], "DQA1": [3234.0, 132, 0.008159048674642537], "DQB1": [4766.0, 214, 0.011400653532761469], "DRA": [38120.0, 9, 0.09654997936411851], "DRB1": [49445.0, 191, 0.11960534651691328], "DRB3": [7280.0, 17, 0.01761000955896711], "DRB5": [22.0, 4, 5.3217061854021487e-05], "DRB7": [3.0, 1, 1.5500678743662258e-05], "E": [29414.0, 556, 0.052575756984096125], "F": [5045.0, 17, 0.009390120588589828], "H": [42.0, 17, 7.425051405495151e-05], "HFE": [73.0, 1, 0.00013509426316706598], "K": [90.0, 11, 0.00015954495504684393], "L": [785.0, 3, 0.001387777465074689], "T": [4134.0, 1, 0.017450927539841985], "V": [17.0, 3, 6.371168729261566e-05], "Y": [1.0, 1, 2.3514379162109006e-06], "S": [1.0, 1, 7.25687207100293e-06], "DRB4": [21.0, 5, 5.079810449702051e-05], "W": [3.0, 2, 6.210207829992891e-06], "DMB": [1472.0, 3, 0.0036011677889316355], "J": [4.0, 1, 7.077935499389158e-06], "DPB2": [58.0, 2, 0.00014481948568498886], "DOA": [97.0, 11, 0.0002495959226652123], "G": [3.0, 3, 5.715589507250095e-06], "DQA2": [1.0, 1, 2.522896930934612e-06]}