{"A": [25850.0, 2395, 0.14506492059517515], "B": [52959.0, 2720, 0.2996512498475264], "C": [13478.0, 1804, 0.07542969130438423], "DMA": [1663.0, 2, 0.013036886978548896], "DOB": [171.0, 6, 0.0012818242697722163], "DPA1": [6869.0, 111, 0.05405500995012227], "DPB1": [6303.0, 373, 0.04998393989547184], "DQB1": [2650.0, 282, 0.02015881746332264], "DRA": [13079.0, 9, 0.10534581853163912], "DRB1": [12371.0, 188, 0.09516483262874197], "DRB3": [244.0, 14, 0.001876988049584758], "DRB5": [33.0, 7, 0.0002538549411323648], "E": [11854.0, 425, 0.0673813701839043], "F": [1333.0, 15, 0.00789012016010489], "HFE": [19.0, 1, 0.00011181784460922868], "K": [30.0, 11, 0.00016912401883641703], "L": [475.0, 3, 0.002670467228692117], "T": [742.0, 1, 0.009960827452465303], "Y": [92.0, 4, 0.0006879625743573929], "DRB4": [1746.0, 10, 0.01343123415809421], "DMB": [458.0, 3, 0.003563235230866892], "DQA1": [3992.0, 164, 0.03202827213247004], "DPB2": [10.0, 2, 7.940401743479546e-05], "G": [12.0, 7, 7.270503543292186e-05], "DPA2": [10.0, 3, 8.406209758444922e-05], "H": [22.0, 12, 0.000123684797960477], "DOA": [54.0, 14, 0.0004418786117646307]}