{"A": [196030.0, 4062, 0.17665872793167098], "B": [296659.0, 4060, 0.2695532346616179], "C": [210337.0, 3799, 0.18903544999922547], "DMA": [10569.0, 2, 0.013305348397690297], "DOB": [457.0, 10, 0.0005501223399685799], "DPA1": [31836.0, 115, 0.040232000967291924], "DPB1": [22607.0, 391, 0.02878967846936537], "DQA1": [11134.0, 131, 0.014345143467071133], "DQB1": [9833.0, 312, 0.012012016480116917], "DRA": [52766.0, 6, 0.06825078282983045], "DRB1": [69175.0, 195, 0.08545383362957787], "DRB4": [15819.0, 14, 0.019541658029436824], "DRB6": [1.0, 1, 2.5903087713758787e-06], "DRB7": [1.0, 1, 2.6386612017748945e-06], "E": [57264.0, 624, 0.05227178103958865], "F": [6467.0, 16, 0.006147054031656428], "G": [30.0, 9, 2.9188730108129366e-05], "H": [24.0, 10, 2.166783833574275e-05], "HFE": [21.0, 1, 1.9846663766931518e-05], "K": [237.0, 9, 0.00021455719515804555], "L": [994.0, 5, 0.0008974096377386789], "T": [5027.0, 1, 0.010837050540296074], "U": [1.0, 1, 5.048458931967273e-06], "Y": [4.0, 2, 4.803388110027114e-06], "DRB3": [7437.0, 19, 0.009187136403370736], "DMB": [1856.0, 3, 0.0023188234803476347], "DPB2": [29.0, 2, 3.6978660527451004e-05], "DPA2": [3.0, 2, 4.049786974074702e-06], "V": [1.0, 1, 1.913922535136529e-06], "W": [1.0, 1, 1.0571559301982752e-06], "J": [2.0, 2, 1.8073021929965033e-06], "DOA": [201.0, 17, 0.000264128935038224], "DRB5": [2.0, 1, 2.4706565559690027e-06]}