{"A": [181397.0, 4374, 0.1261054038497667], "B": [203241.0, 4641, 0.1424588323773527], "C": [298594.0, 4925, 0.20701398941786794], "DMA": [13448.0, 2, 0.013059937287726855], "DMB": [4294.0, 5, 0.004138498438130027], "DPA1": [77240.0, 151, 0.07529851999791842], "DPB1": [56799.0, 645, 0.05579889620235087], "DQA1": [19828.0, 134, 0.0197071411564901], "DQB1": [38923.0, 460, 0.036679822424689444], "DRA": [116428.0, 10, 0.11617212652841186], "DRB1": [110800.0, 250, 0.10558766392390483], "DRB3": [16663.0, 31, 0.015879126750577854], "DRB5": [35.0, 4, 3.335350394708185e-05], "DRB7": [10.0, 1, 2.035516698027624e-05], "E": [84945.0, 868, 0.05981560167687609], "F": [15089.0, 20, 0.011064089141404472], "G": [14.0, 9, 1.0507829562089504e-05], "H": [154.0, 29, 0.00010725464353202122], "HFE": [40.0, 1, 2.91621303442353e-05], "K": [319.0, 17, 0.0002227801326638193], "L": [1479.0, 5, 0.001030062453141944], "T": [5229.0, 2, 0.008695847070250364], "V": [46.0, 2, 6.791617609473213e-05], "Y": [24.0, 5, 2.2232585293991038e-05], "DRB4": [3.0, 2, 2.85887176689273e-06], "J": [10.0, 3, 6.9709475959850125e-06], "DPB2": [36.0, 2, 3.541169513321253e-05], "DPA2": [11.0, 2, 1.1454988239241403e-05], "W": [2.0, 1, 1.6310229952144423e-06], "DOB": [416.0, 10, 0.0003863024390417389], "DOA": [529.0, 16, 0.0005362491699485124]}