{"A": [39309.0, 3740, 0.15438370803784643], "B": [70308.0, 4604, 0.27841246560288463], "C": [30925.0, 3223, 0.1211251147366233], "DMA": [2355.0, 3, 0.012920525500643945], "DMB": [563.0, 4, 0.0030654555660071833], "DPA1": [9193.0, 132, 0.05062992804578827], "DPA2": [6.0, 2, 3.529873061063474e-05], "DPB1": [7371.0, 455, 0.04090884372836008], "DQA1": [3953.0, 189, 0.02219613749611851], "DQB1": [4224.0, 458, 0.02248799327711984], "DRA": [15917.0, 9, 0.089724612882332], "DRB1": [16438.0, 301, 0.08849694366604056], "DRB3": [1345.0, 22, 0.00724105056763746], "DRB5": [3571.0, 9, 0.01922512384909544], "E": [14864.0, 503, 0.05913140885713653], "F": [2013.0, 17, 0.008338824956640933], "HFE": [18.0, 1, 7.41374485317916e-05], "K": [83.0, 17, 0.00032746865989942165], "L": [393.0, 3, 0.0015463001867814688], "T": [1545.0, 1, 0.014515353280894948], "W": [7.0, 2, 3.2250318155834555e-05], "Y": [23.0, 3, 0.00012036838579382912], "DRB4": [717.0, 8, 0.0038600990758335006], "J": [4.0, 3, 1.5752797283163024e-05], "DPB2": [11.0, 2, 6.112836445737713e-05], "H": [37.0, 17, 0.00014558042470970572], "DOB": [88.0, 8, 0.00046166044592627396], "DOA": [85.0, 12, 0.00048678340210172585], "G": [7.0, 5, 2.9681708745192864e-05]}