{"A": [64255.0, 3026, 0.14502277516754034], "B": [97044.0, 3663, 0.2208373022506235], "C": [61516.0, 2599, 0.13846257152000369], "DMA": [4673.0, 2, 0.014733463744408], "DPA1": [17640.0, 113, 0.055830104725077996], "DPB1": [19594.0, 364, 0.062493336000930134], "DQA1": [9879.0, 180, 0.03187743648914286], "DQB1": [6233.0, 165, 0.01906969433067068], "DRA": [36865.0, 9, 0.11942202382955186], "DRB1": [28124.0, 213, 0.08701140811234946], "DRB3": [136.0, 11, 0.00042076345837290305], "DRB5": [8556.0, 7, 0.026470971689989402], "DRB7": [1.0, 1, 6.608461375621478e-06], "E": [24101.0, 577, 0.05509819912840864], "F": [2641.0, 17, 0.0062870844715476664], "HFE": [9.0, 1, 2.1302346841186712e-05], "K": [33.0, 7, 7.48213261878461e-05], "L": [298.0, 3, 0.0006738098163555658], "T": [1605.0, 1, 0.008665506950876202], "U": [1.0, 1, 1.2643739876826807e-05], "V": [30.0, 2, 0.00014380114211942285], "Y": [310.0, 3, 0.0009323223724708699], "DRB4": [72.0, 6, 0.0002227571250209487], "DMB": [1182.0, 3, 0.0036984854857881567], "DPB2": [96.0, 2, 0.00030657810505460467], "DPA2": [24.0, 3, 8.114072630367435e-05], "H": [108.0, 22, 0.00024419953075973527], "J": [5.0, 2, 1.131585851989979e-05], "DOB": [328.0, 8, 0.0009888573591258416], "DOA": [267.0, 16, 0.0008787147347066407]}