{"A": [54055.0, 3807, 0.18479195025763526], "B": [90527.0, 3838, 0.312032453550707], "C": [17146.0, 1771, 0.05845545130045786], "DMA": [3319.0, 2, 0.015850180918591077], "DMB": [917.0, 4, 0.0043460395226921], "DPA1": [8762.0, 125, 0.042004034272288195], "DPB1": [8339.0, 420, 0.040284916927569615], "DQA1": [3062.0, 110, 0.014965577617569038], "DQB1": [7316.0, 399, 0.03390300512571617], "DRA": [21027.0, 9, 0.10317284274605062], "DRB1": [17554.0, 137, 0.0822608315434755], "DRB3": [1549.0, 19, 0.0072588599784005675], "DRB5": [6600.0, 8, 0.03092864806807214], "E": [13270.0, 587, 0.04595059698234892], "F": [2985.0, 18, 0.010763242453503255], "H": [12.0, 6, 4.109795471553713e-05], "HFE": [20.0, 1, 7.170225782908103e-05], "J": [4.0, 3, 1.371182903142426e-05], "K": [36.0, 8, 0.00012363227365479054], "L": [353.0, 3, 0.0012089648345487171], "S": [2.0, 1, 2.811695278915649e-05], "T": [1323.0, 1, 0.01081923803942748], "V": [18.0, 2, 0.00013068672640685307], "W": [2.0, 2, 8.020541019983743e-06], "DPB2": [11.0, 2, 5.320843449855194e-05], "G": [2.0, 2, 7.381736867949639e-06], "DOB": [66.0, 6, 0.0003013850012472723], "DOA": [44.0, 12, 0.00021933463570186616], "DQA2": [1.0, 1, 4.887517184052593e-06]}