{"A": [44070.0, 3633, 0.13892549492466996], "B": [101144.0, 4188, 0.3214796504352805], "C": [18582.0, 2725, 0.058417958925181555], "DMA": [4058.0, 3, 0.017870254554774735], "DMB": [1184.0, 5, 0.005174492514717992], "DOB": [133.0, 7, 0.0005600426032525465], "DPA1": [12273.0, 127, 0.054253806536538766], "DPB1": [9374.0, 482, 0.04175852717019444], "DQA1": [2831.0, 172, 0.01275909560289535], "DQB1": [5505.0, 404, 0.023524128695851954], "DRA": [24568.0, 9, 0.11116027449264769], "DRB1": [22503.0, 240, 0.09724093954188344], "DRB3": [4870.0, 20, 0.02104445520903757], "DRB5": [6517.0, 8, 0.028161543038459518], "DRB6": [12.0, 1, 0.00010873243787117897], "DRB7": [2.0, 1, 1.8460351674129053e-05], "E": [13630.0, 471, 0.04352189690700744], "F": [2199.0, 15, 0.00731165585940378], "HFE": [12.0, 1, 3.967124285271287e-05], "K": [27.0, 11, 8.550368742019977e-05], "L": [481.0, 3, 0.00151906292573952], "S": [2.0, 1, 2.592746021647339e-05], "T": [1780.0, 1, 0.013422968129064426], "W": [4.0, 2, 1.4791948456834179e-05], "Y": [7.0, 4, 2.9404382976085417e-05], "DRB4": [269.0, 10, 0.0011624144663718904], "DPB2": [20.0, 2, 8.9209173682969e-05], "G": [2.0, 1, 6.806914334118383e-06], "DPA2": [4.0, 2, 1.8888490798904217e-05], "V": [1.0, 1, 6.695001816052607e-06], "H": [23.0, 12, 7.263710455719118e-05], "DOA": [46.0, 13, 0.00021144825124749415], "J": [1.0, 1, 3.161019122282372e-06]}