{"A": [281563.0, 6135, 0.12700593178912073], "B": [528331.0, 4933, 0.24028628079641232], "C": [506692.0, 5043, 0.22793314859230662], "DMA": [15045.0, 3, 0.009480263473891769], "DMB": [4304.0, 4, 0.0026915214321195768], "DPA1": [78753.0, 143, 0.04981453789644155], "DPB1": [76090.0, 701, 0.04850174082767072], "DQA1": [43738.0, 228, 0.02820645202962012], "DQB1": [31838.0, 726, 0.019467559952789218], "DRA": [122400.0, 9, 0.07924479458136449], "DRB1": [102895.0, 284, 0.06362276169202168], "DRB3": [40.0, 14, 2.473308195423361e-05], "DRB4": [31522.0, 15, 0.019490905234033795], "DRB5": [30095.0, 8, 0.018608552535316514], "DRB7": [9.0, 1, 1.1886719187204674e-05], "E": [109822.0, 1028, 0.05017770889364974], "F": [15238.0, 19, 0.007249832972087128], "H": [160.0, 39, 7.230364469102599e-05], "HFE": [90.0, 1, 4.257420912322591e-05], "K": [327.0, 16, 0.00014817616553125678], "L": [1829.0, 3, 0.0008265210383742908], "T": [5940.0, 1, 0.006409505444080951], "V": [34.0, 2, 3.2571603188665286e-05], "Y": [4.0, 1, 2.404271680259845e-06], "W": [2.0, 2, 1.058290525926342e-06], "DPB2": [133.0, 2, 8.488690141206087e-05], "G": [19.0, 13, 9.253018049692266e-06], "DPA2": [35.0, 3, 2.3649111616198475e-05], "J": [11.0, 4, 4.975415184903022e-06], "DOB": [346.0, 9, 0.00020847550885912493], "DOA": [477.0, 18, 0.000313743086116458], "DQA2": [2.0, 1, 1.2897915784727292e-06]}