{"A": [31933.0, 2419, 0.14147656092625402], "B": [42564.0, 2412, 0.19013482448668723], "C": [32266.0, 1865, 0.14256237567176572], "DMA": [2207.0, 2, 0.01365925146793666], "DOB": [38.0, 5, 0.0002248841734738794], "DPA1": [12485.0, 137, 0.07756644688395435], "DPA2": [6.0, 3, 3.981937041621215e-05], "DPB1": [10411.0, 387, 0.0651806280867727], "DQB1": [2582.0, 136, 0.015506662420976463], "DRA": [20261.0, 8, 0.12883876547148299], "DRB1": [17448.0, 136, 0.10596446502105224], "DRB3": [4162.0, 20, 0.025276484606695286], "DRB5": [22.0, 5, 0.00013360948134245467], "DRB7": [4.0, 1, 5.188906402681512e-05], "E": [12465.0, 447, 0.055938409515761976], "F": [1473.0, 11, 0.0068833385547098945], "H": [22.0, 10, 9.764707532418447e-05], "HFE": [4.0, 1, 1.8584908319059856e-05], "K": [32.0, 8, 0.00014242195066829403], "L": [225.0, 2, 0.0009986632703609776], "T": [778.0, 1, 0.008245443589228383], "V": [5.0, 2, 4.704641926996052e-05], "DRB4": [11.0, 3, 6.680474067122733e-05], "DMB": [580.0, 3, 0.003562459414719788], "DQA1": [2612.0, 86, 0.016544706449956186], "DPB2": [33.0, 2, 0.00020687086576412278], "DOA": [91.0, 12, 0.0005878865570767151], "G": [9.0, 5, 4.3049555331981566e-05]}