{"A": [9523.0, 1585, 0.1292264146039144], "B": [17563.0, 2023, 0.2402982855791528], "C": [5891.0, 1363, 0.07972261846079447], "DMA": [775.0, 3, 0.014691258729328], "DOA": [35.0, 10, 0.0006925528469242399], "DOB": [71.0, 9, 0.0012869639504730845], "DPB1": [2784.0, 284, 0.05338608368285803], "DQA1": [1988.0, 151, 0.03856870089074024], "DQB1": [1538.0, 262, 0.02829118686994071], "DRA": [7059.0, 9, 0.13748698791663758], "DRB1": [5304.0, 217, 0.09866221244747225], "DRB3": [265.0, 17, 0.004929390327786604], "DRB5": [814.0, 6, 0.015141598969125643], "DRB6": [2.0, 1, 7.800931843439831e-05], "E": [4180.0, 288, 0.05745487052735693], "F": [537.0, 12, 0.0076860535675897495], "HFE": [19.0, 1, 0.00027038759942543596], "L": [182.0, 3, 0.0024742335104165633], "T": [396.0, 1, 0.012854712002405556], "V": [8.0, 2, 0.00023055752140766072], "Y": [29.0, 2, 0.000524385454864238], "DRB4": [195.0, 9, 0.003627287222333539], "DMB": [217.0, 3, 0.004082389168119326], "K": [17.0, 7, 0.0002317440594295437], "DPB2": [8.0, 2, 0.00015360597753577397], "DPA1": [3555.0, 87, 0.06764842562394459], "H": [22.0, 12, 0.0002990831715888154]}