{"A": [86691.0, 2904, 0.23076764363792715], "B": [114628.0, 3336, 0.3076564880719842], "C": [20562.0, 2145, 0.05458600099771189], "DMA": [3312.0, 2, 0.012316038136888321], "DMB": [589.0, 3, 0.002173668722103659], "DPA1": [11756.0, 98, 0.043883479806811745], "DPB1": [8753.0, 304, 0.03292601355407279], "DQA1": [10314.0, 93, 0.039252665194855985], "DQB1": [2710.0, 192, 0.009778843932225629], "DRA": [16253.0, 7, 0.06209767544493893], "DRB1": [21853.0, 146, 0.07974102110611302], "DRB5": [24.0, 6, 8.757536752604734e-05], "DRB7": [1.0, 1, 7.794207709818214e-06], "E": [29349.0, 622, 0.07913475625304016], "F": [3572.0, 16, 0.010029146231797788], "H": [14.0, 8, 3.733539277057082e-05], "HFE": [15.0, 1, 4.1874325088564906e-05], "L": [1144.0, 3, 0.003050834952109501], "T": [1943.0, 1, 0.012372667957660776], "V": [18.0, 2, 0.00010176189949956082], "Y": [4.0, 2, 1.4188484908649659e-05], "DRB3": [15.0, 7, 5.473460470377959e-05], "DRB4": [4875.0, 10, 0.017788746528728368], "DPB2": [33.0, 2, 0.00012429551599097989], "G": [1.0, 1, 2.8739703944757427e-06], "DOB": [294.0, 9, 0.001045390997575983], "DOA": [238.0, 14, 0.0009238154556457843], "J": [1.0, 1, 2.669249215691169e-06]}