{"A": [55837.0, 4462, 0.15386120216100213], "B": [85031.0, 5124, 0.23624291447437173], "C": [53193.0, 3929, 0.146176160530189], "DMA": [2842.0, 3, 0.010939838544102942], "DMB": [932.0, 5, 0.003560410848971638], "DOA": [78.0, 13, 0.00031340723031489484], "DOB": [148.0, 9, 0.0005447525637159702], "DPA1": [13689.0, 139, 0.0528955754750432], "DPB1": [11692.0, 535, 0.04552785325944359], "DQA1": [6943.0, 193, 0.02735239314999775], "DQB1": [5225.0, 482, 0.019516892088187403], "DRA": [22297.0, 9, 0.08818493185505952], "DRB1": [25273.0, 351, 0.09546268961244755], "DRB3": [1812.0, 24, 0.006844394950253432], "DRB5": [360.0, 9, 0.0013598135662755161], "DRB7": [1.0, 1, 8.068227159901395e-06], "E": [25383.0, 609, 0.07084725899438785], "F": [3336.0, 16, 0.009695823416942022], "H": [67.0, 23, 0.00018495821842383445], "HFE": [22.0, 1, 6.357485584449523e-05], "K": [172.0, 19, 0.00047612136487981704], "L": [563.0, 2, 0.0015542011488450568], "T": [2175.0, 1, 0.014336923262079686], "V": [15.0, 3, 8.778293573393685e-05], "Y": [77.0, 4, 0.00028273065442008835], "DRB4": [3573.0, 11, 0.013496149645284497], "DPB2": [11.0, 3, 4.288844978684698e-05], "DPA2": [25.0, 3, 0.00010319185487595577], "J": [12.0, 3, 3.3157097917402994e-05], "DQA2": [1.0, 1, 3.939564042920603e-06]}