{"A": [31353.0, 2150, 0.15995421703426205], "B": [76300.0, 2509, 0.39247824616283083], "C": [12897.0, 1599, 0.06561759562663574], "DMA": [1167.0, 2, 0.008317010350752082], "DMB": [337.0, 4, 0.002383546622748385], "DOB": [11.0, 4, 7.496176430571713e-05], "DPA1": [5411.0, 96, 0.03871102794300123], "DPB1": [4780.0, 294, 0.0344608360640519], "DQA1": [3794.0, 138, 0.027672923243818925], "DQB1": [2490.0, 274, 0.017220004483238578], "DRA": [7717.0, 9, 0.05650748742614547], "DRB1": [8650.0, 149, 0.06049263792338447], "DRB3": [43.0, 10, 0.00030071484748040833], "DRB5": [2355.0, 9, 0.0164693829259619], "E": [15918.0, 388, 0.08225800078728021], "F": [1875.0, 15, 0.010089496047173744], "HFE": [9.0, 1, 4.8152047610809706e-05], "K": [128.0, 20, 0.0006560074019121961], "L": [964.0, 1, 0.004927032326639408], "T": [875.0, 1, 0.01067859952008062], "V": [13.0, 2, 0.00014085482914909326], "Y": [131.0, 3, 0.0008905596540123823], "DRB4": [1285.0, 10, 0.008986478581681969], "J": [12.0, 3, 6.138836389469438e-05], "DPB2": [14.0, 2, 0.00010106138514880421], "DOA": [48.0, 9, 0.00035707972624005497], "H": [24.0, 9, 0.00012266470522753715], "G": [4.0, 2, 2.2032205330937513e-05]}