{"A": [153712.0, 3303, 0.15123710420388864], "B": [277312.0, 3420, 0.27510197177810203], "C": [95381.0, 3205, 0.09358957440210249], "DMA": [9453.0, 3, 0.012992718578950601], "DMB": [2462.0, 4, 0.003358271369294585], "DOA": [501.0, 18, 0.000718779478978285], "DPA1": [37680.0, 121, 0.05198787331653434], "DPA2": [71.0, 4, 0.00010464230416279596], "DPB1": [40635.0, 366, 0.05649788173613341], "DQA1": [17974.0, 132, 0.025283455987587942], "DQB1": [26443.0, 260, 0.035267820850286985], "DRA": [67347.0, 9, 0.09510639923492928], "DRB1": [53002.0, 126, 0.07148462801846922], "DRB3": [79.0, 14, 0.00010654853804496187], "DRB5": [40484.0, 8, 0.05460140524319286], "DRB6": [1.0, 1, 2.8280661068995445e-06], "DRB7": [3.0, 1, 8.642570022685008e-06], "E": [53838.0, 616, 0.05365529115328822], "F": [7078.0, 17, 0.00734535430122052], "H": [154.0, 28, 0.0001517969643582905], "HFE": [50.0, 1, 5.159127281927536e-05], "K": [108.0, 12, 0.0001067472052207206], "L": [1100.0, 4, 0.0010842640311306464], "T": [3387.0, 1, 0.00797178231667596], "U": [1.0, 1, 5.511843126712377e-06], "V": [25.0, 2, 5.2239905843115374e-05], "Y": [696.0, 4, 0.0009125043591912569], "DRB4": [1.0, 1, 1.3487156714552134e-06], "W": [6.0, 2, 6.925136236125807e-06], "J": [10.0, 4, 9.865947514480602e-06], "DPB2": [104.0, 3, 0.0001447853225449808], "DOB": [788.0, 10, 0.0010356364321587267], "G": [13.0, 6, 1.380941621127152e-05]}