{"A": [60841.0, 3349, 0.1497437837162135], "B": [64322.0, 2935, 0.15961968855762945], "C": [63723.0, 2888, 0.15640970388791886], "DMA": [3266.0, 3, 0.011229190084370719], "DPA1": [18986.0, 152, 0.06552793975168279], "DPB1": [16987.0, 473, 0.05908135772846221], "DQA1": [9883.0, 162, 0.034776219989337324], "DQB1": [12213.0, 423, 0.040746671437606234], "DRA": [32441.0, 9, 0.11460078617255919], "DRB1": [24836.0, 212, 0.0837922658064624], "DRB5": [6757.0, 6, 0.02279692140659794], "DRB7": [1.0, 1, 7.206485736938464e-06], "E": [28366.0, 603, 0.0707169653184951], "F": [4037.0, 18, 0.010480037074935368], "H": [43.0, 17, 0.00010602607893077804], "HFE": [5.0, 1, 1.2905597666437079e-05], "K": [45.0, 10, 0.00011126207393489166], "L": [385.0, 3, 0.0009493032648453383], "T": [1376.0, 1, 0.008101408802309907], "Y": [7.0, 3, 2.295755468381489e-05], "DRB3": [1974.0, 21, 0.006659926425429086], "DRB4": [38.0, 7, 0.0001282052706009652], "W": [3.0, 1, 8.661641510743346e-06], "DMB": [784.0, 3, 0.002675134856893824], "J": [9.0, 4, 2.2211771107002115e-05], "DPB2": [88.0, 2, 0.0003064613779883625], "DPA2": [5.0, 3, 1.8434052874160464e-05], "DOB": [116.0, 5, 0.00038136512111535667], "DOA": [265.0, 16, 0.0009510551395860026], "G": [6.0, 6, 1.5943552515350586e-05]}