{"A": [49532.0, 3006, 0.17373039554749006], "B": [63678.0, 2997, 0.22519244651860668], "C": [37049.0, 2679, 0.12959297374476098], "DMA": [2323.0, 2, 0.011382009613154383], "DMB": [677.0, 4, 0.0032919692618016893], "DOB": [163.0, 9, 0.0007636741165610967], "DPA1": [12892.0, 124, 0.06340898758275981], "DPB1": [10056.0, 323, 0.04984212272359283], "DQA1": [4792.0, 115, 0.024029673706807236], "DQB1": [6427.0, 360, 0.030557341329603683], "DRA": [19546.0, 8, 0.09839856016723386], "DRB1": [14211.0, 110, 0.06832575001730727], "DRB5": [9024.0, 7, 0.04338692338021117], "DRB6": [1.0, 1, 1.008158744440339e-05], "DRB7": [3.0, 1, 3.080933123009676e-05], "E": [16495.0, 455, 0.05860238914211785], "F": [2006.0, 15, 0.007421171763637619], "H": [25.0, 11, 8.78459489909237e-05], "HFE": [8.0, 1, 2.9426295348707506e-05], "L": [398.0, 3, 0.001398507507935505], "T": [1136.0, 1, 0.00953142709079246], "V": [1.0, 1, 7.449064610758403e-06], "Y": [1.0, 1, 4.67374563563361e-06], "DRB4": [2.0, 2, 9.615896139231198e-06], "W": [1.0, 1, 4.1144940211133495e-06], "K": [19.0, 7, 6.694616804343989e-05], "DPB2": [32.0, 2, 0.00015881098572214823], "DPA2": [1.0, 1, 5.253978722731371e-06], "DOA": [126.0, 15, 0.000644418282701227], "DRB3": [16.0, 9, 7.692716911384958e-05], "J": [1.0, 1, 3.517046944074972e-06], "G": [1.0, 1, 3.7867909574848523e-06]}