{"A": [176193.0, 5341, 0.1409668176003116], "B": [405592.0, 5742, 0.3271840212536357], "C": [111826.0, 4079, 0.089224897317903], "DMA": [8787.0, 2, 0.00982084067876429], "DMB": [2779.0, 4, 0.00308243516443322], "DOB": [258.0, 10, 0.0002757264782005231], "DPA1": [47312.0, 160, 0.05308112642838728], "DPB1": [43834.0, 642, 0.04955878719659744], "DQA1": [20241.0, 238, 0.02315268324249576], "DQB1": [19878.0, 590, 0.02155848572818805], "DRA": [78638.0, 9, 0.09030288173291943], "DRB1": [60897.0, 273, 0.06678731242887913], "DRB3": [8413.0, 20, 0.00922675434691627], "DRB4": [4905.0, 13, 0.0053794401606590166], "DRB5": [18583.0, 9, 0.020380455964429462], "DRB7": [7.0, 1, 1.6398244501972198e-05], "E": [88454.0, 821, 0.07168343037579643], "F": [10244.0, 19, 0.008644690030784438], "G": [6.0, 3, 5.18275742793053e-06], "H": [64.0, 20, 5.129794943265546e-05], "HFE": [19.0, 1, 1.5941805440926715e-05], "K": [81.0, 15, 6.510216661186844e-05], "L": [1305.0, 5, 0.0010459972501502403], "S": [1.0, 1, 3.2901774682929767e-06], "T": [3995.0, 1, 0.0076460068610386235], "V": [31.0, 2, 5.267465939083359e-05], "Y": [3.0, 3, 3.198339990415867e-06], "J": [6.0, 4, 4.813574707036848e-06], "DPB2": [176.0, 3, 0.00019924229328611282], "W": [1.0, 1, 9.385442137117787e-07], "DPA2": [15.0, 2, 1.797702695840842e-05], "DOA": [481.0, 16, 0.0005611522200802949]}