{"A": [130635.0, 3511, 0.21515987578531798], "B": [138842.0, 3879, 0.23056695105641226], "C": [91288.0, 3137, 0.14994446838102543], "DMA": [3825.0, 2, 0.008800613915692954], "DPA1": [18867.0, 103, 0.04357577931015781], "DPB1": [14352.0, 351, 0.03340376981403853], "DQA1": [10057.0, 157, 0.02368161440699806], "DQB1": [12767.0, 402, 0.028504138193902507], "DRA": [29153.0, 9, 0.06891692522451318], "DRB1": [29452.0, 242, 0.0664945959058893], "DRB3": [2042.0, 24, 0.004610279941593982], "DRB5": [50.0, 4, 0.00011288638446606223], "DRB7": [2.0, 1, 9.645012688780356e-06], "E": [54789.0, 676, 0.09140462411305125], "F": [5874.0, 17, 0.010204395629304001], "HFE": [32.0, 1, 5.527227901879861e-05], "J": [8.0, 5, 1.3212346149014188e-05], "K": [146.0, 13, 0.00024156653463436624], "L": [1049.0, 4, 0.001730888169000444], "T": [2573.0, 1, 0.01013750720924504], "V": [33.0, 3, 0.00011543233271146704], "DRB4": [4162.0, 10, 0.009396662642955021], "DMB": [894.0, 3, 0.002041345015096979], "DPB2": [6.0, 2, 1.3982782570718947e-05], "DPA2": [8.0, 2, 1.9737406593684225e-05], "W": [11.0, 6, 2.1253032767745177e-05], "H": [32.0, 13, 5.280116435463699e-05], "DOB": [207.0, 8, 0.00045541004255874413], "DOA": [102.0, 17, 0.0002449679517568716], "G": [34.0, 15, 6.04591503352751e-05], "Y": [3.0, 2, 6.58412577359096e-06], "DQA2": [1.0, 1, 2.354739425971767e-06]}