{"A": [57101.0, 2934, 0.151668971015946], "B": [110190.0, 2525, 0.29510031272442216], "C": [38273.0, 2082, 0.10138192959278801], "DMA": [3012.0, 2, 0.011176035893558017], "DMB": [769.0, 4, 0.00283176053332413], "DPA1": [17503.0, 97, 0.06519377017622466], "DPB1": [12069.0, 322, 0.04530077531089304], "DQA1": [5504.0, 130, 0.02090126500279293], "DQB1": [7939.0, 336, 0.02858486526394024], "DRA": [25571.0, 8, 0.09748586363637356], "DRB1": [20789.0, 157, 0.07569312745284597], "DRB4": [12.0, 5, 4.3692218453708764e-05], "DRB5": [6437.0, 7, 0.02343723418221028], "DRB7": [2.0, 1, 1.555442976952032e-05], "E": [23689.0, 511, 0.06373424010784713], "F": [2774.0, 14, 0.007771611704007451], "HFE": [14.0, 1, 3.899749584048791e-05], "K": [35.0, 9, 9.339061789796624e-05], "L": [449.0, 3, 0.0011947888286692446], "S": [1.0, 1, 1.0923054613427191e-05], "T": [1096.0, 1, 0.006963911367399621], "Y": [1.0, 1, 3.53938784197216e-06], "DPB2": [85.0, 2, 0.0003194571191388275], "DPA2": [7.0, 2, 2.7851553987033315e-05], "V": [4.0, 1, 2.2564453243984993e-05], "DOB": [84.0, 6, 0.00029803195726270685], "DOA": [153.0, 14, 0.0005925865923148928], "H": [33.0, 19, 8.781298740776186e-05], "DRB3": [2.0, 2, 7.282036408951461e-06], "DQA2": [4.0, 3, 1.5189872821797188e-05], "J": [1.0, 1, 2.6634297550548494e-06]}