{"A": [22566.0, 1926, 0.19311083887627675], "B": [26361.0, 2093, 0.22745129199759268], "C": [13719.0, 1533, 0.11708184132079928], "DMA": [958.0, 2, 0.011452422717536815], "DOA": [27.0, 8, 0.0003369172092583962], "DPA1": [3706.0, 74, 0.04447316724214781], "DPB1": [4283.0, 210, 0.051794239699797136], "DQA1": [3013.0, 114, 0.036863139384459266], "DQB1": [1013.0, 121, 0.011751108419433139], "DRA": [7399.0, 7, 0.09087951463428048], "DRB1": [7436.0, 120, 0.0872290759300047], "DRB5": [24.0, 5, 0.0002815354790640281], "DRB7": [2.0, 1, 5.0113315273396995e-05], "E": [9289.0, 385, 0.08051820553065926], "F": [1523.0, 15, 0.013746862240883218], "K": [43.0, 10, 0.00036966020529896], "L": [136.0, 2, 0.0011659576090069558], "T": [592.0, 1, 0.01211890630794568], "V": [9.0, 2, 0.00016357102422409563], "Y": [66.0, 2, 0.0007526119860537475], "DRB3": [388.0, 16, 0.0045514902448684546], "DRB4": [854.0, 11, 0.010017970796695], "DMB": [240.0, 3, 0.0028473474587157386], "DPB2": [4.0, 2, 4.843426089568009e-05], "DPA2": [1.0, 1, 1.2818890332553803e-05], "H": [3.0, 3, 2.5719653139859317e-05], "DOB": [68.0, 7, 0.0007773050726713038], "DQA2": [9.0, 6, 0.0001101122650050227], "J": [1.0, 1, 8.58104713585565e-06], "G": [1.0, 1, 9.239180544505347e-06]}