{"A": [33704.0, 1959, 0.16765822324375768], "B": [66450.0, 2023, 0.33328276752957176], "C": [10696.0, 1423, 0.05306153735812331], "DMA": [1395.0, 2, 0.009693874992703128], "DPA1": [6223.0, 110, 0.043409400922432305], "DPB1": [6220.0, 303, 0.04372352013702751], "DQA1": [6185.0, 93, 0.0439869892737053], "DQB1": [2016.0, 200, 0.01359412510326789], "DRA": [11461.0, 8, 0.08182892216835781], "DRB1": [13642.0, 154, 0.09302320157442845], "DRB3": [15.0, 8, 0.0001022832446574129], "DRB4": [3198.0, 12, 0.021806787760960428], "DRB5": [78.0, 7, 0.000531872872218547], "DRB7": [1.0, 1, 1.4565134039215596e-05], "E": [14081.0, 348, 0.07094960300029801], "F": [1639.0, 16, 0.00859951537834091], "HFE": [16.0, 1, 8.346781684364239e-05], "K": [66.0, 11, 0.0003298143343738207], "L": [349.0, 1, 0.0017392444501663695], "T": [732.0, 1, 0.008710521337177955], "DMB": [326.0, 3, 0.002248216712492559], "DPB2": [25.0, 2, 0.00017596408713614202], "V": [10.0, 1, 0.00010564652349527755], "DOB": [100.0, 5, 0.0006644677937598356], "DOA": [89.0, 13, 0.0006455661999453128], "H": [6.0, 3, 2.9901050719192603e-05]}