{"A": [25099.0, 2010, 0.14712488091713963], "B": [62779.0, 2923, 0.37103814471217855], "C": [24289.0, 2165, 0.1419888892443997], "DMA": [972.0, 3, 0.007959316318985103], "DMB": [212.0, 4, 0.0017228311885120827], "DOB": [53.0, 6, 0.00041498853445911486], "DPA1": [5243.0, 100, 0.04309730780093574], "DPB1": [4457.0, 295, 0.0369193172634291], "DQA1": [1373.0, 113, 0.011506450224099934], "DQB1": [1744.0, 154, 0.013857775060970984], "DRA": [7182.0, 9, 0.06042490990225596], "DRB1": [6924.0, 154, 0.05563608846378388], "DRB3": [1457.0, 21, 0.011707362924860356], "DRB5": [23.0, 3, 0.0001848108080108361], "E": [12332.0, 463, 0.07322110518193864], "F": [1382.0, 14, 0.008544553225303904], "HFE": [6.0, 1, 3.68838812051027e-05], "K": [38.0, 13, 0.0002237667120503532], "L": [271.0, 4, 0.0015914418797889638], "T": [843.0, 1, 0.01182080178399744], "Y": [4.0, 2, 3.124387024412826e-05], "DRB4": [41.0, 4, 0.00032944535341062085], "J": [6.0, 3, 3.5267053535837926e-05], "DPB2": [9.0, 2, 7.464708174305902e-05], "G": [3.0, 3, 1.8985950649824254e-05], "DPA2": [1.0, 1, 8.780678404216129e-06], "V": [12.0, 1, 0.00014939042020016454], "H": [17.0, 9, 9.98321474406361e-05], "DOA": [27.0, 10, 0.00023078141606619045]}