{"A": [35716.0, 2750, 0.13612639585035666], "B": [87109.0, 3796, 0.3347472518203069], "C": [40897.0, 2886, 0.1554483098469889], "DMA": [2257.0, 2, 0.012016856773509397], "DOA": [43.0, 13, 0.00023897658530319457], "DPA1": [8468.0, 109, 0.045258583695198286], "DPB1": [5735.0, 413, 0.0308883191070458], "DQA1": [1909.0, 115, 0.010402233070248313], "DQB1": [3886.0, 298, 0.02007703838350919], "DRA": [13968.0, 9, 0.07641078530070866], "DRB1": [13629.0, 172, 0.07120546835253087], "DRB3": [2320.0, 23, 0.012120969005640298], "DRB5": [24.0, 5, 0.00012538933454110654], "DRB7": [6.0, 1, 6.695790464495089e-05], "E": [16385.0, 646, 0.06325560814157752], "F": [2979.0, 14, 0.011975720337254364], "H": [104.0, 27, 0.000397104361489216], "HFE": [18.0, 1, 7.194617261276958e-05], "K": [55.0, 13, 0.00021058352901831535], "L": [304.0, 2, 0.0011607665951223237], "T": [1593.0, 1, 0.014523957257544495], "V": [5.0, 2, 4.047262127958831e-05], "Y": [8.0, 4, 4.0629796507858544e-05], "DRB4": [28.0, 6, 0.00014628755696462431], "DMB": [519.0, 3, 0.002742357363536104], "DPB2": [17.0, 2, 9.167883206863442e-05], "DPA2": [3.0, 3, 1.7127704121320996e-05], "G": [2.0, 2, 8.22983095439416e-06], "DOB": [34.0, 7, 0.00017309677295683775], "DQA2": [2.0, 2, 1.0898096459139141e-05]}