{"A": [7682.0, 917, 0.11418040105703395], "B": [17933.0, 1259, 0.2687476467722188], "C": [14406.0, 1084, 0.21353825670246274], "DMA": [476.0, 2, 0.009883346193715569], "DPA1": [2826.0, 102, 0.05890199396295222], "DPB1": [2206.0, 208, 0.04633445837476213], "DQA1": [901.0, 78, 0.019146225620247544], "DQB1": [781.0, 102, 0.015735683666748112], "DRA": [3623.0, 5, 0.0772905682491008], "DRB1": [3465.0, 71, 0.07059766291380107], "E": [4644.0, 255, 0.06991695894206307], "F": [641.0, 11, 0.010049093832277747], "L": [50.0, 1, 0.0007445245994085097], "T": [323.0, 1, 0.011484429820802078], "DRB4": [461.0, 8, 0.009392647215948713], "DMB": [116.0, 2, 0.0023902999866262696], "DPB2": [4.0, 2, 8.412360422182749e-05], "H": [30.0, 12, 0.00044671475964510584], "DOB": [34.0, 5, 0.0006750356367970487], "DOA": [9.0, 6, 0.00019505951257810198], "DRB3": [13.0, 7, 0.00026486857658857547]}