{"A": [10656.0, 1475, 0.17595887379490963], "B": [10126.0, 1562, 0.16858904294617325], "C": [7730.0, 1070, 0.1272950385406905], "DMA": [751.0, 2, 0.017323541983483348], "DMB": [186.0, 4, 0.004258013799474996], "DOB": [17.0, 7, 0.0003749698989883797], "DPA1": [2861.0, 80, 0.0662484005849846], "DPB1": [2082.0, 237, 0.04858240480038677], "DQA2": [2.0, 1, 4.721587882482354e-05], "DQB1": [609.0, 98, 0.01363174883760239], "DRA": [5846.0, 9, 0.13855323738850808], "DRB1": [5448.0, 114, 0.12331726518059082], "DRB5": [10.0, 5, 0.000226353276763199], "E": [3107.0, 263, 0.05196743398095117], "HFE": [3.0, 1, 5.1950995612413295e-05], "K": [25.0, 7, 0.00041470488263339986], "L": [98.0, 4, 0.0016211933868027005], "T": [253.0, 1, 0.009993719084072454], "DRB4": [815.0, 10, 0.01844779205620072], "DPB2": [1.0, 1, 2.3364558593727112e-05], "DPA2": [2.0, 2, 4.947038872778238e-05], "V": [1.0, 1, 3.506943417549756e-05], "F": [499.0, 13, 0.008690987355328902], "DOA": [10.0, 6, 0.00024078217089949856], "DQA1": [1011.0, 60, 0.023867626745948303], "DRB3": [4.0, 4, 9.05413107052796e-05], "H": [6.0, 6, 9.925673796751227e-05]}