{"A": [20639.0, 1401, 0.0851149864005379], "B": [51473.0, 2368, 0.21402836032936773], "C": [28656.0, 1388, 0.11785498927885343], "DMA": [2889.0, 2, 0.01664350224641083], "DMB": [782.0, 4, 0.004470965252543133], "DPA1": [15013.0, 99, 0.0868211323397984], "DPB1": [11161.0, 284, 0.06504318695987593], "DQA1": [4713.0, 153, 0.027787913793269694], "DQB1": [4208.0, 179, 0.023523960171607447], "DRA": [24817.0, 9, 0.14689518777144484], "DRB1": [21105.0, 152, 0.11930882361035099], "DRB5": [40.0, 7, 0.00022612428071139723], "DRB6": [7.0, 1, 8.29763640018851e-05], "E": [14315.0, 321, 0.05979733006884928], "F": [1906.0, 15, 0.008290713163010914], "HFE": [16.0, 1, 6.919791742113818e-05], "L": [518.0, 2, 0.0021401239576690585], "S": [1.0, 1, 1.6959321053354795e-05], "T": [612.0, 1, 0.006037518294994306], "V": [10.0, 2, 8.75848882252559e-05], "DRB3": [2410.0, 17, 0.013623987912861684], "DRB4": [20.0, 4, 0.00011306214035569862], "K": [16.0, 7, 6.6285653741932e-05], "DPB2": [63.0, 2, 0.00036761950958567137], "DPA2": [12.0, 1, 7.413051112544169e-05], "H": [19.0, 9, 7.849875520407744e-05], "DOB": [85.0, 5, 0.00046823818893660226], "DOA": [148.0, 16, 0.0008899927367123082], "DQA2": [13.0, 5, 7.66481814794199e-05]}