{"A": [20214.0, 1936, 0.09671757377660374], "B": [56156.0, 2679, 0.2709092024862374], "C": [31623.0, 2204, 0.15089373941425382], "DMA": [1749.0, 2, 0.011690221381582046], "DPA1": [8899.0, 136, 0.05970832896208022], "DPB1": [7832.0, 411, 0.05295501948485567], "DQA1": [5185.0, 118, 0.035468515580862635], "DQA2": [1.0, 1, 6.840600883483633e-06], "DQB1": [4236.0, 322, 0.02747428536171773], "DRA": [13579.0, 8, 0.09325278810034122], "DRB1": [14274.0, 142, 0.0936200025272525], "DRB3": [2505.0, 17, 0.016429739829814174], "DRB4": [1904.0, 11, 0.012487914026333808], "DRB5": [7.0, 3, 4.591144862622723e-05], "DRB7": [5.0, 1, 7.00477530468724e-05], "E": [11165.0, 547, 0.05411091993323319], "F": [1529.0, 16, 0.007716355504947256], "HFE": [13.0, 1, 6.523071558806169e-05], "K": [33.0, 11, 0.0001586168241454796], "L": [154.0, 3, 0.0007381857186965112], "T": [865.0, 1, 0.00990054025907592], "V": [3.0, 2, 3.048499890821333e-05], "Y": [111.0, 3, 0.0007077033302369086], "DMB": [524.0, 3, 0.0034758544125531384], "DPB2": [25.0, 2, 0.00016925198062227545], "DPA2": [1.0, 1, 7.167232576419414e-06], "H": [21.0, 10, 0.00010066168891316063], "DOB": [87.0, 6, 0.0005560359959012681], "DOA": [75.0, 12, 0.0005232650875015369], "J": [2.0, 2, 9.595582609160603e-06]}