{"A": [20956.0, 1959, 0.1124111726351764], "B": [46012.0, 1944, 0.2488551655595383], "C": [6701.0, 1170, 0.035847240335032324], "DMA": [3058.0, 2, 0.022914920962373218], "DMB": [524.0, 5, 0.0038968127181093484], "DPA1": [10479.0, 104, 0.078824551233438], "DPB1": [6506.0, 348, 0.049316979395363315], "DQA1": [4970.0, 118, 0.03811523460741378], "DQB1": [3504.0, 321, 0.025479007532961277], "DRA": [18282.0, 8, 0.14075560507179635], "DRB1": [20468.0, 193, 0.1505034033548132], "DRB3": [2822.0, 17, 0.02075046923330481], "DRB5": [9.0, 4, 6.617796707999407e-05], "DRB7": [1.0, 1, 1.5706237520318594e-05], "E": [6068.0, 338, 0.03297005855856547], "F": [963.0, 15, 0.005448525479851155], "H": [8.0, 6, 4.2991526059266226e-05], "HFE": [19.0, 1, 0.00010688342152079273], "K": [24.0, 10, 0.00012932857976474598], "L": [337.0, 2, 0.00181101803524659], "T": [549.0, 1, 0.007044709476025252], "Y": [2.0, 1, 1.4295725898348234e-05], "DRB4": [3177.0, 10, 0.023360822379237912], "DPB2": [37.0, 2, 0.000280829955662913], "DPA2": [5.0, 2, 4.017625559426653e-05], "W": [1.0, 1, 6.292563109102002e-06], "DOB": [62.0, 5, 0.00044424576927908435], "DOA": [69.0, 11, 0.0005397063689750912], "DQA2": [1.0, 1, 7.669061289218064e-06]}