{"A": [40650.0, 3354, 0.1408154639106738], "B": [66447.0, 3875, 0.23208102750097084], "C": [36890.0, 3023, 0.1274422636047941], "DMA": [2322.0, 3, 0.011236519500428529], "DMB": [684.0, 5, 0.0032849068635854603], "DOA": [62.0, 12, 0.0003131762746858578], "DOB": [48.0, 5, 0.00022210664924742258], "DPA1": [13065.0, 127, 0.06346580492037163], "DPA2": [12.0, 2, 6.226864450251751e-05], "DPB1": [10828.0, 463, 0.05300530877300508], "DQA1": [7049.0, 194, 0.034910689870552764], "DQB1": [4336.0, 361, 0.020360873003972983], "DRA": [20051.0, 9, 0.09969347681310942], "DRB1": [23125.0, 327, 0.10980986706413712], "DRB3": [1941.0, 22, 0.009216906031199573], "DRB4": [2645.0, 11, 0.012559874524741305], "DRB5": [40.0, 7, 0.00018994139167850745], "DRB7": [1.0, 1, 1.0142870315632298e-05], "E": [16690.0, 530, 0.05856244426933915], "F": [2297.0, 17, 0.008392713658143872], "HFE": [6.0, 1, 2.1796999245628146e-05], "K": [60.0, 14, 0.0002087965069549192], "L": [336.0, 3, 0.0011660599085489686], "T": [1471.0, 1, 0.01218967502801888], "Y": [117.0, 4, 0.0005400709163815134], "J": [7.0, 6, 2.431510007172126e-05], "DPB2": [20.0, 2, 9.803031877221936e-05], "G": [2.0, 2, 7.479992858135913e-06], "V": [1.0, 1, 7.357014252151087e-06], "H": [29.0, 12, 0.00010064207544023836]}