{"A": [17904.0, 1784, 0.1419492255447767], "B": [31041.0, 2030, 0.2481379113936036], "C": [5489.0, 1267, 0.04340014796437681], "DMA": [935.0, 2, 0.010355578452697262], "DPA1": [6706.0, 98, 0.07455677007475325], "DPB1": [2311.0, 221, 0.025891918124815907], "DQA1": [5604.0, 85, 0.06352171353616247], "DQB1": [2688.0, 197, 0.028888802768004606], "DRA": [10149.0, 7, 0.11549072713726842], "DRB1": [10668.0, 140, 0.11594066560333309], "DRB5": [10.0, 3, 0.0001086807889045117], "E": [9034.0, 378, 0.07254978042598252], "F": [1351.0, 15, 0.011297696867800792], "H": [12.0, 7, 9.531384515968674e-05], "K": [18.0, 4, 0.00014336318521731471], "L": [231.0, 2, 0.0018347915193239696], "T": [622.0, 1, 0.011796766886619528], "DRB4": [2610.0, 11, 0.028365685904077557], "DMB": [372.0, 3, 0.004088867680739288], "DPB2": [16.0, 2, 0.00017949136476806985], "DPA2": [2.0, 1, 2.375260898022207e-05], "DOB": [49.0, 5, 0.0005189309347582944], "DOA": [36.0, 9, 0.0004161911326494688], "DRB3": [38.0, 8, 0.00041298699783714446], "G": [4.0, 4, 3.423925738938599e-05]}