{"A": [82763.0, 5039, 0.16556010014846334], "B": [132905.0, 5668, 0.2680619891577539], "C": [60281.0, 4261, 0.12025826258960326], "DMA": [3907.0, 3, 0.010917989218755003], "DMB": [979.0, 5, 0.00271505921639503], "DOA": [109.0, 18, 0.0003179459649084292], "DOB": [166.0, 10, 0.00044356581309430823], "DPA1": [19608.0, 155, 0.055003880785301565], "DPB1": [16742.0, 596, 0.047326906148160784], "DQA1": [9878.0, 212, 0.028250725006548568], "DQB1": [6512.0, 543, 0.01765839262638146], "DRA": [28437.0, 9, 0.08164773450006658], "DRB1": [34020.0, 360, 0.09328752888954317], "DRB2": [1.0, 1, 1.9787859457479722e-05], "DRB3": [1830.0, 25, 0.005018112224217048], "DRB4": [3503.0, 12, 0.009605708809525857], "DRB5": [1389.0, 9, 0.003808829442315563], "DRB7": [2.0, 1, 1.1714412798827994e-05], "E": [32029.0, 690, 0.0648986844211823], "F": [4763.0, 18, 0.0100496664554787], "H": [43.0, 14, 8.617468356802073e-05], "HFE": [30.0, 1, 6.293559884757161e-05], "J": [5.0, 4, 1.0029463012695201e-05], "K": [114.0, 17, 0.00022909018625338372], "L": [1003.0, 3, 0.0020100745957842975], "T": [2509.0, 1, 0.012006316058929508], "U": [1.0, 1, 1.1206389794797188e-05], "V": [6.0, 2, 2.549074351775918e-05], "Y": [152.0, 4, 0.0004051708310274246], "DPB2": [68.0, 2, 0.0001924726329704342], "G": [22.0, 7, 4.751421120468582e-05], "DPA2": [17.0, 2, 5.094091513815038e-05]}