{"A": [25137.0, 2014, 0.17693712825550237], "B": [34059.0, 2122, 0.24171960843108917], "C": [5802.0, 1458, 0.04072848678491604], "DMA": [2131.0, 2, 0.02095408845547257], "DMB": [362.0, 3, 0.003532573918687414], "DPA1": [6326.0, 89, 0.06244178286804658], "DPB1": [4562.0, 325, 0.04537766361592316], "DQA1": [2989.0, 108, 0.030079635153450492], "DQB1": [1756.0, 257, 0.0167551130296786], "DRA": [11448.0, 5, 0.11565810033993336], "DRB1": [11895.0, 140, 0.11477301741651368], "DRB5": [4111.0, 5, 0.039666403917552565], "DRB7": [1.0, 1, 2.0609934022839278e-05], "E": [6924.0, 356, 0.04936687609806475], "F": [1142.0, 14, 0.008478582368185323], "HFE": [7.0, 1, 5.16724706876343e-05], "K": [26.0, 10, 0.00018384890825497068], "L": [233.0, 3, 0.001643059293107283], "T": [567.0, 1, 0.009547248848815254], "DRB3": [11.0, 8, 0.00010613730067941576], "DRB4": [2123.0, 11, 0.020484499031127243], "DPB2": [13.0, 3, 0.00012947606747595552], "G": [1.0, 1, 7.599533194262272e-06], "DPA2": [2.0, 1, 2.1087927035647282e-05], "V": [3.0, 1, 4.4847535349505204e-05], "H": [14.0, 8, 9.872459271889253e-05], "DOB": [66.0, 10, 0.0006205545828044673], "DOA": [55.0, 11, 0.0005645151251275699], "J": [1.0, 1, 7.058196583164136e-06]}