{"A": [93764.0, 2707, 0.19440220320283372], "B": [138763.0, 2578, 0.29007693454837447], "C": [79773.0, 2604, 0.16494380249737306], "DMA": [3201.0, 2, 0.009271084183643584], "DOA": [103.0, 14, 0.00031139357319837264], "DPA1": [14342.0, 109, 0.04169801225047712], "DPB1": [11910.0, 363, 0.0348945931572121], "DQA1": [8312.0, 102, 0.02463835514588301], "DQB1": [2891.0, 213, 0.008125132824496237], "DRA": [18129.0, 10, 0.05394855420585715], "DRB1": [23758.0, 202, 0.0675219161675496], "DRB3": [3763.0, 23, 0.010694712119643452], "DRB5": [8.0, 3, 2.273656576060261e-05], "DRB7": [3.0, 1, 1.821198917424269e-05], "E": [34423.0, 548, 0.07229143258129106], "F": [4311.0, 19, 0.009427459813900124], "H": [78.0, 20, 0.00016201358982560787], "HFE": [39.0, 1, 8.479794386287785e-05], "K": [122.0, 16, 0.0002541014043066798], "L": [400.0, 3, 0.0008308389221826045], "T": [2594.0, 1, 0.012865441154135494], "V": [4.0, 2, 1.7613142334857532e-05], "Y": [347.0, 4, 0.0009586711534378357], "DRB4": [39.0, 5, 0.00011084075808293772], "DMB": [682.0, 3, 0.0019603182791719563], "DPB2": [39.0, 2, 0.00011441165879437257], "DPA2": [11.0, 1, 3.416300834186044e-05], "W": [1.0, 1, 2.432156673910616e-06], "J": [3.0, 2, 6.23698259391873e-06], "DOB": [102.0, 8, 0.00028248523354208554], "G": [13.0, 6, 2.9099786045373028e-05]}