{"A": [2935.0, 704, 0.15676931163158966], "B": [4279.0, 909, 0.23044627509406795], "C": [2784.0, 684, 0.14829865010851698], "DMA": [130.0, 2, 0.009700097334656798], "DPA1": [711.0, 66, 0.05325533544634652], "DPB1": [642.0, 115, 0.048458425069159844], "DQB1": [295.0, 86, 0.021359559059704384], "DRA": [1245.0, 8, 0.09544720209929715], "DRB1": [1009.0, 58, 0.07387779692293868], "DRB5": [277.0, 6, 0.0202816152107572], "E": [1773.0, 195, 0.09592564748393663], "F": [367.0, 15, 0.02067619505911305], "L": [13.0, 1, 0.0006956456665182703], "T": [84.0, 1, 0.010733018709961125], "DMB": [34.0, 3, 0.0025177292266061408], "K": [8.0, 6, 0.00042926463537421315], "H": [1.0, 1, 5.3511205116790025e-05], "DOB": [15.0, 5, 0.0010702241023358005], "DOA": [8.0, 6, 0.0006230893047330875], "Y": [1.0, 1, 7.117509806796343e-05], "DRB4": [2.0, 2, 0.00014643765495131553], "DQA1": [120.0, 38, 0.009163793876250291]}