{"A": [34260.0, 1862, 0.16838468720895652], "B": [34730.0, 2076, 0.17210539307714492], "C": [31805.0, 1590, 0.15589265621169066], "DMA": [1948.0, 2, 0.013374697939643779], "DMB": [560.0, 5, 0.003815754467877962], "DPA1": [8599.0, 114, 0.05926574702169269], "DPB1": [8973.0, 259, 0.06232097295801849], "DQA1": [4323.0, 99, 0.03037676990139521], "DQB1": [2561.0, 112, 0.017062479224538105], "DRA": [12982.0, 8, 0.09157938983561491], "DRB1": [13102.0, 86, 0.08827193666444744], "DRB5": [3657.0, 8, 0.024638259226216173], "E": [14627.0, 353, 0.07281880626730948], "F": [1709.0, 14, 0.008859493813294088], "HFE": [11.0, 1, 5.6697456890695866e-05], "K": [89.0, 19, 0.00043942769071327563], "L": [226.0, 1, 0.0011127957568339614], "T": [924.0, 1, 0.010863677426193727], "Y": [103.0, 3, 0.0006745708791427111], "DRB4": [2496.0, 11, 0.01681626880739283], "DPB2": [30.0, 2, 0.00020863016880702406], "V": [5.0, 1, 5.2191170533285195e-05], "DPA2": [3.0, 1, 2.2086904637687675e-05], "H": [17.0, 5, 8.370587551405904e-05], "DOB": [80.0, 11, 0.0005252133365588018], "DOA": [48.0, 12, 0.0003440042730289523], "DRB3": [5.0, 2, 3.368643591224525e-05]}