{"A": [146973.0, 4689, 0.11304351206141924], "B": [270858.0, 3816, 0.21005073737733754], "C": [288049.0, 4018, 0.22094769527568395], "DMA": [9681.0, 2, 0.01040179036720759], "DMB": [2742.0, 4, 0.002923833863489012], "DPA1": [53335.0, 131, 0.05752557392292063], "DPB1": [51413.0, 640, 0.055880765937300216], "DQA1": [29174.0, 228, 0.032080799386888424], "DQB1": [19943.0, 610, 0.020792939659135264], "DRA": [79716.0, 9, 0.08800239388615577], "DRB1": [71307.0, 233, 0.07518134173667776], "DRB4": [22115.0, 12, 0.023316580034311196], "DRB5": [23139.0, 8, 0.024396217292060898], "DRB6": [1.0, 1, 2.2107878033415605e-06], "DRB7": [8.0, 1, 1.8016446738698157e-05], "E": [64231.0, 787, 0.050040982060366175], "F": [8663.0, 19, 0.007027939395593576], "H": [72.0, 28, 5.54794778677977e-05], "HFE": [21.0, 1, 1.6938815433052532e-05], "K": [113.0, 15, 8.731094814184977e-05], "L": [617.0, 3, 0.00047542830339487754], "S": [1.0, 1, 3.162999778563581e-06], "T": [3765.0, 2, 0.006927279613071748], "V": [32.0, 3, 5.2272089183843785e-05], "J": [6.0, 2, 4.627512004802609e-06], "DPB2": [128.0, 2, 0.00013930242323735687], "DPA2": [47.0, 3, 5.41507288147263e-05], "DOB": [151.0, 10, 0.00015513705848217504], "DOA": [292.0, 17, 0.0003274901922123918], "DRB3": [35.0, 7, 3.690166408324178e-05], "G": [35.0, 12, 2.9064142508039984e-05], "Y": [1.0, 1, 1.0249040544617427e-06], "DQA2": [1.0, 1, 1.099636641766245e-06]}