{"A": [108714.0, 4272, 0.17399740804425023], "B": [138676.0, 3768, 0.2237860806107239], "C": [88526.0, 3387, 0.14130032668013046], "DMA": [5400.0, 2, 0.012073435251380089], "DPA1": [19942.0, 139, 0.044757579675856175], "DPB1": [14320.0, 427, 0.03238781446699405], "DQA1": [7879.0, 148, 0.018028912212495238], "DQB1": [13777.0, 449, 0.029890231806628965], "DRA": [43660.0, 10, 0.10029561362797149], "DRB1": [42732.0, 251, 0.09375195811654681], "DRB3": [8781.0, 18, 0.019265092769385882], "DRB5": [13072.0, 9, 0.02867934092716231], "DRB7": [3.0, 1, 1.405884460382926e-05], "E": [36915.0, 589, 0.059845738993352986], "F": [4276.0, 19, 0.00721849417939168], "H": [37.0, 22, 5.932678493860431e-05], "HFE": [26.0, 1, 4.3640157557254145e-05], "L": [944.0, 3, 0.001513634729244391], "T": [2260.0, 2, 0.008652774728936309], "V": [9.0, 2, 3.059226340291667e-05], "Y": [7.0, 3, 1.4928991539260439e-05], "DRB4": [73.0, 7, 0.0001601584981397528], "DMB": [1672.0, 3, 0.0037099728815660547], "K": [39.0, 9, 6.270527670966847e-05], "DPB2": [50.0, 2, 0.00011323167367774853], "G": [5.0, 5, 8.639899584457508e-06], "W": [3.0, 1, 5.632549921405953e-06], "J": [4.0, 2, 6.4195637460407574e-06], "DOB": [62.0, 6, 0.00013254993391688172], "DOA": [83.0, 11, 0.00019370586024532345]}