{"A": [32021.0, 2261, 0.0933605593663941], "B": [87362.0, 3341, 0.25681807286560254], "C": [49393.0, 2874, 0.14361803504929582], "DMA": [2810.0, 2, 0.01144497025997034], "DPA1": [15395.0, 149, 0.06294320106609913], "DPB1": [13861.0, 540, 0.057108984716255515], "DQA1": [9306.0, 141, 0.03879115606746608], "DQA2": [2.0, 2, 8.336805516326258e-06], "DQB1": [7218.0, 413, 0.028527436902799613], "DRA": [23249.0, 9, 0.09729123962933668], "DRB1": [24962.0, 192, 0.09976489674236935], "DRB3": [4894.0, 18, 0.019559706940836297], "DRB5": [10.0, 3, 3.996670809324948e-05], "DRB6": [2.0, 1, 1.676090742549363e-05], "DRB7": [1.0, 1, 8.536888848718089e-06], "E": [17840.0, 677, 0.052686149813583036], "F": [2758.0, 18, 0.008481534382119772], "H": [38.0, 18, 0.00011099513329765762], "HFE": [3.0, 1, 9.172874837447803e-06], "K": [54.0, 17, 0.00015816285378457575], "L": [262.0, 3, 0.0007652822348417447], "T": [1291.0, 1, 0.009004185869031905], "V": [8.0, 2, 4.953707262312237e-05], "Y": [194.0, 3, 0.0007537119705633992], "DRB4": [3469.0, 10, 0.013864451037548246], "DMB": [899.0, 3, 0.0036338366832374823], "DPB2": [51.0, 3, 0.00021039690622646064], "DPA2": [6.0, 3, 2.6204638348725372e-05], "DOB": [141.0, 7, 0.0005491338173673588], "DOA": [93.0, 14, 0.00039538379628027004]}