{"A": [55616.0, 3028, 0.21052059356460495], "B": [38295.0, 3002, 0.14615422340082565], "C": [47497.0, 2592, 0.17929824398781813], "DMA": [2265.0, 3, 0.01197685621655926], "DPA1": [7747.0, 89, 0.041121502015067465], "DPA2": [4.0, 2, 2.268052964764978e-05], "DPB1": [8138.0, 287, 0.04353051870971579], "DQA1": [3637.0, 105, 0.019682454517835984], "DQB1": [5360.0, 167, 0.02750280225989453], "DRA": [15938.0, 8, 0.08659036351544756], "DRB1": [14737.0, 98, 0.07646694558394665], "DRB4": [2.0, 2, 1.0377545712688695e-05], "DRB5": [9934.0, 7, 0.05154526955492474], "DRB7": [2.0, 1, 2.216643764230305e-05], "E": [19698.0, 698, 0.07552487696230722], "F": [2552.0, 16, 0.01018889568860904], "H": [142.0, 32, 0.0005384866808634296], "HFE": [12.0, 1, 4.763561097916129e-05], "K": [35.0, 11, 0.00013308988749095497], "L": [83.0, 4, 0.000314749257124399], "T": [1491.0, 1, 0.013500881750275267], "W": [2.0, 1, 8.880784311820134e-06], "Y": [221.0, 3, 0.0011147108735472485], "DMB": [549.0, 3, 0.002881007165157286], "DPB2": [15.0, 3, 8.03390539548677e-05], "V": [1.0, 1, 8.039085218436793e-06], "DOB": [116.0, 8, 0.0005865207040390406], "DOA": [103.0, 17, 0.0005685117223997047], "DRB3": [9.0, 5, 4.6698955707099125e-05], "J": [2.0, 2, 7.591245767912004e-06], "G": [1.0, 1, 4.086732603669442e-06]}