{"A": [67748.0, 3706, 0.18061953783857354], "B": [45776.0, 2991, 0.12304969700792266], "C": [54696.0, 2856, 0.14542492077276659], "DMA": [4269.0, 3, 0.015899160617120305], "DOB": [513.0, 10, 0.0018269057198173485], "DPA1": [16047.0, 146, 0.05999328992209499], "DPB1": [12863.0, 456, 0.04846094054263957], "DQA1": [11098.0, 152, 0.042301336439434276], "DQB1": [5319.0, 368, 0.019222751840994316], "DRA": [28586.0, 9, 0.1093862016774487], "DRB1": [31211.0, 167, 0.11406325361875198], "DRB3": [4337.0, 17, 0.015849935309491123], "DRB4": [3357.0, 11, 0.012268441972322271], "DRB5": [90.0, 6, 0.00032891265341346575], "DRB7": [1.0, 1, 7.80619364101292e-06], "E": [30578.0, 641, 0.08257534218919271], "F": [3936.0, 17, 0.011068147756133594], "H": [29.0, 15, 7.74565290565835e-05], "HFE": [21.0, 1, 5.8714207185269104e-05], "K": [101.0, 13, 0.0002705028217322638], "L": [375.0, 2, 0.0010015930481454762], "T": [1664.0, 1, 0.010612341681899918], "V": [24.0, 2, 0.00013589118524007018], "Y": [24.0, 3, 8.526182374892753e-05], "DMB": [1083.0, 3, 0.0040028919096671365], "DPB2": [46.0, 2, 0.00017352685606633101], "G": [13.0, 7, 3.741906981311503e-05], "DPA2": [5.0, 1, 1.9968094238607402e-05], "DOA": [302.0, 15, 0.0011740390834591144], "DQA2": [1.0, 1, 3.8116179887758395e-06]}