{"A": [255269.0, 4485, 0.19642868830379454], "B": [347769.0, 4366, 0.2698187751100653], "C": [206284.0, 4284, 0.15830236557667485], "DMA": [7036.0, 2, 0.007563319805091888], "DMB": [1713.0, 4, 0.0018274325699670474], "DOA": [335.0, 15, 0.0003758884752592331], "DPA1": [43220.0, 141, 0.04663716904073561], "DPA2": [27.0, 5, 3.112210539592136e-05], "DPB1": [37806.0, 605, 0.04111013385130286], "DQA1": [26776.0, 181, 0.029457348917897017], "DQB1": [9032.0, 358, 0.009421240484730678], "DRA": [60947.0, 9, 0.06731317530357325], "DRB1": [63999.0, 251, 0.06750716215056216], "DRB3": [10768.0, 25, 0.011358257504605592], "DRB5": [69.0, 4, 7.278229641695634e-05], "DRB7": [3.0, 1, 6.759260223766031e-06], "E": [94366.0, 1036, 0.07355216216281196], "F": [11004.0, 21, 0.008931183897973271], "H": [79.0, 19, 6.090118130446127e-05], "HFE": [53.0, 1, 4.276991306824256e-05], "K": [352.0, 19, 0.00027210196692196287], "L": [996.0, 3, 0.0007678174250537143], "T": [4208.0, 1, 0.007745906051636019], "V": [32.0, 2, 5.229601720515305e-05], "Y": [757.0, 5, 0.0007762075226624523], "DRB4": [92.0, 7, 9.70430618892751e-05], "J": [3.0, 3, 2.3148151451253533e-06], "DPB2": [74.0, 2, 8.057107869824199e-05], "G": [23.0, 11, 1.910803652244576e-05], "W": [1.0, 1, 9.026789828747372e-07], "DOB": [355.0, 9, 0.00036489315380732075], "DQA2": [2.0, 2, 2.2002800207571715e-06]}