{"A": [157784.0, 3894, 0.23222240580543124], "B": [160812.0, 4279, 0.23863496208283946], "C": [110813.0, 3583, 0.1626473126292564], "DMA": [3347.0, 2, 0.006881397807062571], "DMB": [979.0, 4, 0.00199756540764223], "DPA1": [16602.0, 123, 0.03426432224995614], "DPB1": [12746.0, 373, 0.026509186085609676], "DQA1": [8838.0, 152, 0.018596716719882753], "DQB1": [12578.0, 433, 0.025094010184593226], "DRA": [25639.0, 9, 0.054160559932890026], "DRB1": [26345.0, 242, 0.0531507240644712], "DRB3": [1748.0, 23, 0.0035265692034426137], "DRB5": [33.0, 5, 6.65771073876466e-05], "E": [72373.0, 841, 0.10789238452884613], "F": [7454.0, 20, 0.011571300105739868], "H": [70.0, 18, 0.00010321218787948863], "HFE": [38.0, 1, 5.8651674182084086e-05], "K": [277.0, 20, 0.00040954639318663847], "L": [1051.0, 5, 0.0015496572780191792], "T": [3497.0, 1, 0.012311938718704344], "V": [24.0, 3, 7.501777811500605e-05], "Y": [18.0, 5, 3.530114498069611e-05], "DRB4": [3611.0, 11, 0.007285149538690663], "W": [8.0, 5, 1.381203393356771e-05], "J": [9.0, 4, 1.3282257289540453e-05], "DPB2": [22.0, 2, 4.58146589497465e-05], "DPA2": [2.0, 1, 4.409298690934302e-06], "DOB": [216.0, 10, 0.0004246444301327532], "DOA": [200.0, 15, 0.0004292185843897535], "G": [14.0, 10, 2.2245930760259496e-05], "DQA2": [1.0, 1, 2.1041770445669554e-06]}