{"A": [103226.0, 4659, 0.15097193338004242], "B": [155346.0, 4530, 0.22907708781393568], "C": [75542.0, 3492, 0.11018199150581083], "DMA": [6216.0, 3, 0.012699830301491657], "DMB": [1716.0, 4, 0.0034793775745560313], "DPA1": [32811.0, 161, 0.06729257742337633], "DPB1": [26632.0, 534, 0.05504174847970076], "DQA1": [9311.0, 179, 0.019469041223973083], "DQB1": [16934.0, 506, 0.03357252412964777], "DRA": [50919.0, 10, 0.1068877385935557], "DRB1": [38835.0, 237, 0.07785746361733419], "DRB3": [4084.0, 24, 0.00818771421174695], "DRB5": [13180.0, 6, 0.02642362226024114], "DRB6": [1.0, 1, 4.203839196000038e-06], "DRB7": [7.0, 1, 2.9976176026944274e-05], "E": [50293.0, 880, 0.07450539441831386], "F": [7838.0, 18, 0.012091049181720315], "H": [234.0, 38, 0.00034285837413508335], "HFE": [24.0, 1, 3.681069508016079e-05], "L": [761.0, 4, 0.0011150223193025575], "T": [2612.0, 1, 0.009138395399437258], "V": [35.0, 2, 0.00010871437147102613], "Y": [5.0, 2, 9.74433600043698e-06], "DRB4": [87.0, 6, 0.00017441996484377685], "W": [4.0, 1, 6.862677661846216e-06], "K": [103.0, 12, 0.00015133051876104072], "DPB2": [71.0, 2, 0.00014692851375504255], "DPA2": [12.0, 4, 2.6289766540878818e-05], "J": [3.0, 3, 4.3996344462246975e-06], "DOB": [192.0, 8, 0.0003750929221306895], "DOA": [264.0, 16, 0.000563012981724053], "G": [17.0, 7, 2.6843394040141835e-05]}