{"A": [15481.0, 1443, 0.16875251359664037], "B": [23783.0, 1812, 0.26139202667839995], "C": [16169.0, 1693, 0.17577188977504332], "DMA": [876.0, 3, 0.013339364505246878], "DPA1": [2592.0, 91, 0.03962112612611826], "DPB1": [2713.0, 189, 0.04179096069584683], "DQA1": [927.0, 86, 0.014446814421229888], "DQB1": [1881.0, 128, 0.027794403408611435], "DRA": [5284.0, 5, 0.08267133555367455], "DRB1": [4130.0, 116, 0.06171221228835289], "DRB5": [1324.0, 7, 0.019783769750551874], "E": [5639.0, 361, 0.062262476711737444], "F": [760.0, 15, 0.008738088574884392], "H": [6.0, 6, 6.552307582444284e-05], "HFE": [1.0, 1, 1.1431596800953415e-05], "L": [109.0, 1, 0.0011903358774773783], "T": [370.0, 1, 0.009648118267366761], "Y": [2.0, 2, 2.9050684103393747e-05], "DRB3": [470.0, 17, 0.007022939412960257], "DRB4": [18.0, 6, 0.00026896363709209495], "DMB": [175.0, 3, 0.002644639297796325], "K": [1.0, 1, 1.0950486597070654e-05], "DPB2": [11.0, 2, 0.0001696619849955934], "DPA2": [1.0, 1, 1.63286246256456e-05], "V": [2.0, 1, 4.6301283754732015e-05], "DOB": [29.0, 7, 0.0004222598219797427], "DOA": [23.0, 10, 0.0003655833765786975], "J": [1.0, 1, 1.0930485708308882e-05]}