{"A": [188376.0, 4146, 0.14629857003321758], "B": [335140.0, 4752, 0.26243106089709844], "C": [146030.0, 4100, 0.11310234691197898], "DMA": [8409.0, 3, 0.009123020630815144], "DPA1": [49095.0, 118, 0.0534678046746602], "DPA2": [22.0, 2, 2.5593846252246054e-05], "DPB1": [60948.0, 572, 0.06688909046641671], "DQA1": [27382.0, 177, 0.03040330502437903], "DQB1": [32089.0, 469, 0.03378220670261735], "DRA": [83251.0, 8, 0.09279933718095214], "DRB1": [70440.0, 183, 0.074990056661901], "DRB3": [14581.0, 16, 0.015522856561430699], "DRB5": [21062.0, 8, 0.022422495363613838], "DRB6": [4.0, 1, 8.929219087528014e-06], "DRB7": [2.0, 1, 4.547948921914268e-06], "E": [74421.0, 744, 0.05854409133725469], "F": [9572.0, 19, 0.007840952283963145], "H": [123.0, 28, 9.56998832223064e-05], "HFE": [14.0, 1, 1.140245073545841e-05], "K": [77.0, 10, 6.007411945117772e-05], "L": [1365.0, 3, 0.0010620352894182784], "T": [3638.0, 1, 0.0067587574256225925], "V": [6.0, 2, 9.896407228536851e-06], "Y": [740.0, 3, 0.0007658105739267048], "DMB": [2503.0, 3, 0.0026949612101210734], "DPB2": [81.0, 2, 8.901027609738782e-05], "W": [5.0, 2, 4.555237301596823e-06], "DRB4": [1.0, 1, 1.0645947850922912e-06], "DOB": [350.0, 10, 0.0003630889878353088], "DOA": [373.0, 15, 0.00042240661052639995], "J": [1.0, 1, 7.787583770401144e-07], "G": [5.0, 1, 4.192430790850174e-06]}