{"A": [56884.0, 2497, 0.10111124231645212], "B": [76735.0, 2825, 0.13752361393386053], "C": [78926.0, 2580, 0.13990860713580877], "DMA": [8129.0, 3, 0.020184882995936338], "DOA": [174.0, 16, 0.00045098898097791916], "DPA1": [28384.0, 111, 0.07074951953704567], "DPB1": [24938.0, 473, 0.06264007378321716], "DQA1": [13966.0, 165, 0.03549134651564167], "DQA2": [2.0, 2, 5.0825356602666e-06], "DQB1": [17356.0, 259, 0.041819254006322776], "DRA": [57028.0, 9, 0.1454917489612216], "DRB1": [56357.0, 192, 0.13731785454053383], "DRB5": [21013.0, 7, 0.051199674884401886], "DRB7": [1.0, 1, 5.2045165161129985e-06], "E": [20800.0, 390, 0.03744947308642194], "F": [3537.0, 17, 0.0066312589760416695], "G": [1.0, 1, 1.919069511841076e-06], "HFE": [40.0, 1, 7.456327386981373e-05], "K": [132.0, 19, 0.00023570317250466003], "L": [287.0, 3, 0.0005110730748600926], "T": [1312.0, 1, 0.005578697442108051], "Y": [3.0, 2, 7.1056809230911695e-06], "DRB3": [68.0, 9, 0.00016568685538187448], "DMB": [1984.0, 3, 0.004889091272712211], "DPB2": [26.0, 3, 6.539179901044038e-05], "V": [3.0, 1, 1.1325108473166583e-05], "H": [34.0, 16, 6.054524231792037e-05], "DOB": [175.0, 10, 0.0004155065649269045], "J": [2.0, 1, 3.5647373398034234e-06]}