{"A": [37753.0, 2953, 0.15468436738584124], "B": [101362.0, 3580, 0.4187401352220412], "C": [13395.0, 1939, 0.05473343396459634], "DMA": [1548.0, 3, 0.008860244528472972], "DOA": [89.0, 16, 0.0005317314254993791], "DOB": [80.0, 8, 0.0004378400321507231], "DPA1": [8263.0, 124, 0.047475908949771564], "DPA2": [4.0, 2, 2.4550102757700844e-05], "DPB1": [6048.0, 330, 0.03501773576055189], "DQA1": [2018.0, 120, 0.011821082258650566], "DQB1": [3055.0, 300, 0.016967720171870638], "DRA": [11521.0, 9, 0.06775261141430998], "DRB1": [10486.0, 155, 0.05889448586771068], "DRB3": [1711.0, 16, 0.009609809776812223], "DRB5": [3092.0, 6, 0.017366178743368436], "DRB7": [3.0, 1, 3.5990450642789435e-05], "E": [17464.0, 590, 0.07247892412657689], "F": [2087.0, 20, 0.009019220760266757], "H": [11.0, 7, 4.5152253315543316e-05], "HFE": [10.0, 1, 4.296854183714116e-05], "K": [31.0, 9, 0.00012759651989095066], "L": [221.0, 3, 0.0009071498166122793], "T": [1206.0, 1, 0.01182039310326908], "V": [6.0, 2, 5.221051834060363e-05], "Y": [6.0, 2, 3.27582985219564e-05], "DRB4": [2.0, 1, 1.1232974607612184e-05], "DMB": [425.0, 3, 0.002414132184846198], "DPB2": [14.0, 1, 8.116403173309472e-05], "G": [3.0, 3, 1.3270815133771916e-05]}