{"A": [120752.0, 4957, 0.19575276024143093], "B": [124462.0, 4488, 0.20343458989715518], "C": [133339.0, 4061, 0.21556873680175012], "DMA": [4021.0, 3, 0.009105995453575865], "DMB": [890.0, 5, 0.0020002336406826473], "DOA": [252.0, 16, 0.0005956915871226785], "DOB": [353.0, 11, 0.0007643966761358864], "DPA1": [22120.0, 124, 0.050285093576226444], "DPB1": [15454.0, 419, 0.035402651600108206], "DQA1": [6092.0, 160, 0.014119345863352412], "DQB1": [9545.0, 447, 0.020975234067762753], "DRA": [29470.0, 9, 0.06857007157172174], "DRB1": [29269.0, 219, 0.06504160815256099], "DRB5": [3342.0, 6, 0.007426596550816864], "DRB7": [2.0, 1, 9.493243705891575e-06], "E": [47604.0, 687, 0.07816819188917133], "F": [6889.0, 16, 0.011779350844720291], "G": [13.0, 8, 2.275298085851594e-05], "HFE": [26.0, 1, 4.4202065965827535e-05], "K": [133.0, 15, 0.000216594478422389], "L": [1033.0, 4, 0.0016776666425956884], "T": [3147.0, 1, 0.012203937067990518], "V": [21.0, 2, 7.230105820492857e-05], "W": [1.0, 1, 1.9016914474943061e-06], "DRB3": [2877.0, 21, 0.006393272973279509], "DRB4": [56.0, 7, 0.00012444326955288583], "DPB2": [27.0, 2, 6.193240497561353e-05], "DPA2": [17.0, 3, 4.128201134042209e-05], "J": [1.0, 1, 1.6255554290910232e-06], "H": [85.0, 26, 0.0001380461419367217]}