{"A": [41735.0, 2779, 0.22240255879556733], "B": [70430.0, 3055, 0.3784177599015751], "C": [16552.0, 1734, 0.08796397785988005], "DMA": [1017.0, 2, 0.007570770980477848], "DMB": [185.0, 4, 0.0013667473757626462], "DOA": [51.0, 15, 0.0003962934568163727], "DOB": [36.0, 10, 0.00025625502188297866], "DPA1": [5077.0, 90, 0.03793910689989015], "DPB1": [3479.0, 248, 0.026198420698183386], "DQB1": [1612.0, 286, 0.011644523467638794], "DRA": [4896.0, 9, 0.03744740053116595], "DRB1": [6180.0, 146, 0.045143752981157456], "DRB5": [1721.0, 5, 0.01257158557938058], "E": [16679.0, 499, 0.09002900044097625], "F": [1987.0, 17, 0.011168345469414438], "H": [27.0, 13, 0.0001441434498091755], "HFE": [7.0, 1, 3.911947882613444e-05], "K": [58.0, 15, 0.00031049136991188604], "L": [335.0, 4, 0.0017884465068916217], "S": [1.0, 1, 2.1914443194736628e-05], "T": [1276.0, 1, 0.016265959653379545], "V": [8.0, 2, 9.054013668076874e-05], "Y": [7.0, 3, 4.970642515893538e-05], "DRB3": [558.0, 21, 0.004076086434221013], "DRB4": [3.0, 3, 2.1914443194736628e-05], "DQA1": [874.0, 84, 0.006658737806038216], "J": [2.0, 2, 1.068704353058389e-05], "G": [1.0, 1, 5.753349393308436e-06]}