{"A": [54924.0, 1952, 0.12039527020464137], "B": [100014.0, 2982, 0.2210459308788123], "C": [54746.0, 2160, 0.11967809882846918], "DMA": [5745.0, 3, 0.017592076073557946], "DMB": [1525.0, 5, 0.004634408045988658], "DOB": [73.0, 9, 0.00021374730612012304], "DPA1": [18737.0, 107, 0.05759541370323477], "DPB1": [13083.0, 378, 0.040526204349482314], "DQA1": [11224.0, 141, 0.03517515706905391], "DQB1": [7951.0, 328, 0.023625790141214655], "DRA": [38204.0, 8, 0.1201979355759125], "DRB1": [46177.0, 188, 0.13875313545689008], "DRB3": [28.0, 9, 8.413469460538627e-05], "DRB4": [6457.0, 12, 0.019402061538106398], "DRB5": [36.0, 5, 0.00010817317877835377], "DRB7": [1.0, 1, 6.418275274182324e-06], "E": [24433.0, 531, 0.054249672431075896], "F": [4846.0, 16, 0.01120423702402289], "G": [16.0, 8, 3.786593082113466e-05], "H": [54.0, 17, 0.00011858583421732853], "HFE": [20.0, 1, 4.5976183912480834e-05], "K": [372.0, 19, 0.0008191668808311384], "L": [1064.0, 3, 0.0023365801408747693], "T": [1990.0, 1, 0.010434941009495772], "V": [16.0, 3, 7.448675366555888e-05], "Y": [466.0, 4, 0.0013611572866060208], "W": [2.0, 2, 5.142848777389683e-06], "DPB2": [34.0, 2, 0.00010545490946626885], "DOA": [52.0, 12, 0.0001662103158652793], "DPA2": [2.0, 1, 6.5671302259710005e-06]}