{"A": [43625.0, 2285, 0.20339317424770365], "B": [56210.0, 2296, 0.26423417075176536], "C": [26452.0, 1787, 0.12299132192364601], "DMA": [1940.0, 2, 0.012635209820235745], "DPA1": [8564.0, 88, 0.055990993142810586], "DPB1": [5683.0, 256, 0.0374420752318607], "DQA1": [2001.0, 101, 0.013337951777497647], "DQB1": [2490.0, 187, 0.015736842654687656], "DRA": [11747.0, 7, 0.07860837306787352], "DRB1": [11086.0, 165, 0.070850942603168], "DRB5": [13.0, 5, 8.308337126476495e-05], "E": [18168.0, 341, 0.08579878015893683], "F": [2292.0, 15, 0.011271122193010553], "HFE": [11.0, 1, 5.378352686899154e-05], "K": [118.0, 15, 0.0005526690185940638], "L": [647.0, 2, 0.0030220176802253393], "T": [1244.0, 1, 0.01387429642978841], "V": [18.0, 2, 0.00017823181771989003], "DRB3": [803.0, 13, 0.005131995932738942], "DRB4": [7.0, 2, 4.473719991179651e-05], "DMB": [490.0, 3, 0.003167190402846503], "DPB2": [10.0, 2, 6.59692509745011e-05], "H": [20.0, 11, 9.341631159892856e-05], "DOB": [105.0, 5, 0.0006539141811925], "DOA": [110.0, 15, 0.0007478267281784084], "J": [1.0, 1, 4.6750811649509455e-06], "G": [7.0, 3, 3.5235493735839726e-05]}