{"A": [38208.0, 2440, 0.1344675322329252], "B": [74378.0, 3018, 0.2639259455237842], "C": [42122.0, 2099, 0.14783835943838392], "DMA": [2167.0, 2, 0.01065373365112399], "DMB": [499.0, 4, 0.0024346740887427254], "DPA1": [12559.0, 111, 0.06198102700771083], "DPB1": [9355.0, 308, 0.04652519935972086], "DQA1": [5715.0, 140, 0.028755470927256655], "DQB1": [4844.0, 338, 0.0231091826576829], "DRA": [19119.0, 10, 0.09657599866639516], "DRB1": [15844.0, 125, 0.07643597106706665], "DRB5": [4231.0, 8, 0.020411549708707337], "E": [18593.0, 423, 0.06628048181776625], "F": [2062.0, 17, 0.007654263364427413], "H": [35.0, 17, 0.00012340221636694622], "HFE": [5.0, 1, 1.8453926748283946e-05], "K": [129.0, 13, 0.0004560736886374153], "L": [496.0, 3, 0.001748785694800152], "T": [845.0, 1, 0.007113928454513303], "V": [7.0, 2, 5.232063022753309e-05], "Y": [1.0, 1, 4.689626530449827e-06], "DRB4": [446.0, 9, 0.002151631096687183], "DPB2": [25.0, 2, 0.0001244926630506011], "DPA2": [5.0, 2, 2.635915594195538e-05], "DOB": [100.0, 6, 0.0004701036813978903], "DOA": [108.0, 15, 0.0005542353840608116], "DRB3": [22.0, 7, 0.00010613426934331397]}