{"A": [130986.0, 4407, 0.17036800057949608], "B": [217046.0, 4134, 0.28463571544147304], "C": [43690.0, 2742, 0.05667091339183939], "DMA": [6839.0, 3, 0.012426120030615754], "DOA": [220.0, 16, 0.0004172469697549571], "DOB": [165.0, 10, 0.00028666694181157175], "DPA1": [35336.0, 113, 0.06444973127374698], "DPA2": [46.0, 5, 8.962297245672953e-05], "DPB1": [27476.0, 502, 0.05050076716370283], "DQA1": [7685.0, 168, 0.014290523501496413], "DQB1": [8897.0, 257, 0.01568642792537665], "DRA": [55386.0, 9, 0.10339607499784066], "DRB1": [61526.0, 198, 0.10969621726842042], "DRB3": [8669.0, 22, 0.01545617312193116], "DRB5": [32.0, 5, 5.705358633081061e-05], "DRB6": [5.0, 1, 1.869270396391496e-05], "DRB7": [3.0, 1, 1.1424980662744824e-05], "E": [56576.0, 818, 0.0745364052093463], "F": [7422.0, 20, 0.010182061296696935], "H": [96.0, 26, 0.00012509102915414042], "HFE": [67.0, 1, 9.138893319053286e-05], "K": [121.0, 15, 0.00015809957230010564], "L": [1045.0, 3, 0.001361667973604966], "T": [3311.0, 1, 0.01030177314116234], "V": [14.0, 3, 3.867256510600279e-05], "Y": [3.0, 1, 5.199475422972462e-06], "DRB4": [16.0, 5, 2.8526793165405304e-05], "W": [2.0, 2, 3.051543980433981e-06], "DMB": [2562.0, 3, 0.004619760173287917], "DPB2": [36.0, 2, 6.625310951333983e-05], "J": [6.0, 3, 7.825329221058098e-06], "G": [12.0, 3, 1.6851003927352247e-05]}