{"A": [133027.0, 4498, 0.12121707393958188], "B": [233656.0, 3707, 0.21467199746798976], "C": [332368.0, 4078, 0.30203566209308486], "DMA": [6806.0, 3, 0.00866354704653032], "DMB": [1738.0, 4, 0.0021955884118067953], "DPA1": [31537.0, 126, 0.040298135744595315], "DPB1": [30597.0, 514, 0.03939890638935683], "DQA1": [16006.0, 174, 0.020852010355644518], "DQB1": [10690.0, 494, 0.01320441075792666], "DRA": [43682.0, 9, 0.05713042025587159], "DRB1": [46768.0, 229, 0.0584174534736909], "DRB3": [98.0, 14, 0.00012241084588654014], "DRB4": [15745.0, 12, 0.019666926209016063], "DRB5": [13595.0, 9, 0.01698138214109707], "DRB7": [4.0, 1, 1.0672227216883662e-05], "E": [73806.0, 694, 0.06812220957991083], "F": [7902.0, 19, 0.0075947351826202], "HFE": [34.0, 1, 3.249066308865012e-05], "K": [128.0, 14, 0.00011716992369863124], "L": [719.0, 3, 0.0006563638830639274], "T": [3601.0, 1, 0.007849405679738167], "V": [30.0, 3, 5.8057328911963824e-05], "W": [2.0, 2, 2.1378660290231695e-06], "DPB2": [53.0, 2, 6.833457343284883e-05], "G": [20.0, 10, 1.9675935134372532e-05], "DPA2": [5.0, 1, 6.8248383464041154e-06], "H": [129.0, 25, 0.00011776208750382006], "J": [8.0, 5, 7.309744669098398e-06], "DOB": [213.0, 10, 0.000259259169388255], "DOA": [165.0, 15, 0.00021923773540659912], "Y": [2.0, 1, 2.428449761123406e-06]}