{"A": [26306.0, 2538, 0.22645317700448356], "B": [16033.0, 2133, 0.13915949854112783], "C": [24984.0, 1924, 0.21448681217828963], "DMA": [809.0, 3, 0.009728635180892984], "DMB": [225.0, 4, 0.0026852410566432622], "DOB": [53.0, 6, 0.0006094386514931472], "DPA1": [3901.0, 101, 0.0470912404522581], "DPB1": [2623.0, 247, 0.03190826675205273], "DQA1": [1962.0, 124, 0.024147030201864535], "DQB1": [1205.0, 172, 0.014061380822046988], "DRA": [5465.0, 8, 0.06752345772344458], "DRB1": [5951.0, 166, 0.07022364636561282], "DRB5": [10.0, 3, 0.00011800310261403598], "E": [12383.0, 427, 0.10797483101064168], "F": [1300.0, 14, 0.011803710927184984], "K": [56.0, 12, 0.00048427695982206754], "L": [250.0, 3, 0.0021560329651880207], "T": [735.0, 1, 0.01513563324999444], "Y": [19.0, 2, 0.00021794772071395796], "DRB3": [39.0, 10, 0.00046021210019474035], "DRB4": [1034.0, 10, 0.01220152081029132], "DPB2": [15.0, 2, 0.0001827071234417065], "V": [8.0, 1, 0.00014625993840439896], "J": [5.0, 1, 4.316003890129809e-05], "DOA": [62.0, 11, 0.0007782563189931281], "H": [19.0, 9, 0.00016385850535428957], "G": [6.0, 3, 5.576429804946479e-05]}