{"A": [19632.0, 2068, 0.16398610161710403], "B": [26888.0, 2374, 0.22645163261627352], "C": [18458.0, 1732, 0.15375957116326697], "DMA": [1319.0, 2, 0.015391008779104888], "DMB": [239.0, 4, 0.00276769070843956], "DOB": [148.0, 11, 0.0016513332828413782], "DPA1": [4120.0, 81, 0.048259219124313316], "DPB1": [2546.0, 236, 0.030052611485006698], "DQA1": [1288.0, 86, 0.015381527964371738], "DQB1": [1646.0, 187, 0.01863758548284767], "DRA": [8157.0, 6, 0.09779437231450903], "DRB1": [7483.0, 135, 0.08568169819332819], "DRB5": [2113.0, 6, 0.02419423069390652], "DRB6": [1.0, 1, 2.400940919937054e-05], "E": [9365.0, 295, 0.07923614460526213], "F": [1213.0, 15, 0.01068697781275267], "HFE": [10.0, 1, 8.759879956217332e-05], "K": [50.0, 13, 0.0004195605816175456], "L": [163.0, 2, 0.0013640236069416114], "T": [849.0, 1, 0.01696445222815132], "DRB3": [499.0, 15, 0.005713639903577545], "DRB4": [23.0, 6, 0.0002633541438522716], "W": [1.0, 1, 9.79871187410208e-06], "DPA2": [9.0, 2, 0.00011261166279322771], "V": [4.0, 1, 7.096011074784949e-05], "H": [24.0, 13, 0.00020083783169692437], "DOA": [54.0, 11, 0.0006577238950393301], "J": [1.0, 1, 8.375885218410545e-06], "G": [19.0, 5, 0.0001713473864002275]}