{"A": [8819.0, 1149, 0.15647854754834464], "B": [11953.0, 1299, 0.21383896491247234], "C": [6057.0, 1079, 0.10717859472816414], "DMA": [622.0, 2, 0.015417204832070482], "DOB": [74.0, 5, 0.0017538712376146087], "DPA1": [2642.0, 63, 0.06573684476955141], "DPB1": [1487.0, 153, 0.037284451075405456], "DQA1": [976.0, 75, 0.024758618129637304], "DQB1": [1298.0, 155, 0.031219610280285824], "DRA": [4731.0, 6, 0.12048398315274995], "DRB1": [3537.0, 66, 0.08602810322296521], "DRB4": [80.0, 7, 0.0019457868978900808], "DRB5": [2009.0, 7, 0.048863573473264664], "E": [3288.0, 214, 0.05909358398904903], "F": [376.0, 12, 0.00703679532611603], "K": [7.0, 4, 0.00012477158207307507], "L": [112.0, 2, 0.0019908808643192854], "T": [372.0, 1, 0.015789488386113923], "DMB": [150.0, 3, 0.00368980896119781], "DPB2": [2.0, 1, 5.021183328640319e-05], "V": [2.0, 1, 7.536631069680633e-05], "DOA": [38.0, 8, 0.00098316503316697], "J": [1.0, 1, 1.7791955538926426e-05], "H": [9.0, 5, 0.00015998149802565686]}