{"A": [67606.0, 4449, 0.17951360092331414], "B": [85695.0, 3623, 0.22942569767965912], "C": [51763.0, 3480, 0.13707131439010276], "DMA": [3329.0, 3, 0.012348258338975902], "DOA": [77.0, 10, 0.00029813310737883533], "DOB": [97.0, 10, 0.00034404430587508313], "DPA1": [14917.0, 120, 0.05554362055308214], "DPB1": [13148.0, 544, 0.0493347730055683], "DQA1": [6458.0, 118, 0.024516094027525474], "DQB1": [6500.0, 403, 0.023396063717583928], "DRA": [21646.0, 9, 0.082495579313618], "DRB1": [27301.0, 239, 0.09937119135667812], "DRB3": [4739.0, 20, 0.017249187789432532], "DRB4": [13.0, 5, 4.731788167601244e-05], "DRB5": [18.0, 4, 6.551706693601722e-05], "E": [22098.0, 634, 0.05943443584803397], "F": [4253.0, 17, 0.011911298571287431], "H": [43.0, 18, 0.0001143858645821797], "HFE": [9.0, 1, 2.5061686062917762e-05], "K": [82.0, 15, 0.00021872989684311694], "L": [441.0, 4, 0.00117312014606375], "T": [1858.0, 1, 0.01180177910966632], "V": [19.0, 2, 0.00010714638316132024], "Y": [8.0, 2, 2.8305917268473458e-05], "DMB": [1091.0, 3, 0.0040161879308209195], "DPB2": [20.0, 2, 7.514199687249397e-05], "DPA2": [1.0, 1, 3.977502699389859e-06], "J": [8.0, 3, 2.1300525871435735e-05], "G": [17.0, 7, 4.873516335997741e-05]}