{"A": [94823.0, 4828, 0.19913781250687124], "B": [109702.0, 3963, 0.23228921510662467], "C": [37237.0, 2340, 0.07798835263155354], "DMA": [3441.0, 3, 0.010094957793118793], "DMB": [1097.0, 4, 0.003193918477661802], "DOA": [86.0, 13, 0.0002633576001076226], "DOB": [56.0, 9, 0.00015709363550809468], "DPA1": [23495.0, 152, 0.06919202933470002], "DPA2": [13.0, 5, 4.089608724029185e-05], "DPB1": [19413.0, 593, 0.05761214123252261], "DQA1": [9781.0, 161, 0.02936732705077293], "DQB1": [12294.0, 504, 0.03499859182887601], "DRA": [29225.0, 10, 0.08809179624484555], "DRB1": [28002.0, 232, 0.08061185519865977], "DRB3": [2088.0, 23, 0.006010911851110692], "DRB5": [9189.0, 9, 0.026453193965448346], "DRB6": [1.0, 1, 6.036414004658463e-06], "DRB7": [9.0, 1, 5.534184359470878e-05], "E": [27368.0, 705, 0.05821784961177698], "F": [5423.0, 18, 0.01201244067459597], "G": [10.0, 7, 2.2673649457025883e-05], "H": [44.0, 23, 9.257303521012722e-05], "HFE": [7.0, 1, 1.541678228123852e-05], "K": [79.0, 13, 0.0001666668818230403], "L": [577.0, 4, 0.0012139691208237137], "S": [1.0, 1, 8.636367602170534e-06], "T": [2467.0, 1, 0.0123936390838913], "W": [2.0, 2, 4.9271584396998565e-06], "Y": [3.0, 2, 8.395303943372085e-06], "DRB4": [16.0, 4, 4.6060627211576184e-05], "J": [5.0, 3, 1.0529270090317499e-05], "DPB2": [67.0, 2, 0.00019909275777735654], "V": [5.0, 1, 2.230087185473436e-05]}