{"A": [28888.0, 2457, 0.1203706384789207], "B": [71730.0, 2345, 0.3013549849882887], "C": [10090.0, 1437, 0.041928495211077846], "DMA": [2072.0, 2, 0.012060703304756677], "DPA1": [12342.0, 109, 0.07211559795461918], "DPB1": [9558.0, 348, 0.056279656260637245], "DPB2": [53.0, 3, 0.0003124780941950315], "DQA1": [7389.0, 165, 0.044017956345653995], "DQB1": [4730.0, 365, 0.02671662229631911], "DRA": [19443.0, 8, 0.1162806015611489], "DRB1": [15758.0, 161, 0.09000652795468961], "DRB4": [2498.0, 11, 0.014268073793045732], "DRB5": [4219.0, 6, 0.024098079796981565], "E": [13380.0, 474, 0.05647188182579734], "F": [1790.0, 15, 0.007866974280185355], "HFE": [6.0, 1, 2.6218630166550732e-05], "L": [272.0, 3, 0.0011354389253879233], "T": [902.0, 1, 0.008990819541579344], "DRB3": [48.0, 12, 0.00027416634990640317], "DMB": [644.0, 3, 0.0037201985111826245], "K": [62.0, 11, 0.0002595236594436527], "DPA2": [2.0, 2, 1.248335870140001e-05], "H": [61.0, 20, 0.0002546388766494975], "J": [1.0, 1, 4.178220058505117e-06], "DOB": [130.0, 8, 0.0007235640210805394], "DOA": [73.0, 12, 0.0004435405317086408], "DQA2": [1.0, 1, 5.9572278177904985e-06]}