{"A": [41892.0, 3383, 0.18435453718625006], "B": [57771.0, 3710, 0.2563345115045923], "C": [38468.0, 2954, 0.16882523551230633], "DMA": [1221.0, 3, 0.007506166502396068], "DMB": [405.0, 5, 0.002470898566653162], "DOA": [25.0, 11, 0.00016042428350706672], "DOB": [69.0, 7, 0.0004056041118334144], "DPA1": [6907.0, 121, 0.04262385932138097], "DPB1": [7318.0, 360, 0.04550891298577349], "DQA1": [4466.0, 177, 0.028098463654028526], "DQB1": [2243.0, 296, 0.013380407206591708], "DRA": [11352.0, 9, 0.0717027847936357], "DRB1": [10666.0, 261, 0.06434193818419173], "DRB2": [1.0, 1, 4.3531346119214866e-05], "DRB3": [405.0, 18, 0.002443135661409868], "DRB5": [541.0, 9, 0.0032635466489450335], "E": [17372.0, 556, 0.07743648198423715], "F": [2154.0, 14, 0.009998159144118692], "H": [42.0, 15, 0.00018516709453264573], "HFE": [14.0, 1, 6.461099509957966e-05], "K": [74.0, 11, 0.0003271422479626998], "L": [350.0, 2, 0.001543059121105381], "T": [1144.0, 1, 0.01204310338911194], "Y": [178.0, 4, 0.0010438013793973874], "DRB4": [918.0, 9, 0.005537774165862367], "W": [1.0, 1, 5.162371174394071e-06], "J": [10.0, 2, 4.412766592906712e-05], "DPB2": [27.0, 2, 0.0001681229952568131], "DPA2": [8.0, 2, 5.273647387975825e-05], "V": [3.0, 1, 2.803856529535503e-05], "G": [11.0, 7, 5.2263297553157675e-05], "DQA2": [1.0, 1, 6.291639868792773e-06]}