{"A": [394806.0, 4162, 0.17356705813858783], "B": [702825.0, 4074, 0.3115338340170014], "C": [123794.0, 2669, 0.05427479295937209], "DMA": [24316.0, 2, 0.014933289589416202], "DPA1": [90542.0, 131, 0.05581799338298759], "DPB1": [79728.0, 507, 0.049530846404716194], "DQA1": [37957.0, 174, 0.023857039974918996], "DQB1": [38393.0, 258, 0.022879837121129135], "DRA": [172842.0, 6, 0.10906207249548193], "DRB1": [177209.0, 169, 0.10679210749028618], "DRB3": [35.0, 9, 2.1092177948975597e-05], "DRB5": [116.0, 3, 6.990550405946196e-05], "DRB6": [1.0, 1, 1.2636375869206772e-06], "E": [112159.0, 680, 0.0499448536333659], "F": [18966.0, 20, 0.00879449517856998], "G": [43.0, 14, 2.040954867527929e-05], "H": [225.0, 27, 9.909639652904398e-05], "HFE": [121.0, 1, 5.5785918378841964e-05], "K": [379.0, 16, 0.00016738053299103546], "L": [11658.0, 5, 0.005134514625491532], "S": [3.0, 2, 5.423702901165153e-06], "T": [8698.0, 2, 0.009147293545219544], "U": [1.0, 1, 2.4628038683862174e-06], "V": [35.0, 2, 3.267859678361596e-05], "W": [4.0, 3, 2.062861359844866e-06], "Y": [1.0, 1, 5.858125706355565e-07], "DRB4": [75.0, 7, 4.5197524176376276e-05], "DMB": [4389.0, 3, 0.00267501546837883], "J": [7.0, 3, 3.0858145273295806e-06], "DPB2": [306.0, 3, 0.00019034681032259248], "DQA2": [11.0, 7, 6.913808776355058e-06], "DPA2": [131.0, 4, 8.626869321239361e-05], "DOB": [1166.0, 10, 0.000684719397646609], "DOA": [874.0, 16, 0.0005602764327623276]}