{"A": [79244.0, 3795, 0.17521591283704602], "B": [121236.0, 3672, 0.2702795677273037], "C": [100734.0, 3487, 0.2221254173989184], "DMA": [3124.0, 3, 0.009649348137767985], "DPA1": [11951.0, 111, 0.037055440531774626], "DPA2": [4.0, 2, 1.3248463484366315e-05], "DPB1": [8349.0, 345, 0.02608692794578642], "DQA1": [3349.0, 133, 0.010586768680111217], "DQB1": [6403.0, 261, 0.019191458416376966], "DRA": [20769.0, 9, 0.06591187216741415], "DRB1": [20882.0, 176, 0.06329203677098436], "DRB3": [5134.0, 24, 0.015560833099426958], "DRB5": [70.0, 6, 0.00021216562465132199], "DRB7": [2.0, 1, 1.2948164978720677e-05], "E": [27106.0, 627, 0.06070796123959917], "F": [3778.0, 16, 0.008810909093949337], "H": [34.0, 12, 7.53143720249492e-05], "HFE": [8.0, 1, 1.8550379625674324e-05], "K": [32.0, 9, 7.10786732592169e-05], "L": [783.0, 4, 0.0017344456851628007], "N": [1.0, 1, 1.5079384680187124e-05], "T": [1647.0, 1, 0.008711449232006927], "V": [19.0, 2, 8.922212328180351e-05], "DRB4": [51.0, 9, 0.00015457781224596315], "DMB": [843.0, 3, 0.00258411531180434], "J": [10.0, 4, 2.2171515374521707e-05], "DPB2": [25.0, 2, 7.821459193009429e-05], "G": [4.0, 3, 9.548794232094896e-06], "DOB": [350.0, 10, 0.0010337266748522438], "DOA": [213.0, 17, 0.0006867428138614305], "Y": [1.0, 1, 2.94633608435695e-06]}