{"A": [43614.0, 3501, 0.1895962849966389], "B": [44444.0, 2887, 0.1948011441901201], "C": [56241.0, 3113, 0.24382147791740524], "DMA": [1246.0, 2, 0.007566616803898253], "DMB": [406.0, 4, 0.0024468485902289297], "DOB": [20.0, 6, 0.00011613534713250826], "DPA1": [8695.0, 130, 0.05300466189059418], "DPB1": [6747.0, 400, 0.041447270514716424], "DQA1": [2528.0, 110, 0.01571166077518921], "DQB1": [3370.0, 296, 0.019858714228743603], "DRA": [9122.0, 8, 0.056916066355433496], "DRB1": [10897.0, 177, 0.0649352742491772], "DRB2": [1.0, 1, 4.300146637068548e-05], "DRB3": [1917.0, 16, 0.011423412015754123], "DRB5": [29.0, 4, 0.00017281113638856001], "E": [16687.0, 629, 0.07347764492192507], "F": [2714.0, 17, 0.012444153458246383], "HFE": [16.0, 1, 7.294231544826879e-05], "K": [38.0, 13, 0.00016594710443874783], "L": [211.0, 5, 0.0009189209341859715], "T": [1011.0, 1, 0.010513436944628968], "V": [5.0, 2, 4.6162115736422524e-05], "W": [4.0, 2, 2.0398131483530298e-05], "DPB2": [15.0, 3, 9.226474421029812e-05], "G": [3.0, 3, 1.4080126156773124e-05], "DPA2": [3.0, 1, 1.953545470864702e-05], "H": [29.0, 14, 0.00012629719000660272], "J": [3.0, 3, 1.3077158266153669e-05], "DOA": [30.0, 12, 0.00019016584729665691], "Y": [3.0, 1, 1.737801978329887e-05], "DQA2": [1.0, 1, 6.215055686388136e-06]}