{"A": [93262.0, 3934, 0.1363124838965181], "B": [49262.0, 2891, 0.07259678819774358], "C": [92805.0, 3314, 0.1352749254259933], "DMA": [7432.0, 3, 0.015174570302588637], "DPA1": [44528.0, 142, 0.09126508739551278], "DPA2": [28.0, 4, 6.130378702681864e-05], "DPB1": [36307.0, 661, 0.0749898687517063], "DQA1": [21698.0, 220, 0.04534106656787103], "DQB1": [17685.0, 397, 0.03503912822426313], "DRA": [71588.0, 9, 0.1501799797227091], "DRB1": [64644.0, 253, 0.12951764902245852], "DRB3": [11327.0, 15, 0.02269423937994845], "DRB5": [106.0, 5, 0.00021237656698812885], "DRB7": [3.0, 1, 1.2838764540188018e-05], "E": [35660.0, 632, 0.052794089426096015], "F": [5633.0, 16, 0.008684049069990287], "H": [33.0, 15, 4.8321080044047054e-05], "HFE": [12.0, 1, 1.8393645473048734e-05], "K": [187.0, 15, 0.0002745710165845333], "L": [1035.0, 3, 0.0015155247831996576], "T": [2490.0, 1, 0.008706024974147103], "Y": [2.0, 2, 3.89525623185316e-06], "DRB4": [6948.0, 10, 0.013920682900316223], "W": [7.0, 3, 1.2002050184470636e-05], "DMB": [1885.0, 3, 0.003819613503512376], "J": [6.0, 3, 8.793674342594533e-06], "DPB2": [129.0, 2, 0.00026678489460120073], "V": [6.0, 1, 1.862490020336753e-05], "DOB": [293.0, 9, 0.0005720434930466985], "DOA": [307.0, 18, 0.0006542995872904585], "G": [5.0, 4, 7.890096202180442e-06], "DQA2": [1.0, 1, 2.0896426660462267e-06]}