{"A": [68808.0, 2937, 0.12814082321554499], "B": [171614.0, 3404, 0.3222372550746225], "C": [29602.0, 2132, 0.05497745737182681], "DMA": [4011.0, 2, 0.010434725554603518], "DOA": [157.0, 15, 0.0004263395194719116], "DOB": [156.0, 11, 0.0003880643038830761], "DPA1": [23565.0, 114, 0.061539873218275004], "DPB1": [20943.0, 477, 0.055114870216938276], "DQA1": [15359.0, 177, 0.040893344908734114], "DQB1": [10381.0, 468, 0.026206262525621995], "DRA": [34446.0, 10, 0.0920721484456125], "DRB1": [31421.0, 203, 0.08021182576810182], "DRB4": [5040.0, 12, 0.012866159634360243], "DRB5": [9239.0, 8, 0.023585406520209184], "DRB6": [1.0, 1, 5.352880550944566e-06], "E": [35912.0, 489, 0.06774250083393829], "F": [4074.0, 18, 0.008002417588143514], "HFE": [34.0, 1, 6.640230429385676e-05], "K": [127.0, 17, 0.00023759345567111133], "L": [2604.0, 2, 0.004858266573613126], "T": [1378.0, 1, 0.006138856014150361], "U": [1.0, 1, 1.0432654951330735e-05], "Y": [248.0, 3, 0.0006154253542163645], "DRB3": [145.0, 11, 0.00037015737043298314], "DMB": [1002.0, 3, 0.0025869822868708914], "DPB2": [66.0, 2, 0.00017391343357012166], "V": [5.0, 1, 1.977563220948573e-05], "DPA2": [7.0, 2, 1.952742509307745e-05], "H": [29.0, 11, 5.410511929139042e-05], "J": [2.0, 1, 3.73479519718872e-06]}