{"A": [22560.0, 2022, 0.11973153278696592], "B": [40894.0, 2293, 0.21882830681759657], "C": [29401.0, 1850, 0.15561324897359607], "DMA": [1705.0, 3, 0.012640772766270493], "DPA1": [9969.0, 117, 0.07419277601649656], "DPB1": [7820.0, 374, 0.05864858269329508], "DQB1": [3555.0, 234, 0.025575631937073972], "DRA": [15323.0, 8, 0.11672238515913162], "DRB1": [15699.0, 245, 0.11421187477744965], "DRB3": [1047.0, 22, 0.0076170350271985345], "DRB5": [16.0, 4, 0.00011640168140895563], "E": [10809.0, 403, 0.05810694218484032], "F": [1271.0, 16, 0.007114864084635978], "HFE": [3.0, 1, 1.669730422789639e-05], "K": [39.0, 10, 0.00020792955887090375], "L": [156.0, 2, 0.0008294416344740795], "T": [691.0, 1, 0.008772778192364413], "Y": [3.0, 1, 2.121611350316447e-05], "DRB4": [249.0, 10, 0.0018115011669268717], "DMB": [540.0, 3, 0.003973199437865346], "DQA1": [1845.0, 115, 0.013999319894353681], "J": [2.0, 1, 1.0643578402805189e-05], "DPB2": [24.0, 2, 0.00018022760336708788], "DPA2": [19.0, 1, 0.00015105023783790037], "DOB": [59.0, 7, 0.0004182654396065871], "DOA": [43.0, 10, 0.0003327708426932817], "H": [28.0, 12, 0.00014887413952098863], "G": [1.0, 1, 5.729950025108988e-06]}