{"A": [17336.0, 2230, 0.1524509241047831], "B": [38955.0, 2603, 0.34539721542389346], "C": [7616.0, 1801, 0.06679179567135693], "DMA": [1031.0, 2, 0.012665420764812639], "DMB": [306.0, 4, 0.003730609123080559], "DOB": [57.0, 8, 0.0006695554372896839], "DPA1": [3963.0, 96, 0.048870390955585846], "DPB1": [3421.0, 302, 0.04251239364392294], "DQB1": [1803.0, 258, 0.021492860054627954], "DRA": [7031.0, 9, 0.08874403389101838], "DRB1": [6865.0, 152, 0.08275448275814892], "DRB3": [1421.0, 20, 0.01712951493071079], "DRB5": [2211.0, 6, 0.026652609086419116], "DRB7": [1.0, 1, 2.5748517869105036e-05], "E": [5763.0, 321, 0.051333732177001504], "F": [1065.0, 15, 0.009878303865488783], "HFE": [4.0, 1, 3.6888994081812374e-05], "L": [225.0, 3, 0.001982236491976038], "T": [549.0, 1, 0.0115489675736427], "Y": [12.0, 3, 0.00014061690583855907], "DRB4": [27.0, 6, 0.00032547283823306926], "V": [4.0, 1, 7.47055644171326e-05], "W": [2.0, 1, 2.0631825215629038e-05], "K": [19.0, 10, 0.00016784829809457765], "H": [11.0, 4, 9.69093396077174e-05], "DOA": [40.0, 12, 0.0005129186826514948], "DQA1": [1113.0, 107, 0.013993213080231399]}