{"A": [32682.0, 3197, 0.20545231084568572], "B": [32262.0, 3038, 0.20448815285524485], "C": [12803.0, 2088, 0.0802655473083432], "DMA": [1541.0, 3, 0.01353271194298795], "DMB": [359.0, 5, 0.003128772687780368], "DOB": [72.0, 6, 0.0006045962146405185], "DPA1": [6587.0, 111, 0.058067168094900166], "DPB1": [5035.0, 317, 0.044728383298794125], "DQA1": [5343.0, 133, 0.04802072349727948], "DQB1": [2057.0, 292, 0.017528873935352865], "DRA": [10537.0, 9, 0.09507367679437893], "DRB1": [11743.0, 206, 0.10119319067288121], "DRB3": [343.0, 17, 0.002955740815873138], "DRB5": [190.0, 6, 0.0016372908309501347], "E": [11381.0, 432, 0.07246960363459813], "F": [1806.0, 15, 0.011974896303136915], "H": [44.0, 19, 0.0002771065983769043], "HFE": [16.0, 1, 0.0001054819247446686], "K": [47.0, 10, 0.0002968126735338745], "L": [245.0, 2, 0.0015429799227804897], "T": [920.0, 1, 0.013835023037997628], "Y": [71.0, 3, 0.0005947519599320715], "DRB4": [2500.0, 10, 0.021543300407238616], "DOA": [66.0, 12, 0.0006049976729503727], "J": [1.0, 1, 6.30362872189886e-06], "DPA2": [4.0, 1, 3.766697653740383e-05], "G": [5.0, 4, 3.393546435830507e-05]}