{"A": [30207.0, 2743, 0.15003509355218314], "B": [60005.0, 3125, 0.30050185571048676], "C": [19420.0, 2042, 0.09619433674609078], "DMA": [1202.0, 3, 0.008340066616251052], "DMB": [390.0, 4, 0.00268551154278391], "DOA": [56.0, 12, 0.0004055838456279224], "DPA1": [8288.0, 117, 0.057726546733279926], "DPA2": [9.0, 3, 6.696164787128314e-05], "DPB1": [6900.0, 357, 0.04843013391085209], "DQA1": [4889.0, 153, 0.03471733780273459], "DQB1": [3277.0, 241, 0.022063734377830563], "DRA": [12295.0, 10, 0.0876505601457158], "DRB1": [12629.0, 218, 0.08598526718801451], "DRB3": [200.0, 17, 0.001361711413223763], "DRB5": [157.0, 7, 0.001068943459380654], "DRB7": [1.0, 1, 1.4543077893229789e-05], "E": [14697.0, 502, 0.07394128775258241], "F": [1777.0, 16, 0.009309455841595581], "K": [31.0, 9, 0.0001546782072358612], "L": [302.0, 2, 0.0015027404848615637], "T": [760.0, 1, 0.009030015685338759], "Y": [7.0, 3, 4.632958673510703e-05], "DRB4": [1154.0, 10, 0.007857074854301113], "DPB2": [57.0, 2, 0.0004005905798553953], "V": [2.0, 1, 2.109730835574921e-05], "W": [3.0, 1, 1.7479660929362726e-05], "H": [27.0, 12, 0.00013435097050086827], "DOB": [50.0, 6, 0.00033173079136016855], "J": [1.0, 1, 4.980506127818421e-06]}