{"A": [120114.0, 4001, 0.20107843920303686], "B": [126920.0, 4032, 0.21422808190657108], "C": [75939.0, 3384, 0.12678029867171206], "DMA": [6974.0, 2, 0.016309235831898767], "DMB": [1294.0, 4, 0.0030031934662170393], "DOB": [623.0, 10, 0.0013931261515124518], "DPA1": [17833.0, 126, 0.04186362805617674], "DPB1": [12606.0, 318, 0.029821569717301852], "DQA1": [8368.0, 114, 0.02002786554615142], "DQB1": [14688.0, 419, 0.033331269926138045], "DRA": [49347.0, 9, 0.11856964944096987], "DRB1": [32466.0, 115, 0.07450243785952286], "DRB5": [19354.0, 8, 0.044413237920692586], "DRB7": [2.0, 1, 9.803314684158249e-06], "E": [34045.0, 500, 0.05772956326490444], "F": [3292.0, 18, 0.005812772323531872], "H": [84.0, 25, 0.00014087792543384346], "HFE": [29.0, 1, 5.091262998577887e-05], "K": [100.0, 12, 0.00016817214119667627], "L": [1407.0, 4, 0.0023597052510168776], "T": [1833.0, 1, 0.007340472147084179], "V": [22.0, 2, 7.821793630977326e-05], "W": [1.0, 1, 1.963805024871444e-06], "Y": [23.0, 3, 5.1306789533291806e-05], "DPB2": [8.0, 2, 1.8949706219378056e-05], "DOA": [333.0, 17, 0.000812874449657544], "DRB3": [42.0, 9, 9.638090279369066e-05], "J": [1.0, 1, 1.6786497746846316e-06], "G": [1.0, 1, 1.807395775102922e-06], "DPA2": [1.0, 1, 2.5076691722778604e-06]}