{"A": [26013.0, 2209, 0.12469328522824182], "B": [56731.0, 2700, 0.27418742035294275], "C": [32553.0, 2135, 0.15561758296462685], "DMA": [1716.0, 2, 0.011490785134049039], "DOA": [57.0, 11, 0.0003984142339543652], "DPA1": [8859.0, 106, 0.05954947075008618], "DPB1": [7353.0, 374, 0.04980793235987796], "DQA1": [4606.0, 140, 0.03156586392270047], "DQB1": [1704.0, 202, 0.011072343178636635], "DRA": [13157.0, 8, 0.09052122154183236], "DRB1": [15292.0, 194, 0.10048164576339894], "DRB3": [3011.0, 23, 0.01978487021930383], "DRB5": [4.0, 3, 2.6283454293329567e-05], "DRB7": [1.0, 1, 1.4035364592637988e-05], "E": [10130.0, 406, 0.049185277902475615], "F": [1684.0, 17, 0.008514248549712672], "H": [18.0, 9, 8.644042974480514e-05], "K": [44.0, 14, 0.00021187878845244906], "L": [182.0, 3, 0.0008740087896419185], "T": [722.0, 1, 0.008279030421474369], "Y": [50.0, 4, 0.00031937267732034256], "DRB4": [71.0, 7, 0.00046653131370659977], "DMB": [345.0, 3, 0.0022927087047633077], "DPB2": [31.0, 2, 0.00021025916673893892], "G": [2.0, 2, 1.0350563858877574e-05], "DPA2": [2.0, 1, 1.4360877823299442e-05], "V": [1.0, 1, 1.0180390178412468e-05], "DOB": [48.0, 8, 0.00030734375020375157], "DQA2": [1.0, 1, 6.853205367499017e-06]}