{"A": [21406.0, 1513, 0.14816518939870002], "B": [38300.0, 2396, 0.26729072793538444], "C": [21480.0, 1576, 0.1482722771954452], "DMA": [1275.0, 2, 0.01232822744869694], "DPA1": [5153.0, 89, 0.050016279117426066], "DPB1": [3418.0, 296, 0.03343212940252037], "DQA1": [2838.0, 129, 0.028084336669250313], "DQA2": [2.0, 2, 1.979163965415808e-05], "DQB1": [1726.0, 231, 0.01619454579819939], "DRA": [8561.0, 5, 0.08505034143585746], "DRB1": [10605.0, 119, 0.10062158551363425], "DRB5": [7.0, 2, 6.641688812781139e-05], "DRB7": [1.0, 1, 2.026663900585787e-05], "E": [9611.0, 476, 0.06738330286622464], "F": [1456.0, 15, 0.010629764550622861], "G": [4.0, 4, 2.9891797943743177e-05], "HFE": [4.0, 1, 2.9035299435326465e-05], "K": [97.0, 18, 0.0006744730044264227], "L": [193.0, 2, 0.0013383193412855505], "T": [617.0, 1, 0.0102161080609594], "V": [4.0, 3, 5.880069344059344e-05], "Y": [153.0, 4, 0.0014111631225256012], "DRB4": [1444.0, 9, 0.013700855208079947], "DMB": [384.0, 3, 0.003684843455610522], "DPB2": [2.0, 2, 1.958760213195026e-05], "DPA2": [1.0, 1, 1.0368335098494818e-05], "H": [23.0, 18, 0.00015948883341744904], "DOB": [51.0, 5, 0.00047153220314724066], "DOA": [50.0, 14, 0.0005046473856040307], "DRB3": [10.0, 7, 9.488126875401625e-05], "J": [3.0, 2, 2.0821889389580005e-05]}