{"A": [37347.0, 3285, 0.16657855922288356], "B": [71216.0, 4019, 0.3202693785534808], "C": [30364.0, 2923, 0.13506330841576927], "DMA": [1253.0, 2, 0.0078071809422643815], "DMB": [402.0, 4, 0.0024858023336811466], "DPA1": [7231.0, 118, 0.0452274726192788], "DPB1": [6442.0, 394, 0.04060368235332528], "DQA1": [2638.0, 164, 0.016822064393367423], "DQB1": [3050.0, 395, 0.018440833232725808], "DRA": [10412.0, 9, 0.0666558765890943], "DRB1": [10806.0, 282, 0.06606906595010188], "DRB3": [1339.0, 21, 0.008186792458558804], "DRB5": [715.0, 10, 0.004371588206026545], "E": [15855.0, 486, 0.0716312754318985], "F": [2043.0, 16, 0.009611327084144076], "HFE": [9.0, 1, 4.209800813145165e-05], "K": [66.0, 13, 0.00029572598941746185], "L": [424.0, 3, 0.0018946152224025821], "S": [2.0, 2, 3.668465627434863e-05], "T": [1289.0, 1, 0.013753269452449509], "Y": [27.0, 3, 0.00016047311109331267], "DRB4": [518.0, 9, 0.0031671086583520986], "DPB2": [5.0, 2, 3.155542276176251e-05], "G": [2.0, 2, 9.63107495108268e-06], "DPA2": [17.0, 1, 0.00011358230206634954], "V": [3.0, 1, 2.8418191175776844e-05], "H": [39.0, 17, 0.00017426885300401109], "DOB": [49.0, 4, 0.0002919375657161211], "DOA": [23.0, 7, 0.00014958862827408695], "J": [6.0, 2, 2.6835077329455027e-05]}