{"A": [94414.0, 3162, 0.08257156609416744], "B": [264627.0, 3768, 0.23334727726660445], "C": [101632.0, 2687, 0.08864201449172486], "DMA": [14160.0, 2, 0.01729964421666781], "DMB": [4050.0, 4, 0.0049105066764857834], "DOB": [509.0, 11, 0.000594623993114764], "DPA1": [72079.0, 197, 0.08839820673940359], "DPA2": [11.0, 5, 1.4410703237344972e-05], "DPB1": [53837.0, 669, 0.06653593999397378], "DPB2": [193.0, 3, 0.00023883174511292828], "DQA1": [19608.0, 142, 0.024517068611987634], "DQA2": [2.0, 1, 2.500720992654797e-06], "DQB1": [41657.0, 296, 0.049385497785372864], "DRA": [107427.0, 11, 0.13484923185088096], "DRB1": [109981.0, 186, 0.1318504487757506], "DRB3": [8048.0, 25, 0.009648324817443384], "DRB5": [13.0, 2, 1.558501772201342e-05], "E": [48890.0, 707, 0.043309903822013766], "F": [9976.0, 16, 0.009202422638929985], "HFE": [25.0, 1, 2.292924692405545e-05], "K": [335.0, 18, 0.00029432090438711174], "L": [2234.0, 4, 0.0019573526531705054], "S": [3.0, 3, 1.0789627653701597e-05], "T": [5214.0, 2, 0.010908243037450135], "V": [5.0, 2, 9.287010262857275e-06], "W": [8.0, 3, 8.207494539995233e-06], "Y": [474.0, 3, 0.0005523922720862325], "J": [13.0, 4, 1.1400547210349542e-05], "H": [297.0, 36, 0.00026022101073931963], "DRB4": [1.0, 1, 1.1988475170779554e-06], "DOA": [493.0, 18, 0.0006287071614362084], "G": [1.0, 1, 9.442250355746728e-07]}