{"A": [12058.0, 1627, 0.16855106044431015], "B": [11927.0, 1544, 0.16809774570714894], "C": [13162.0, 1503, 0.18348185294010186], "DMA": [669.0, 2, 0.013063577363997396], "DMB": [167.0, 4, 0.003236307944831397], "DOB": [8.0, 4, 0.00014937458760181632], "DPA1": [3063.0, 93, 0.06004042870683696], "DPB1": [2841.0, 257, 0.05611885025349048], "DQA1": [1680.0, 88, 0.03357427254143949], "DQB1": [1625.0, 192, 0.030791219967457737], "DRA": [5067.0, 9, 0.10165951161455024], "DRB1": [4762.0, 142, 0.09124633399241512], "DRB3": [990.0, 11, 0.018969733442354256], "DRB5": [10.0, 5, 0.00019161346911468946], "E": [3588.0, 269, 0.050802104324168644], "F": [662.0, 14, 0.009760359400546923], "L": [69.0, 1, 0.0009662668635492494], "T": [249.0, 1, 0.008326168802060064], "V": [1.0, 1, 2.9687115814480902e-05], "K": [15.0, 11, 0.00021063456829030134], "DPB2": [7.0, 2, 0.00013845060841830717], "DPA2": [1.0, 1, 2.0938934346639326e-05], "H": [8.0, 7, 0.00011203094070136222], "DRB4": [6.0, 3, 0.00011496808146881367], "DOA": [17.0, 9, 0.00034650738498469145]}