{"A": [53012.0, 3125, 0.18375961879853075], "B": [83549.0, 3034, 0.29200588790777615], "C": [62782.0, 2799, 0.2170331429659248], "DMA": [1901.0, 3, 0.009205296952280036], "DPA1": [6512.0, 101, 0.031654165005614854], "DPA2": [3.0, 2, 1.5577419376085054e-05], "DPB1": [5116.0, 267, 0.025060385597623972], "DQA1": [2125.0, 109, 0.01053115358319205], "DQB1": [3692.0, 217, 0.017348219383810252], "DRA": [11064.0, 9, 0.055046405371304875], "DRB1": [12238.0, 171, 0.058150863067781805], "DRB3": [3508.0, 23, 0.016668837035608643], "DRB5": [91.0, 5, 0.0004324014168302128], "E": [16866.0, 538, 0.05921899678949509], "F": [2492.0, 18, 0.009111199173696606], "H": [44.0, 21, 0.000152798944561282], "HFE": [15.0, 1, 5.4528406889543194e-05], "K": [38.0, 10, 0.000132324928118778], "L": [511.0, 4, 0.0017745513788821612], "T": [1091.0, 1, 0.00904670225658195], "U": [1.0, 1, 1.941878980045977e-05], "Y": [5.0, 2, 2.3095162626760404e-05], "DRB4": [70.0, 5, 0.0003326164744847791], "DMB": [522.0, 3, 0.0025085545733139394], "DPB2": [2.0, 2, 9.80949175487143e-06], "DOB": [101.0, 6, 0.0004676573757784691], "DOA": [43.0, 10, 0.00021734602979850588], "J": [1.0, 1, 3.475874704009237e-06], "G": [4.0, 4, 1.4969843857974888e-05]}