{"A": [12322.0, 1485, 0.2148171757936046], "B": [17964.0, 1711, 0.31576595581018846], "C": [3925.0, 840, 0.06824054401407437], "DMA": [420.0, 2, 0.01022861618547131], "DPA1": [1814.0, 90, 0.04434714429152142], "DPB1": [1488.0, 190, 0.03665827717965713], "DRA": [2683.0, 6, 0.06713505913270136], "DRB1": [3836.0, 97, 0.09167189746849119], "DRB4": [1065.0, 9, 0.025451139417086314], "DRB5": [9.0, 3, 0.00021508005141199704], "DRB7": [2.0, 1, 0.00010209133107022794], "E": [3962.0, 274, 0.06996411214833541], "F": [566.0, 14, 0.010407725753917327], "HFE": [1.0, 1, 1.8282831495384656e-05], "K": [9.0, 7, 0.00015762042194053945], "L": [49.0, 2, 0.0008558066644231015], "T": [297.0, 1, 0.012386080607785007], "V": [3.0, 2, 0.00011107615807930989], "Y": [41.0, 3, 0.0009524600820417199], "DRB3": [251.0, 15, 0.005998343656045695], "DMB": [85.0, 3, 0.0020543946829946437], "DPB2": [4.0, 1, 9.867074523540071e-05], "H": [10.0, 7, 0.00017465442131083702], "DOB": [18.0, 5, 0.00041917061114600887], "DOA": [13.0, 9, 0.00033047492627314817], "DQA1": [588.0, 49, 0.014655689128245612], "DQB1": [287.0, 98, 0.006782456485452643]}