{"A": [4873.0, 900, 0.11870547745928174], "B": [9220.0, 1135, 0.22645386073252088], "C": [4569.0, 857, 0.11099681753218046], "DMA": [400.0, 2, 0.013611755302264423], "DOB": [17.0, 6, 0.0005531638514259647], "DPA1": [1786.0, 73, 0.06100934752968579], "DPB1": [1418.0, 201, 0.04881259539455666], "DQA1": [789.0, 73, 0.027478465161850558], "DQB1": [1103.0, 85, 0.03642228442389062], "DRA": [3257.0, 7, 0.11387621175590695], "DRB1": [2320.0, 59, 0.07746975040195138], "DRB5": [2285.0, 7, 0.07630102571916332], "E": [2445.0, 232, 0.06032901980450346], "F": [480.0, 14, 0.012332956389141022], "HFE": [2.0, 1, 5.1092835088728926e-05], "K": [9.0, 5, 0.0002202414387196215], "L": [70.0, 3, 0.001708300129403715], "T": [155.0, 1, 0.009032244817401279], "Y": [1.0, 1, 3.246007180697766e-05], "DMB": [105.0, 3, 0.003546016935277408], "DPB2": [1.0, 1, 3.446791130019277e-05], "G": [3.0, 3, 7.889999754852386e-05], "DPA2": [3.0, 1, 0.00010946971010484144], "V": [2.0, 1, 0.00010347040297465993], "DOA": [15.0, 6, 0.0005328107404173226], "DRB3": [2.0, 2, 6.678426758788912e-05], "DRB4": [1.0, 1, 3.339213379394456e-05], "H": [4.0, 4, 9.761715025164085e-05]}