{"A": [19529.0, 2460, 0.14981411549650947], "B": [34144.0, 3058, 0.2640958563681154], "C": [13907.0, 2089, 0.10639499657546171], "DMA": [1282.0, 3, 0.013738538919873753], "DOA": [42.0, 12, 0.00046981770973606596], "DOB": [60.0, 7, 0.0006148292238986056], "DPA1": [4723.0, 108, 0.05080790091351427], "DPB1": [3908.0, 376, 0.04236513605642443], "DQA1": [2739.0, 165, 0.03004041177908652], "DQB1": [2072.0, 358, 0.021546652199105405], "DRA": [9227.0, 9, 0.10159542576483704], "DRB1": [9410.0, 260, 0.09895373165709931], "DRB3": [779.0, 22, 0.008191812641963907], "DRB5": [950.0, 6, 0.009990015417029154], "E": [8069.0, 380, 0.06269970572383628], "F": [1286.0, 16, 0.010405556419299147], "HFE": [4.0, 1, 3.218017332344182e-05], "K": [48.0, 15, 0.0003699100618808079], "L": [232.0, 3, 0.0017830047493059562], "S": [1.0, 1, 3.154741710640785e-05], "T": [766.0, 1, 0.014056951724263066], "Y": [75.0, 3, 0.0007666711499463802], "DRB4": [730.0, 9, 0.007676538162559244], "DMB": [304.0, 3, 0.0032331322622385257], "DPB2": [3.0, 2, 3.2563764307000895e-05], "W": [1.0, 1, 8.999102956635574e-06], "DPA2": [10.0, 1, 0.00011491351115158113], "H": [21.0, 12, 0.00016139267127338397], "J": [1.0, 1, 7.692383897178902e-06]}