{"A": [38446.0, 2798, 0.17306755872446875], "B": [38635.0, 3144, 0.17535569821899422], "C": [23634.0, 2152, 0.10610033577930661], "DMA": [2883.0, 3, 0.01812963006701255], "DMB": [918.0, 4, 0.005729072863386191], "DOA": [65.0, 14, 0.00042666323957202577], "DOB": [52.0, 7, 0.0003126787536717619], "DPA1": [10534.0, 111, 0.06649644043492964], "DPB1": [9039.0, 455, 0.05749978405971943], "DQA1": [4727.0, 89, 0.030422242818371296], "DQB1": [2536.0, 210, 0.015475014921038116], "DRA": [18312.0, 9, 0.11831537665181156], "DRB1": [22404.0, 163, 0.1382483300525663], "DRB5": [15.0, 4, 9.256047807483013e-05], "DRB6": [1.0, 1, 1.2939082537162117e-05], "DRB7": [1.0, 1, 1.318061207785581e-05], "E": [10720.0, 580, 0.04888012966142099], "F": [1995.0, 17, 0.0094723779161824], "H": [15.0, 4, 6.764684574629465e-05], "HFE": [22.0, 1, 0.00010385869115788961], "K": [24.0, 6, 0.00010853202991830035], "L": [142.0, 3, 0.0006403901397315894], "T": [1336.0, 1, 0.014386681156875296], "Y": [4.0, 2, 2.3993832665999653e-05], "DRB4": [3283.0, 11, 0.020258403301311154], "W": [2.0, 1, 1.0561387882897284e-05], "J": [4.0, 3, 1.805563298336412e-05], "DPB2": [37.0, 3, 0.000235671382191043], "G": [2.0, 2, 9.720215396648827e-06], "DPA2": [5.0, 2, 3.3715753950859e-05], "V": [1.0, 1, 9.560405278908953e-06], "DRB3": [7.0, 4, 4.3194889768254064e-05]}