{"A": [77232.0, 4009, 0.14881339272026908], "B": [192706.0, 3802, 0.37438154636169363], "C": [30594.0, 2451, 0.05878899284802928], "DMA": [4172.0, 2, 0.01122971748257853], "DMB": [880.0, 5, 0.0023507398373566434], "DPA1": [20320.0, 118, 0.05490463620124942], "DPB1": [14485.0, 474, 0.03944069483873859], "DQA1": [5235.0, 151, 0.014421237947533626], "DQB1": [9763.0, 411, 0.025500303369014342], "DRA": [27236.0, 9, 0.07532323554146535], "DRB1": [20341.0, 182, 0.05372629104682189], "DRB3": [107.0, 10, 0.0002826170366260234], "DRB4": [51.0, 7, 0.00013470531652268406], "DRB5": [13392.0, 8, 0.03537203135042716], "DRB7": [1.0, 1, 5.641775609655944e-06], "E": [40382.0, 736, 0.07881440821118299], "F": [5420.0, 17, 0.011015282350264848], "H": [200.0, 33, 0.0003860704112447042], "HFE": [19.0, 1, 3.839317212874747e-05], "K": [123.0, 11, 0.00023808499542120809], "L": [2472.0, 3, 0.004771830282984543], "T": [1962.0, 1, 0.00904343443312497], "V": [20.0, 2, 8.184394017876128e-05], "Y": [8.0, 3, 2.0540445180786203e-05], "DPB2": [49.0, 2, 0.0001335923026126649], "DPA2": [13.0, 3, 3.752204106012651e-05], "DOB": [101.0, 7, 0.0002599540769047675], "DOA": [172.0, 16, 0.00048325966377530993]}