{"A": [179811.0, 3642, 0.1363184792808976], "B": [383747.0, 2786, 0.2933309778375654], "C": [149072.0, 2633, 0.11270665888056935], "DMA": [12358.0, 2, 0.013087794319423854], "DMB": [2871.0, 5, 0.003017510759396214], "DOB": [331.0, 9, 0.00033519458389467136], "DPA1": [50425.0, 173, 0.05360742679968437], "DPA2": [28.0, 3, 3.179763890035057e-05], "DPB1": [45430.0, 569, 0.048670133155592245], "DQA1": [22973.0, 151, 0.02489988314497458], "DQB1": [34403.0, 455, 0.03535510350123728], "DRA": [75772.0, 9, 0.08244952004001621], "DRB1": [91217.0, 210, 0.09479470625161461], "DRB3": [35140.0, 22, 0.03651825841325342], "DRB5": [163.0, 8, 0.00016939317363005998], "DRB6": [1.0, 1, 2.1791014691433215e-06], "DRB7": [3.0, 1, 6.65933408970199e-06], "E": [61560.0, 709, 0.047272671420901115], "F": [8403.0, 16, 0.006719306478838355], "H": [160.0, 33, 0.00012152069506755455], "HFE": [62.0, 1, 4.929306513389725e-05], "K": [440.0, 22, 0.0003350991536446564], "L": [2750.0, 4, 0.002088636946473594], "S": [2.0, 1, 6.235331544664785e-06], "T": [3711.0, 1, 0.006730062311242942], "V": [16.0, 2, 2.576144715552027e-05], "Y": [985.0, 5, 0.000995061298294366], "W": [2.0, 2, 1.7786682931896342e-06], "DPB2": [51.0, 2, 5.4707802605477044e-05], "DOA": [269.0, 16, 0.0002973706623721506], "G": [1.0, 1, 8.185022234146989e-07]}