{"A": [80120.0, 3531, 0.1602657447126089], "B": [103634.0, 3519, 0.20901453428129232], "C": [113381.0, 3629, 0.2261804529874559], "DMA": [3197.0, 3, 0.008933511394154622], "DPA1": [19798.0, 119, 0.055534346194224204], "DPA2": [4.0, 3, 1.1985554253506817e-05], "DPB1": [14628.0, 443, 0.04134909782035979], "DQA1": [7521.0, 169, 0.021508814500416], "DQB1": [4558.0, 208, 0.012359229802075872], "DRA": [29743.0, 9, 0.08539362331332845], "DRB1": [26996.0, 193, 0.07402339656244761], "DRB4": [3935.0, 12, 0.010789823139473676], "DRB5": [104.0, 5, 0.0002851694044486054], "DRB6": [1.0, 1, 5.749614704071006e-06], "E": [33328.0, 733, 0.06752771834269408], "F": [3834.0, 19, 0.0080891610952987], "H": [51.0, 19, 0.00010220254896415268], "HFE": [11.0, 1, 2.3075340006214293e-05], "K": [139.0, 15, 0.00027931659794763243], "L": [472.0, 2, 0.0009458745708054914], "T": [1629.0, 1, 0.007794899213115244], "V": [17.0, 2, 7.222049881670621e-05], "Y": [287.0, 3, 0.0007649918185268455], "DRB3": [2167.0, 18, 0.005941943263847384], "DMB": [605.0, 2, 0.001677769512951831], "J": [6.0, 3, 1.2034809955918489e-05], "DPB2": [37.0, 2, 0.00010472300802492215], "W": [1.0, 1, 2.3465307873452183e-06], "DOB": [189.0, 5, 0.0005050008301758132], "DOA": [160.0, 13, 0.0004666885135628418], "G": [16.0, 10, 3.4554223275596845e-05]}