{"A": [82718.0, 3768, 0.14799554364582754], "B": [114421.0, 3088, 0.206409086826606], "C": [80915.0, 2377, 0.14437522455110052], "DMA": [5697.0, 2, 0.014238840547319068], "DMB": [1016.0, 4, 0.0025201098950085087], "DOA": [260.0, 16, 0.000678311726297111], "DPA1": [27438.0, 148, 0.0688401238385083], "DPB1": [23674.0, 460, 0.05985515746803993], "DQA1": [9819.0, 153, 0.02511637699772152], "DQB1": [13181.0, 406, 0.03196791371716349], "DRA": [45415.0, 10, 0.11662424267715847], "DRB1": [40247.0, 159, 0.09870790873117598], "DRB5": [163.0, 8, 0.00039976617196764186], "E": [35220.0, 481, 0.06382796858905314], "F": [4203.0, 21, 0.007931578259724186], "H": [25.0, 14, 4.481056375471334e-05], "HFE": [31.0, 1, 5.816556691996716e-05], "K": [95.0, 13, 0.00017074751685785007], "L": [1342.0, 3, 0.002405431062353012], "T": [1595.0, 1, 0.006826513526003441], "Y": [5.0, 2, 1.192048006678782e-05], "DRB3": [67.0, 10, 0.0001643210645511166], "DRB4": [74.0, 4, 0.0001814889369669049], "DPB2": [92.0, 2, 0.00023290406002655955], "G": [1.0, 1, 1.9316569469091767e-06], "DPA2": [17.0, 4, 4.5561278247084254e-05], "J": [4.0, 3, 7.176237863037928e-06], "DOB": [151.0, 6, 0.0003608744067712914]}