{"A": [162519.0, 4406, 0.14091902233113793], "B": [249667.0, 4384, 0.21827353561551696], "C": [160691.0, 4141, 0.13895432044429526], "DMA": [9495.0, 2, 0.01150112287128238], "DMB": [2619.0, 4, 0.0031483146989527188], "DOA": [470.0, 20, 0.000594252068238772], "DOB": [497.0, 12, 0.0005756418912609264], "DPA1": [51617.0, 135, 0.06276229526841488], "DPA2": [23.0, 3, 2.9873883399109733e-05], "DPB1": [43255.0, 550, 0.05300088454882683], "DQA1": [23929.0, 201, 0.029664098179540223], "DQB1": [13040.0, 243, 0.015327114179891493], "DRA": [93723.0, 8, 0.11664135781791532], "DRB1": [80449.0, 185, 0.09562158852556366], "DRB3": [12586.0, 20, 0.014959705070078488], "DRB4": [7807.0, 12, 0.009279391187200283], "DRB5": [107.0, 5, 0.00012718007647373258], "DRB7": [4.0, 1, 1.0155388536369824e-05], "E": [80275.0, 799, 0.07050482715265402], "F": [9076.0, 21, 0.008300639981636574], "H": [14.0, 10, 1.216144840692098e-05], "HFE": [19.0, 1, 1.7277254852348376e-05], "K": [55.0, 12, 4.790825447452599e-05], "L": [2121.0, 4, 0.0018424594336485284], "T": [3613.0, 1, 0.0074941623329052645], "U": [1.0, 1, 4.857488139207504e-06], "V": [21.0, 2, 3.8671994547346404e-05], "Y": [4.0, 2, 4.621687744100344e-06], "J": [12.0, 3, 1.0433618359284067e-05], "DPB2": [252.0, 2, 0.0003091766162006921], "W": [10.0, 3, 1.0171663197485801e-05], "G": [11.0, 6, 1.0297683803472352e-05], "DQA2": [2.0, 1, 2.479342904387164e-06]}