{"A": [111519.0, 4182, 0.11271659380773456], "B": [79979.0, 4061, 0.08150596993849944], "C": [128793.0, 3670, 0.12982139467683035], "DMA": [10688.0, 3, 0.015090903052560535], "DMB": [2939.0, 4, 0.004118278707757269], "DOA": [436.0, 16, 0.0006425883432960132], "DOB": [389.0, 11, 0.0005251932234905865], "DPA1": [68596.0, 154, 0.09722509129653117], "DPA2": [31.0, 4, 4.693524067724331e-05], "DPB1": [51335.0, 628, 0.07332192822941368], "DQA1": [35842.0, 233, 0.051793152428902145], "DQB1": [25263.0, 535, 0.034613158668777455], "DRA": [116565.0, 10, 0.16910173474825727], "DRB1": [99545.0, 298, 0.13792032277586339], "DRB3": [147.0, 16, 0.00020366957102869977], "DRB5": [287.0, 8, 0.00039764059105603283], "DRB6": [1.0, 1, 2.9052129215013803e-06], "DRB7": [2.0, 1, 5.918887125405479e-06], "E": [57474.0, 739, 0.05884146424911574], "F": [7226.0, 20, 0.0077035083516174335], "HFE": [15.0, 1, 1.5899589341168014e-05], "K": [35.0, 9, 3.5537691455144974e-05], "L": [1365.0, 3, 0.0013821762533380152], "S": [1.0, 1, 4.156521857728567e-06], "T": [2603.0, 2, 0.006293653262839241], "V": [16.0, 3, 3.4345573261540496e-05], "Y": [10.0, 2, 1.3468341456474846e-05], "DRB4": [11692.0, 10, 0.016199351186854134], "W": [6.0, 3, 7.114047025727738e-06], "DPB2": [166.0, 2, 0.00023740381672454318], "G": [6.0, 4, 6.547441510404291e-06], "H": [164.0, 23, 0.0001660636670677176], "DQA2": [2.0, 2, 2.8900816042018935e-06], "J": [3.0, 2, 3.040524208256239e-06]}