{"A": [38711.0, 2571, 0.19101463109957764], "B": [47152.0, 2676, 0.23458855631913805], "C": [23400.0, 1989, 0.11514978257376819], "DMA": [1943.0, 2, 0.013393214932388138], "DPA1": [6828.0, 105, 0.047246140183519005], "DPA2": [7.0, 2, 5.174026505614624e-05], "DPB1": [6566.0, 276, 0.04578407490400717], "DQA1": [3672.0, 122, 0.025904549043668502], "DQB1": [1548.0, 178, 0.010354294693997925], "DRA": [12366.0, 8, 0.08757948576332307], "DRB1": [14709.0, 175, 0.09949132522472921], "DRB4": [1891.0, 11, 0.012790678904069819], "DRB5": [12.0, 5, 8.11677138280475e-05], "DRB7": [2.0, 1, 2.8895706122784905e-05], "E": [15559.0, 456, 0.07776550246155622], "F": [2234.0, 17, 0.011626982614967847], "H": [16.0, 10, 7.909408610251342e-05], "HFE": [20.0, 1, 0.0001034946494369087], "K": [67.0, 13, 0.0003321155609949546], "L": [160.0, 3, 0.0007909408610251343], "T": [1234.0, 2, 0.014565891076599908], "V": [6.0, 2, 6.287750365209482e-05], "Y": [137.0, 4, 0.000900799091054657], "DRB3": [819.0, 18, 0.005539696468764242], "W": [12.0, 2, 6.946083202592525e-05], "DMB": [488.0, 3, 0.003338329684639923], "DPB2": [13.0, 3, 9.076454081738171e-05], "J": [2.0, 2, 9.895789768077023e-06], "DOB": [87.0, 8, 0.0005734321242432224], "DOA": [93.0, 14, 0.0006691485730624991], "DQA2": [1.0, 1, 7.054615752633033e-06], "G": [3.0, 3, 1.598213834224829e-05]}