{"A": [42880.0, 1640, 0.1184088637961883], "B": [24844.0, 2169, 0.06917121721247943], "C": [43491.0, 1995, 0.1197688423750057], "DMA": [6027.0, 2, 0.02324932897135833], "DMB": [1168.0, 4, 0.004471460909806873], "DOA": [227.0, 17, 0.0009140346470382386], "DOB": [122.0, 9, 0.00045000753981808004], "DPA1": [20762.0, 146, 0.08039688123945153], "DPB1": [17995.0, 468, 0.0702202885009564], "DQA1": [12527.0, 102, 0.04945584591625571], "DQB1": [6866.0, 160, 0.025701031710355704], "DRA": [44421.0, 9, 0.1760591793569575], "DRB1": [39803.0, 77, 0.15066593385589294], "DRB3": [27.0, 11, 0.00010220285441070043], "DRB4": [11305.0, 11, 0.042792713670850684], "DRB5": [46.0, 5, 0.00017412338158860074], "DRB7": [2.0, 1, 1.6170762742315267e-05], "E": [17593.0, 433, 0.049208757309539754], "F": [2180.0, 14, 0.006349470961499872], "HFE": [17.0, 1, 4.923047396478502e-05], "K": [318.0, 13, 0.0008821424780517364], "L": [411.0, 2, 0.0011370067553190424], "T": [1497.0, 1, 0.009888738490705047], "V": [12.0, 2, 7.037565990369315e-05], "DPB2": [64.0, 3, 0.0002500633413760093], "DPA2": [9.0, 2, 3.722805201590316e-05], "J": [1.0, 1, 2.76896622299919e-06], "Y": [3.0, 2, 1.1038900537078081e-05], "DQA2": [3.0, 2, 1.1843820367906692e-05], "H": [29.0, 8, 8.022675402494459e-05], "G": [1.0, 1, 2.9813353138486853e-06]}