{"A": [122958.0, 3890, 0.18732313985740612], "B": [271439.0, 3961, 0.4169474722666198], "C": [53549.0, 2040, 0.08135814246795758], "DMA": [6275.0, 2, 0.013354516298978021], "DOB": [73.0, 8, 0.00014855525561069803], "DPA1": [15430.0, 89, 0.03296409388421882], "DPB1": [11057.0, 344, 0.02380418238709323], "DQA1": [985.0, 47, 0.002145418339938532], "DQB1": [2290.0, 170, 0.004729197396524027], "DRA": [29652.0, 8, 0.06483798873956198], "DRB1": [34855.0, 168, 0.07278963629373458], "DRB3": [9486.0, 23, 0.019810141726649442], "DRB7": [2.0, 1, 8.921455350647946e-06], "E": [37171.0, 545, 0.05736036961005561], "F": [4949.0, 17, 0.007952500455755887], "HFE": [36.0, 1, 5.751654595689937e-05], "K": [72.0, 13, 0.00011019180899702404], "L": [682.0, 4, 0.0010409042910256444], "T": [2865.0, 1, 0.01044116404395685], "Y": [2.0, 1, 4.0601283452584705e-06], "DRB4": [1.0, 1, 2.0883556532415604e-06], "DMB": [1213.0, 3, 0.0025619614915568085], "J": [4.0, 3, 6.110585856608182e-06], "DPB2": [10.0, 2, 2.155635152379497e-05], "V": [4.0, 1, 1.2942149928406112e-05], "H": [63.0, 20, 9.615391544665042e-05], "DOA": [50.0, 12, 0.00011107389629790769]}