{"A": [50965.0, 3181, 0.11907363604209092], "B": [73117.0, 3181, 0.1722409496181104], "C": [40238.0, 2564, 0.09375512007597059], "DMA": [4193.0, 2, 0.01368510845029573], "DPA1": [26436.0, 118, 0.08661236714713237], "DPA2": [3.0, 2, 1.049936919025288e-05], "DPB1": [22679.0, 561, 0.07487706439450499], "DQA1": [14763.0, 195, 0.04931276186273025], "DQA2": [1.0, 1, 3.340294104364306e-06], "DQB1": [9996.0, 512, 0.031658268318554644], "DRA": [39800.0, 9, 0.13346505321783153], "DRB1": [30460.0, 243, 0.09755360207957983], "DRB5": [7873.0, 9, 0.025214691699689165], "DRB7": [2.0, 1, 1.3681844651476198e-05], "E": [28633.0, 644, 0.06776157597538941], "F": [3083.0, 16, 0.0075974652486493375], "HFE": [10.0, 1, 2.45018707941909e-05], "K": [54.0, 12, 0.00012674169908160707], "L": [488.0, 3, 0.0011422342934398469], "T": [1160.0, 1, 0.006483227040732186], "V": [25.0, 2, 0.0001240496069705893], "Y": [1.0, 1, 3.1132838254269258e-06], "DRB4": [4418.0, 10, 0.014149435784227959], "DMB": [1002.0, 3, 0.0032455512170405185], "DPB2": [39.0, 2, 0.00012892846522412333], "W": [1.0, 1, 2.7407541369143028e-06], "H": [106.0, 22, 0.00024810826865701594], "J": [3.0, 2, 7.028344855210376e-06], "DOB": [171.0, 9, 0.0005336668420169776], "DOA": [244.0, 15, 0.0008312674539243507], "DRB3": [27.0, 7, 8.647233276916137e-05], "G": [11.0, 5, 2.7747103828583735e-05]}