{"A": [51058.0, 2383, 0.2540483687561553], "B": [52977.0, 2236, 0.2657751875527994], "C": [13889.0, 1375, 0.0689189434122978], "DMA": [2033.0, 2, 0.014130898741959266], "DMB": [389.0, 4, 0.0026833626562905327], "DOB": [23.0, 6, 0.00015286602414009453], "DPA1": [5863.0, 98, 0.04090845558423197], "DPB1": [3725.0, 268, 0.02619149027003315], "DQB1": [2747.0, 236, 0.018528002144560074], "DRA": [10509.0, 8, 0.07505072788859017], "DRB1": [12654.0, 140, 0.0863078435815729], "DRB3": [3912.0, 25, 0.026682178290747052], "DRB5": [5.0, 2, 3.4102988612918e-05], "E": [13651.0, 361, 0.06880026899289851], "F": [3652.0, 15, 0.01916615478307697], "H": [42.0, 18, 0.00020935998958317295], "HFE": [13.0, 1, 6.783465528678419e-05], "J": [6.0, 3, 2.9935883702955973e-05], "K": [53.0, 12, 0.00026491750696874805], "L": [165.0, 4, 0.000822485673362465], "S": [1.0, 1, 2.0461793167750805e-05], "T": [1822.0, 1, 0.021686558539190423], "Y": [3.0, 2, 1.9890650882728636e-05], "DRB4": [20.0, 7, 0.000136411954451672], "DQA1": [1280.0, 84, 0.009105497959649109], "DPB2": [7.0, 2, 4.928233431768847e-05], "V": [6.0, 1, 6.340385426448122e-05], "DOA": [20.0, 8, 0.00014510753720556349]}