{"A": [176411.0, 4179, 0.19415278872035735], "B": [246802.0, 3751, 0.27386788395932277], "C": [62827.0, 2775, 0.06895715175468452], "DMA": [6412.0, 2, 0.009858055954314547], "DMB": [1952.0, 4, 0.002978344586133104], "DOA": [251.0, 17, 0.0004028088989442313], "DOB": [208.0, 9, 0.000305781937884672], "DPA1": [33350.0, 155, 0.05147002597620733], "DPB1": [29234.0, 540, 0.04546608243913381], "DQA1": [15340.0, 164, 0.02413706449142386], "DQB1": [17966.0, 358, 0.026803202512711333], "DRA": [60851.0, 9, 0.09612284043002124], "DRB1": [54288.0, 232, 0.08190145882353718], "DRB3": [10359.0, 13, 0.015628080090499222], "DRB5": [59.0, 6, 8.901020613374399e-05], "DRB6": [4.0, 1, 1.265368268934758e-05], "DRB7": [2.0, 1, 6.4449423831077e-06], "E": [75193.0, 827, 0.08382401163739922], "F": [10789.0, 19, 0.012524222509248737], "H": [45.0, 14, 4.9616059632729216e-05], "HFE": [5.0, 1, 5.770901131006179e-06], "K": [125.0, 12, 0.00013820067438617266], "L": [2297.0, 3, 0.0025326241994750895], "T": [3213.0, 1, 0.008458986877828856], "V": [30.0, 2, 7.01214717697888e-05], "Y": [7.0, 2, 1.0265760774064147e-05], "DRB4": [87.0, 6, 0.00013125233785823268], "J": [14.0, 4, 1.5450204343066407e-05], "DPB2": [20.0, 2, 3.114501795960551e-05], "W": [3.0, 2, 3.873162489848377e-06], "G": [3.0, 2, 3.564680521630365e-06], "DPA2": [25.0, 2, 4.121509880056937e-05]}