{"A": [31418.0, 2589, 0.14128972481685198], "B": [40230.0, 2845, 0.1824133154139146], "C": [41179.0, 2349, 0.18468127363714099], "DMA": [1719.0, 3, 0.010799103777168348], "DPA1": [10060.0, 115, 0.06344108511711156], "DPB1": [7393.0, 369, 0.0469822781199599], "DQA1": [6248.0, 178, 0.04017114261728733], "DQA2": [3.0, 2, 1.9288320718927977e-05], "DQB1": [4269.0, 337, 0.026024088066877168], "DRA": [13707.0, 9, 0.08847393868778108], "DRB1": [16071.0, 240, 0.09907059448453961], "DRB3": [2389.0, 23, 0.014727126515062233], "DRB5": [17.0, 5, 0.00010479746787612305], "DRB7": [1.0, 1, 1.3167493610788167e-05], "E": [14295.0, 460, 0.06511623195325768], "F": [2010.0, 15, 0.00953410020089489], "HFE": [10.0, 1, 4.7161510067292864e-05], "K": [31.0, 9, 0.00014004767907174057], "L": [415.0, 3, 0.0018696999937763764], "T": [1008.0, 1, 0.010843818267707903], "U": [1.0, 1, 2.519290869411001e-05], "V": [8.0, 2, 7.640711959838395e-05], "Y": [6.0, 3, 3.595492794207934e-05], "DRB4": [1587.0, 10, 0.00978315185408278], "DMB": [443.0, 3, 0.002761931661732556], "DPB2": [13.0, 2, 8.272104555746432e-05], "G": [1.0, 1, 4.855270505452864e-06], "DPA2": [10.0, 3, 6.736439432531463e-05], "H": [52.0, 18, 0.00023427566187077484], "DOB": [133.0, 5, 0.0007989400776618732], "DOA": [56.0, 12, 0.00036722093735265803]}