{"A": [14715.0, 1886, 0.12945413980115816], "B": [32428.0, 2446, 0.2876406765163892], "C": [17658.0, 1725, 0.15492168447048682], "DMA": [822.0, 3, 0.01010199823814253], "DMB": [166.0, 4, 0.002024607882535643], "DOA": [60.0, 12, 0.000769687247620712], "DOB": [41.0, 8, 0.0004818036171085613], "DPA1": [4549.0, 97, 0.05611929308084811], "DPA2": [13.0, 3, 0.00017131579051748864], "DPB1": [3763.0, 302, 0.04678118476911078], "DQA1": [2154.0, 114, 0.027092089139005758], "DQB1": [1050.0, 164, 0.012521671241385101], "DRA": [6586.0, 8, 0.0831607329032897], "DRB1": [7763.0, 169, 0.0936170791462657], "DRB2": [2.0, 1, 0.000174046395633152], "DRB3": [1307.0, 21, 0.01576162855135505], "DRB5": [26.0, 3, 0.0003135442558035435], "E": [6068.0, 335, 0.0540722332499623], "F": [1009.0, 13, 0.009362642778346489], "K": [23.0, 13, 0.00020326644467128866], "L": [127.0, 3, 0.0011193120616973284], "T": [545.0, 1, 0.011469429960596439], "Y": [28.0, 2, 0.00032823798399747356], "DRB4": [171.0, 9, 0.0020621564516309977], "DPB2": [15.0, 2, 0.0001867185880987101], "G": [1.0, 1, 9.498107136322454e-06], "H": [9.0, 4, 7.932132720689729e-05]}