{"A": [69754.0, 3326, 0.20363255806139224], "B": [49333.0, 3090, 0.1452078471277935], "C": [101367.0, 3962, 0.2951139334332257], "DMA": [2932.0, 2, 0.011956989833977989], "DMB": [611.0, 5, 0.002472842571265431], "DPA1": [9001.0, 110, 0.03684761981655271], "DPB1": [5051.0, 331, 0.020837076673153616], "DQA1": [4258.0, 149, 0.017771532378211476], "DQB1": [4147.0, 350, 0.01641078880864378], "DRA": [15360.0, 8, 0.06435913828300871], "DRB1": [15467.0, 95, 0.0618947779911196], "DRB5": [5288.0, 8, 0.021161155105517585], "DRB7": [3.0, 1, 2.5643094159636287e-05], "E": [21068.0, 507, 0.06229805209354443], "F": [3052.0, 20, 0.009397541231413297], "H": [31.0, 19, 9.066331192389654e-05], "HFE": [16.0, 1, 4.898394299835012e-05], "K": [46.0, 10, 0.00013490191346560715], "L": [375.0, 4, 0.0010967336119826194], "T": [1530.0, 1, 0.010684622566515119], "Y": [6.0, 3, 2.3340194926853416e-05], "DRB4": [4503.0, 11, 0.018019796036336175], "W": [2.0, 2, 6.849117029817384e-06], "DPB2": [12.0, 2, 4.956783664878148e-05], "V": [11.0, 1, 6.819971850967097e-05], "DOB": [43.0, 9, 0.00016767838334312047], "DOA": [44.0, 11, 0.00018730015654448812], "DRB3": [7.0, 5, 2.8012119088241888e-05], "J": [2.0, 1, 5.854587707679517e-06]}