{"A": [111130.0, 4257, 0.23223940257462566], "B": [89469.0, 3025, 0.18851748397504825], "C": [71520.0, 3136, 0.14905519540048773], "DMA": [4232.0, 3, 0.01235463855757505], "DOB": [278.0, 10, 0.000776032500016848], "DPA1": [16006.0, 120, 0.046905954925768205], "DPA2": [7.0, 2, 2.1912957517136353e-05], "DPB1": [14066.0, 420, 0.04153904671807636], "DQA1": [10877.0, 175, 0.032497865722448456], "DQB1": [6261.0, 341, 0.017736405785157245], "DRA": [27362.0, 9, 0.08207168213762608], "DRB1": [31831.0, 171, 0.09118527199636169], "DRB3": [152.0, 11, 0.00043542965484738073], "DRB4": [4165.0, 12, 0.01193134547657461], "DRB5": [273.0, 7, 0.000782054577456151], "DRB6": [3.0, 1, 1.8020416447338386e-05], "DRB7": [1.0, 1, 6.118932518118456e-06], "E": [32354.0, 707, 0.06848660379077648], "F": [4140.0, 16, 0.009125497343303462], "H": [39.0, 19, 8.165090153054965e-05], "HFE": [50.0, 1, 0.00010957973707232192], "K": [83.0, 12, 0.00017424682033525797], "L": [716.0, 3, 0.0014990268075865015], "S": [1.0, 1, 8.594006345671988e-06], "T": [1814.0, 1, 0.00906841796394353], "U": [2.0, 1, 2.3414282594841028e-05], "V": [21.0, 2, 9.320424290170762e-05], "Y": [7.0, 4, 1.949295856803513e-05], "DMB": [890.0, 3, 0.0025785274342449934], "DPB2": [16.0, 2, 4.731133390297775e-05], "G": [14.0, 9, 3.158740975429882e-05], "DOA": [190.0, 11, 0.0005789826585869057]}