{"A": [131065.0, 6856, 0.1589795460853145], "B": [232184.0, 7842, 0.2839626824018784], "C": [110602.0, 5837, 0.13379273209889578], "DMA": [6765.0, 3, 0.01146310091787036], "DMB": [1646.0, 5, 0.0027679708375514733], "DOA": [231.0, 19, 0.00040857695235398394], "DOB": [355.0, 11, 0.000575192740852241], "DPA1": [28171.0, 163, 0.047917854281995395], "DPA2": [34.0, 4, 6.17777096683067e-05], "DPB1": [24984.0, 658, 0.04282504355714779], "DQA1": [11667.0, 268, 0.020232746433333275], "DQB1": [10544.0, 720, 0.017337131341842584], "DRA": [42806.0, 10, 0.07452467194021939], "DRB1": [51897.0, 427, 0.0862912178312011], "DRB3": [4284.0, 25, 0.007123178164226555], "DRB4": [4670.0, 12, 0.007764995804607378], "DRB5": [5249.0, 9, 0.008727722265178615], "DRB6": [2.0, 1, 6.97306147010607e-06], "DRB7": [2.0, 1, 7.103225284214716e-06], "E": [53443.0, 893, 0.06566265028787253], "F": [8217.0, 20, 0.01051282459661245], "H": [111.0, 44, 0.00013488674838295508], "HFE": [49.0, 1, 6.233131069601022e-05], "K": [184.0, 21, 0.000224209764231846], "L": [1463.0, 3, 0.0017778316476059757], "S": [2.0, 2, 9.976440005919545e-06], "T": [5564.0, 1, 0.016144748971148155], "U": [1.0, 1, 6.795177248929893e-06], "V": [34.0, 3, 8.758812608678687e-05], "Y": [261.0, 5, 0.0004218617564881768], "J": [6.0, 4, 7.297834196111009e-06], "DPB2": [103.0, 2, 0.0001767796885327277]}