{"A": [2845.0, 669, 0.08076296667240807], "B": [5665.0, 940, 0.16214530103938007], "C": [1839.0, 478, 0.05206270672298012], "DMA": [567.0, 2, 0.022484997611708593], "DPA1": [2582.0, 76, 0.10278430621851295], "DPB1": [1813.0, 171, 0.07272925153416854], "DQB1": [1045.0, 210, 0.04021273431386567], "DRA": [4407.0, 8, 0.17956179916587156], "DRB1": [3648.0, 111, 0.14195629191901915], "DRB5": [1022.0, 7, 0.039769553273365565], "E": [1469.0, 144, 0.042240091132193035], "F": [277.0, 12, 0.008293949228062859], "K": [5.0, 3, 0.00014258773663737134], "L": [63.0, 1, 0.0017916877658964876], "T": [102.0, 1, 0.006926595384206527], "DRB3": [332.0, 12, 0.012919267795261613], "DMB": [100.0, 3, 0.003935565559208255], "V": [1.0, 1, 6.0289514949573256e-05], "DPB2": [1.0, 1, 4.016711240841414e-05], "H": [5.0, 4, 0.00014219744173781646], "DOB": [12.0, 5, 0.0004550318135610127], "DOA": [15.0, 7, 0.0006209099447993899], "DQA1": [688.0, 93, 0.027922837642582563], "DRB4": [1.0, 1, 3.891345721464341e-05]}