{"A": [98348.0, 2920, 0.15536385048161666], "B": [148642.0, 2731, 0.2367557002441652], "C": [84788.0, 2682, 0.13357766755289271], "DMA": [5540.0, 3, 0.012225707535453057], "DMB": [1416.0, 5, 0.0031011648684449193], "DOA": [264.0, 13, 0.0006081290281561244], "DPA1": [26443.0, 127, 0.05857816278843945], "DPA2": [40.0, 3, 9.465483447053653e-05], "DPB1": [24485.0, 453, 0.054659527507533036], "DQA1": [18746.0, 142, 0.04233837413020081], "DQB1": [7151.0, 287, 0.015313291256543992], "DRA": [41651.0, 8, 0.09443886987647675], "DRB1": [43449.0, 244, 0.09408796013836705], "DRB3": [7376.0, 26, 0.01597258381045813], "DRB5": [25.0, 2, 5.413701128815798e-05], "E": [38784.0, 619, 0.06205976112493488], "F": [4764.0, 16, 0.007937939909441095], "H": [50.0, 16, 7.913092343396815e-05], "HFE": [29.0, 1, 4.8043882911657e-05], "K": [191.0, 16, 0.0003031098076481822], "L": [649.0, 3, 0.0010271193861729065], "T": [2517.0, 1, 0.009511681811524812], "V": [9.0, 2, 3.0195258365673573e-05], "Y": [418.0, 4, 0.0008799051381300233], "DRB4": [69.0, 7, 0.00014941815115531606], "J": [5.0, 2, 7.920318911746949e-06], "DPB2": [110.0, 2, 0.0002458769105463711], "G": [12.0, 8, 2.046666479849654e-05], "DOB": [251.0, 8, 0.0005296496475180268]}