{"A": [29253.0, 2475, 0.1733626429360983], "B": [62278.0, 2485, 0.37212960811435264], "C": [8767.0, 1248, 0.05181447901681973], "DMA": [1236.0, 2, 0.010232538159570297], "DMB": [279.0, 4, 0.00229227369075546], "DPA1": [5260.0, 87, 0.04371308227153163], "DPB1": [3406.0, 231, 0.028524042378990845], "DQA1": [3115.0, 118, 0.026392727827196177], "DQB1": [2120.0, 220, 0.017030927110606876], "DRA": [8366.0, 9, 0.07116129999256571], "DRB1": [7910.0, 130, 0.064258623118725], "DRB5": [2166.0, 8, 0.01759597695008323], "E": [14775.0, 375, 0.08869224653970506], "F": [1373.0, 16, 0.008582370438221241], "K": [13.0, 5, 7.739459617578863e-05], "L": [643.0, 1, 0.003817577540549415], "T": [587.0, 1, 0.008321715494389207], "V": [15.0, 2, 0.0001887939896298251], "DRB4": [1291.0, 10, 0.010487722180312766], "J": [4.0, 3, 2.3770226517776458e-05], "G": [1.0, 1, 6.398327934357233e-06], "DPA2": [2.0, 1, 1.7754705345815294e-05], "DOB": [28.0, 7, 0.00022165302464568923], "DOA": [86.0, 13, 0.0007431747115468157], "DRB3": [31.0, 7, 0.00025183531184329647], "H": [10.0, 4, 5.937134588723818e-05]}