{"A": [105547.0, 4111, 0.12947129295561213], "B": [174818.0, 3926, 0.21621618444812785], "C": [70476.0, 3171, 0.08621520384945539], "DMA": [7964.0, 3, 0.013647045414450115], "DPA1": [38241.0, 167, 0.06578053630601334], "DPB1": [36758.0, 557, 0.06371780201069951], "DQA1": [23042.0, 225, 0.04041000309754099], "DQB1": [17965.0, 414, 0.029872538817315063], "DRA": [72263.0, 9, 0.1272285224734418], "DRB1": [67200.0, 258, 0.11299694147303997], "DRB3": [11755.0, 19, 0.019766057247255726], "DRB5": [286.0, 7, 0.0004809096021025213], "DRB6": [1.0, 1, 3.5258722154662574e-06], "DRB7": [5.0, 1, 1.7958442484108138e-05], "E": [47578.0, 777, 0.059116243762146935], "F": [6743.0, 16, 0.008724335567027461], "H": [37.0, 15, 4.546959661806577e-05], "HFE": [68.0, 1, 8.74766539340511e-05], "K": [182.0, 13, 0.00022427515087655633], "L": [1287.0, 4, 0.001581604617498666], "T": [2390.0, 1, 0.007013182604087982], "V": [19.0, 2, 4.949860839430193e-05], "Y": [567.0, 4, 0.0009267994740736632], "DRB4": [6615.0, 10, 0.01112313642625237], "W": [2.0, 1, 2.8779555262993813e-06], "DMB": [2117.0, 3, 0.003600191547240239], "DPB2": [85.0, 2, 0.00014753230777859457], "G": [1.0, 1, 1.3243689147572374e-06], "DPA2": [7.0, 3, 1.28624588051252e-05], "DOB": [452.0, 8, 0.0007406218980672334], "DOA": [434.0, 18, 0.0007762912388548737], "DQA2": [1.0, 1, 1.7537541488386852e-06]}