{"A": [65307.0, 3029, 0.13318788319565292], "B": [96557.0, 3154, 0.19854694393842132], "C": [23478.0, 1996, 0.04775084946852025], "DMA": [6006.0, 2, 0.017110791701084344], "DMB": [1870.0, 4, 0.005287175757341941], "DOB": [112.0, 8, 0.000305107952677869], "DPA1": [24765.0, 141, 0.07082456126062105], "DPA2": [34.0, 3, 0.00010386811856169706], "DPB1": [22050.0, 477, 0.0635469773060494], "DQA1": [15413.0, 155, 0.04494002203009816], "DQA2": [1.0, 1, 2.915721925004747e-06], "DQB1": [9187.0, 326, 0.025397795389647274], "DRA": [44824.0, 10, 0.13120684630981047], "DRB1": [52177.0, 216, 0.1458659455338165], "DRB3": [6153.0, 21, 0.017201317877025758], "DRB5": [28.0, 3, 7.827675939488399e-05], "DRB7": [1.0, 1, 5.971398502409722e-06], "E": [26611.0, 529, 0.05497170856121717], "F": [4335.0, 16, 0.009324932459634777], "HFE": [16.0, 1, 3.422004872441101e-05], "K": [69.0, 13, 0.00014136316216820818], "L": [845.0, 3, 0.001726447901871424], "T": [2427.0, 2, 0.011840346540317315], "Y": [5.0, 2, 1.3587830330119208e-05], "DRB4": [7097.0, 11, 0.019840362908053275], "W": [3.0, 1, 7.177161661550146e-06], "DPB2": [72.0, 2, 0.0002077677313982764], "V": [6.0, 1, 2.598771108398815e-05], "H": [50.0, 22, 0.00010215668058410793], "DOA": [134.0, 15, 0.00039848974069865673], "G": [1.0, 1, 2.2018431056083046e-06]}