{"A": [33419.0, 2843, 0.1651552639518342], "B": [51361.0, 2715, 0.25592157587478176], "C": [28488.0, 2045, 0.14040285917744308], "DMA": [2032.0, 2, 0.014028216757453938], "DMB": [397.0, 4, 0.00271998579137179], "DPA1": [6855.0, 88, 0.04750584060879349], "DPB1": [6505.0, 238, 0.045428415813957984], "DQA1": [4527.0, 114, 0.03198531150494514], "DQB1": [2999.0, 242, 0.02009059306388222], "DRA": [12036.0, 5, 0.08537329710107203], "DRB1": [14230.0, 123, 0.09639925869265022], "DRB4": [4052.0, 12, 0.02744973972049323], "DRB5": [16.0, 5, 0.00010838989030796931], "E": [9161.0, 389, 0.04585797900565941], "F": [1523.0, 14, 0.007938719990043759], "HFE": [3.0, 1, 1.554804837691322e-05], "K": [35.0, 8, 0.00017375975381884263], "L": [306.0, 4, 0.0015149984291642979], "S": [1.0, 1, 2.0323104432744247e-05], "T": [873.0, 1, 0.010320550621640064], "V": [3.0, 1, 3.148705348283973e-05], "Y": [4.0, 2, 2.6341111085158803e-05], "W": [1.0, 1, 5.7972958157507635e-06], "J": [3.0, 3, 1.4866490091897847e-05], "DPB2": [14.0, 2, 9.789660356906957e-05], "G": [4.0, 3, 2.134225716240989e-05], "DOB": [158.0, 9, 0.001043005454500911], "DOA": [32.0, 11, 0.00023059841204962396], "H": [17.0, 11, 8.416657939801655e-05], "DRB3": [5.0, 3, 3.387184072124041e-05]}