{"A": [120746.0, 4077, 0.20942943887935114], "B": [147384.0, 4105, 0.25774471917314185], "C": [45384.0, 2482, 0.07850236997150846], "DMA": [10527.0, 2, 0.025506413353232702], "DMB": [1884.0, 5, 0.004530259017383326], "DPA1": [15325.0, 107, 0.037274003165453505], "DPB1": [11690.0, 328, 0.02865238703712573], "DQA1": [6552.0, 118, 0.016247254573091712], "DQB1": [4886.0, 331, 0.01148777075481407], "DRA": [35456.0, 9, 0.08826644190951792], "DRB1": [48288.0, 234, 0.1148084936065014], "DRB3": [9366.0, 19, 0.022268396933368375], "DRB4": [10502.0, 12, 0.02496932570939939], "DRB5": [50.0, 5, 0.00011887890739573125], "E": [29375.0, 498, 0.05160786700561686], "F": [5673.0, 19, 0.01037837528081542], "H": [43.0, 19, 7.471799648597027e-05], "HFE": [105.0, 1, 0.0001909896944893596], "K": [77.0, 12, 0.0001341645813622418], "L": [963.0, 3, 0.0016733355957206833], "S": [1.0, 1, 7.1327344437438745e-06], "T": [3751.0, 1, 0.015563300221993539], "Y": [1.0, 1, 2.31121370931992e-06], "J": [5.0, 3, 8.696073499906915e-06], "DPB2": [32.0, 4, 7.853361222596349e-05], "DPA2": [4.0, 2, 1.039257897123937e-05], "V": [1.0, 1, 3.6836365502507052e-06], "W": [5.0, 2, 1.0173291113673155e-05], "DOB": [109.0, 8, 0.00025253524393707786], "DOA": [70.0, 13, 0.000177039584002089], "G": [11.0, 6, 2.0598663777065646e-05]}