{"A": [147156.0, 4983, 0.15544311690321433], "B": [237050.0, 4634, 0.25246893133214277], "C": [102603.0, 3941, 0.10808579023860244], "DMA": [7446.0, 3, 0.010987435728922877], "DMB": [1879.0, 4, 0.002751677041607287], "DPA1": [37236.0, 140, 0.055156553536507114], "DPA2": [16.0, 6, 2.5316978328903827e-05], "DPB1": [43025.0, 531, 0.06422375913582665], "DQA1": [24567.0, 202, 0.03710109842466879], "DQB1": [16744.0, 488, 0.02397563168263954], "DRA": [69336.0, 9, 0.10512190203428415], "DRB1": [59243.0, 254, 0.08578283369640058], "DRB3": [10907.0, 14, 0.015793146314782187], "DRB5": [198.0, 5, 0.0002867005565533027], "DRB6": [1.0, 1, 3.036214842128028e-06], "DRB7": [2.0, 1, 6.185781705028835e-06], "E": [60436.0, 943, 0.06466395925826614], "F": [7385.0, 20, 0.008228025556851214], "H": [58.0, 21, 6.137808033046402e-05], "HFE": [3.0, 1, 3.3233067899510215e-06], "K": [110.0, 12, 0.0001167262101246292], "L": [1055.0, 3, 0.0011164461163558543], "S": [1.0, 1, 4.343947826565193e-06], "T": [2730.0, 1, 0.006898359499480686], "U": [5.0, 2, 2.9587603818696594e-05], "V": [20.0, 2, 4.486785569411631e-05], "DRB4": [98.0, 9, 0.0001419022956677963], "DPB2": [180.0, 4, 0.0002690336759596948], "G": [8.0, 6, 9.123571836325715e-06], "J": [3.0, 2, 3.177627588199744e-06], "DOB": [438.0, 10, 0.0006180137743619137], "DOA": [372.0, 17, 0.0005729857555454997], "Y": [4.0, 2, 5.63026247423741e-06]}