{"A": [42460.0, 3884, 0.16428531431256857], "B": [78008.0, 4669, 0.3043213045365345], "C": [31018.0, 3251, 0.11968716110698155], "DMA": [2251.0, 3, 0.0121667348129572], "DMB": [682.0, 5, 0.003658308164920716], "DPA1": [8517.0, 123, 0.046211065095483485], "DPB1": [6551.0, 396, 0.03581852303658579], "DQB1": [2803.0, 387, 0.014701416181036224], "DRA": [14238.0, 10, 0.07906943704309853], "DRB1": [15641.0, 305, 0.08295701052196436], "DRB3": [1254.0, 24, 0.006650987225531827], "DRB5": [656.0, 9, 0.0034793043221282923], "DRB7": [3.0, 1, 3.398686295152149e-05], "E": [17318.0, 536, 0.06787182802057762], "F": [2302.0, 17, 0.009394543529587232], "H": [49.0, 26, 0.00018993570764422364], "HFE": [17.0, 1, 6.898002270485497e-05], "K": [40.0, 13, 0.00015547512786606355], "L": [365.0, 2, 0.0014148272100028905], "T": [1642.0, 1, 0.015197829239215218], "V": [18.0, 2, 0.00014791187938283044], "Y": [103.0, 4, 0.0005310447336175232], "DRB4": [1675.0, 11, 0.00888389442006843], "DQA1": [3869.0, 164, 0.021402209107981223], "DPB2": [19.0, 2, 0.00010401907153332929], "DPA2": [9.0, 2, 5.216264777689178e-05], "DOB": [173.0, 6, 0.0008941191135360732], "DOA": [102.0, 13, 0.0005754747710914992], "G": [18.0, 11, 7.519217467150772e-05]}