{"A": [194067.0, 4266, 0.18479986060714443], "B": [201386.0, 4791, 0.193354232516022], "C": [149033.0, 4131, 0.14152964322971226], "DMA": [8462.0, 2, 0.011256484094705746], "DMB": [2109.0, 4, 0.0027842208744272155], "DOA": [270.0, 16, 0.0003749048640509974], "DPA1": [36215.0, 127, 0.04835918962045302], "DPA2": [22.0, 3, 3.138130452159478e-05], "DPB1": [27770.0, 458, 0.03736862758113465], "DQA1": [19586.0, 174, 0.02666470708178547], "DQA2": [2.0, 2, 2.7228333587037134e-06], "DQB1": [23983.0, 540, 0.03095784886129359], "DRA": [57871.0, 9, 0.07909551149253903], "DRB1": [70765.0, 287, 0.09237156081074735], "DRB4": [10774.0, 13, 0.014063607661626397], "DRB5": [143.0, 6, 0.0001866619542985497], "DRB7": [6.0, 1, 1.6729088155875617e-05], "E": [108857.0, 897, 0.10499759855766559], "F": [9914.0, 21, 0.009957503600945657], "HFE": [46.0, 1, 4.593708543280076e-05], "K": [390.0, 22, 0.00037307550210381355], "L": [1206.0, 3, 0.0011505064048805882], "S": [2.0, 2, 7.83197011042866e-06], "T": [5651.0, 1, 0.01287255952734928], "V": [33.0, 3, 6.673838360056761e-05], "Y": [8.0, 4, 1.0151145725652679e-05], "DRB3": [5064.0, 22, 0.006610182773201789], "W": [2.0, 1, 2.2341196789363805e-06], "J": [12.0, 4, 1.1458279558818915e-05], "DPB2": [1.0, 1, 1.347381455853384e-06], "G": [67.0, 15, 6.888206160543673e-05], "H": [78.0, 21, 7.441086200720222e-05], "DOB": [418.0, 9, 0.0005316878687010347]}