{"A": [9655.0, 1663, 0.10946298342767437], "B": [20643.0, 2032, 0.23597297915394572], "C": [11061.0, 1432, 0.12506172539755722], "DMA": [697.0, 2, 0.011038945133189143], "DMB": [227.0, 4, 0.003567943909239224], "DPA1": [4748.0, 111, 0.07548597883102788], "DPB1": [4163.0, 326, 0.06669645247663843], "DQA1": [1895.0, 114, 0.03071604795763696], "DQB1": [1533.0, 240, 0.023559956198336184], "DRA": [7392.0, 9, 0.12028677072736346], "DRB1": [6314.0, 138, 0.09812719943465864], "DRB3": [1256.0, 18, 0.019519759659475968], "DRB5": [1456.0, 6, 0.022628001643468953], "E": [3376.0, 248, 0.03876952663886634], "F": [433.0, 13, 0.005177910144256677], "HFE": [2.0, 1, 2.3779387098169854e-05], "L": [62.0, 2, 0.0007042039845303823], "T": [413.0, 1, 0.011200946137806889], "U": [1.0, 1, 6.351280176475468e-05], "DRB4": [33.0, 3, 0.000512859927358843], "K": [15.0, 6, 0.000170839558269331], "DPB2": [6.0, 1, 9.625135937545298e-05], "DOB": [42.0, 5, 0.0006360552118338936], "DOA": [27.0, 9, 0.000446360885709272], "DQA2": [1.0, 1, 1.6208996283713434e-05], "J": [1.0, 1, 1.1368501503097642e-05], "H": [4.0, 4, 4.54325151309924e-05]}