{"A": [17299.0, 1801, 0.11477129855929058], "B": [44301.0, 2460, 0.29634683048700855], "C": [7774.0, 1223, 0.05143655268696486], "DMA": [1165.0, 2, 0.01079737080347845], "DMB": [418.0, 4, 0.003844729031453199], "DPA1": [8337.0, 110, 0.07756444267447143], "DPB1": [6307.0, 323, 0.0591311668393627], "DQA1": [2885.0, 144, 0.0273652382954173], "DQB1": [2960.0, 267, 0.026620813878599926], "DRA": [12878.0, 9, 0.12263138196174439], "DRB1": [9571.0, 131, 0.08704411959796231], "DRB3": [1831.0, 16, 0.01665215578140936], "DRB5": [2721.0, 8, 0.024746322163416094], "E": [8822.0, 385, 0.059286035276620914], "F": [1259.0, 12, 0.008810278508599261], "HFE": [3.0, 1, 2.0873208434974387e-05], "K": [2.0, 1, 1.3329825697723808e-05], "L": [279.0, 3, 0.0018544207833228932], "T": [517.0, 1, 0.008205262783328395], "DRB4": [41.0, 7, 0.0003728773277104226], "J": [5.0, 3, 3.326369746030165e-05], "DPB2": [43.0, 2, 0.000403665256422243], "DPA2": [2.0, 2, 1.9876534089511763e-05], "V": [2.0, 1, 2.8180850072750718e-05], "DOB": [125.0, 8, 0.0011077782457126005], "DOA": [88.0, 14, 0.0008513386154779991], "H": [5.0, 4, 3.323334737137801e-05], "G": [1.0, 1, 7.162979099121004e-06]}