{"A": [35685.0, 2540, 0.18254388286795936], "B": [40400.0, 2984, 0.20837106358311955], "C": [34200.0, 2393, 0.17447078303875388], "DMA": [1291.0, 3, 0.009225451273538287], "DPA1": [6780.0, 97, 0.04863532865093878], "DPA2": [4.0, 2, 3.065066770791636e-05], "DPB1": [8025.0, 341, 0.05801067854728735], "DQA1": [4902.0, 145, 0.03585056545748144], "DQB1": [1811.0, 195, 0.012557909662825238], "DRA": [11132.0, 9, 0.08173266984760678], "DRB1": [10522.0, 214, 0.07378187786561677], "DRB3": [161.0, 11, 0.0011289566941992302], "DRB5": [236.0, 8, 0.0016548681977081882], "DRB7": [2.0, 1, 2.9955919239870255e-05], "E": [14832.0, 503, 0.07685185554066346], "F": [1619.0, 17, 0.008735344605430465], "HFE": [14.0, 1, 7.510438204838531e-05], "K": [27.0, 10, 0.00013874825356984736], "L": [214.0, 2, 0.0010966982294706152], "T": [848.0, 1, 0.01037688705694852], "Y": [135.0, 3, 0.0009202174827174951], "DRB4": [1404.0, 11, 0.009845063345687697], "DMB": [379.0, 3, 0.002687806200736465], "DPB2": [18.0, 2, 0.0001302850869002089], "G": [13.0, 7, 7.179700407786012e-05], "V": [1.0, 1, 1.0864090633415228e-05], "DOB": [74.0, 7, 0.0005056427973883209], "DOA": [51.0, 13, 0.0003804163050879938], "H": [27.0, 13, 0.0001383684682042365], "J": [2.0, 1, 1.025887645201036e-05]}