{"A": [79011.0, 3382, 0.18196675980984467], "B": [106168.0, 3400, 0.2465316032018111], "C": [18002.0, 2283, 0.04134664563470528], "DMA": [6486.0, 2, 0.020867058896831298], "DMB": [1202.0, 3, 0.003837833501542775], "DOA": [169.0, 15, 0.0005675427392089958], "DPA1": [17704.0, 108, 0.05717635721494415], "DPA2": [17.0, 5, 5.8647808750731406e-05], "DPB1": [14579.0, 456, 0.047447524715608855], "DQA1": [9209.0, 143, 0.030322017668946145], "DQB1": [5695.0, 386, 0.01777933663924179], "DRA": [34400.0, 7, 0.11371135926270223], "DRB1": [33913.0, 196, 0.10706327827523575], "DRB3": [3.0, 2, 9.470994451263741e-06], "DRB4": [6021.0, 12, 0.019008285863686327], "DRB5": [13498.0, 6, 0.04261316103438599], "DRB7": [3.0, 1, 2.023004414789935e-05], "E": [20278.0, 477, 0.04730452435783015], "F": [3235.0, 16, 0.007858332470995965], "H": [58.0, 21, 0.00013382100371557508], "HFE": [20.0, 1, 4.8304785453436846e-05], "K": [120.0, 13, 0.00027763098098672486], "L": [854.0, 3, 0.0019703989167776056], "S": [1.0, 1, 9.470994451263741e-06], "T": [2026.0, 1, 0.011161783617550132], "V": [21.0, 2, 0.00010271540790761275], "Y": [9.0, 1, 2.7619902507750934e-05], "DPB2": [20.0, 2, 6.517411130122213e-05], "J": [2.0, 2, 4.61873154061629e-06], "DOB": [227.0, 10, 0.0006983302952513918], "W": [1.0, 1, 2.7016618787258754e-06], "G": [3.0, 3, 7.459455806747548e-06]}