{"A": [54465.0, 2540, 0.11054856206321283], "B": [146825.0, 3295, 0.3004761872613027], "C": [59776.0, 2397, 0.12099779647985134], "DMA": [4923.0, 2, 0.013958707917306233], "DMB": [1506.0, 4, 0.004237773299992117], "DOB": [173.0, 8, 0.00046904252129496604], "DPA1": [19687.0, 130, 0.05603452687496102], "DPB1": [16456.0, 441, 0.04719991211502242], "DQA1": [4854.0, 143, 0.014085636677028082], "DQB1": [9657.0, 261, 0.02657021952712189], "DRA": [36923.0, 9, 0.10756561763060377], "DRB1": [35937.0, 168, 0.09998785083784616], "DRB3": [11564.0, 17, 0.032174625235519186], "DRB5": [23.0, 4, 6.39931148752111e-05], "DRB7": [2.0, 1, 1.1886025510734863e-05], "E": [22603.0, 465, 0.04647022047148411], "F": [3486.0, 17, 0.007463019620032733], "HFE": [8.0, 1, 1.7028689843459686e-05], "K": [95.0, 17, 0.0001937052419121361], "L": [1153.0, 3, 0.0023445347993631327], "T": [1721.0, 1, 0.008356147836590971], "DRB4": [21.0, 5, 5.842849619041014e-05], "DPB2": [23.0, 2, 6.605474873072693e-05], "G": [2.0, 2, 4.382752769445009e-06], "DPA2": [1.0, 1, 3.04042262382372e-06], "V": [1.0, 1, 4.3106959057307285e-06], "H": [71.0, 20, 0.00014437291479165864], "DOA": [165.0, 11, 0.0004883451716312879], "J": [2.0, 2, 4.070556681758514e-06]}