{"A": [93467.0, 3339, 0.09117125163000704], "B": [276443.0, 4537, 0.271881508747569], "C": [127831.0, 3357, 0.12435144064642983], "DMA": [9485.0, 2, 0.012924589041226934], "DMB": [3067.0, 4, 0.004147539664875189], "DOB": [151.0, 10, 0.00019674653088396198], "DPA1": [47831.0, 159, 0.0654258919927623], "DPA2": [16.0, 2, 2.3378571001742527e-05], "DPB1": [39860.0, 604, 0.05494374137828926], "DQA1": [12274.0, 187, 0.01711696854561029], "DQB1": [22253.0, 330, 0.02942425683547856], "DRA": [86543.0, 10, 0.12116368253753171], "DRB1": [83051.0, 234, 0.1110489109156345], "DRB3": [27301.0, 24, 0.0365046335011949], "DRB5": [25.0, 2, 3.342792709167695e-05], "DRB7": [2.0, 1, 5.712164181425757e-06], "E": [44719.0, 589, 0.0441839719838293], "F": [6845.0, 19, 0.007042464665320481], "H": [65.0, 23, 6.351916146088176e-05], "HFE": [36.0, 1, 3.6826273375954025e-05], "K": [179.0, 22, 0.00017540211375947115], "L": [1994.0, 3, 0.001948572430046127], "S": [3.0, 2, 1.2034053753003701e-05], "T": [2497.0, 4, 0.005826500801070309], "Y": [16.0, 3, 2.079671425276368e-05], "DRB4": [15.0, 2, 2.005675625500617e-05], "W": [7.0, 3, 8.009845606967209e-06], "DPB2": [45.0, 2, 6.210874391853071e-05], "G": [4.0, 2, 4.212510458278583e-06], "DOA": [163.0, 11, 0.0002318433171246012]}