{"A": [42253.0, 3589, 0.2105319326974163], "B": [52421.0, 2902, 0.26335416393918604], "C": [32431.0, 2727, 0.16115203312441875], "DMA": [1229.0, 2, 0.008554450244045693], "DPA1": [6573.0, 90, 0.04592663624283341], "DPB1": [5404.0, 405, 0.03805021274518193], "DQA1": [2320.0, 92, 0.016526828965179815], "DQB1": [2288.0, 256, 0.015453745970812328], "DRA": [7154.0, 9, 0.051162324561740156], "DRB1": [9987.0, 194, 0.06821270964752713], "DRB3": [1591.0, 17, 0.010866768904497413], "DRB5": [12.0, 4, 8.196180191952794e-05], "E": [15218.0, 505, 0.07680527798206582], "F": [2184.0, 15, 0.011477959084949686], "HFE": [12.0, 1, 6.270430118198842e-05], "K": [39.0, 13, 0.0001952123155050422], "L": [293.0, 3, 0.0014625806856675616], "T": [1429.0, 1, 0.017032653480273666], "V": [6.0, 2, 6.349265313108499e-05], "DRB4": [14.0, 5, 9.562210223944927e-05], "DMB": [309.0, 3, 0.0021344995403304334], "DPB2": [10.0, 2, 7.050193657382074e-05], "W": [3.0, 2, 1.753509704528362e-05], "H": [27.0, 12, 0.00013477705977141353], "DOB": [47.0, 6, 0.0003128158918151326], "DOA": [24.0, 7, 0.00017437291723118692], "Y": [5.0, 1, 3.3197513823595204e-05], "G": [8.0, 4, 4.3035990388424704e-05], "J": [2.0, 2, 9.992603247723269e-06]}