{"A": [203869.0, 4697, 0.15263826110252027], "B": [125331.0, 4017, 0.0946117732657313], "C": [155919.0, 3855, 0.11641964723781997], "DMA": [12540.0, 3, 0.013115641815315006], "DMB": [2845.0, 5, 0.002953055752717864], "DOA": [454.0, 16, 0.0004956503690653937], "DOB": [222.0, 11, 0.0002220218484924103], "DPA1": [74514.0, 181, 0.07823312397028732], "DPA2": [13.0, 2, 1.4579879509051389e-05], "DPB1": [71148.0, 528, 0.07527594821683213], "DQA1": [38340.0, 183, 0.04103981985340176], "DQA2": [11.0, 4, 1.1774596202071448e-05], "DQB1": [29269.0, 561, 0.029705538046140702], "DRA": [116354.0, 9, 0.12503581811869172], "DRB1": [123963.0, 262, 0.12722548616388493], "DRB3": [21341.0, 21, 0.021902657246303078], "DRB4": [13325.0, 13, 0.013675690352232255], "DRB5": [141.0, 6, 0.00014471086976846137], "DRB7": [1.0, 1, 2.1922157292583935e-06], "E": [111474.0, 860, 0.08453934139876043], "F": [13551.0, 17, 0.010701266335439658], "H": [175.0, 35, 0.00013126291718301285], "HFE": [16.0, 1, 1.2562840855348958e-05], "K": [735.0, 21, 0.000552817438588147], "L": [1394.0, 3, 0.0010456028945892565], "T": [5563.0, 1, 0.009963477207405591], "V": [86.0, 2, 0.00013674846667037366], "Y": [13.0, 5, 1.296972291278479e-05], "W": [6.0, 2, 5.26974934917883e-06], "J": [17.0, 6, 1.2762899793627632e-05], "DPB2": [129.0, 2, 0.00013666035554494172], "G": [32.0, 9, 2.586685226263591e-05]}