{"A": [53969.0, 2438, 0.1968553750037885], "B": [70226.0, 2661, 0.258270794717316], "C": [31169.0, 2008, 0.11338113403574493], "DMA": [1777.0, 2, 0.009054617904462398], "DMB": [450.0, 4, 0.0022755824656300982], "DOA": [113.0, 16, 0.0006010197088506162], "DPA1": [9459.0, 88, 0.04838254507613713], "DPB1": [7071.0, 320, 0.03644727511128436], "DQA1": [4334.0, 107, 0.02260127468051027], "DQB1": [4788.0, 191, 0.02367414860243082], "DRA": [16909.0, 6, 0.08852414390059768], "DRB1": [14233.0, 113, 0.07116544670490788], "DRB3": [1217.0, 16, 0.0060850381957333576], "DRB4": [2002.0, 11, 0.010010062833079853], "DRB5": [13.0, 4, 6.500040800701205e-05], "DRB7": [2.0, 1, 2.1360134077381188e-05], "E": [23746.0, 479, 0.08773369646012921], "F": [2953.0, 17, 0.011361036730999035], "G": [14.0, 8, 5.513308943276855e-05], "HFE": [13.0, 1, 4.9728105839175405e-05], "K": [89.0, 16, 0.0003261182410030179], "L": [381.0, 3, 0.00139225782678186], "T": [1026.0, 1, 0.008952409135372999], "V": [12.0, 2, 9.295996455339976e-05], "Y": [272.0, 3, 0.0013220471334301465], "DPB2": [26.0, 2, 0.00013418898663303258], "DPA2": [6.0, 3, 3.2783289000073446e-05], "H": [22.0, 9, 8.039284039160347e-05], "J": [4.0, 3, 1.46302288201241e-05], "DOB": [213.0, 8, 0.0010377984850552448]}