{"A": [251290.0, 5764, 0.2749247400583038], "B": [319426.0, 6020, 0.3523573541412058], "C": [74367.0, 3498, 0.08113979387530058], "DMA": [11447.0, 3, 0.017494844781048107], "DMB": [1595.0, 4, 0.002419226119041443], "DOA": [41.0, 11, 6.540784451536695e-05], "DOB": [41.0, 9, 5.99174050122522e-05], "DPA1": [13400.0, 114, 0.020558148233154393], "DPB1": [10557.0, 430, 0.016321514667269135], "DPB2": [11.0, 3, 1.7028324620341475e-05], "DQB1": [7454.0, 392, 0.01105465838549267], "DRA": [38334.0, 10, 0.060195449280217236], "DRB1": [38036.0, 228, 0.05704312106244732], "DRB3": [13368.0, 27, 0.02004817652652213], "DRB5": [79.0, 4, 0.0001184774046675081], "DRB7": [1.0, 1, 3.2033890679721176e-06], "E": [52228.0, 780, 0.05787820718705527], "F": [10627.0, 16, 0.012263118020655508], "G": [3.0, 3, 3.543571977845263e-06], "H": [85.0, 31, 9.316425779344092e-05], "HFE": [129.0, 1, 0.00014800758945859713], "K": [431.0, 20, 0.0004736941977227754], "L": [717.0, 4, 0.0007858679157399664], "S": [3.0, 3, 1.3497425848197125e-05], "T": [4676.0, 1, 0.012237783726991523], "U": [1.0, 1, 6.12893316576298e-06], "V": [9.0, 2, 2.0911872542371173e-05], "Y": [39.0, 4, 5.685626834841289e-05], "DRB4": [189.0, 10, 0.0002834459428121396], "DQA1": [1207.0, 100, 0.001887934865743333], "DPA2": [15.0, 1, 2.4582624157357657e-05], "J": [2.0, 2, 2.1941021013507654e-06]}