{"A": [115595.0, 4819, 0.19719636717970246], "B": [71931.0, 3723, 0.12372299341549688], "C": [85755.0, 3672, 0.14589295910645728], "DMA": [6455.0, 3, 0.015382817983987343], "DOB": [558.0, 11, 0.0012715240593140686], "DPA1": [24238.0, 151, 0.057982537806103525], "DPB1": [19547.0, 532, 0.047121737422336496], "DQA1": [13463.0, 156, 0.032835438959519306], "DQB1": [7812.0, 453, 0.018065060338995433], "DRA": [43944.0, 10, 0.10759704683339867], "DRB1": [49936.0, 181, 0.11677326840574691], "DRB3": [7720.0, 20, 0.01805290035430083], "DRB5": [139.0, 6, 0.0003250457447212196], "E": [42309.0, 722, 0.07310813063222725], "F": [6108.0, 18, 0.010990324096327718], "H": [65.0, 18, 0.00011108745141856783], "HFE": [24.0, 1, 4.2936511969936196e-05], "K": [128.0, 15, 0.0002193572578592166], "L": [397.0, 3, 0.0006784879725103296], "T": [2854.0, 1, 0.01164671595904332], "U": [12.0, 4, 0.00011467991845031429], "V": [12.0, 2, 4.347633272004178e-05], "Y": [13.0, 4, 2.9551419115230665e-05], "DRB4": [6692.0, 12, 0.015648964918520872], "DMB": [1802.0, 3, 0.00426178764281391], "DPB2": [27.0, 2, 6.517247942859356e-05], "DPA2": [6.0, 3, 1.5332376545881035e-05], "J": [3.0, 2, 5.131795437502649e-06], "DOA": [304.0, 14, 0.0007562072001929533], "G": [22.0, 10, 4.0519486099455524e-05], "DQA2": [1.0, 1, 2.4389392378756076e-06]}