{"A": [107626.0, 3906, 0.18267793434623766], "B": [125599.0, 3747, 0.21494608255941405], "C": [39680.0, 2354, 0.06716694215624103], "DMA": [10665.0, 3, 0.02528771255745833], "DMB": [2091.0, 5, 0.004920396305851442], "DPA1": [21808.0, 131, 0.05190692586258967], "DPB1": [17060.0, 379, 0.04091939844811272], "DQA1": [8410.0, 129, 0.020408261399494126], "DQB1": [6704.0, 363, 0.015424824068386578], "DRA": [43491.0, 8, 0.10595200779207858], "DRB1": [61427.0, 240, 0.14292165020445685], "DRB3": [9564.0, 22, 0.022252473058352602], "DRB4": [11591.0, 12, 0.0269686757862155], "DRB5": [27.0, 3, 6.282065794390635e-05], "DRB7": [2.0, 1, 9.93962410134696e-06], "E": [27228.0, 494, 0.046812053453322476], "F": [6045.0, 15, 0.010822231212651724], "H": [46.0, 17, 7.822012579755248e-05], "HFE": [77.0, 1, 0.00013706143549493477], "K": [90.0, 13, 0.00015345942974403473], "L": [971.0, 4, 0.0016511248293352928], "T": [4367.0, 1, 0.017731347406283564], "Y": [4.0, 2, 9.04698795632308e-06], "W": [2.0, 2, 3.982221194449904e-06], "DPB2": [39.0, 2, 9.366430572306655e-05], "DPA2": [3.0, 2, 7.627610582547973e-06], "V": [2.0, 1, 7.209591949719748e-06], "J": [4.0, 3, 6.807961713251342e-06], "DOB": [149.0, 10, 0.00033782025344450205], "DOA": [128.0, 14, 0.000316800768170421], "G": [3.0, 1, 5.497579702072433e-06]}