{"A": [31526.0, 2198, 0.11791437345697982], "B": [79428.0, 2773, 0.2995338881518235], "C": [39420.0, 1864, 0.14703797654431477], "DMA": [2555.0, 3, 0.013349609900422131], "DPA1": [10959.0, 103, 0.0574790235110575], "DPA2": [19.0, 3, 0.00010645102386135529], "DPB1": [8644.0, 278, 0.04568713829430251], "DQA1": [3720.0, 110, 0.019892159664486646], "DQB1": [3797.0, 155, 0.019251110855227287], "DRA": [17340.0, 10, 0.09308675146219988], "DRB1": [13643.0, 138, 0.06994836694199125], "DRB3": [35.0, 8, 0.00017944681103640648], "DRB5": [4476.0, 10, 0.02294868360568444], "E": [18545.0, 351, 0.07025832181462299], "F": [2634.0, 16, 0.01039118932664157], "H": [95.0, 22, 0.000355969892748054], "K": [19.0, 7, 7.138938745688329e-05], "L": [429.0, 2, 0.0016074850946201594], "T": [799.0, 1, 0.0071488191482408404], "Y": [1.0, 1, 4.983942289880776e-06], "DRB4": [25.0, 4, 0.00012817629359743318], "DMB": [424.0, 3, 0.0021985730069057903], "J": [8.0, 3, 3.000378773962929e-05], "DPB2": [4.0, 2, 2.1168909519905975e-05], "V": [1.0, 1, 7.94345927826259e-06], "DOB": [166.0, 10, 0.0008293473992445889], "DOA": [96.0, 15, 0.0005235720729066785], "G": [2.0, 1, 8.076240800121454e-06]}