{"A": [69393.0, 3356, 0.2357804196181068], "B": [54323.0, 2359, 0.18610167382490872], "C": [40155.0, 2454, 0.13606509346909443], "DMA": [2917.0, 3, 0.013845488911509015], "DPA1": [10276.0, 119, 0.04896172909279683], "DPB1": [7781.0, 368, 0.03736016706188901], "DQA1": [5941.0, 149, 0.02885976201108007], "DQB1": [3423.0, 335, 0.015765810178586557], "DRA": [17837.0, 9, 0.08698708753584009], "DRB1": [21986.0, 175, 0.10240192495831688], "DRB3": [378.0, 11, 0.0017605716198600826], "DRB5": [241.0, 8, 0.001122480847582751], "DRB6": [1.0, 1, 9.766322249286174e-06], "DRB7": [1.0, 1, 9.948626931272848e-06], "E": [18934.0, 546, 0.06516396528484321], "F": [2960.0, 15, 0.010608046007409088], "H": [28.0, 15, 9.531075071018696e-05], "HFE": [28.0, 1, 9.977133025631796e-05], "L": [314.0, 4, 0.0010688419901070966], "T": [1170.0, 1, 0.009509716919599046], "V": [11.0, 2, 7.937734253675144e-05], "DRB4": [3036.0, 11, 0.014140464121415902], "W": [1.0, 1, 3.9858280974650835e-06], "DMB": [700.0, 3, 0.0032973668806302054], "K": [57.0, 11, 0.00019455800608962224], "G": [10.0, 7, 3.668372762268749e-05], "DPB2": [2.0, 1, 9.615296647493088e-06], "DOB": [66.0, 6, 0.00029954807366058757], "DOA": [71.0, 10, 0.00035176917934281484], "Y": [2.0, 1, 9.055182279677955e-06]}