{"A": [41630.0, 2856, 0.20644639836415513], "B": [88587.0, 2775, 0.4429404623592768], "C": [14257.0, 1500, 0.07050892128991944], "DMA": [1169.0, 2, 0.008098325059704193], "DMB": [167.0, 4, 0.001148139158897456], "DOB": [66.0, 10, 0.00043719517253003353], "DPA1": [2697.0, 77, 0.018755231290253055], "DPB1": [2239.0, 187, 0.01569048307094654], "DQA1": [2101.0, 99, 0.014895945416137224], "DQB1": [1450.0, 197, 0.009747342426834026], "DRA": [4574.0, 9, 0.0325565191353387], "DRB1": [4034.0, 123, 0.02742247300648091], "DRB5": [978.0, 8, 0.0066482842340947765], "E": [22846.0, 364, 0.11475830634787798], "F": [2035.0, 14, 0.010644295531002594], "H": [11.0, 5, 5.464939656625419e-05], "HFE": [14.0, 1, 7.280892080512324e-05], "L": [1268.0, 3, 0.0062995849860009384], "T": [712.0, 1, 0.008446378670879301], "Y": [1.0, 1, 6.608091199979545e-06], "DRB3": [47.0, 5, 0.0003194983220883993], "DRB4": [452.0, 10, 0.0030726221613607764], "K": [30.0, 9, 0.00014945289520905245], "DPB2": [25.0, 2, 0.00017542097773141574], "DPA2": [10.0, 2, 7.428468142951085e-05], "V": [3.0, 1, 3.159613432562753e-05], "DOA": [82.0, 11, 0.0005929555195222017], "W": [1.0, 1, 5.817379432460625e-06]}