{"A": [300699.0, 5887, 0.1900179503051828], "B": [545740.0, 5718, 0.34771457260355154], "C": [207314.0, 4983, 0.13064906247047586], "DMA": [14645.0, 2, 0.012928014049050713], "DMB": [2649.0, 4, 0.002320714747657971], "DOA": [267.0, 12, 0.00024602615003619353], "DPA1": [35202.0, 129, 0.031193963665060845], "DPB1": [33920.0, 381, 0.030290037443294563], "DQA1": [14941.0, 135, 0.013498435358590568], "DQB1": [12016.0, 342, 0.010292950546921352], "DRA": [82203.0, 9, 0.07455747948105645], "DRB1": [92261.0, 208, 0.07991910779714685], "DRB3": [14959.0, 29, 0.012957912157222659], "DRB5": [147.0, 6, 0.00012733558975277297], "DRB6": [3.0, 1, 5.449076150869278e-06], "DRB7": [1.0, 1, 1.850264079672946e-06], "E": [74107.0, 895, 0.047434566473358974], "F": [10113.0, 19, 0.006740533370941103], "H": [174.0, 42, 0.00011015486423235376], "HFE": [126.0, 1, 8.350045631761862e-05], "K": [238.0, 17, 0.00015108515014712758], "L": [1293.0, 4, 0.000818564594554215], "S": [4.0, 3, 1.0394742020634528e-05], "T": [4335.0, 3, 0.006553018615508351], "U": [1.0, 1, 3.54004607080283e-06], "V": [26.0, 2, 3.489376165727509e-05], "Y": [951.0, 3, 0.0008007893536569956], "DRB4": [1.0, 1, 8.66228501719544e-07], "DPB2": [32.0, 2, 2.8612331128963082e-05], "G": [18.0, 7, 1.2280513803139022e-05], "DPA2": [18.0, 3, 1.703858463546028e-05], "DOB": [563.0, 9, 0.0004752274985656335], "J": [5.0, 2, 3.16826041039888e-06], "DQA2": [1.0, 1, 9.034492576528056e-07]}