{"A": [262079.0, 7465, 0.19970012570817733], "B": [432642.0, 7277, 0.3323909978052402], "C": [84233.0, 3458, 0.06400934822325965], "DMA": [10621.0, 3, 0.011305540189860557], "DMB": [3325.0, 4, 0.003512488600484541], "DPA1": [41391.0, 179, 0.04422752252463467], "DPB1": [32027.0, 632, 0.03448606928398717], "DQA1": [9891.0, 144, 0.01077525203631537], "DQB1": [24932.0, 554, 0.0257525687194008], "DRA": [82445.0, 9, 0.09016777282509127], "DRB1": [63471.0, 196, 0.06629660362794348], "DRB3": [6669.0, 26, 0.006965890715362214], "DRB5": [26386.0, 8, 0.027560652633910238], "DRB6": [1.0, 1, 2.190206646131367e-06], "DRB7": [15.0, 1, 3.346635755288729e-05], "E": [81962.0, 1425, 0.06326036895179309], "F": [10299.0, 18, 0.008277377916358939], "G": [11.0, 7, 9.04940838450738e-06], "H": [87.0, 28, 6.641362014373162e-05], "HFE": [71.0, 1, 5.673618400799898e-05], "K": [107.0, 11, 8.190531240070769e-05], "L": [1124.0, 4, 0.0008580334372592453], "T": [4946.0, 1, 0.009015501332057764], "U": [1.0, 1, 4.268668055215215e-06], "V": [11.0, 2, 1.780125401749324e-05], "Y": [5.0, 1, 5.076813949163727e-06], "DRB4": [3.0, 2, 3.1335540779857013e-06], "J": [12.0, 5, 9.168865082982819e-06], "DPB2": [36.0, 2, 3.8814074481441446e-05], "DQA2": [4.0, 4, 4.357598639698866e-06], "DPA2": [2.0, 1, 2.282834758041425e-06], "DOB": [678.0, 10, 0.0006900909495394642], "DOA": [369.0, 14, 0.0004099962130483204], "S": [1.0, 1, 3.1335540779857013e-06]}