{"A": [60507.0, 3541, 0.25439356124170426], "B": [62471.0, 3104, 0.2648216045555991], "C": [34082.0, 2714, 0.14290275039908026], "DMA": [1501.0, 3, 0.008815784809524285], "DMB": [486.0, 4, 0.002832787009080679], "DOA": [19.0, 8, 0.00011648270815953211], "DPA1": [4003.0, 110, 0.02360079662662117], "DPB1": [4016.0, 353, 0.02386027911971935], "DQA1": [1033.0, 131, 0.006209289888924335], "DQB1": [2422.0, 243, 0.01380358692198033], "DRA": [8601.0, 9, 0.051902747366958525], "DRB1": [10997.0, 211, 0.06337887753779303], "DRB3": [3067.0, 23, 0.01767600412916352], "DRB5": [229.0, 6, 0.0013197929395430213], "E": [21978.0, 541, 0.09359695527420074], "F": [2932.0, 19, 0.013002176912067464], "H": [22.0, 8, 9.266483592829472e-05], "HFE": [31.0, 1, 0.0001366840525093228], "K": [104.0, 12, 0.0004392542900461925], "L": [359.0, 4, 0.0015121216408299002], "T": [1453.0, 1, 0.014613551122774628], "V": [27.0, 2, 0.00024108825609197267], "Y": [51.0, 3, 0.0002857233930410394], "DRB4": [38.0, 6, 0.0002190049419329031], "DPA2": [6.0, 3, 3.778766966789446e-05], "W": [3.0, 2, 1.4796133475730042e-05], "DPB2": [4.0, 1, 2.3795843527978212e-05], "J": [3.0, 2, 1.2647653820350063e-05], "DOB": [18.0, 4, 0.00010108891192177605], "G": [8.0, 5, 3.6313814312116214e-05]}