{"A": [28900.0, 2417, 0.21953501019433885], "B": [33607.0, 2183, 0.25740095418437464], "C": [14114.0, 1579, 0.10692298643269953], "DMA": [1232.0, 2, 0.013073637776585451], "DMB": [290.0, 3, 0.0030540848775856043], "DOB": [78.0, 9, 0.000791463828331774], "DPA1": [4542.0, 113, 0.04838309588709694], "DPA2": [2.0, 2, 2.275801122498752e-05], "DPB1": [3556.0, 274, 0.03817236077378943], "DQA1": [2415.0, 112, 0.02622794119818801], "DQB1": [1368.0, 196, 0.014086703214684497], "DRA": [6365.0, 8, 0.06939772907234275], "DRB1": [7947.0, 125, 0.08275209228791965], "DRB5": [6.0, 3, 6.247798587234401e-05], "DRB7": [1.0, 1, 2.224216297055447e-05], "E": [10212.0, 475, 0.07857598071562577], "F": [1471.0, 14, 0.011786102928561104], "HFE": [5.0, 1, 3.983195374382964e-05], "L": [184.0, 1, 0.001400282157817754], "T": [764.0, 1, 0.013883180154823213], "V": [3.0, 2, 4.839929079666108e-05], "Y": [112.0, 3, 0.0011337024815088442], "DRB4": [1187.0, 10, 0.012360228205078724], "K": [10.0, 7, 7.631117213136254e-05], "DPB2": [7.0, 2, 7.523927551250706e-05], "W": [2.0, 1, 1.782224596999557e-05], "DOA": [55.0, 12, 0.0006092225913249482], "H": [6.0, 5, 4.5661374711448504e-05], "J": [2.0, 1, 1.523435819900991e-05], "G": [2.0, 2, 1.640277505203132e-05], "DQA2": [1.0, 1, 1.086043113796605e-05]}