{"A": [13789.0, 1806, 0.16887739677844685], "B": [32529.0, 2025, 0.40168343940243656], "C": [6044.0, 1209, 0.07382071222573247], "DMA": [495.0, 2, 0.008468836475570807], "DPA1": [2297.0, 85, 0.039449393201820275], "DPB1": [1815.0, 199, 0.03141208072406058], "DQB1": [833.0, 211, 0.013829327986886842], "DRA": [3275.0, 9, 0.05756930194385844], "DRB1": [3488.0, 119, 0.0585578407764479], "DRB3": [322.0, 14, 0.005405855713880798], "DRB5": [543.0, 6, 0.009116085877755507], "DRB7": [1.0, 1, 3.585996212686144e-05], "E": [6570.0, 371, 0.08150367314580709], "F": [724.0, 14, 0.009352526145478272], "HFE": [2.0, 1, 2.568765195333914e-05], "K": [35.0, 8, 0.00043061482425897206], "L": [135.0, 2, 0.0016563965170368253], "T": [382.0, 1, 0.011191589487304796], "DRB4": [366.0, 9, 0.006144544072299292], "DMB": [108.0, 3, 0.0018337480633054146], "DQA1": [1076.0, 97, 0.018840487914308063], "V": [2.0, 1, 5.202122165405432e-05], "H": [9.0, 5, 0.00011042643446912169], "DOB": [31.0, 6, 0.0005071436249692997], "DOA": [7.0, 4, 0.0001250098281314891]}