{"A": [16535.0, 1634, 0.15012481898744648], "B": [24861.0, 2278, 0.22758380356785016], "C": [11969.0, 1480, 0.10837302242977835], "DMA": [1515.0, 2, 0.019215014849451706], "DPA1": [3649.0, 106, 0.04645823847512136], "DPB1": [3821.0, 265, 0.049023764404388034], "DQB1": [1152.0, 165, 0.014178102046011274], "DRA": [9020.0, 10, 0.11754272100645377], "DRB1": [8207.0, 132, 0.1021415760986785], "DRB5": [2949.0, 8, 0.03670226732240805], "E": [6193.0, 267, 0.05695376453950432], "F": [1064.0, 14, 0.010189233999204787], "H": [13.0, 7, 0.0001182451770203666], "HFE": [7.0, 1, 6.665028271987749e-05], "L": [159.0, 1, 0.0014462294727875609], "T": [458.0, 1, 0.009947259094781193], "Y": [1.0, 1, 1.2098274273181645e-05], "S": [1.0, 1, 3.733699625880778e-05], "DRB4": [1572.0, 10, 0.019564586039615275], "DMB": [353.0, 3, 0.004443243982814257], "DQA1": [1843.0, 92, 0.023922951114622906], "K": [4.0, 3, 3.6482993599640174e-05], "V": [4.0, 1, 7.712942360620252e-05], "J": [3.0, 1, 2.7312268496168978e-05], "DOB": [54.0, 5, 0.0006548963650358766], "DOA": [56.0, 9, 0.0007413848181430198], "DRB3": [32.0, 4, 0.000398261293427283], "G": [2.0, 2, 1.9604676501674884e-05]}