{"A": [88460.0, 3004, 0.191232868671819], "B": [84275.0, 3299, 0.1836914009687098], "C": [94800.0, 2732, 0.20438026755522962], "DMA": [3384.0, 2, 0.010219408353638482], "DMB": [699.0, 4, 0.0020949320410092107], "DOA": [151.0, 18, 0.0004759922876892497], "DPA1": [15837.0, 116, 0.0480097118797746], "DPA2": [8.0, 2, 2.5906214513882354e-05], "DPB1": [15370.0, 337, 0.04695380518314777], "DQA1": [7296.0, 121, 0.02254974059592747], "DQB1": [5463.0, 200, 0.01600899712482804], "DRA": [20229.0, 8, 0.06276693533058367], "DRB1": [21705.0, 148, 0.06431987905047713], "DRB3": [86.0, 11, 0.00025484955532554865], "DRB5": [5027.0, 8, 0.014896845518855036], "E": [43318.0, 575, 0.09485430793691846], "F": [4702.0, 17, 0.010721359045659637], "H": [6.0, 4, 1.2994472106758051e-05], "HFE": [40.0, 1, 9.068412243875724e-05], "K": [280.0, 22, 0.0006080731320710446], "L": [592.0, 2, 0.0012821212478667944], "T": [2448.0, 1, 0.01265950349245051], "V": [12.0, 2, 5.509455098261827e-05], "Y": [356.0, 3, 0.0010255119637391644], "DRB4": [3307.0, 9, 0.009799854412344064], "DPB2": [20.0, 2, 6.117672435140388e-05], "J": [1.0, 1, 2.1677232007620733e-06], "DOB": [321.0, 12, 0.0009269390102820743], "G": [8.0, 4, 1.867183405966152e-05]}