{"A": [41420.0, 2835, 0.12941254278531944], "B": [81280.0, 3734, 0.2560497943393963], "C": [34265.0, 2675, 0.10676576920844509], "DMA": [3033.0, 2, 0.013237881234315558], "DMB": [1083.0, 4, 0.004691069758804792], "DPA1": [17620.0, 124, 0.0771991925920162], "DPA2": [2.0, 1, 9.36040494098525e-06], "DPB1": [15063.0, 495, 0.06650573131653963], "DQA1": [3018.0, 126, 0.013481140395845003], "DQB1": [6151.0, 326, 0.026051295450948274], "DRA": [23857.0, 9, 0.10698502969693033], "DRB1": [25074.0, 264, 0.1073889810414255], "DRB3": [5139.0, 28, 0.022009730141656126], "DRB5": [50.0, 7, 0.00021414409555999342], "DRB7": [1.0, 1, 9.148235762322918e-06], "E": [15651.0, 505, 0.049531493744043815], "F": [2144.0, 16, 0.007065496208364675], "G": [22.0, 9, 7.421135205424197e-05], "H": [34.0, 17, 0.00010642336311096462], "HFE": [4.0, 1, 1.310635496034802e-05], "K": [50.0, 15, 0.0001569345110188058], "L": [431.0, 3, 0.0013490726323772278], "T": [1365.0, 1, 0.010202076646708157], "Y": [11.0, 4, 4.5796689950949075e-05], "DRB4": [131.0, 8, 0.0005610575303671828], "DPB2": [42.0, 2, 0.0001856761768770438], "V": [3.0, 1, 1.9906702577588557e-05], "DOB": [82.0, 9, 0.0003422241480431019], "DOA": [73.0, 14, 0.0003325802841880344], "J": [1.0, 1, 3.1329574528503145e-06]}