{"A": [286895.0, 5988, 0.20824379420685762], "B": [507384.0, 5578, 0.371330238800528], "C": [183500.0, 4966, 0.13283122515155352], "DMA": [7896.0, 2, 0.00800637674653944], "DMB": [1677.0, 5, 0.0016875603377208728], "DOA": [191.0, 9, 0.0002021574821031611], "DPA1": [31125.0, 105, 0.03168101059649121], "DPB1": [22791.0, 334, 0.023377269902927076], "DQA1": [10467.0, 112, 0.01086206588797899], "DQB1": [8709.0, 304, 0.008569089924776885], "DRA": [51499.0, 9, 0.05365235501239102], "DRB1": [65737.0, 190, 0.06540768724934587], "DRB3": [7614.0, 25, 0.007575857290666131], "DRB5": [3.0, 2, 2.984971351720304e-06], "DRB6": [1.0, 1, 2.0863543217521494e-06], "DRB7": [1.0, 1, 2.1252996024248563e-06], "E": [77245.0, 1096, 0.05679270103412409], "F": [8811.0, 19, 0.006745682563748346], "H": [267.0, 46, 0.00019415659004816489], "HFE": [99.0, 1, 7.535983547280114e-05], "K": [247.0, 15, 0.0001801060161707249], "L": [996.0, 4, 0.0007242695269212443], "S": [2.0, 1, 5.969942703440608e-06], "T": [6069.0, 1, 0.010537943862023245], "U": [7.0, 2, 2.846383396104718e-05], "V": [32.0, 2, 4.932997142959048e-05], "Y": [739.0, 3, 0.0007147738499053256], "W": [1.0, 1, 8.514822125099585e-07], "J": [13.0, 5, 9.461950284768196e-06], "DPB2": [36.0, 3, 3.697363999063861e-05], "DPA2": [7.0, 3, 7.6110661069102965e-06], "DOB": [460.0, 10, 0.00044600265379353735], "G": [21.0, 7, 1.645696594798008e-05]}