{"A": [97523.0, 4431, 0.24124711920281902], "B": [97760.0, 3720, 0.24383202009126775], "C": [50344.0, 3085, 0.12419892113782925], "DMA": [2847.0, 2, 0.009838351724254667], "DOA": [21.0, 8, 7.57498438796261e-05], "DOB": [66.0, 7, 0.00021808688107575355], "DPA1": [10840.0, 123, 0.03760321204551029], "DPB1": [8542.0, 438, 0.029860424116815828], "DQA1": [2854.0, 155, 0.010093694877705669], "DQB1": [4459.0, 281, 0.014952364553557753], "DRA": [19707.0, 9, 0.06997074612647688], "DRB1": [22120.0, 222, 0.0750084221867219], "DRB3": [6421.0, 25, 0.0217734664946176], "DRB5": [326.0, 5, 0.0011054586633305306], "DRB7": [1.0, 1, 7.2431279290613906e-06], "E": [33906.0, 643, 0.08495808195206025], "F": [5239.0, 18, 0.01366957752894547], "HFE": [67.0, 1, 0.0001738143163492526], "K": [96.0, 12, 0.00023856597021611168], "L": [543.0, 3, 0.0013456951866378886], "T": [2712.0, 1, 0.016048499136939946], "V": [22.0, 2, 0.00011558182865523496], "Y": [15.0, 3, 4.944489636040088e-05], "DRB4": [71.0, 6, 0.0002407594021364039], "DMB": [900.0, 3, 0.0030865601970432067], "DPB2": [15.0, 2, 5.250334355795145e-05], "DPA2": [1.0, 1, 3.7055565803520076e-06], "W": [2.0, 1, 5.803788404696628e-06], "J": [1.0, 1, 2.4805232633771884e-06], "G": [16.0, 8, 4.273231816555393e-05], "H": [73.0, 20, 0.00018091298089238647]}