{"A": [25295.0, 2403, 0.1112314767218933], "B": [50242.0, 3328, 0.2227585584719439], "C": [30459.0, 2437, 0.13357453817237858], "DMA": [2218.0, 3, 0.0136249323667913], "DPA1": [10950.0, 130, 0.06752237607849321], "DPB1": [9989.0, 442, 0.06207208787685193], "DQA1": [4359.0, 194, 0.027404444828098475], "DQB1": [5930.0, 354, 0.035348015263983186], "DRA": [19301.0, 9, 0.12181863671245423], "DRB1": [18123.0, 222, 0.10924282785422638], "DRB3": [979.0, 18, 0.005901270676449133], "DRB5": [4402.0, 10, 0.026534620549263616], "DRB7": [1.0, 1, 1.2875499657707197e-05], "E": [8649.0, 405, 0.0385240532309189], "F": [1431.0, 15, 0.006637190205395893], "HFE": [41.0, 1, 0.00018907431445773466], "K": [81.0, 13, 0.0003578163788681209], "L": [324.0, 4, 0.0014273478178936357], "T": [842.0, 1, 0.008857165614207076], "Y": [62.0, 2, 0.00036329534835156837], "DRB4": [225.0, 11, 0.0013562675201236516], "DMB": [661.0, 3, 0.004029689997038096], "DPB2": [31.0, 2, 0.00019288361278459556], "DPA2": [26.0, 1, 0.00017126346747973423], "V": [2.0, 1, 1.8678190992805413e-05], "H": [11.0, 10, 4.845933949638886e-05], "DOB": [70.0, 6, 0.00041117015330269333], "DOA": [56.0, 12, 0.0003590776796970135], "W": [1.0, 1, 5.158453388504487e-06], "G": [1.0, 1, 4.747603118623598e-06]}