{"A": [174024.0, 5914, 0.19542318350357354], "B": [224647.0, 5320, 0.25435601987606193], "C": [78675.0, 3993, 0.08810868299766249], "DMA": [7365.0, 3, 0.011553657318223672], "DOB": [212.0, 11, 0.00031800454015758873], "DPA1": [37844.0, 154, 0.059594276116104926], "DPB1": [31462.0, 646, 0.04992689813557273], "DQA1": [9840.0, 202, 0.015798038048925492], "DQB1": [13240.0, 344, 0.020154509968590046], "DRA": [58412.0, 9, 0.0941477441493472], "DRB1": [55068.0, 249, 0.08476880575166204], "DRB3": [5742.0, 19, 0.008838935182429786], "DRB5": [8392.0, 9, 0.012918206905425073], "DRB6": [2.0, 1, 6.455589548788352e-06], "DRB7": [5.0, 1, 1.6440234717581002e-05], "E": [67154.0, 1010, 0.07638566805058357], "F": [9091.0, 19, 0.010767879958035222], "HFE": [49.0, 1, 5.770569492560667e-05], "K": [218.0, 18, 0.00024592665840114306], "L": [1325.0, 4, 0.0014906462819886971], "T": [4002.0, 1, 0.010750624075124046], "V": [9.0, 2, 2.1464523083882354e-05], "Y": [274.0, 3, 0.0004100082808814194], "DRB4": [28.0, 6, 4.3101738959950196e-05], "DMB": [1984.0, 3, 0.0030887713711818853], "J": [5.0, 3, 5.630217369034589e-06], "DPB2": [55.0, 3, 8.739171161085262e-05], "G": [24.0, 8, 2.909776056209027e-05], "DPA2": [11.0, 2, 1.850367481855979e-05], "H": [218.0, 37, 0.00024525350148946114], "DOA": [258.0, 16, 0.00042246818298166314]}