{"A": [63202.0, 2923, 0.1989640683196707], "B": [98464.0, 2910, 0.3125329173872025], "C": [19820.0, 1766, 0.062224655709214254], "DMA": [2363.0, 3, 0.010391717855508834], "DMB": [884.0, 4, 0.0038580979960609425], "DOB": [101.0, 9, 0.00042471316910100475], "DPA1": [12594.0, 90, 0.05559658269998508], "DPB1": [10110.0, 310, 0.0449755318725279], "DQA1": [2872.0, 125, 0.012926155814291285], "DQB1": [3078.0, 170, 0.013134990643602955], "DRA": [18134.0, 9, 0.08193667710048022], "DRB1": [18946.0, 149, 0.08175817489115632], "DRB3": [3113.0, 15, 0.013433611233831395], "DRB5": [8.0, 3, 3.4522611587102846e-05], "DRB7": [1.0, 1, 9.21753729375646e-06], "E": [25473.0, 527, 0.08122635867753401], "F": [3305.0, 14, 0.010974049263640165], "HFE": [35.0, 1, 0.00011554935719250576], "K": [82.0, 15, 0.00025932229806313915], "L": [443.0, 3, 0.001397138123107018], "T": [1751.0, 1, 0.013186199184123825], "V": [6.0, 2, 4.011500756470413e-05], "DPB2": [17.0, 2, 7.572396939136267e-05], "H": [26.0, 11, 8.199907720266924e-05], "DRB4": [7.0, 3, 3.020728513871499e-05], "DOA": [89.0, 13, 0.0004085462246734686], "J": [1.0, 1, 3.1566908540261846e-06]}