{"A": [57236.0, 3409, 0.13934347025523255], "B": [107802.0, 4547, 0.2646175387529115], "C": [62866.0, 3313, 0.15263291428928394], "DMA": [3527.0, 3, 0.011995064866691964], "DPA1": [16553.0, 136, 0.05651121440779042], "DPA2": [18.0, 3, 6.564296929589665e-05], "DPB1": [13425.0, 478, 0.046186277737058724], "DQA1": [6835.0, 206, 0.02379013936167198], "DQB1": [8410.0, 427, 0.027754324657999572], "DRA": [25984.0, 9, 0.09079548642681887], "DRB1": [26608.0, 280, 0.08879722687678489], "DRB3": [1361.0, 21, 0.004541980824537892], "DRB5": [6366.0, 9, 0.021244856670836317], "E": [18853.0, 553, 0.04649121247434145], "F": [2882.0, 16, 0.007400531886828767], "HFE": [10.0, 1, 2.5531304517612352e-05], "K": [115.0, 16, 0.00028125313087311207], "L": [564.0, 3, 0.0013755875518326856], "T": [1750.0, 1, 0.010191662898125321], "V": [23.0, 2, 0.00011892056945621335], "Y": [147.0, 3, 0.00047688077026713583], "DRB4": [522.0, 7, 0.0017420382001534019], "DMB": [844.0, 3, 0.0028486359596552363], "DPB2": [15.0, 2, 5.167128059911108e-05], "H": [43.0, 17, 0.00010487635590213738], "DOB": [80.0, 6, 0.0002601584022378602], "DOA": [97.0, 11, 0.00034434711228475333], "J": [1.0, 1, 2.4412124045607423e-06], "W": [1.0, 1, 2.8559055373867664e-06], "G": [2.0, 1, 5.2568880688181186e-06]}