{"A": [146158.0, 3168, 0.14606554044512662], "B": [315716.0, 2467, 0.3181238505954656], "C": [113223.0, 2260, 0.11284306075340135], "DMA": [8099.0, 3, 0.01130671307438545], "DMB": [1859.0, 4, 0.0025756196315781734], "DOB": [277.0, 9, 0.00036977323264224276], "DPA1": [35501.0, 166, 0.04975151875979418], "DPB1": [32429.0, 467, 0.04579731915603404], "DQA1": [16453.0, 142, 0.02350776800944287], "DQB1": [21138.0, 411, 0.028635606980828097], "DRA": [49839.0, 8, 0.07148837135717345], "DRB1": [62873.0, 209, 0.08613093974933288], "DRB3": [25019.0, 21, 0.03427401239941723], "DRB5": [180.0, 7, 0.00024658548430773016], "DRB7": [1.0, 1, 2.9261477471183977e-06], "E": [48821.0, 646, 0.04942024648134247], "F": [6440.0, 18, 0.006788325465217032], "G": [14.0, 8, 1.510548247037521e-05], "H": [95.0, 25, 9.511315099552275e-05], "HFE": [38.0, 1, 3.982579311980627e-05], "K": [331.0, 23, 0.0003323038326725262], "L": [1317.0, 3, 0.0013185686301168786], "T": [3866.0, 1, 0.009242228096699123], "U": [5.0, 1, 2.799248482574998e-05], "V": [22.0, 2, 4.669384702848507e-05], "Y": [813.0, 4, 0.0010826569106829145], "DRB4": [2.0, 2, 2.739838714530335e-06], "W": [1.0, 1, 1.1723348345826917e-06], "DPB2": [87.0, 2, 0.0001230226420744043], "DPA2": [10.0, 2, 1.4970060097808993e-05], "J": [3.0, 3, 3.0063161785462993e-06], "DOA": [224.0, 17, 0.00032642285625225154]}