{"A": [15804.0, 1878, 0.11708979608865523], "B": [22386.0, 2243, 0.16722568686416744], "C": [26236.0, 2342, 0.19384949414499913], "DMA": [1265.0, 3, 0.013092492936150689], "DPA1": [6981.0, 96, 0.07252875869660384], "DPB1": [5130.0, 321, 0.05370945123617042], "DQA1": [3106.0, 114, 0.03289990168489754], "DQB1": [3432.0, 282, 0.034468043239056424], "DRA": [10625.0, 7, 0.11298528159655734], "DRB1": [9919.0, 198, 0.10073716927247212], "DRB5": [14.0, 2, 0.00014218372515521823], "E": [8966.0, 489, 0.06728586208968708], "F": [1293.0, 15, 0.010104205355920368], "G": [1.0, 1, 7.998957989136803e-06], "HFE": [3.0, 1, 2.3309284455450222e-05], "K": [12.0, 8, 8.931315946882483e-05], "L": [82.0, 2, 0.0006086360424690461], "T": [586.0, 1, 0.01038578431616982], "V": [7.0, 2, 0.00011014425904190503], "DRB3": [622.0, 18, 0.006317019789038981], "DRB4": [14.0, 5, 0.00014218372515521823], "DMB": [381.0, 3, 0.003913399298935304], "DPB2": [22.0, 2, 0.0002306297500630758], "DPA2": [6.0, 1, 6.658886991775275e-05], "H": [34.0, 14, 0.0002523612859017996], "DOB": [107.0, 8, 0.0010589277486859827], "DOA": [60.0, 13, 0.0006482024123467831], "Y": [2.0, 2, 1.9745000667359534e-05], "J": [1.0, 1, 7.429169200869523e-06]}