{"A": [29915.0, 2045, 0.16837533327812265], "B": [14252.0, 1670, 0.08087973790349132], "C": [30802.0, 1622, 0.1728953841261941], "DMA": [1595.0, 2, 0.012540935743865844], "DMB": [436.0, 4, 0.0034021472686740837], "DPA1": [9763.0, 100, 0.0770572185225595], "DPB1": [8168.0, 392, 0.0649660574111783], "DQA1": [5934.0, 136, 0.04775052196432744], "DQB1": [4225.0, 323, 0.03223543207168767], "DRA": [14088.0, 9, 0.11380981282933306], "DRB1": [12389.0, 160, 0.09558627515258952], "DRB5": [3026.0, 6, 0.023346845476772612], "DRB7": [2.0, 1, 3.296025243779663e-05], "E": [13141.0, 328, 0.07491882102486488], "F": [1183.0, 12, 0.007023050906684693], "HFE": [1.0, 1, 5.902624003903408e-06], "K": [28.0, 9, 0.00015831777245968188], "L": [353.0, 2, 0.00199047144911192], "T": [485.0, 1, 0.006530115372684382], "DRB3": [42.0, 11, 0.00032404742565249496], "DRB4": [1942.0, 10, 0.014983335728979648], "W": [3.0, 1, 1.9807844013098935e-05], "DPB2": [21.0, 2, 0.0001672435489353405], "G": [1.0, 1, 6.07674270608345e-06], "DPA2": [19.0, 1, 0.00016019222279624895], "H": [11.0, 6, 6.202602249357258e-05], "DOB": [47.0, 10, 0.0003533603705694438], "DOA": [51.0, 13, 0.00041856894281066436]}