{"A": [304600.0, 5136, 0.23762723302443203], "B": [423345.0, 5231, 0.33299307906038095], "C": [72909.0, 3693, 0.05672342876371265], "DMA": [5579.0, 2, 0.006079984435774236], "DPA1": [41927.0, 136, 0.04586703624425], "DPB1": [31681.0, 505, 0.03492581223324232], "DQA1": [35706.0, 148, 0.03982434419047977], "DQB1": [9340.0, 472, 0.009877124078451878], "DRA": [37812.0, 10, 0.0423386363633934], "DRB1": [69246.0, 238, 0.07405098291062133], "DRB4": [16575.0, 12, 0.017725139961059823], "DRB5": [75.0, 3, 8.020425321746527e-05], "DRB7": [5.0, 1, 1.1421085658167055e-05], "E": [95419.0, 947, 0.075400500859085], "F": [13645.0, 22, 0.011227717132974744], "H": [143.0, 31, 0.00011176199241226428], "HFE": [20.0, 1, 1.636258690281813e-05], "K": [290.0, 13, 0.00022727229008703882], "L": [5727.0, 5, 0.00447595056325201], "S": [1.0, 1, 3.2081701286986104e-06], "T": [4742.0, 1, 0.008849475194612447], "V": [31.0, 2, 5.1361748849590714e-05], "Y": [4.0, 2, 4.158162254187034e-06], "G": [20.0, 9, 1.6845259082842262e-05], "DRB3": [86.0, 12, 9.196754368936017e-05], "DMB": [1070.0, 3, 0.0011572501566513966], "J": [15.0, 5, 1.1733992114555192e-05], "DPB2": [7.0, 2, 7.72689429193003e-06], "DPA2": [1.0, 1, 1.1685967590211857e-06], "DOB": [78.0, 9, 8.128144902710129e-05], "DOA": [119.0, 13, 0.00013536944156592424], "DQA2": [4.0, 2, 4.461361585221505e-06]}