{"A": [55109.0, 2859, 0.16090151519047385], "B": [87429.0, 2860, 0.25737572011437115], "C": [19264.0, 1889, 0.05609176347901256], "DMA": [3827.0, 2, 0.01560902799988914], "DMB": [826.0, 4, 0.003343449817793834], "DOB": [69.0, 8, 0.0002691021804180399], "DPA1": [14006.0, 141, 0.057344570385263395], "DPB1": [12430.0, 373, 0.05128496380232605], "DQA1": [7990.0, 115, 0.0333522780515171], "DQB1": [4577.0, 270, 0.01811489566601734], "DRA": [23653.0, 11, 0.09912078666207697], "DRB1": [29274.0, 193, 0.11716273358838462], "DRB3": [3385.0, 15, 0.013547716512833298], "DRB4": [4583.0, 11, 0.01834244749728656], "DRB5": [17.0, 4, 6.803875353564729e-05], "DRB7": [1.0, 1, 8.548869267773094e-06], "E": [24217.0, 487, 0.0716194535485451], "F": [3364.0, 18, 0.01035965281584607], "HFE": [30.0, 1, 9.185747780558484e-05], "K": [96.0, 16, 0.0002815730042450425], "L": [870.0, 5, 0.002544770619170595], "T": [1793.0, 1, 0.012522975978036895], "V": [11.0, 2, 6.820906330670022e-05], "DPB2": [17.0, 2, 7.023072368821325e-05], "DPA2": [4.0, 2, 1.7494275445647535e-05], "H": [32.0, 17, 9.360075840627476e-05], "DOA": [90.0, 14, 0.00038316645124481007], "G": [3.0, 3, 9.456713791784398e-06]}