{"A": [70902.0, 2950, 0.18826229951501697], "B": [88048.0, 3351, 0.23572130075702], "C": [37855.0, 2260, 0.10024048165878398], "DMA": [3025.0, 3, 0.011220444093678117], "DMB": [882.0, 4, 0.003246763214304425], "DOB": [164.0, 7, 0.0005816734533596686], "DPA1": [17564.0, 133, 0.06539866448317275], "DPA2": [30.0, 5, 0.00011932309053879338], "DPB1": [14066.0, 456, 0.05277847136778993], "DQA1": [5656.0, 180, 0.021471154351739383], "DQB1": [6683.0, 364, 0.02405435164254585], "DRA": [26718.0, 9, 0.10182389917648572], "DRB1": [25696.0, 200, 0.09352769274146415], "DRB3": [2163.0, 23, 0.007872836215745135], "DRB4": [156.0, 10, 0.000567805108486473], "DRB5": [130.0, 7, 0.0004731709237387274], "DRB6": [1.0, 1, 7.632096454182858e-06], "DRB7": [1.0, 1, 7.774562254660936e-06], "E": [27186.0, 621, 0.07311782153662785], "F": [2915.0, 15, 0.008163850494357576], "H": [17.0, 7, 4.5221564209364483e-05], "HFE": [13.0, 1, 3.6199609351931296e-05], "K": [126.0, 11, 0.00033609155217999016], "L": [136.0, 3, 0.00036177251367491587], "T": [1539.0, 1, 0.009775368717257501], "V": [2.0, 2, 1.127837851256422e-05], "DPB2": [89.0, 2, 0.00033437630831096486], "G": [2.0, 1, 5.733452990162933e-06], "DOA": [110.0, 15, 0.00042589733466768083], "J": [4.0, 3, 1.0650085280357447e-05]}