{"A": [48997.0, 4018, 0.17404359092729518], "B": [84636.0, 4828, 0.30312247319749075], "C": [38245.0, 3515, 0.13548094956018114], "DMA": [2064.0, 3, 0.010241841074913998], "DMB": [633.0, 5, 0.0031172340683546713], "DOA": [31.0, 13, 0.000160567484346435], "DPA1": [7949.0, 118, 0.039595116079659216], "DPA2": [9.0, 3, 4.7888300022699026e-05], "DPB1": [8116.0, 430, 0.040739144531308044], "DQA1": [3965.0, 182, 0.020135983988638775], "DQB1": [3072.0, 424, 0.014792006127834448], "DRA": [12907.0, 10, 0.06580437376790874], "DRB1": [14199.0, 303, 0.06913789117663316], "DRB3": [978.0, 23, 0.004762085891312573], "DRB4": [1459.0, 13, 0.007104175169146262], "DRB5": [2088.0, 8, 0.01016690730169801], "DRB7": [1.0, 1, 1.0400629308633596e-05], "E": [20041.0, 577, 0.07210759178078617], "F": [2833.0, 20, 0.010614186898904532], "HFE": [6.0, 1, 2.2350922583023487e-05], "K": [78.0, 14, 0.00027833340098584877], "L": [561.0, 3, 0.001996379918616599], "T": [1709.0, 1, 0.014521793699717987], "V": [8.0, 2, 6.035181417002086e-05], "Y": [187.0, 5, 0.0008851263716843822], "DPB2": [3.0, 2, 1.5078231922954634e-05], "W": [7.0, 2, 2.916843155466153e-05], "H": [55.0, 23, 0.00019572352143299994], "DOB": [167.0, 8, 0.0007923837110135997], "J": [1.0, 1, 3.561859352271779e-06], "G": [4.0, 4, 1.5340161222173445e-05]}