{"A": [104404.0, 4533, 0.15103319130480472], "B": [153245.0, 4162, 0.22351981788034983], "C": [81310.0, 3717, 0.11730438401014638], "DMA": [7430.0, 3, 0.015014949259440934], "DOB": [161.0, 10, 0.0003111083443829697], "DPA1": [34794.0, 130, 0.07058301380838931], "DPB1": [26221.0, 566, 0.053602597186264485], "DQA1": [10412.0, 188, 0.021534289169013045], "DQB1": [14762.0, 309, 0.028947947965495824], "DRA": [59861.0, 9, 0.12429112919868109], "DRB1": [52672.0, 249, 0.10444914620706494], "DRB3": [5986.0, 23, 0.011870302802162261], "DRB5": [117.0, 8, 0.0002320122665975584], "DRB7": [1.0, 1, 4.235711123524656e-06], "E": [38911.0, 690, 0.05701652059298935], "F": [4940.0, 16, 0.007537612734226153], "H": [40.0, 14, 5.7970498953348394e-05], "HFE": [27.0, 1, 4.0961389804858784e-05], "K": [83.0, 12, 0.00012061894667859554], "L": [958.0, 3, 0.001388393449932694], "T": [1967.0, 1, 0.006806898513049836], "Y": [2.0, 2, 3.855319590586762e-06], "DRB4": [157.0, 8, 0.0003113326996223647], "DMB": [1718.0, 3, 0.0034455263779428784], "J": [6.0, 3, 8.703516007242444e-06], "DPB2": [60.0, 2, 0.00012281378901972262], "DPA2": [12.0, 3, 2.6003683568705256e-05], "V": [2.0, 1, 6.144648631805594e-06], "W": [3.0, 1, 5.090998946544058e-06], "DOA": [172.0, 13, 0.0003628198771146618], "G": [26.0, 12, 4.060785000429242e-05]}