{"A": [56386.0, 2429, 0.10182869112598984], "B": [82320.0, 3144, 0.14989208359937556], "C": [121700.0, 3130, 0.2191817922739854], "DMA": [9068.0, 2, 0.022876531600323765], "DMB": [2059.0, 4, 0.005155044037661347], "DPA1": [26472.0, 108, 0.06703879613090533], "DPB1": [18485.0, 441, 0.047173668489124645], "DQA1": [2287.0, 56, 0.0059048131460408505], "DQB1": [9993.0, 260, 0.024463133376584026], "DRA": [47410.0, 8, 0.12288807318599064], "DRB1": [55972.0, 185, 0.138560526213152], "DRB3": [12399.0, 30, 0.030694132146731792], "DRB5": [2.0, 2, 4.951065754775675e-06], "DRB7": [1.0, 1, 5.28773822610042e-06], "E": [22514.0, 456, 0.04118362722177982], "F": [5707.0, 19, 0.010870721201857022], "HFE": [48.0, 1, 9.090667437421925e-05], "J": [12.0, 4, 2.173043106616611e-05], "K": [203.0, 17, 0.0003682791147867287], "L": [387.0, 4, 0.0007001669799843281], "T": [2408.0, 1, 0.010402674549387102], "Y": [6.0, 2, 1.4438605593114011e-05], "DPB2": [12.0, 2, 3.066343043486069e-05], "G": [3.0, 3, 5.849267949226129e-06], "DPA2": [5.0, 1, 1.3525933388728906e-05], "H": [64.0, 22, 0.00011578988816278292], "DOB": [140.0, 9, 0.00033772050714145016], "DOA": [66.0, 10, 0.00017380016081804171], "DQA2": [1.0, 1, 2.5819034307130956e-06]}