{"A": [24567.0, 2182, 0.14519194254775836], "B": [55947.0, 2947, 0.3333816210436736], "C": [25996.0, 2192, 0.15321875863033058], "DMA": [1604.0, 2, 0.013242639238303168], "DMB": [413.0, 4, 0.0033839006211267117], "DOA": [24.0, 12, 0.00020682783959039236], "DPA1": [5081.0, 92, 0.04210950758184143], "DPB1": [3360.0, 314, 0.02806150688496675], "DQA1": [1150.0, 90, 0.009716936181277142], "DQB1": [2431.0, 233, 0.01947568178844216], "DRA": [8505.0, 8, 0.07214489619359282], "DRB1": [9105.0, 129, 0.07376327049736285], "DRB3": [1535.0, 22, 0.012435652961389564], "DRB5": [15.0, 2, 0.0001215210387106472], "E": [10976.0, 511, 0.06570638078913524], "F": [2101.0, 14, 0.013096886171449686], "H": [77.0, 24, 0.0004559034735131744], "HFE": [20.0, 1, 0.00012395842344123324], "K": [22.0, 9, 0.00013061565990600944], "L": [148.0, 1, 0.0008762820010383092], "T": [898.0, 1, 0.01269569209912725], "V": [2.0, 2, 2.510337898316658e-05], "Y": [3.0, 2, 2.3625813593987477e-05], "DRB4": [2.0, 2, 1.6202805161419625e-05], "DPB2": [21.0, 3, 0.00017561042887902033], "DOB": [27.0, 7, 0.0002131496759282374], "J": [1.0, 1, 5.926231476848e-06]}