{"A": [51129.0, 2731, 0.13627402033968797], "B": [69189.0, 2653, 0.18593334564710426], "C": [41297.0, 2374, 0.10976889560035875], "DMA": [3340.0, 2, 0.012435751376965239], "DMB": [1090.0, 4, 0.0040276286951480365], "DPA1": [20487.0, 109, 0.07657106990213865], "DPB1": [15451.0, 375, 0.05819473350481857], "DQA1": [9690.0, 142, 0.036924163642416505], "DQB1": [8672.0, 352, 0.031331584626916334], "DRA": [32593.0, 9, 0.12468408182800297], "DRB1": [25985.0, 102, 0.09493761452037018], "DRB4": [3003.0, 11, 0.01097162426032987], "DRB5": [8018.0, 8, 0.02929420023953543], "DRB7": [1.0, 1, 7.803992480873992e-06], "E": [24899.0, 502, 0.06722034436621825], "F": [2886.0, 14, 0.00811322849416511], "HFE": [41.0, 1, 0.0001146001761159863], "K": [44.0, 11, 0.00011780958456946102], "L": [628.0, 3, 0.0016768615230345124], "T": [1502.0, 1, 0.00957646789728165], "V": [9.0, 2, 5.094482518945789e-05], "W": [1.0, 1, 3.1265995516322093e-06], "DRB3": [18.0, 5, 6.576398158039882e-05], "DPB2": [67.0, 2, 0.0002526743699509782], "DPA2": [3.0, 2, 1.197747822780797e-05], "H": [24.0, 10, 6.408387986119156e-05], "DOB": [139.0, 8, 0.0004948699611503125], "DOA": [223.0, 17, 0.0008666784478261457], "Y": [1.0, 1, 3.551574247970567e-06], "DQA2": [2.0, 2, 7.621086407103508e-06], "G": [1.0, 1, 2.877578348404865e-06]}