{"A": [133954.0, 3831, 0.18347484330145947], "B": [242887.0, 3998, 0.33542819869737656], "C": [81680.0, 3469, 0.11157106767823984], "DMA": [3914.0, 3, 0.007488959022437004], "DMB": [1163.0, 4, 0.002208399865953889], "DPA1": [18970.0, 100, 0.036435836770033744], "DPA2": [22.0, 3, 4.513795561460231e-05], "DPB1": [22814.0, 335, 0.04415741050157931], "DQA1": [9109.0, 146, 0.01783744557464911], "DQB1": [13544.0, 240, 0.025146937661547658], "DRA": [32960.0, 9, 0.06479611191342811], "DRB1": [25389.0, 137, 0.04766902382746954], "DRB3": [45.0, 10, 8.448958494765959e-05], "DRB5": [17404.0, 9, 0.032676816365090386], "DRB7": [1.0, 1, 4.010438965515575e-06], "E": [49619.0, 757, 0.06884016525481458], "F": [6302.0, 18, 0.009104389899380099], "H": [103.0, 27, 0.0001413350410976634], "HFE": [16.0, 1, 2.2982458255103583e-05], "K": [101.0, 16, 0.00013897106662296652], "L": [1128.0, 4, 0.001547824527749168], "T": [2603.0, 2, 0.00852873580656621], "V": [41.0, 2, 0.0001192659556959419], "Y": [814.0, 4, 0.0014856632211451813], "DRB4": [76.0, 10, 0.00014269352124493618], "J": [15.0, 5, 2.0601570028333432e-05], "DPB2": [51.0, 2, 9.883974898902754e-05], "DOB": [253.0, 9, 0.0004628836944687229], "DOA": [157.0, 13, 0.0003135651980009688], "G": [5.0, 4, 7.393877148811901e-06]}