{"A": [35503.0, 3075, 0.1463873570627749], "B": [47632.0, 2753, 0.19802124885661374], "C": [51780.0, 2732, 0.21291957210570278], "DMA": [1974.0, 3, 0.011370130777050971], "DOA": [116.0, 18, 0.0006974352126976049], "DPA1": [8368.0, 95, 0.04838388832154985], "DPA2": [6.0, 2, 3.705852532069176e-05], "DPB1": [8168.0, 338, 0.0475921766457803], "DQA1": [5485.0, 139, 0.03233376439767097], "DQA2": [1.0, 1, 5.894943372410386e-06], "DQB1": [5081.0, 204, 0.028399129860946656], "DRA": [13059.0, 7, 0.07728395595324962], "DRB1": [13348.0, 136, 0.07544397100577926], "DRB4": [2203.0, 11, 0.012451533422664947], "DRB5": [4148.0, 7, 0.023444830066824424], "DRB7": [2.0, 1, 2.4145688053392944e-05], "E": [14204.0, 538, 0.05932288164962985], "F": [2190.0, 15, 0.00952432579915896], "HFE": [10.0, 1, 4.324084536782404e-05], "K": [4.0, 3, 1.6568404428220227e-05], "L": [63.0, 3, 0.00026023808406086145], "S": [1.0, 1, 1.6956241610528752e-05], "T": [1079.0, 1, 0.010642646000658082], "V": [9.0, 2, 7.881208624777677e-05], "Y": [1.0, 1, 5.494316152926185e-06], "DRB3": [9.0, 6, 5.086872483158625e-05], "DMB": [686.0, 3, 0.003921387785186449], "J": [3.0, 2, 1.240360687674295e-05], "DPB2": [37.0, 2, 0.0002158643181319762], "H": [90.0, 27, 0.00037176869151551637], "DOB": [130.0, 10, 0.0007159989614372908], "G": [1.0, 1, 4.451638652911678e-06]}