{"A": [24642.0, 1661, 0.19242085231946218], "B": [41974.0, 1810, 0.3304692077630569], "C": [8624.0, 1107, 0.06715833952306162], "DMA": [917.0, 2, 0.010002885797468998], "DPB1": [4169.0, 233, 0.04600334350760976], "DQA1": [1704.0, 87, 0.019023345311258006], "DQB1": [1689.0, 113, 0.017878173663412843], "DRA": [9029.0, 7, 0.10119446035333063], "DRB1": [7819.0, 112, 0.08369455757133237], "DRB5": [36.0, 5, 0.0003853439151512937], "DRB7": [1.0, 1, 2.2863738965643425e-05], "E": [6912.0, 327, 0.05467049022043151], "HFE": [6.0, 1, 4.913410952502168e-05], "L": [407.0, 2, 0.0031839216784957367], "T": [395.0, 1, 0.007378412492997674], "Y": [3.0, 2, 3.1215663029549577e-05], "DRB4": [6.0, 2, 6.422398585854894e-05], "DMB": [222.0, 3, 0.002403290743547746], "DPB2": [17.0, 2, 0.00018783032977574333], "DPA1": [4795.0, 78, 0.05250556912847712], "V": [1.0, 1, 1.6583949926723955e-05], "DPA2": [1.0, 1, 1.1697001517211847e-05], "K": [12.0, 6, 9.413250260328949e-05], "H": [5.0, 3, 3.911451693483706e-05], "F": [1247.0, 11, 0.010270562856684925], "DOB": [38.0, 8, 0.00039636043827301554], "DOA": [26.0, 10, 0.00029604442883801244], "DRB3": [12.0, 5, 0.00012844797171709788], "DQA2": [1.0, 1, 1.1163935041818078e-05], "G": [1.0, 1, 8.43058221447029e-06]}