{"A": [19985.0, 1853, 0.19070942560540183], "B": [29511.0, 1936, 0.2839398783811014], "C": [16330.0, 1542, 0.15540651139169823], "DMA": [542.0, 3, 0.007225153631673139], "DPA1": [3236.0, 101, 0.043302911409768705], "DPA2": [3.0, 3, 4.2883243465627436e-05], "DPB1": [2792.0, 247, 0.03764997921457371], "DQA1": [813.0, 76, 0.011091739754873218], "DQB1": [1411.0, 99, 0.018252079027362235], "DRA": [4749.0, 6, 0.06504457495380742], "DRB1": [3864.0, 137, 0.05054462133442288], "DRB5": [45.0, 6, 0.0005886407764102043], "E": [10524.0, 370, 0.10172364248224135], "F": [1127.0, 12, 0.011343407453654702], "K": [31.0, 9, 0.0002971747304877866], "L": [114.0, 2, 0.0010898447659594768], "T": [621.0, 1, 0.014175854933078687], "DRB3": [214.0, 13, 0.002799313914484083], "DRB4": [74.0, 5, 0.000967987054541225], "DMB": [159.0, 3, 0.0021034988957022225], "DPB2": [8.0, 2, 0.00010801861670207874], "G": [1.0, 1, 1.030266059007044e-05], "V": [1.0, 1, 2.0266548975051523e-05], "DOB": [79.0, 6, 0.0010069910703017389], "DOA": [28.0, 12, 0.00038961296542210604], "J": [1.0, 1, 9.568772438448984e-06], "H": [15.0, 9, 0.0001434006270999312], "Y": [1.0, 1, 1.2715783762259267e-05]}