{"A": [52766.0, 2946, 0.19043788495585234], "B": [73694.0, 3253, 0.26816726746785396], "C": [15569.0, 1631, 0.05603700507031276], "DMA": [3109.0, 3, 0.015674716417838068], "DMB": [563.0, 4, 0.002816986266569225], "DPA1": [12085.0, 122, 0.06116266623325452], "DPB1": [9546.0, 387, 0.0486857570638323], "DPB2": [29.0, 3, 0.00014809411238249153], "DQA1": [5182.0, 116, 0.026738540935886818], "DQB1": [2548.0, 274, 0.012465678481058179], "DRA": [18465.0, 5, 0.09565097323735587], "DRB1": [21428.0, 149, 0.10601092844041733], "DRB4": [5983.0, 12, 0.029599747286681768], "DRB5": [17.0, 5, 8.410424600929133e-05], "DRB7": [2.0, 1, 2.1134902291276032e-05], "E": [15691.0, 461, 0.057361811321335145], "F": [2226.0, 18, 0.008473755853814923], "G": [26.0, 10, 0.00010131037234018747], "H": [69.0, 27, 0.00024948248028593405], "HFE": [17.0, 1, 6.434336299278162e-05], "K": [111.0, 12, 0.0004024429587714387], "L": [345.0, 3, 0.0012474124014296701], "T": [1036.0, 1, 0.00894434590431453], "Y": [253.0, 3, 0.0012167317080611733], "S": [1.0, 1, 1.484192576634553e-05], "DRB3": [1518.0, 19, 0.0075100144377708376], "J": [3.0, 3, 1.0856970355107551e-05], "V": [2.0, 1, 1.5329958141641225e-05], "DOB": [63.0, 8, 0.000303717802087224], "DOA": [71.0, 15, 0.0003736499160061251], "W": [2.0, 1, 8.467508930799695e-06]}