{"A": [105264.0, 2582, 0.17624856364365013], "B": [188263.0, 2566, 0.3178228754985364], "C": [26212.0, 1509, 0.0437684228682588], "DMA": [7544.0, 2, 0.017645224615577125], "DPA1": [23838.0, 98, 0.055970103601230586], "DPA2": [9.0, 2, 2.257286021698488e-05], "DPB1": [18317.0, 315, 0.04333924926008542], "DQA1": [7899.0, 119, 0.018908581561336124], "DQB1": [12518.0, 177, 0.02841175007624511], "DRA": [45623.0, 6, 0.10964036224125989], "DRB1": [48887.0, 118, 0.11220415216736487], "DRB3": [6.0, 5, 1.3771041647149328e-05], "DRB5": [3.0, 2, 6.885520823574664e-06], "DRB7": [1.0, 1, 4.902490826385161e-06], "E": [29503.0, 457, 0.050036273126444215], "F": [4469.0, 16, 0.0078923744607764], "H": [52.0, 18, 8.722497364462649e-05], "HFE": [2.0, 1, 3.511812912883353e-06], "K": [95.0, 11, 0.00015979070053977253], "L": [1827.0, 3, 0.0030646159009371657], "T": [2063.0, 1, 0.008262940012118128], "DRB4": [23.0, 7, 5.2788992980739094e-05], "DMB": [1725.0, 3, 0.004004165092573108], "J": [1.0, 1, 1.678935214515466e-06], "DPB2": [83.0, 2, 0.0001966366326948945], "G": [19.0, 8, 3.434635903440931e-05], "DOB": [601.0, 10, 0.001344159209241552], "DOA": [349.0, 15, 0.0008520763438288949]}