{"A": [122075.0, 4047, 0.1656744531516036], "B": [242051.0, 4130, 0.3312151201788261], "C": [54318.0, 2062, 0.07351697091430931], "DMA": [5739.0, 2, 0.010880399244900484], "DOA": [229.0, 16, 0.00045318096416948635], "DOB": [52.0, 5, 9.426764964045734e-05], "DPA1": [29132.0, 111, 0.0554421025932265], "DPA2": [19.0, 2, 3.862609277166184e-05], "DPB1": [25205.0, 503, 0.04833890807227779], "DQB1": [5542.0, 283, 0.01019559687466037], "DRA": [49591.0, 9, 0.09659898956633921], "DRB1": [42807.0, 241, 0.07963673193716377], "DRB3": [10404.0, 28, 0.019355258697742236], "DRB5": [19.0, 3, 3.534697378480415e-05], "DRB6": [1.0, 1, 3.900926701795003e-06], "DRB7": [4.0, 1, 1.5894976000914037e-05], "E": [54260.0, 723, 0.07459018085299778], "F": [6871.0, 17, 0.009835588986156371], "G": [14.0, 6, 2.051342772979319e-05], "HFE": [50.0, 1, 7.116303725337588e-05], "K": [165.0, 15, 0.00022495462947313727], "L": [1042.0, 4, 0.001416734003731104], "T": [2982.0, 1, 0.009681131216242986], "U": [2.0, 2, 1.5205653062098886e-05], "Y": [5.0, 2, 9.042196602461717e-06], "DRB4": [22.0, 5, 4.09280749087206e-05], "DMB": [1899.0, 3, 0.0035729828865691004], "J": [8.0, 4, 1.0886969863639751e-05], "DPB2": [22.0, 3, 4.224663402304794e-05], "DQA1": [4587.0, 104, 0.008900177602074302], "V": [4.0, 1, 1.1529237911688132e-05], "W": [5.0, 2, 7.96022435943211e-06], "H": [39.0, 19, 5.302555292275725e-05]}