{"A": [41156.0, 3171, 0.12772910626481263], "B": [106363.0, 3782, 0.3328294546724859], "C": [14962.0, 2063, 0.0463085717176786], "DMA": [2546.0, 2, 0.011038114842258903], "DMB": [862.0, 4, 0.003708865969844438], "DOB": [90.0, 8, 0.0003731038640553451], "DPA1": [15071.0, 154, 0.06559026155124738], "DPB1": [13676.0, 503, 0.05997871102020277], "DQA1": [5153.0, 192, 0.022864303556629814], "DQB1": [5600.0, 383, 0.02355928267516549], "DRA": [24331.0, 10, 0.1083821042211148], "DRB1": [18799.0, 191, 0.07997629604923605], "DRB3": [3704.0, 18, 0.01575787012960106], "DRB5": [5157.0, 8, 0.02193934564210385], "DRB7": [4.0, 1, 3.6348607555969616e-05], "E": [19069.0, 679, 0.059945652457747745], "F": [2541.0, 16, 0.00831788650934067], "G": [6.0, 4, 2.010431833847877e-05], "H": [20.0, 11, 6.218397734255751e-05], "HFE": [8.0, 1, 2.603768449568024e-05], "K": [22.0, 6, 6.859012176046417e-05], "L": [168.0, 3, 0.0005223454096774831], "S": [2.0, 1, 2.552570755334945e-05], "T": [1308.0, 1, 0.00971077995980561], "V": [11.0, 3, 7.250387145472663e-05], "W": [1.0, 1, 3.640685852961701e-06], "Y": [4.0, 2, 1.6542145428991026e-05], "DRB4": [23.0, 6, 9.784854562117289e-05], "J": [2.0, 2, 6.224076636296167e-06], "DPB2": [76.0, 3, 0.00033374204746943755], "DPA2": [14.0, 1, 6.508533071924983e-05], "DOA": [140.0, 12, 0.0006335663667624186]}