{"A": [13738.0, 1638, 0.19132090792246034], "B": [18845.0, 1716, 0.26461199267246266], "C": [8691.0, 1254, 0.12070456414892514], "DMA": [700.0, 2, 0.01361810740858485], "DPA1": [3359.0, 73, 0.0655978345363129], "DPB1": [2217.0, 210, 0.04363007259076748], "DQB1": [827.0, 158, 0.015612115368506424], "DRA": [4354.0, 7, 0.08702985316598517], "DRB1": [3767.0, 135, 0.07191249641162362], "DRB5": [2.0, 2, 3.8180247630275345e-05], "DRB7": [1.0, 1, 4.0776504469134066e-05], "E": [5612.0, 267, 0.07916434839049138], "F": [704.0, 13, 0.010341015542604606], "K": [37.0, 13, 0.0005176340343176901], "L": [128.0, 2, 0.0017858323125168206], "T": [326.0, 1, 0.010860408870047146], "V": [2.0, 2, 5.915353646392757e-05], "DRB3": [204.0, 14, 0.0038943852582880856], "DMB": [187.0, 3, 0.0036104196665379122], "DPB2": [11.0, 2, 0.00021675654759687892], "H": [12.0, 10, 0.00016742177929845195], "DOB": [61.0, 6, 0.0011347476152450632], "DOA": [28.0, 9, 0.0005685966758644193], "DQA1": [678.0, 85, 0.013499252944371534], "DRB4": [1.0, 1, 1.9090123815137673e-05], "J": [1.0, 1, 1.3964556325045913e-05], "G": [2.0, 1, 3.0071168487562e-05]}