{"A": [20109.0, 1787, 0.08782029221283635], "B": [52266.0, 2439, 0.23014318983076315], "C": [24136.0, 1608, 0.10511984746655803], "DMA": [2605.0, 3, 0.015892489217065573], "DPA1": [14479.0, 99, 0.08867139682743887], "DPB1": [9913.0, 314, 0.06117737399787757], "DQA1": [5710.0, 134, 0.035651813997292524], "DQB1": [4060.0, 159, 0.02403520100942204], "DRA": [22843.0, 10, 0.1431853048369762], "DRB1": [17244.0, 145, 0.10323150096469427], "DRB3": [37.0, 9, 0.00022150113289803343], "DRB5": [5793.0, 9, 0.03467989359130561], "E": [11637.0, 347, 0.05147762430216082], "F": [1506.0, 16, 0.006937148418145108], "HFE": [10.0, 1, 4.579942885756596e-05], "L": [245.0, 3, 0.0010719197530473113], "T": [527.0, 1, 0.00550560023122229], "DRB4": [47.0, 6, 0.00028136630395155594], "DMB": [479.0, 3, 0.0029001273945258176], "K": [2.0, 2, 8.77438280217229e-06], "G": [2.0, 2, 9.430088891616827e-06], "DPA2": [5.0, 2, 3.270941474343217e-05], "DPB2": [2.0, 1, 1.2358763405636999e-05], "H": [32.0, 17, 0.00014000584529597535], "DOB": [186.0, 10, 0.001085045301043809], "DOA": [104.0, 13, 0.0006622852867785712]}