{"A": [228242.0, 5578, 0.15662298509290803], "B": [285383.0, 4934, 0.19745243421426711], "C": [199081.0, 4588, 0.1362400415677271], "DMA": [12793.0, 3, 0.012263434807401215], "DMB": [3227.0, 4, 0.003069983608564561], "DOB": [323.0, 10, 0.00029606902783032446], "DPA1": [53970.0, 162, 0.0519341381489237], "DPB1": [50337.0, 619, 0.04881222256556225], "DQA1": [26383.0, 216, 0.025883632814698642], "DQB1": [37548.0, 589, 0.03492722349284036], "DRA": [114344.0, 10, 0.11261966169605038], "DRB1": [91243.0, 310, 0.08582806331016926], "DRB3": [21549.0, 19, 0.020270146052528276], "DRB4": [107.0, 7, 0.00010064994327442227], "DRB5": [32788.0, 9, 0.030842152711044464], "DRB7": [6.0, 1, 1.2055417504719589e-05], "E": [93231.0, 765, 0.06480273462768173], "F": [10808.0, 18, 0.007822703673811798], "H": [48.0, 16, 3.2998405578612014e-05], "HFE": [28.0, 1, 2.0149933747143533e-05], "K": [152.0, 14, 0.00010478176239234775], "L": [3177.0, 5, 0.0021840819692343825], "S": [1.0, 1, 2.8219610263856716e-06], "T": [4414.0, 1, 0.007245726152754938], "Y": [32.0, 3, 2.926072209883395e-05], "W": [7.0, 2, 5.634877305891901e-06], "J": [4.0, 3, 2.752378425735066e-06], "DPB2": [143.0, 3, 0.000138847028284061], "G": [27.0, 12, 2.0003458248981616e-05], "DPA2": [13.0, 3, 1.3362928680197362e-05], "DOA": [399.0, 16, 0.00039924564943418953]}