{"A": [71218.0, 2554, 0.20488324030981178], "B": [96859.0, 2731, 0.2809513362796089], "C": [15421.0, 1776, 0.04424296448748737], "DMA": [2290.0, 2, 0.009203053297555235], "DPA1": [14599.0, 94, 0.05889526054283044], "DPB1": [10757.0, 316, 0.0437309740390687], "DQA1": [12206.0, 92, 0.05020317064698641], "DQB1": [3691.0, 286, 0.014393884953864483], "DRA": [15728.0, 6, 0.06494280851640478], "DRB1": [26128.0, 149, 0.10303686874758039], "DRB5": [10.0, 3, 3.94354212904089e-05], "DRB7": [1.0, 1, 8.423405987631341e-06], "E": [24783.0, 515, 0.07221769047214052], "F": [3182.0, 15, 0.009655359457003939], "HFE": [6.0, 1, 1.810187533158598e-05], "K": [99.0, 12, 0.0002861106562587498], "L": [1025.0, 3, 0.002954148427459669], "T": [1573.0, 1, 0.010825177792928187], "V": [17.0, 2, 0.00010386695004090872], "DRB4": [6711.0, 11, 0.026465111227993415], "DMB": [565.0, 3, 0.0022534206358956954], "J": [5.0, 2, 1.4423640389779695e-05], "DPB2": [13.0, 1, 5.2917660038276796e-05], "DPA2": [11.0, 1, 4.7403205592059056e-05], "H": [48.0, 15, 0.00013834060928591621], "DOB": [42.0, 6, 0.00016139737750023558], "DRB3": [2.0, 2, 7.887084258081782e-06], "DOA": [61.0, 9, 0.00025589032133740633], "G": [1.0, 1, 3.1059756591561e-06], "DQA2": [2.0, 1, 8.225982409796232e-06]}