{"A": [93924.0, 3495, 0.18753477482293124], "B": [139211.0, 1978, 0.28025491962912513], "C": [29211.0, 1299, 0.05816566227442826], "DMA": [4290.0, 3, 0.011965815927693255], "DMB": [1123.0, 4, 0.003108580699602207], "DPA1": [23076.0, 106, 0.06461098170657216], "DPB1": [16982.0, 402, 0.04791542993405762], "DQA1": [7831.0, 125, 0.0223544287102989], "DQB1": [9145.0, 153, 0.02475177009806938], "DRA": [38561.0, 9, 0.11050817947145505], "DRB1": [31120.0, 126, 0.08517549061705323], "DRB4": [14.0, 5, 3.831802277116791e-05], "DRB5": [19.0, 4, 5.200303090372787e-05], "DRB7": [1.0, 1, 5.846235474229618e-06], "E": [40742.0, 622, 0.08239875196877183], "F": [3762.0, 17, 0.007922744183736247], "HFE": [21.0, 1, 4.397240148954942e-05], "K": [116.0, 16, 0.00023267268355808637], "L": [318.0, 4, 0.0006360981572097463], "T": [2128.0, 1, 0.010164043373497245], "V": [22.0, 2, 9.32909916100471e-05], "J": [9.0, 4, 1.8019218927420055e-05], "DPB2": [49.0, 2, 0.0001384337330399088], "H": [20.0, 12, 4.0006173409418006e-05], "DOB": [405.0, 10, 0.0010801666820542861], "DOA": [263.0, 12, 0.0007657170964752936], "DRB3": [4.0, 4, 1.0948006506047973e-05], "G": [6.0, 3, 1.2934149279269066e-05]}