{"A": [75035.0, 2753, 0.16759628347402897], "B": [75271.0, 2964, 0.16951285676729194], "C": [67054.0, 2303, 0.14936203019142272], "DMA": [4343.0, 2, 0.01355096177716257], "DMB": [987.0, 4, 0.0030562917423750317], "DOA": [195.0, 16, 0.0006351005255471192], "DPA1": [19876.0, 131, 0.062254401601128], "DPB1": [20179.0, 337, 0.0636914972727224], "DQA1": [10939.0, 112, 0.034931661195691986], "DQB1": [6352.0, 164, 0.019232170809251672], "DRA": [30316.0, 9, 0.09718814661948924], "DRB1": [28675.0, 110, 0.08779580140374482], "DRB3": [20.0, 8, 6.123508380383248e-05], "DRB4": [4813.0, 11, 0.014736222917392286], "DRB5": [8907.0, 9, 0.027271044572036794], "DRB7": [2.0, 1, 1.3079813900498618e-05], "E": [30920.0, 503, 0.06995407849459477], "F": [3146.0, 16, 0.007411580427047668], "HFE": [42.0, 1, 9.83796890796816e-05], "K": [149.0, 17, 0.00033432506939174756], "L": [486.0, 2, 0.0010874982132143582], "T": [1673.0, 1, 0.008938941444254162], "V": [17.0, 3, 8.064198608866411e-05], "Y": [172.0, 4, 0.0005119223280231558], "DPB2": [76.0, 2, 0.00024018988154910476], "G": [1.0, 1, 2.4114701143987127e-06], "DPA2": [3.0, 1, 1.0037374241514969e-05], "W": [1.0, 1, 2.6201550281447552e-06], "J": [4.0, 2, 8.958776644177136e-06], "DOB": [138.0, 10, 0.00041172771858321374], "H": [8.0, 7, 1.7901205155791905e-05]}