{"A": [9970.0, 1405, 0.1262839669910167], "B": [25512.0, 1919, 0.32581571245698066], "C": [13323.0, 1286, 0.16829457116663382], "DMA": [536.0, 2, 0.009484133127791654], "DPA1": [2270.0, 92, 0.040319904331952365], "DPB1": [2192.0, 217, 0.03923511490681192], "DQB1": [836.0, 145, 0.01435412276980695], "DRA": [3903.0, 8, 0.07095655369195168], "DRB1": [3822.0, 166, 0.06636109819845967], "DRB3": [248.0, 9, 0.004306005325279435], "DRB5": [1.0, 1, 1.73629246987074e-05], "E": [6570.0, 301, 0.08429299504767214], "F": [693.0, 11, 0.009258441844168672], "L": [167.0, 3, 0.002119148127894154], "T": [362.0, 1, 0.01096860211652853], "Y": [57.0, 2, 0.0009620619574865094], "DRB4": [124.0, 8, 0.0021530026626397176], "DMB": [133.0, 3, 0.0023355106779386304], "K": [32.0, 8, 0.0004071788525867046], "V": [4.0, 1, 0.00010760311554092555], "DPB2": [1.0, 1, 1.7922297272763696e-05], "DOB": [73.0, 6, 0.0012351122821259342], "DOA": [13.0, 7, 0.00024010642083351945], "H": [14.0, 6, 0.00017765313647016858], "DQA1": [1117.0, 90, 0.020227739450069514], "G": [5.0, 3, 6.837611938871498e-05]}