{"A": [59826.0, 3362, 0.18385620662392466], "B": [64037.0, 2987, 0.1984238020612813], "C": [66262.0, 3057, 0.20308034383149398], "DMA": [2143.0, 2, 0.009200052250189406], "DOB": [156.0, 9, 0.0006403883899195503], "DPA1": [9929.0, 129, 0.0427892246940287], "DPA2": [27.0, 3, 0.00012429408407558067], "DPB1": [8951.0, 401, 0.03887238676909591], "DQA1": [3692.0, 136, 0.01622150486652986], "DQB1": [5747.0, 345, 0.02394125140222549], "DRA": [15978.0, 10, 0.07047768829041914], "DRB1": [13830.0, 195, 0.058261321725942145], "DRB3": [1172.0, 23, 0.004937257343659017], "DRB5": [3548.0, 7, 0.014946577692237364], "DRB7": [1.0, 1, 8.998277889125989e-06], "E": [33503.0, 671, 0.10429058029960378], "F": [4173.0, 17, 0.01352658992482808], "HFE": [28.0, 1, 9.024060920326923e-05], "K": [37.0, 12, 0.00011422791007467803], "L": [520.0, 3, 0.0016009709747988757], "T": [1528.0, 1, 0.011233144292961201], "DRB4": [31.0, 5, 0.0001305929843459296], "DMB": [574.0, 3, 0.0024455546914575366], "J": [11.0, 3, 3.3897622185063654e-05], "DPB2": [33.0, 2, 0.0001434970217499151], "G": [2.0, 2, 6.635898148323001e-06], "V": [2.0, 1, 1.3053594616720486e-05], "H": [42.0, 15, 0.00012930919411837074], "DOA": [100.0, 14, 0.00044812140882101534], "Y": [3.0, 2, 1.2285270176294584e-05]}