{"A": [213179.0, 5418, 0.21018435324098356], "B": [404972.0, 4138, 0.4025829883576413], "C": [141578.0, 3712, 0.13920882127409986], "DMA": [3785.0, 2, 0.005213167030084401], "DMB": [1011.0, 4, 0.001381924371785373], "DPA1": [18741.0, 97, 0.02591130585790115], "DPB1": [12770.0, 357, 0.01779213972981601], "DQA1": [3828.0, 122, 0.0053959635985848], "DQB1": [7698.0, 323, 0.010288479345338327], "DRA": [22821.0, 8, 0.032294721077433315], "DRB1": [17089.0, 155, 0.023096301268859858], "DRB3": [10.0, 6, 1.3515302983708733e-05], "DRB5": [4764.0, 6, 0.006438690341438841], "DRB6": [6.0, 1, 1.7003807889974916e-05], "DRB7": [1.0, 1, 2.8868687173201854e-06], "E": [94809.0, 1054, 0.09468443365558446], "F": [10211.0, 21, 0.01061880996850015], "H": [81.0, 21, 8.000788073777432e-05], "HFE": [17.0, 1, 1.757763903812434e-05], "K": [155.0, 12, 0.00015352172387395773], "L": [2351.0, 3, 0.002322204044623548], "T": [4562.0, 1, 0.010759718209489124], "V": [20.0, 3, 4.1879139999809275e-05], "Y": [5.0, 3, 6.5690277244846455e-06], "DRB4": [50.0, 7, 6.757651491854367e-05], "J": [4.0, 3, 3.954614681260528e-06], "DPB2": [83.0, 2, 0.00011579096498272007], "G": [66.0, 13, 7.025565462504876e-05], "DPA2": [9.0, 3, 1.3292199073609313e-05], "W": [5.0, 2, 5.782990218990757e-06], "DOB": [452.0, 9, 0.0005952849727320821], "DOA": [432.0, 18, 0.0006210793256386058]}