{"A": [119575.0, 4985, 0.15744712008955464], "B": [271516.0, 4334, 0.360465926707], "C": [44404.0, 2961, 0.05830844328630088], "DMA": [5334.0, 2, 0.00981131314346812], "DMB": [1426.0, 5, 0.0026031009803869766], "DPA1": [30668.0, 133, 0.05662658409708603], "DPB1": [22954.0, 544, 0.0427104385044537], "DQA1": [9452.0, 172, 0.017793409129522795], "DQB1": [14370.0, 467, 0.025648880908198182], "DRA": [42621.0, 9, 0.08054876236190456], "DRB1": [29218.0, 221, 0.05273690523626477], "DRB5": [19548.0, 9, 0.03528307973025203], "DRB6": [1.0, 1, 3.7847161107966588e-06], "DRB7": [1.0, 1, 3.855364144864863e-06], "E": [55093.0, 855, 0.07347909715165125], "F": [8050.0, 17, 0.011180000492133338], "HFE": [7.0, 1, 9.666027583830243e-06], "K": [120.0, 13, 0.00015872953935857164], "L": [2820.0, 3, 0.0037199339262724384], "T": [2917.0, 1, 0.00918798791713301], "V": [38.0, 2, 0.0001062648724648439], "Y": [1.0, 1, 1.754564993112043e-06], "DRB3": [165.0, 11, 0.0002978160505162464], "DRB4": [226.0, 10, 0.0004079177419192224], "DPB2": [77.0, 3, 0.0001434582985605321], "G": [13.0, 7, 1.8480727833054283e-05], "DPA2": [1.0, 1, 1.9723895693374127e-06], "W": [1.0, 1, 1.5446170452182945e-06], "H": [226.0, 34, 0.0002981223643041032], "J": [3.0, 3, 3.960990559792667e-06], "DOB": [268.0, 8, 0.0004713675140619449], "DOA": [271.0, 17, 0.0005203205593916224]}