{"A": [51120.0, 2487, 0.17692577563441492], "B": [67010.0, 2548, 0.23383759804866555], "C": [31870.0, 1867, 0.11000118094868847], "DMA": [2180.0, 2, 0.010539901463939584], "DMB": [612.0, 4, 0.002936492146813193], "DOA": [156.0, 15, 0.0007872854501884914], "DPA1": [11711.0, 94, 0.05683748100738071], "DPA2": [4.0, 2, 2.073760604442348e-05], "DPB1": [8697.0, 336, 0.04253545222335948], "DQA1": [4956.0, 106, 0.024522948203993263], "DQB1": [5293.0, 169, 0.02483244477326137], "DRA": [18055.0, 5, 0.08968889239797527], "DRB1": [17895.0, 116, 0.0848988465358659], "DRB3": [1206.0, 22, 0.0057215987103802326], "DRB4": [2113.0, 10, 0.01002465843700948], "E": [28298.0, 511, 0.09920397248488355], "F": [3199.0, 19, 0.01167793661685138], "HFE": [1.0, 1, 3.6295762250626576e-06], "K": [81.0, 15, 0.0002816225717464673], "L": [320.0, 3, 0.0011095376080702487], "T": [1370.0, 1, 0.01134254431692293], "V": [6.0, 2, 4.4102510340123045e-05], "Y": [278.0, 2, 0.0012820949435971936], "W": [4.0, 2, 1.6240026955729072e-05], "DPB2": [46.0, 2, 0.0002252675904013759], "H": [27.0, 14, 9.361723568092726e-05], "DOB": [122.0, 8, 0.0005640149507690432], "DRB5": [3.0, 1, 1.4232832612886152e-05], "G": [8.0, 3, 2.9893146962757935e-05]}