{"A": [97719.0, 3037, 0.17958031667348404], "B": [177304.0, 2942, 0.32852824438094086], "C": [56445.0, 2491, 0.10344755192135162], "DMA": [2986.0, 2, 0.007665655829503437], "DMB": [927.0, 4, 0.0023617646161059914], "DOA": [163.0, 11, 0.00043679201193187566], "DPA1": [16531.0, 89, 0.04260096363821792], "DPB1": [19973.0, 269, 0.05186857807123087], "DQA1": [10799.0, 106, 0.028372942656008763], "DQB1": [6930.0, 225, 0.01726355667608867], "DRA": [27424.0, 8, 0.07233548942476024], "DRB1": [26417.0, 151, 0.06654769833828024], "DRB3": [2323.0, 20, 0.005851925019488398], "DRB5": [6.0, 2, 1.5114743916026854e-05], "DRB7": [3.0, 1, 1.614254650231668e-05], "E": [38283.0, 631, 0.07126212035841668], "F": [4473.0, 17, 0.008670222202793289], "HFE": [14.0, 1, 2.698133369537172e-05], "K": [87.0, 10, 0.00016061316853860374], "L": [803.0, 3, 0.001478383307636895], "T": [2147.0, 1, 0.009438466051327319], "V": [37.0, 2, 0.00014440866068320048], "Y": [461.0, 3, 0.0011289007793640763], "S": [1.0, 1, 7.557371958013427e-06], "DRB4": [9.0, 3, 2.267211587404028e-05], "DPB2": [21.0, 2, 5.460590794920269e-05], "W": [2.0, 1, 4.3115775914307375e-06], "H": [81.0, 25, 0.00014912708333572665], "J": [3.0, 3, 5.5282693501084525e-06], "DOB": [223.0, 8, 0.0005474129972653011], "G": [3.0, 3, 5.952266409408805e-06]}