{"A": [160983.0, 3967, 0.21348751850048006], "B": [155261.0, 3552, 0.20760093832648774], "C": [53429.0, 2929, 0.0706617745343894], "DMA": [5743.0, 2, 0.010639251692401973], "DMB": [1495.0, 5, 0.0027485954544115157], "DOA": [210.0, 17, 0.00040608704177956913], "DOB": [238.0, 10, 0.00042159936916628265], "DPA1": [34587.0, 118, 0.06431998651745155], "DPB1": [23479.0, 474, 0.04400007227688121], "DQA1": [18587.0, 179, 0.03524056735927772], "DQB1": [9434.0, 304, 0.016959211872826497], "DRA": [50307.0, 10, 0.0957550742019048], "DRB1": [50891.0, 269, 0.09251311015595182], "DRB3": [3081.0, 22, 0.005600850688539968], "DRB4": [7240.0, 12, 0.013161362864339297], "DRB5": [86.0, 5, 0.00015633663070900269], "DRB7": [3.0, 1, 1.1648896855619642e-05], "E": [75215.0, 718, 0.1010345683804695], "F": [7793.0, 17, 0.010900558741095566], "H": [63.0, 16, 8.369987476095318e-05], "HFE": [16.0, 1, 2.2251951968709917e-05], "K": [316.0, 13, 0.00042098026147939234], "L": [3053.0, 3, 0.004056122502304604], "T": [2962.0, 1, 0.009396523008263992], "Y": [2.0, 1, 3.5342526867778036e-06], "S": [1.0, 1, 5.453603396825675e-06], "W": [4.0, 3, 6.22270131176263e-06], "J": [10.0, 4, 1.3297827460753015e-05], "DPB2": [118.0, 2, 0.00022141910904689395], "DPA2": [22.0, 4, 4.3703228312352e-05], "V": [34.0, 1, 9.575979039919434e-05], "G": [7.0, 2, 1.0022403882661934e-05], "DQA2": [1.0, 1, 1.895979305927676e-06]}