{"A": [160520.0, 4897, 0.18117943093500605], "B": [288774.0, 5121, 0.3286338458190995], "C": [34573.0, 2133, 0.03891632552603295], "DMA": [8075.0, 2, 0.012732159345601596], "DMB": [2403.0, 4, 0.003760197614110107], "DPA1": [34494.0, 145, 0.054596383697093354], "DPA2": [31.0, 3, 5.2413094262930396e-05], "DPB1": [32561.0, 543, 0.051934839737719014], "DQA1": [9373.0, 149, 0.0151251425798843], "DQB1": [20350.0, 474, 0.031135903672947607], "DRA": [55248.0, 8, 0.08950292039373947], "DRB1": [44659.0, 200, 0.06909689920311131], "DRB3": [3686.0, 27, 0.005703020006329482], "DRB5": [14764.0, 9, 0.02284302424673046], "DRB6": [3.0, 1, 9.732848698208405e-06], "DRB7": [4.0, 1, 1.3219371387433285e-05], "E": [61451.0, 742, 0.0702557303213644], "F": [8050.0, 20, 0.009583568053749814], "G": [8.0, 5, 9.748798958284133e-06], "H": [63.0, 22, 7.123805862867503e-05], "HFE": [21.0, 1, 2.4857342329521758e-05], "K": [74.0, 9, 8.390611985390522e-05], "L": [1948.0, 3, 0.002202726003312047], "T": [4135.0, 1, 0.011164644748169247], "V": [17.0, 2, 4.075120531667659e-05], "Y": [11.0, 3, 1.6544267892342928e-05], "DRB4": [19.0, 5, 2.939701034190454e-05], "J": [7.0, 4, 7.922568468495976e-06], "DPB2": [127.0, 2, 0.00020282621208972623], "DOB": [337.0, 8, 0.0005080894340288569], "DOA": [337.0, 14, 0.0005546474299757242], "W": [6.0, 2, 7.944333766486348e-06]}