{"A": [7567.0, 1070, 0.21610570006588278], "B": [7862.0, 1080, 0.22638621995899158], "C": [7358.0, 980, 0.2095642960081669], "DMA": [242.0, 2, 0.009654674761058397], "DOB": [26.0, 6, 0.0009918508245208694], "DPA1": [963.0, 51, 0.038566422378385735], "DPB1": [707.0, 136, 0.028532723199366464], "DRA": [1499.0, 6, 0.061444784578002794], "DRB1": [1486.0, 88, 0.058174294024087476], "DRB5": [3.0, 3, 0.0001174447389449949], "DRB7": [2.0, 1, 0.00016724130825767272], "E": [3102.0, 229, 0.08973406449757279], "F": [519.0, 14, 0.015633688578121783], "HFE": [2.0, 1, 5.9900182040713727e-05], "L": [13.0, 1, 0.00037194405919532597], "T": [175.0, 1, 0.011955567379531344], "V": [3.0, 2, 0.0001819598373209689], "DRB3": [281.0, 12, 0.011000657214514523], "DMB": [60.0, 3, 0.0023755867650237603], "DQA1": [195.0, 24, 0.007961927517149947], "K": [6.0, 4, 0.000172137668609224], "DPB2": [2.0, 2, 8.081893118122071e-05], "H": [24.0, 12, 0.0006866659554375249], "DQB1": [247.0, 64, 0.00956217665269564], "DRB4": [1.0, 1, 3.91482463149983e-05], "DOA": [10.0, 8, 0.0004164375205619341], "G": [2.0, 2, 6.166714906256369e-05]}