{"A": [198001.0, 3989, 0.15068654772365278], "B": [231593.0, 4470, 0.177708003767474], "C": [344207.0, 4776, 0.261241289506429], "DMA": [14742.0, 2, 0.015672681228929036], "DMB": [3733.0, 4, 0.003938603368141408], "DPA1": [40927.0, 116, 0.04367748156152261], "DPA2": [4.0, 3, 4.560006443132279e-06], "DPB1": [24631.0, 463, 0.02648929897286999], "DQA1": [8017.0, 85, 0.008722884122010272], "DQB1": [20062.0, 317, 0.020696582873189446], "DRA": [75899.0, 9, 0.08290563659379366], "DRB1": [97920.0, 209, 0.1021523420905552], "DRB3": [18080.0, 29, 0.018861461856589438], "DRB7": [3.0, 1, 6.684969445631921e-06], "E": [79477.0, 766, 0.06126629573691054], "F": [15225.0, 20, 0.012221260784071325], "H": [151.0, 26, 0.00011512664077217383], "HFE": [71.0, 1, 5.666581072586752e-05], "K": [417.0, 21, 0.0003188051531139651], "L": [1043.0, 3, 0.0007952124922210417], "T": [6191.0, 1, 0.011270873049539004], "V": [44.0, 2, 7.111669623012682e-05], "Y": [10.0, 2, 1.0141033746407648e-05], "W": [13.0, 3, 1.1605849731999863e-05], "J": [4.0, 4, 3.052497463758868e-06], "DPB2": [35.0, 3, 3.768909964515419e-05], "DOB": [707.0, 10, 0.0007187155410677871], "DOA": [296.0, 16, 0.00032847791432719927], "G": [12.0, 6, 9.85983694046006e-06], "DRB4": [1.0, 1, 1.0432224478202123e-06]}