{"A": [25056.0, 1936, 0.1291440413756415], "B": [55701.0, 2021, 0.28946768307984566], "C": [8384.0, 1366, 0.04309520225637096], "DMA": [2538.0, 2, 0.01827401783153285], "DMB": [505.0, 4, 0.0036085370538871445], "DPA1": [9964.0, 103, 0.07201731562612888], "DPB1": [6057.0, 310, 0.044116548483842125], "DQA1": [5615.0, 128, 0.041376477314357576], "DQB1": [3828.0, 310, 0.026745571531807243], "DRA": [16357.0, 8, 0.12100607971946459], "DRB1": [17235.0, 170, 0.12177096404248647], "DRB3": [2481.0, 15, 0.01752908394484531], "DRB5": [10.0, 4, 7.065330086596256e-05], "DRB7": [3.0, 1, 4.527463519490881e-05], "E": [6565.0, 313, 0.034274444194485276], "F": [902.0, 15, 0.004903664859006693], "HFE": [16.0, 1, 8.648449893965388e-05], "K": [42.0, 10, 0.0002174673694174485], "L": [431.0, 2, 0.0022255209590563065], "T": [706.0, 1, 0.008704763738454689], "Y": [1.0, 1, 6.868118203111166e-06], "DRB4": [2705.0, 12, 0.019111717884242874], "J": [3.0, 3, 1.5505012053050962e-05], "DPB2": [60.0, 2, 0.0004375770154147114], "G": [5.0, 4, 2.7823645031286136e-05], "DPA2": [11.0, 3, 8.492854487448788e-05], "V": [3.0, 1, 3.283943558624913e-05], "H": [14.0, 7, 7.229070400646936e-05], "DOB": [147.0, 8, 0.001012069856090571], "DOA": [69.0, 12, 0.0005185839688659873]}