{"A": [29335.0, 2872, 0.1774756945507729], "B": [52378.0, 3495, 0.31950389990801803], "C": [23546.0, 2565, 0.1420642990118057], "DMA": [1215.0, 3, 0.010268543894727946], "DMB": [395.0, 4, 0.0033130427973107465], "DPA1": [4461.0, 93, 0.037846488719763864], "DPB1": [3854.0, 337, 0.03294927200411126], "DQB1": [2074.0, 248, 0.01700900329178], "DRA": [6978.0, 9, 0.06059330788645797], "DRB1": [8395.0, 221, 0.06962149045487946], "DRB3": [940.0, 22, 0.007795616560760772], "DRB5": [57.0, 7, 0.00047271291910996167], "DRB7": [1.0, 1, 1.7714294652962775e-05], "E": [12739.0, 478, 0.07806586701479226], "F": [1736.0, 15, 0.011077815388164042], "G": [4.0, 2, 2.6127278249207636e-05], "HFE": [2.0, 1, 1.2689322817308578e-05], "K": [60.0, 14, 0.00036465839862000226], "L": [316.0, 2, 0.0019152772959635848], "T": [1049.0, 1, 0.015181613636403557], "Y": [20.0, 2, 0.00016123447803060778], "DRB4": [433.0, 10, 0.0035909595434142705], "DPB2": [12.0, 2, 0.00010272464682774806], "DPA2": [17.0, 2, 0.00015406361311410326], "J": [1.0, 1, 6.066539264713279e-06], "DOB": [49.0, 5, 0.00039598560127517154], "DOA": [16.0, 7, 0.00014114975819093844], "DQA1": [1133.0, 120, 0.00979994914150724], "H": [12.0, 6, 7.273204921380703e-05]}