{"A": [312243.0, 5808, 0.28991857785355724], "B": [188596.0, 4060, 0.17655916751641215], "C": [233097.0, 4567, 0.2158415444593218], "DMA": [4155.0, 2, 0.005389322302621861], "DMB": [792.0, 4, 0.00101949634894363], "DPA1": [24477.0, 116, 0.031870002724256996], "DPA2": [7.0, 2, 9.735981504236575e-06], "DPB1": [23038.0, 428, 0.030228001141522968], "DQA1": [12948.0, 152, 0.01718807125797151], "DQB1": [5957.0, 325, 0.007497703395873091], "DRA": [15273.0, 9, 0.020353944754792234], "DRB1": [29950.0, 211, 0.03811974488247405], "DRB3": [2792.0, 23, 0.003553600257491404], "DRB5": [51.0, 4, 6.491175255446333e-05], "DRB7": [1.0, 1, 2.7186569305163464e-06], "E": [124812.0, 986, 0.1173850353361184], "F": [15901.0, 18, 0.015572537410713409], "H": [101.0, 31, 9.394993726579071e-05], "HFE": [55.0, 1, 5.35552045767905e-05], "K": [190.0, 15, 0.00017722260411645902], "L": [1978.0, 4, 0.001839930454571624], "S": [3.0, 2, 1.145501515667e-05], "T": [8837.0, 1, 0.019628081123343917], "V": [72.0, 2, 0.00014198014917590204], "Y": [12.0, 3, 1.484703420791694e-05], "DRB4": [5696.0, 11, 0.007249751814710257], "W": [4.0, 2, 4.356822004032607e-06], "J": [16.0, 4, 1.4896750304199158e-05], "DPB2": [3.0, 1, 3.941351864472796e-06], "G": [22.0, 5, 2.2054001648731427e-05], "DOB": [66.0, 10, 8.185737108306518e-05], "DOA": [65.0, 13, 8.80043329101407e-05]}