{"A": [19264.0, 1980, 0.22597902419044058], "B": [32086.0, 2375, 0.3794999289392135], "C": [8012.0, 1304, 0.09372978506927614], "DMA": [341.0, 2, 0.005587992730400916], "DPA1": [2415.0, 73, 0.03972641476282931], "DPB1": [1471.0, 198, 0.024384600983729136], "DQB1": [704.0, 187, 0.011194678865395765], "DRA": [1926.0, 9, 0.03242790164651908], "DRB1": [2836.0, 125, 0.0456034511236532], "DRB5": [714.0, 5, 0.011481263787830882], "DRB7": [1.0, 1, 3.434731015519155e-05], "E": [6975.0, 368, 0.08287793646187537], "F": [1016.0, 17, 0.012570917549594602], "H": [16.0, 10, 0.00018803271982769098], "HFE": [3.0, 1, 3.690613555357258e-05], "K": [22.0, 10, 0.0002592546283443095], "L": [150.0, 3, 0.0017628067483846028], "T": [777.0, 1, 0.021803807181849537], "V": [4.0, 2, 9.965370451216118e-05], "Y": [3.0, 2, 4.6894082432755455e-05], "DRB3": [173.0, 12, 0.0027818748393483796], "DRB4": [9.0, 2, 0.0001447218124516498], "DMB": [77.0, 2, 0.0012522456827413586], "DQA1": [366.0, 71, 0.0061382399984375524], "DOB": [5.0, 3, 7.834696659487124e-05], "DOA": [16.0, 6, 0.00027368374625650634], "J": [3.0, 2, 3.52883323512242e-05]}