{"A": [101598.0, 3339, 0.18853889378040684], "B": [109550.0, 3132, 0.20497582265679687], "C": [50258.0, 2482, 0.09301136521877244], "DMA": [8007.0, 3, 0.020757039818017114], "DPA1": [24494.0, 116, 0.06374059121891809], "DPB1": [16371.0, 384, 0.042931130580008255], "DQA1": [9035.0, 154, 0.023970940439818077], "DQB1": [10733.0, 416, 0.02699940829186303], "DRA": [44655.0, 9, 0.11893968788352899], "DRB1": [38301.0, 247, 0.09743067985096697], "DRB3": [56.0, 13, 0.00014245367148779797], "DRB4": [80.0, 9, 0.0002035052449825685], "DRB5": [12350.0, 7, 0.031416122194184014], "DRB7": [1.0, 1, 5.433590041034579e-06], "E": [30241.0, 548, 0.05684404858080952], "F": [3683.0, 16, 0.00720890206092592], "H": [65.0, 24, 0.00012084284420640317], "HFE": [29.0, 1, 5.643771890759413e-05], "J": [4.0, 3, 7.443274028814492e-06], "K": [222.0, 18, 0.00041385761291503085], "L": [787.0, 3, 0.0014631279752375277], "T": [3537.0, 1, 0.015701477103871982], "V": [34.0, 3, 0.0001340005280912783], "Y": [10.0, 3, 2.4728110016844262e-05], "DMB": [1392.0, 3, 0.003581229799772791], "DPB2": [40.0, 2, 0.00010503073532927665], "DPA2": [4.0, 2, 1.1119215636496411e-05], "DOB": [213.0, 9, 0.000527990273147977], "DOA": [261.0, 15, 0.0007062584664890564], "U": [1.0, 1, 1.0395899313203914e-05], "G": [10.0, 5, 2.0035361508239597e-05]}