{"A": [79223.0, 3456, 0.16204361920639626], "B": [114052.0, 3282, 0.2352112100180863], "C": [27355.0, 2010, 0.05579976765620472], "DMA": [7258.0, 2, 0.02073850321250917], "DOB": [168.0, 10, 0.00045900821112661164], "DPA1": [20061.0, 140, 0.05754052317584843], "DPA2": [19.0, 2, 5.82146937031071e-05], "DPB1": [23888.0, 398, 0.06904651480937544], "DQA1": [4370.0, 139, 0.012779186473185971], "DQB1": [7193.0, 244, 0.01994380558116487], "DRA": [42989.0, 9, 0.12620567910236702], "DRB1": [47088.0, 206, 0.1320263810610663], "DRB3": [7237.0, 21, 0.02029126146234575], "DRB7": [2.0, 1, 1.1977928557018245e-05], "E": [26313.0, 531, 0.054516011436950146], "F": [4394.0, 18, 0.009479650230464369], "H": [51.0, 25, 0.00010450633378329104], "HFE": [16.0, 1, 3.432071219776002e-05], "K": [111.0, 13, 0.00022807926632474132], "L": [716.0, 3, 0.0014671869605654194], "T": [3267.0, 1, 0.015985250243373616], "V": [18.0, 2, 7.819247365558333e-05], "Y": [7.0, 3, 1.9078921396949572e-05], "DMB": [1882.0, 3, 0.0053367569943911786], "DPB2": [21.0, 2, 6.0777182594406376e-05], "G": [3.0, 3, 6.624960485076464e-06], "DOA": [177.0, 16, 0.0005279116918805353]}