{"A": [114713.0, 3972, 0.17579544562663765], "B": [200676.0, 3988, 0.3100736617559092], "C": [36300.0, 2641, 0.05547746754378158], "DMA": [4541.0, 2, 0.00972134324886827], "DOB": [196.0, 8, 0.0004012190781765193], "DPA1": [18447.0, 135, 0.03964252490076427], "DPB1": [17131.0, 367, 0.03709872791226647], "DQA1": [11712.0, 143, 0.0256606211963355], "DQB1": [5301.0, 333, 0.011012099005203358], "DRA": [38865.0, 9, 0.08548591387940248], "DRB1": [46264.0, 208, 0.09718695720736502], "DRB2": [1.0, 1, 1.5159132297347807e-05], "DRB3": [5860.0, 19, 0.012310123837868732], "DRB5": [48.0, 6, 0.00010083377887674046], "DRB7": [1.0, 1, 4.48710316001495e-06], "E": [65967.0, 716, 0.10239877796011518], "F": [6343.0, 17, 0.010252772097973643], "H": [65.0, 20, 9.979301051584344e-05], "HFE": [41.0, 1, 6.589227419792729e-05], "K": [198.0, 13, 0.00030481922198637704], "L": [1231.0, 3, 0.001889926091461589], "T": [2731.0, 1, 0.010011665629085646], "V": [51.0, 3, 0.0001659881004550985], "Y": [7.0, 3, 1.4294473052232095e-05], "DRB4": [5566.0, 10, 0.011692516942248696], "DMB": [1207.0, 3, 0.0025643624593456654], "DPB2": [56.0, 3, 0.0001214293380931881], "G": [1.0, 1, 1.6545365634273419e-06], "DPA2": [7.0, 1, 1.60690938540781e-05], "W": [5.0, 1, 8.988588060927386e-06], "DOA": [181.0, 15, 0.00040446497607704487]}