{"A": [38378.0, 2795, 0.1823208265201365], "B": [33219.0, 2615, 0.15911640480428366], "C": [32147.0, 2496, 0.15230333520952236], "DMA": [2859.0, 2, 0.018973519234114302], "DPA1": [6498.0, 99, 0.04328866848068408], "DPB1": [4387.0, 326, 0.029451193435855304], "DQA1": [1916.0, 112, 0.013013393651860772], "DQB1": [3545.0, 219, 0.022829032333829522], "DRA": [13058.0, 8, 0.0890372036152431], "DRB1": [19242.0, 179, 0.12530660881786115], "DRB3": [4466.0, 13, 0.02908321977863881], "DRB5": [40.0, 3, 0.0002604856227374725], "DRB6": [1.0, 1, 1.3655038207638451e-05], "E": [13229.0, 462, 0.06365815052717742], "F": [2732.0, 17, 0.01368945782363926], "HFE": [14.0, 1, 6.974894396795648e-05], "L": [183.0, 3, 0.0008709572088897568], "T": [2004.0, 2, 0.022774104769100318], "DRB4": [4350.0, 10, 0.02832781147270014], "DMB": [735.0, 3, 0.004840814491866979], "K": [5.0, 3, 2.3861960637318794e-05], "DPA2": [11.0, 2, 7.82789502708005e-05], "H": [73.0, 20, 0.0003474310177538374], "DOB": [18.0, 4, 0.00011422389624783697], "DOA": [29.0, 10, 0.00020089045586217628], "DPB2": [1.0, 1, 6.721938911492123e-06]}