{"A": [51409.0, 2534, 0.16264310132893195], "B": [72727.0, 2545, 0.23198858953092058], "C": [49703.0, 2486, 0.15681735155200016], "DMA": [2159.0, 2, 0.009541769634858694], "DOB": [108.0, 8, 0.0004564053944749387], "DPA1": [11590.0, 90, 0.05141863044622832], "DPB1": [9636.0, 311, 0.04307989176454953], "DQA1": [4883.0, 104, 0.02208636958530774], "DQB1": [2938.0, 116, 0.01259985663295814], "DRA": [20053.0, 8, 0.09105771535443824], "DRB1": [19340.0, 110, 0.08387311729039451], "DRB3": [2729.0, 15, 0.011835043282600136], "DRB5": [2.0, 1, 8.673538499523735e-06], "DRB7": [1.0, 1, 9.263339117491349e-06], "E": [27989.0, 470, 0.08969266555332059], "F": [2752.0, 17, 0.009183252612152807], "H": [14.0, 8, 4.4372746685063485e-05], "HFE": [14.0, 1, 4.644940818226321e-05], "K": [13.0, 5, 4.131635699704513e-05], "L": [345.0, 4, 0.0010934712575962073], "S": [1.0, 1, 1.3010307749285602e-05], "T": [1422.0, 1, 0.010761820445320832], "V": [6.0, 2, 4.0314338519062934e-05], "Y": [8.0, 2, 3.3725749214167526e-05], "DRB4": [1711.0, 10, 0.007420212186342555], "W": [5.0, 2, 1.8556368424461837e-05], "DMB": [742.0, 3, 0.0032544496331337975], "DPB2": [50.0, 2, 0.00022382423769711697], "J": [2.0, 2, 6.3447528201995535e-06], "DOA": [154.0, 15, 0.0007104353705645756]}