{"A": [48009.0, 2521, 0.14654405562143238], "B": [70728.0, 2770, 0.21767641911685387], "C": [76453.0, 2719, 0.23273146290177796], "DMA": [2235.0, 2, 0.009530218724803976], "DMB": [444.0, 4, 0.0018789086906294435], "DOA": [102.0, 11, 0.00045399710366883506], "DPA1": [10621.0, 91, 0.0454623136035888], "DPB1": [8643.0, 335, 0.037281328591091116], "DQA1": [6493.0, 138, 0.02833557757829957], "DQB1": [4315.0, 284, 0.017854334534679987], "DRA": [15394.0, 10, 0.06744316358644328], "DRB1": [17760.0, 211, 0.07431189428107463], "DRB3": [2790.0, 12, 0.011673996905641791], "DRB4": [2351.0, 7, 0.009837120690022886], "DRB5": [147.0, 6, 0.0006150815573940299], "DRB7": [1.0, 1, 8.937511609480596e-06], "E": [25559.0, 413, 0.0790246284225258], "F": [2813.0, 15, 0.009056635503410994], "G": [9.0, 4, 2.9659883659780743e-05], "H": [54.0, 14, 0.0001651319435145822], "HFE": [6.0, 1, 1.9206686839858014e-05], "K": [97.0, 16, 0.0002974400592816621], "L": [560.0, 3, 0.001712479414225297], "T": [1031.0, 1, 0.0075282471155020386], "Y": [15.0, 2, 6.101153252831111e-05], "DPB2": [18.0, 2, 7.774253010823974e-05], "DPA2": [4.0, 2, 1.8289587195390036e-05], "V": [13.0, 1, 8.427537542788763e-05], "J": [3.0, 2, 9.182374941247188e-06], "DOB": [68.0, 6, 0.0002772585718269528]}