{"A": [31080.0, 2216, 0.1816897955319971], "B": [45302.0, 2999, 0.26701850630663737], "C": [23306.0, 2141, 0.1358727261921203], "DMA": [1657.0, 2, 0.01353168341462147], "DMB": [463.0, 4, 0.0037523874570099115], "DPA1": [4584.0, 111, 0.0375780909376168], "DPB1": [3956.0, 261, 0.0326803824470412], "DQA1": [2205.0, 112, 0.018428892636968564], "DQB1": [1061.0, 166, 0.008407797266285131], "DRA": [9637.0, 10, 0.08085973058676146], "DRB1": [10180.0, 144, 0.0815768869242546], "DRB3": [15.0, 7, 0.00012020169979015904], "DRB5": [3432.0, 9, 0.027502148911988385], "E": [11234.0, 360, 0.0665207295356433], "F": [2062.0, 18, 0.01271422221446133], "HFE": [7.0, 1, 4.2914417747432135e-05], "L": [162.0, 2, 0.0009487599129057554], "T": [908.0, 1, 0.012697699037179518], "Y": [2.0, 2, 1.5579540700957506e-05], "DRB4": [2141.0, 10, 0.017156789283382032], "DPB2": [7.0, 2, 5.790128270819773e-05], "G": [4.0, 2, 2.5245902728788565e-05], "DOB": [40.0, 8, 0.0003123489425204133], "K": [5.0, 4, 2.9363086773991275e-05], "DOA": [47.0, 10, 0.00040064040655158185], "J": [2.0, 1, 1.1723782226108662e-05], "H": [8.0, 4, 4.6852341378061986e-05]}