{"A": [22356.0, 2164, 0.14588756027328328], "B": [44724.0, 2756, 0.29426544022083057], "C": [18786.0, 1955, 0.12225693385527717], "DMA": [1288.0, 3, 0.011741398216321171], "DOB": [34.0, 7, 0.00029636956326503205], "DPA1": [6039.0, 92, 0.05526240333116551], "DPB1": [4029.0, 289, 0.03715375810676573], "DQA1": [1606.0, 73, 0.014983415452366472], "DQB1": [2495.0, 238, 0.022070492868722643], "DRA": [9921.0, 9, 0.09292242073584232], "DRB1": [11223.0, 177, 0.10039288794177424], "DRB3": [2580.0, 24, 0.023078824814200975], "DRB5": [11.0, 2, 9.839809029310493e-05], "DRB7": [2.0, 1, 3.821424015746766e-05], "E": [8643.0, 433, 0.05712967210810534], "F": [1222.0, 14, 0.008410987296906607], "H": [9.0, 6, 5.88380750599696e-05], "HFE": [9.0, 1, 6.15917194515059e-05], "L": [70.0, 2, 0.00045762947268865247], "T": [636.0, 1, 0.009928209452675422], "Y": [1.0, 1, 8.695594696025711e-06], "DRB4": [1.0, 1, 8.945280935736812e-06], "DMB": [308.0, 3, 0.002786455011482017], "J": [5.0, 3, 3.2717671367694916e-05], "K": [1.0, 1, 6.555507803774187e-06], "DPB2": [22.0, 2, 0.00020313626372365218], "DPA2": [1.0, 1, 9.775129644645548e-06], "V": [3.0, 1, 4.157738895275737e-05], "DOA": [42.0, 13, 0.0003996509179814845], "G": [1.0, 1, 7.045398259120144e-06]}