{"A": [47940.0, 2815, 0.1377944886045581], "B": [84967.0, 2918, 0.24623997735084585], "C": [36546.0, 2229, 0.1047583594660468], "DMA": [3189.0, 3, 0.012804662351678188], "DMB": [833.0, 4, 0.0033193723923196656], "DOA": [257.0, 17, 0.0010771453349823022], "DPA1": [14265.0, 141, 0.05749713059743515], "DPB1": [12726.0, 350, 0.05169006256898246], "DQA1": [8373.0, 169, 0.03440773058033668], "DQB1": [7087.0, 285, 0.027612998648853054], "DRA": [26225.0, 9, 0.10819077193694408], "DRB1": [23950.0, 152, 0.09436461219165772], "DRB3": [4256.0, 15, 0.01676892649217934], "DRB4": [2567.0, 11, 0.010114152797327155], "DRB5": [40.0, 4, 0.0001576026925956705], "DRB7": [2.0, 1, 1.683196756921761e-05], "E": [24709.0, 600, 0.07193861047067537], "F": [3074.0, 15, 0.009319428729786552], "HFE": [19.0, 1, 5.727209595543241e-05], "K": [54.0, 12, 0.00015592284687861692], "L": [739.0, 4, 0.0021279922502825867], "T": [1110.0, 1, 0.007632142157610926], "Y": [179.0, 3, 0.0006855860576964393], "DPB2": [42.0, 2, 0.00017081410387575862], "DPA2": [4.0, 1, 1.7222340623346805e-05], "V": [11.0, 1, 6.714880679209152e-05], "H": [17.0, 11, 4.8952460425986435e-05], "DOB": [244.0, 5, 0.0009368157132502502], "G": [6.0, 4, 1.8619433151789392e-05], "J": [3.0, 1, 8.646558682817265e-06]}