{"A": [104508.0, 4353, 0.15379364126167352], "B": [163790.0, 3956, 0.24302485137556318], "C": [71518.0, 3379, 0.10495888899749084], "DMA": [5880.0, 3, 0.012087763743512033], "DPA1": [26924.0, 138, 0.05556086556802937], "DPB1": [33459.0, 504, 0.06957979120286839], "DPB2": [66.0, 3, 0.00013742742126867906], "DQA1": [19622.0, 194, 0.04128318867313763], "DQB1": [13235.0, 448, 0.026401591662944084], "DRA": [50176.0, 9, 0.10598045618363909], "DRB1": [42832.0, 260, 0.08640264167588484], "DRB3": [6807.0, 16, 0.013731387324611226], "DRB5": [343.0, 5, 0.0006919150657178861], "DRB7": [4.0, 1, 1.72353420451709e-05], "E": [43250.0, 736, 0.06446856637341226], "F": [4990.0, 19, 0.0077453491359332485], "H": [26.0, 15, 3.8331337805751886e-05], "HFE": [15.0, 1, 2.3149187918836275e-05], "K": [100.0, 13, 0.0001478328743581676], "L": [785.0, 3, 0.0011573115452890475], "T": [2166.0, 1, 0.00762494911557193], "V": [10.0, 2, 3.125364249003427e-05], "Y": [12.0, 3, 2.3531261894195707e-05], "DRB4": [110.0, 5, 0.0002218969598512171], "W": [2.0, 2, 3.4525925571255813e-06], "DMB": [1601.0, 3, 0.0032663094950661237], "J": [5.0, 3, 7.378142998788912e-06], "G": [5.0, 5, 7.94401827303231e-06], "DPA2": [28.0, 2, 6.172274606899538e-05], "DOB": [452.0, 10, 0.0008885007532410181], "DOA": [294.0, 16, 0.0006308753188844926]}