{"A": [40496.0, 3003, 0.14663289286858244], "B": [102875.0, 3777, 0.3755809736479148], "C": [20154.0, 2031, 0.07277723477998621], "DMA": [1989.0, 2, 0.010060830958812389], "DMB": [428.0, 4, 0.0021485239658983997], "DPA1": [11092.0, 117, 0.05632091655971544], "DPB1": [8028.0, 401, 0.04107787414871487], "DQA1": [3786.0, 187, 0.01959932003880069], "DQB1": [3609.0, 347, 0.017714278903883815], "DRA": [14864.0, 9, 0.07724953546349685], "DRB1": [13648.0, 230, 0.06774201532130525], "DRB3": [1829.0, 20, 0.009078263923114544], "DRB5": [3584.0, 7, 0.0177892279390063], "E": [17076.0, 526, 0.06262943285385429], "F": [2243.0, 15, 0.008566435693492075], "K": [59.0, 15, 0.0002146117345693932], "L": [648.0, 3, 0.0023506397001895447], "T": [1171.0, 1, 0.010142985964719547], "V": [3.0, 1, 2.3070251373735054e-05], "Y": [15.0, 3, 7.23745143217295e-05], "DRB4": [290.0, 9, 0.001439418555332541], "DPB2": [27.0, 2, 0.00013833231912627474], "W": [1.0, 1, 4.24762106845478e-06], "H": [27.0, 11, 9.794332084123102e-05], "DOB": [61.0, 9, 0.0002950391393242021], "DOA": [47.0, 10, 0.00024815583803912704], "DPA2": [1.0, 1, 5.423974515789459e-06]}