{"A": [123774.0, 4381, 0.17989177891746091], "B": [162781.0, 4026, 0.23853936713791415], "C": [39584.0, 2827, 0.0573741929104586], "DMA": [5803.0, 2, 0.011781870770478297], "DOB": [205.0, 7, 0.0003979846059251944], "DPA1": [31234.0, 155, 0.06365757263287732], "DPB1": [36094.0, 435, 0.07413072124223236], "DQA1": [10468.0, 196, 0.021751375423438114], "DQB1": [10776.0, 298, 0.0212303324134647], "DRA": [57296.0, 9, 0.11952179280379996], "DRB1": [48792.0, 238, 0.0972076254771311], "DRB3": [7385.0, 22, 0.014713033164219815], "DRB5": [64.0, 5, 0.00012750631313609588], "DRB7": [3.0, 1, 1.27665696027516e-05], "E": [50925.0, 693, 0.07496973674125061], "F": [5991.0, 20, 0.009184019991604809], "H": [43.0, 21, 6.260977337115863e-05], "HFE": [51.0, 1, 7.773341090500617e-05], "K": [118.0, 12, 0.00017228444797857834], "L": [1561.0, 2, 0.002272880377497177], "T": [2404.0, 1, 0.008358070077618423], "V": [12.0, 2, 3.7040337338737725e-05], "DRB4": [85.0, 7, 0.00016934432213387734], "DMB": [1682.0, 3, 0.003389105124972884], "DPB2": [161.0, 2, 0.0003310917696589897], "DQA2": [7.0, 5, 1.4545245315634963e-05], "DPA2": [20.0, 4, 4.3542188276779e-05], "J": [6.0, 3, 8.744225755309317e-06], "DOA": [257.0, 15, 0.000544656106890299], "G": [17.0, 7, 2.6675477291885103e-05]}