{"A": [45302.0, 2399, 0.15942233901394562], "B": [68871.0, 2802, 0.24436705238197443], "C": [48016.0, 2833, 0.1685127632703576], "DMA": [1752.0, 3, 0.00861282646390672], "DMB": [513.0, 4, 0.002502801027630428], "DPA1": [11176.0, 111, 0.05515168329327585], "DPB1": [11851.0, 337, 0.05893429876726595], "DQA1": [3970.0, 117, 0.019973925598797657], "DQB1": [5814.0, 186, 0.02773474323951941], "DRA": [16274.0, 7, 0.08219909150973208], "DRB1": [11687.0, 139, 0.05637735141758503], "DRB5": [3855.0, 6, 0.01859627703557716], "DRB7": [1.0, 1, 1.0303929376911236e-05], "E": [20569.0, 660, 0.07331925392770544], "F": [2429.0, 15, 0.009015938204797331], "HFE": [17.0, 1, 6.273882500268303e-05], "K": [2.0, 2, 7.070399846919878e-06], "L": [160.0, 2, 0.0005640837250133888], "T": [966.0, 1, 0.008132022694523084], "V": [12.0, 2, 8.96860390640243e-05], "DRB3": [1023.0, 19, 0.004934887524616196], "DRB4": [6.0, 2, 2.894362184525628e-05], "DPB2": [24.0, 2, 0.00011950433555696022], "G": [4.0, 3, 1.5197535954146366e-05], "DPA2": [3.0, 1, 1.5814352727183e-05], "W": [1.0, 1, 4.128176833698412e-06], "DOB": [126.0, 6, 0.0005922879112640583], "DOA": [126.0, 14, 0.0006465613055233146], "H": [11.0, 6, 3.878075609467048e-05], "J": [5.0, 3, 1.7643714686491842e-05]}