{"A": [21991.0, 2159, 0.18249761121339364], "B": [26819.0, 2098, 0.22440330363777836], "C": [20118.0, 1571, 0.1664991537800422], "DMA": [893.0, 2, 0.010352457555287737], "DPA1": [4637.0, 107, 0.053962228868954104], "DPB1": [3814.0, 261, 0.044727457904496434], "DQB1": [849.0, 93, 0.009550744281378181], "DRA": [8141.0, 8, 0.09696854191814563], "DRB1": [7543.0, 112, 0.08580767552440025], "DRB3": [1793.0, 23, 0.020396813232831715], "DRB5": [22.0, 3, 0.00025026764702861003], "E": [8292.0, 364, 0.0697018904167288], "F": [779.0, 15, 0.006818695141265612], "H": [7.0, 4, 5.819719214040379e-05], "L": [138.0, 1, 0.0011473160736251034], "T": [530.0, 1, 0.010521501702619906], "DRB4": [23.0, 8, 0.0002616434491662741], "W": [1.0, 1, 9.735061444731772e-06], "DMB": [299.0, 3, 0.003440016712333854], "K": [6.0, 3, 5.0020224221055465e-05], "DPB2": [19.0, 2, 0.00022310352156328583], "DPA2": [2.0, 1, 2.4862257877950717e-05], "DOB": [8.0, 4, 8.868143564252008e-05], "DOA": [24.0, 9, 0.0002904228689169382], "DQA1": [1007.0, 74, 0.011947658378717214]}