{"A": [20375.0, 1941, 0.18464195596864846], "B": [10842.0, 1598, 0.0990641774848348], "C": [22072.0, 1545, 0.19947546370448416], "DMA": [908.0, 2, 0.011494720543839088], "DMB": [245.0, 4, 0.00307805246174172], "DPA1": [5590.0, 106, 0.0710370897011488], "DPB1": [3886.0, 272, 0.04976418458294345], "DQA1": [2551.0, 129, 0.03305098091668408], "DQB1": [1672.0, 191, 0.02053933455831427], "DRA": [7487.0, 9, 0.09738263302440829], "DRB1": [7734.0, 150, 0.09607419770886129], "DRB3": [29.0, 10, 0.00036024718561636636], "DRB5": [2.0, 1, 2.4844633490783886e-05], "E": [10035.0, 374, 0.09211348411489531], "F": [1235.0, 14, 0.011804601830574255], "H": [23.0, 11, 0.00020881053047477714], "K": [40.0, 9, 0.0003641454972757163], "L": [186.0, 3, 0.0016886416812308064], "T": [513.0, 1, 0.011120896385183529], "DRB4": [1244.0, 10, 0.015453362031267577], "DPB2": [13.0, 2, 0.00016669276323423492], "V": [3.0, 1, 5.773854378951033e-05], "DOB": [33.0, 5, 0.000399463623516965], "DOA": [48.0, 9, 0.0006342805235416061]}