{"A": [64258.0, 3492, 0.17831737917615048], "B": [52598.0, 3090, 0.14716690595796464], "C": [51486.0, 3013, 0.14248549049248938], "DMA": [4496.0, 2, 0.017429003811923617], "DOB": [66.0, 7, 0.0002446475812366736], "DPA1": [14441.0, 114, 0.05619585901863649], "DPB1": [9718.0, 393, 0.03810874829071548], "DQA1": [6643.0, 152, 0.026355535257488818], "DQB1": [6838.0, 301, 0.025722482826936392], "DRA": [26128.0, 9, 0.10406712113483038], "DRB1": [31669.0, 199, 0.12046770653447257], "DRB3": [6387.0, 17, 0.02429591214233718], "DRB5": [68.0, 6, 0.0002586694889116844], "DRB7": [1.0, 1, 8.125265122284675e-06], "E": [22185.0, 598, 0.0623589737331246], "F": [4189.0, 16, 0.01226107190102684], "H": [154.0, 24, 0.00042813326716417883], "HFE": [8.0, 1, 2.3281561954970414e-05], "K": [39.0, 11, 0.00010872095371767007], "L": [409.0, 3, 0.001137055235520449], "T": [2756.0, 1, 0.01829512310213772], "V": [4.0, 2, 2.357427018070989e-05], "W": [1.0, 1, 3.255314552197386e-06], "DRB4": [5360.0, 10, 0.020389242067156303], "DMB": [879.0, 3, 0.0033816799443599573], "J": [1.0, 1, 2.7826250418783134e-06], "DPB2": [22.0, 2, 8.638329543666053e-05], "DOA": [90.0, 14, 0.0003641802096641538], "G": [3.0, 3, 8.988125135270658e-06], "DQA2": [1.0, 1, 3.967414610490564e-06]}