{"A": [26403.0, 1753, 0.1517749364724471], "B": [55326.0, 1800, 0.32066422971078046], "C": [10264.0, 1327, 0.05884078371397913], "DMA": [1440.0, 2, 0.011563493756122225], "DPA1": [5588.0, 104, 0.045044706296863773], "DPB1": [5788.0, 278, 0.04701718545536809], "DQA1": [5936.0, 79, 0.0487844930591403], "DQB1": [2245.0, 223, 0.017493650700652088], "DRA": [10677.0, 9, 0.08809209363436453], "DRB1": [11381.0, 119, 0.08968029566913203], "DRB5": [46.0, 5, 0.0003624719796836898], "E": [13168.0, 309, 0.07667250629328447], "F": [1188.0, 15, 0.0072030235601896805], "K": [52.0, 12, 0.0003002840784793557], "L": [537.0, 1, 0.0030925224120359265], "T": [571.0, 1, 0.007851859989576057], "V": [15.0, 2, 0.000183125928681336], "DRB4": [2623.0, 10, 0.020668782667615616], "DMB": [330.0, 3, 0.0026298918091180756], "J": [5.0, 3, 2.8820732154718632e-05], "DPB2": [8.0, 2, 6.506948806065341e-05], "DOB": [187.0, 8, 0.0014358825351973143], "DOA": [46.0, 10, 0.000385577763249184], "H": [23.0, 9, 0.00013245440498477898], "DQA2": [1.0, 1, 8.218411903493986e-06], "DRB3": [3.0, 1, 2.3639476935892813e-05]}