{"A": [17296.0, 2410, 0.12233645964990858], "B": [42341.0, 3247, 0.3019574872518593], "C": [19753.0, 2238, 0.1393343886369058], "DMA": [1391.0, 3, 0.01374412687452916], "DMB": [407.0, 4, 0.003991000656652458], "DOA": [47.0, 11, 0.0004847473609027644], "DOB": [80.0, 10, 0.0007558415131951786], "DPA1": [5236.0, 111, 0.051933841412195765], "DPA2": [6.0, 2, 6.357111771962176e-05], "DPB1": [4111.0, 348, 0.041090273274335606], "DQA1": [2596.0, 169, 0.02625161580575114], "DQB1": [2236.0, 268, 0.02143874466852828], "DRA": [8679.0, 9, 0.0881091121121442], "DRB1": [8753.0, 238, 0.08486663528133365], "DRB3": [1079.0, 15, 0.010461681648413003], "DRB5": [2242.0, 9, 0.021737803758796994], "E": [6684.0, 366, 0.04788723157506438], "F": [1179.0, 14, 0.008795806104886516], "HFE": [10.0, 1, 7.417642357287927e-05], "K": [24.0, 11, 0.00017053112273918668], "L": [179.0, 3, 0.001268396539330659], "T": [670.0, 1, 0.011336387662775399], "Y": [16.0, 2, 0.0001508013892831157], "DRB4": [150.0, 9, 0.0014543579678053295], "DPB2": [14.0, 2, 0.00014011314648598765], "V": [7.0, 1, 0.00010515261283667934], "H": [7.0, 5, 4.960209930343359e-05], "DQA2": [1.0, 1, 1.0112332744896431e-05]}