{"A": [59883.0, 2992, 0.14663077860802928], "B": [122260.0, 3040, 0.30184253745207484], "C": [79317.0, 2973, 0.19368807907791763], "DMA": [4145.0, 2, 0.014178357421837913], "DMB": [891.0, 4, 0.003024659240111019], "DOA": [66.0, 15, 0.00023565295540484257], "DPA1": [10074.0, 128, 0.034591079534415675], "DPB1": [9250.0, 376, 0.03200697608583089], "DQA1": [1926.0, 127, 0.006742469556080813], "DQB1": [4271.0, 269, 0.014176482430193869], "DRA": [24869.0, 10, 0.08740188890901489], "DRB1": [24544.0, 199, 0.08238283966074057], "DRB3": [4049.0, 18, 0.013590617576040524], "DRB5": [168.0, 5, 0.000563898185422279], "DRB6": [8.0, 1, 5.630546578449832e-05], "E": [19605.0, 404, 0.04862521066205537], "F": [3386.0, 17, 0.008745006883992667], "HFE": [13.0, 1, 3.338263408378924e-05], "K": [39.0, 12, 9.59330774539634e-05], "L": [410.0, 3, 0.001005766657295635], "S": [1.0, 1, 1.006961045396927e-05], "T": [1485.0, 1, 0.008698366442149337], "Y": [235.0, 4, 0.0007667690630270653], "DRB4": [36.0, 6, 0.00012083532544763122], "DPB2": [9.0, 3, 3.1182054021763083e-05], "DPA2": [5.0, 1, 1.8339604305660266e-05], "V": [4.0, 1, 2.0801439003557407e-05], "H": [33.0, 12, 8.095195046525842e-05], "DOB": [193.0, 10, 0.0006312616743351465], "DQA2": [1.0, 1, 3.5007630093877534e-06]}