{"A": [191914.0, 4679, 0.2065718933624429], "B": [114663.0, 3952, 0.12444066789951501], "C": [101439.0, 3412, 0.1088891363157155], "DMA": [7714.0, 3, 0.011599092219336669], "DMB": [2150.0, 4, 0.0032083385615058143], "DOA": [332.0, 17, 0.0005210867381429846], "DOB": [254.0, 10, 0.0003651983544055914], "DPA1": [45246.0, 166, 0.06829443900958303], "DPA2": [7.0, 2, 1.128654397981423e-05], "DPB1": [46040.0, 459, 0.07002952957912564], "DQA1": [25997.0, 180, 0.040006349712999996], "DQB1": [18300.0, 472, 0.026701335501028236], "DRA": [70128.0, 8, 0.1083420205988105], "DRB1": [62399.0, 216, 0.09206870329316602], "DRB3": [11917.0, 23, 0.017583338469280906], "DRB4": [6321.0, 12, 0.009326532052053757], "DRB5": [143.0, 7, 0.0002109941596968339], "DRB7": [2.0, 1, 6.303266085488633e-06], "E": [81074.0, 850, 0.08839327628255975], "F": [9127.0, 17, 0.01036201541106894], "G": [16.0, 8, 1.8593705266928123e-05], "H": [110.0, 27, 0.00011861757574197359], "HFE": [55.0, 1, 6.208446180191168e-05], "K": [514.0, 20, 0.0005557889011792927], "L": [1745.0, 4, 0.001881706087906763], "T": [3930.0, 1, 0.010119213936262389], "U": [1.0, 1, 6.0299101583118295e-06], "V": [55.0, 2, 0.0001257300415988424], "Y": [22.0, 4, 3.1554578401262876e-05], "J": [10.0, 5, 1.0793263845014782e-05], "DPB2": [89.0, 2, 0.0001355486505175149], "W": [1.0, 1, 1.2626734946892294e-06], "DQA2": [1.0, 1, 1.5388833216524982e-06]}