{"A": [62994.0, 2941, 0.16837508914636265], "B": [79426.0, 3001, 0.21405028201895626], "C": [37602.0, 2011, 0.10023158978082854], "DMA": [3207.0, 3, 0.01197450050293248], "DMB": [927.0, 4, 0.0034350696336012407], "DPA1": [14814.0, 139, 0.055525384029446775], "DPB1": [16021.0, 364, 0.06051312682327401], "DQA1": [9255.0, 143, 0.03536683495638899], "DQB1": [7248.0, 252, 0.026261175284454964], "DRA": [24836.0, 9, 0.09527988157840721], "DRB1": [24161.0, 138, 0.08852447950662015], "DRB3": [4772.0, 12, 0.01748432665061841], "DRB4": [3533.0, 11, 0.012944703700049213], "DRB5": [9.0, 4, 3.2975469374594654e-05], "DRB7": [1.0, 1, 7.826178064903797e-06], "E": [31335.0, 495, 0.0848362395054522], "F": [3819.0, 18, 0.010766633296061817], "H": [52.0, 27, 0.00013924313162921902], "HFE": [17.0, 1, 4.7652230337881286e-05], "K": [163.0, 21, 0.0004376716690002238], "L": [622.0, 4, 0.0016655620744879661], "T": [1469.0, 1, 0.009392692465150064], "V": [23.0, 3, 0.00013056244837484574], "Y": [284.0, 3, 0.0010115145193109883], "DPB2": [60.0, 2, 0.00022691882275816425], "DPA2": [2.0, 1, 8.00768560529038e-06], "DOB": [96.0, 10, 0.0003427523240103853], "DOA": [248.0, 16, 0.0009665797610040547], "J": [2.0, 2, 5.3603959348656146e-06], "G": [4.0, 2, 1.1543035493958404e-05], "DQA2": [1.0, 1, 3.821376008253807e-06]}