{"A": [74432.0, 3067, 0.23462338291677418], "B": [111061.0, 1798, 0.35297800451447864], "C": [22465.0, 1175, 0.07062086744152084], "DMA": [2034.0, 3, 0.0089565828245144], "DMB": [425.0, 4, 0.0018572813263715298], "DPA1": [7801.0, 88, 0.034482794947346546], "DPB1": [6468.0, 263, 0.02881130541365758], "DQA1": [2976.0, 101, 0.013411756213256998], "DQB1": [3258.0, 108, 0.013921306807739163], "DRA": [13614.0, 7, 0.06159397818672765], "DRB1": [11230.0, 100, 0.048524512834723074], "DRB5": [21.0, 6, 9.074040690375642e-05], "DRB7": [1.0, 1, 9.229595673639225e-06], "E": [33052.0, 514, 0.10553157156542561], "F": [2753.0, 18, 0.009153125680665989], "HFE": [24.0, 1, 7.933749862727127e-05], "K": [111.0, 15, 0.0003514930648812742], "L": [298.0, 3, 0.0009410650698258971], "T": [1645.0, 1, 0.012404154316288009], "V": [12.0, 2, 8.033497201426791e-05], "W": [1.0, 1, 3.6977546769387923e-06], "DRB4": [17.0, 2, 7.345651987446948e-05], "DPB2": [21.0, 2, 9.366374475503724e-05], "DPA2": [4.0, 2, 1.8887303561335384e-05], "H": [24.0, 9, 7.579047542221991e-05], "DOB": [141.0, 7, 0.0005936920574740559], "DOA": [145.0, 14, 0.0006664797672697646], "DRB3": [5.0, 3, 2.160485878660867e-05], "J": [3.0, 3, 9.48246130853345e-06], "G": [6.0, 4, 2.0419459454954035e-05]}