{"A": [40069.0, 3021, 0.1395849305473383], "B": [83080.0, 3685, 0.2918105432683352], "C": [33846.0, 2749, 0.11758512959597744], "DMA": [2740.0, 3, 0.013333998066131034], "DOB": [61.0, 9, 0.0002838509738037538], "DPA1": [12400.0, 100, 0.06057484257242848], "DPB1": [8648.0, 404, 0.04257229208675438], "DQB1": [4939.0, 325, 0.02332310558196641], "DRA": [19225.0, 8, 0.0961252061817643], "DRB1": [20707.0, 213, 0.09888195366782626], "DRB3": [4776.0, 23, 0.022806790491985234], "DRB5": [7.0, 3, 3.342703799076563e-05], "DRB7": [2.0, 1, 2.040004375665011e-05], "E": [15482.0, 650, 0.05462986809971004], "F": [2177.0, 15, 0.007999080558038055], "H": [14.0, 10, 4.885959385146582e-05], "HFE": [11.0, 1, 4.0186332615177505e-05], "K": [17.0, 8, 5.949235084567449e-05], "L": [143.0, 4, 0.0004990658514828294], "T": [1146.0, 1, 0.009550020484118066], "V": [7.0, 2, 5.1789279362868994e-05], "DRB4": [6.0, 4, 2.8651746849227682e-05], "DMB": [727.0, 3, 0.003511087076487838], "DQA1": [3192.0, 106, 0.01589769034942069], "J": [3.0, 2, 1.047947453252574e-05], "DPB2": [38.0, 2, 0.00018730710279140725], "DPA2": [3.0, 3, 1.5654876689107346e-05], "DOA": [100.0, 14, 0.0005079692170480604], "G": [7.0, 4, 2.63274900989216e-05]}