{"A": [38394.0, 3239, 0.16286976157892344], "B": [93429.0, 3852, 0.3996071597912344], "C": [19540.0, 2224, 0.08266405029071812], "DMA": [1768.0, 2, 0.010477053336556484], "DMB": [492.0, 4, 0.002893472514944718], "DPA1": [7006.0, 109, 0.04167617098153998], "DPB1": [4988.0, 384, 0.029900941698839213], "DQA1": [1490.0, 122, 0.009036588132611267], "DQB1": [2755.0, 331, 0.015842219433676547], "DRA": [10966.0, 10, 0.06676767395269662], "DRB1": [10573.0, 218, 0.061481599325041665], "DRB3": [1443.0, 16, 0.008390990998395452], "DRB5": [2765.0, 8, 0.01607837152499198], "E": [15460.0, 493, 0.06642929563830871], "F": [2192.0, 15, 0.009807747139993961], "H": [46.0, 23, 0.0001954909772870786], "HFE": [14.0, 1, 6.228174817268664e-05], "K": [28.0, 12, 0.00011932111681025235], "L": [436.0, 3, 0.0018529144803731798], "T": [1196.0, 1, 0.012136625030005647], "Y": [16.0, 2, 9.044242765159904e-05], "DRB4": [164.0, 8, 0.0009536538626035026], "DPA2": [2.0, 2, 1.2708826805067807e-05], "DOB": [40.0, 5, 0.00022665620555023609], "DOA": [69.0, 11, 0.0004268089862682035]}