{"A": [56812.0, 2540, 0.20562778967029482], "B": [67882.0, 2536, 0.24772555987832162], "C": [31262.0, 1907, 0.11284271032304016], "DMA": [1912.0, 2, 0.009667393822087566], "DMB": [646.0, 4, 0.0032415401514675345], "DOA": [114.0, 15, 0.0006016638856250967], "DPA1": [8739.0, 76, 0.04435514938549129], "DPB1": [6904.0, 303, 0.03531212335078482], "DQA1": [4269.0, 107, 0.02209067588614028], "DQB1": [4386.0, 190, 0.02151927707570728], "DRA": [16399.0, 8, 0.08519223258176319], "DRB1": [14171.0, 103, 0.07030918292008359], "DRB3": [947.0, 19, 0.0046985248906442146], "DRB4": [2107.0, 12, 0.010453845770419598], "DRB5": [8.0, 3, 3.969186813638196e-05], "E": [26538.0, 525, 0.09729330951098326], "F": [3145.0, 17, 0.01200643265567074], "G": [5.0, 3, 1.9538585531736695e-05], "H": [20.0, 13, 7.252095432765042e-05], "HFE": [5.0, 1, 1.897874067409381e-05], "K": [87.0, 15, 0.00031633202365279615], "L": [247.0, 3, 0.0008956337859464828], "T": [1443.0, 1, 0.012493891051840995], "V": [37.0, 3, 0.00028441680269776406], "Y": [395.0, 3, 0.0019050832249712637], "W": [1.0, 1, 4.245884932858167e-06], "J": [12.0, 4, 4.355231010581089e-05], "DPB2": [23.0, 2, 0.0001177904778796013], "DOB": [176.0, 10, 0.0008509125307777651]}