{"A": [22825.0, 2141, 0.12454688662843169], "B": [29791.0, 2572, 0.16390101057989132], "C": [35168.0, 2670, 0.19137481389618546], "DMA": [1605.0, 3, 0.012234237872317524], "DPA1": [9030.0, 105, 0.06909560404531132], "DPA2": [14.0, 4, 0.00011443226406818905], "DPB1": [7265.0, 357, 0.056019474358136], "DQA1": [4059.0, 129, 0.031665201857522994], "DQB1": [4385.0, 329, 0.03243463450875604], "DRA": [14866.0, 7, 0.11642791574121689], "DRB1": [13041.0, 210, 0.09754450482769882], "DRB3": [855.0, 19, 0.006395257390359827], "DRB5": [10.0, 3, 7.479833205099211e-05], "DRB7": [2.0, 1, 3.195384745218384e-05], "E": [12522.0, 594, 0.0692099996188156], "F": [2008.0, 15, 0.011556794971899341], "HFE": [9.0, 1, 5.150154496233068e-05], "K": [17.0, 9, 9.318654048841352e-05], "L": [77.0, 2, 0.00042092488375082495], "T": [812.0, 1, 0.010599070315021763], "V": [12.0, 3, 0.00013906413301240547], "Y": [2.0, 1, 1.4542102906030264e-05], "DRB4": [4.0, 3, 2.9919332820396852e-05], "W": [1.0, 1, 6.4010111082099035e-06], "DMB": [513.0, 3, 0.00388075846187744], "DPB2": [35.0, 3, 0.00027022825245484074], "G": [1.0, 1, 5.891196064193185e-06], "H": [54.0, 21, 0.0002951940743187604], "DOB": [138.0, 11, 0.0010058464754565167], "DOA": [69.0, 13, 0.0005490078372013658], "J": [2.0, 2, 1.094309844252871e-05]}