{"A": [94326.0, 3188, 0.19876240667497258], "B": [107232.0, 3088, 0.22782516585206783], "C": [50101.0, 2470, 0.10528445274456143], "DMA": [5372.0, 3, 0.01581315859618294], "DMB": [1223.0, 4, 0.0035727813947887157], "DPA1": [18787.0, 108, 0.05551378537441202], "DPB1": [12861.0, 331, 0.03829648266921238], "DQA1": [7940.0, 153, 0.023920180423715742], "DQB1": [8711.0, 356, 0.024882164879080553], "DRA": [33803.0, 10, 0.1022348534937981], "DRB1": [28371.0, 229, 0.08194968647492772], "DRB3": [59.0, 15, 0.00017042161016604052], "DRB5": [9173.0, 8, 0.026496227628018468], "DRB6": [1.0, 1, 6.05678009330901e-06], "E": [30764.0, 504, 0.0656626928284071], "F": [3643.0, 16, 0.008096803702335488], "H": [56.0, 22, 0.00011821773700371016], "HFE": [3.0, 1, 6.629484228206423e-06], "K": [286.0, 18, 0.0006054120208181115], "L": [714.0, 5, 0.0015072761467973044], "T": [3239.0, 1, 0.016326888662072006], "V": [16.0, 3, 7.160355885939007e-05], "Y": [4.0, 2, 1.1231504833223502e-05], "DRB4": [51.0, 6, 0.00014731359522827231], "W": [6.0, 3, 1.4831346125923344e-05], "DPB2": [59.0, 2, 0.00017591199709149284], "DPA2": [5.0, 2, 1.5782332848867953e-05], "DOB": [535.0, 10, 0.0015058687927853556], "DOA": [317.0, 16, 0.0009740235439829499], "J": [1.0, 1, 2.112958900131545e-06], "G": [13.0, 7, 2.9575191684732093e-05]}