{"A": [43757.0, 2648, 0.1663742144724537], "B": [83644.0, 3020, 0.3206621741051751], "C": [46391.0, 2316, 0.17590866571162708], "DMA": [1327.0, 2, 0.007048378146816924], "DMB": [388.0, 4, 0.002045254529734481], "DPA1": [7418.0, 94, 0.03955176658781234], "DPB1": [7264.0, 261, 0.039029737995598605], "DQA1": [2899.0, 126, 0.01575896948261184], "DQB1": [2586.0, 193, 0.01332859343707378], "DRA": [10276.0, 10, 0.05607941565144131], "DRB1": [10663.0, 197, 0.05557605457109845], "DRB4": [117.0, 9, 0.0006098094705822488], "DRB5": [248.0, 7, 0.0012925875957640828], "DRB7": [1.0, 1, 1.1132931873193876e-05], "E": [21164.0, 402, 0.08150969908819482], "F": [1891.0, 17, 0.0075837082752916495], "H": [21.0, 10, 7.99925533771914e-05], "K": [12.0, 3, 4.5835492616077254e-05], "L": [555.0, 3, 0.0021140889106829154], "T": [850.0, 1, 0.007731202689717969], "V": [4.0, 2, 3.230057603441163e-05], "Y": [5.0, 3, 2.533282434737684e-05], "DRB3": [1153.0, 18, 0.006009489910951563], "J": [5.0, 4, 1.906323950889362e-05], "G": [1.0, 1, 4.105063375071488e-06], "DOB": [180.0, 7, 0.0009142006100250446], "DOA": [118.0, 15, 0.0006542260762135843]}